Timestamp,User Count,Type,Name,Requests/s,Failures/s,50%,66%,75%,80%,90%,95%,98%,99%,99.9%,99.99%,100%,Total Request Count,Total Failure Count,Total Median Response Time,Total Average Response Time,Total Min Response Time,Total Max Response Time,Total Average Content Size
1746380838,0,,Aggregated,0.000000,0.000000,N/A,N/A,N/A,N/A,N/A,N/A,N/A,N/A,N/A,N/A,N/A,0,0,0,0.0,0,0,0
1746380839,10,GET,GET /analytics/:slug,0.000000,0.000000,0,0,0,0,0,0,0,0,0,0,0,12,0,67,63.47695000022213,35.7743999993545,77.20719999997527,87.0
1746380839,10,GET,GET /pastes/:slug,0.000000,0.000000,0,0,0,0,0,0,0,0,0,0,0,12,0,120.0,109.41084999982802,30.980899999121903,133.75810000070487,3026.5833333333335
1746380839,10,,Aggregated,0.000000,0.000000,0,0,0,0,0,0,0,0,0,0,0,24,0,73,86.44390000002507,30.980899999121903,133.75810000070487,1556.7916666666667
1746380840,20,GET,GET /analytics/:slug,0.000000,0.000000,65,67,70,70,72,76,76,76,76,76,76,29,0,67,59.46033103458015,32.53700000095705,77.20719999997527,87.03448275862068
1746380840,20,GET,GET /pastes/:slug,0.000000,0.000000,66,73,83,83,84,99,99,99,99,99,99,30,0,83,80.51016666674211,30.980899999121903,133.75810000070487,3185.4
1746380840,20,POST,POST /pastes,0.000000,0.000000,0,0,0,0,0,0,0,0,0,0,0,1,0,36.37909999997646,36.37909999997646,36.37909999997646,36.37909999997646,4702.0
1746380840,20,,Aggregated,0.000000,0.000000,65,69,72,73,83,84,99,99,99,99,99,60,0,68,69.60056166675106,30.980899999121903,133.75810000070487,1713.1333333333334
1746380841,40,GET,GET /analytics/:slug,10.000000,0.000000,40,61,67,70,71,72,77,77,77,77,77,53,0,58,53.31348490564675,29.501799999707146,77.20719999997527,87.05660377358491
1746380841,40,GET,GET /pastes/:slug,10.000000,0.000000,42,69,76,83,84,91,120,120,120,120,120,54,0,47,67.61439999991126,30.090100000961684,133.75810000070487,3209.185185185185
1746380841,40,POST,POST /pastes,0.000000,0.000000,93,110,110,120,120,120,120,120,120,120,120,6,0,50,73.32170000002709,35.361600001124316,117.823499998849,2549.0
1746380841,40,,Aggregated,20.000000,0.000000,42,66,70,72,83,93,120,120,120,120,120,113,0,58,61.20993362827122,29.501799999707146,133.75810000070487,1709.7699115044247
1746380842,50,GET,GET /analytics/:slug,13.000000,0.000000,40,66,70,71,86,100,100,110,110,110,110,80,0,44,54.90201999994042,29.501799999707146,106.02010000002338,87.0625
1746380842,50,GET,GET /pastes/:slug,13.500000,0.000000,41,69,79,83,84,87,99,120,120,120,120,81,0,44,63.2969604937696,30.090100000961684,133.75810000070487,3110.8765432098767
1746380842,50,POST,POST /pastes,0.500000,0.000000,40,50,93,110,120,120,120,120,120,120,120,11,0,37,56.28633636363454,31.575699998938944,117.823499998849,2659.0
1746380842,50,,Aggregated,27.000000,0.000000,40,66,71,77,86,100,110,120,120,120,120,172,0,44,58.94398313947995,29.501799999707146,133.75810000070487,1675.5523255813953
1746380843,60,GET,GET /analytics/:slug,14.000000,0.000000,37,58,67,70,81,100,100,100,110,110,110,121,0,39,51.54411322308244,29.299399999217712,106.02010000002338,87.07438016528926
1746380843,60,GET,GET /pastes/:slug,14.000000,0.000000,40,48,74,79,84,87,91,99,120,120,120,121,0,41,57.63916942141654,28.932600000189268,133.75810000070487,3140.4214876033056
1746380843,60,POST,POST /pastes,2.000000,0.000000,40,50,86,93,110,120,120,120,120,120,120,16,0,39,56.20733750004092,31.575699998938944,117.823499998849,2801.625
1746380843,60,,Aggregated,30.000000,0.000000,39,50,70,75,85,93,100,110,120,120,120,258,0,40,54.691839534825704,28.932600000189268,133.75810000070487,1687.4147286821706
1746380844,70,GET,GET /analytics/:slug,18.500000,0.000000,37,44,65,68,77,86,100,100,110,110,110,165,0,37,49.024907272663164,29.068599998936406,106.02010000002338,87.08484848484848
1746380844,70,GET,GET /pastes/:slug,18.500000,0.000000,39,45,71,78,86,90,95,100,120,120,120,166,0,39,54.71568975898038,28.932600000189268,133.75810000070487,3111.879518072289
1746380844,70,POST,POST /pastes,2.000000,0.000000,40,50,80,86,110,120,120,120,120,120,120,20,0,40,55.05457000008391,31.575699998938944,117.823499998849,2730.75
1746380844,70,,Aggregated,39.000000,0.000000,38,45,67,71,84,91,100,110,120,120,120,351,0,39,52.059845014193286,28.932600000189268,133.75810000070487,1668.2507122507122
1746380845,80,GET,GET /analytics/:slug,21.000000,0.000000,37,40,60,67,77,86,100,100,110,110,110,221,0,37,47.52109728507172,29.068599998936406,106.02010000002338,87.07239819004525
1746380845,80,GET,GET /pastes/:slug,21.200000,0.000000,38,42,58,76,85,90,93,99,120,120,120,223,0,39,51.87600224214819,28.899200000523706,133.75810000070487,3073.614349775785
1746380845,80,POST,POST /pastes,2.800000,0.000000,41,48,80,86,93,110,120,120,120,120,120,25,0,40,53.988028000021586,31.575699998938944,117.823499998849,2933.44
1746380845,80,,Aggregated,45.000000,0.000000,38,42,60,70,84,90,100,100,120,120,120,469,0,38,49.936485501067025,28.899200000523706,133.75810000070487,1658.8379530916845
1746380846,90,GET,GET /analytics/:slug,24.166667,0.000000,37,40,58,66,75,84,100,100,110,110,110,272,0,37,46.44516544116788,28.744100000039907,106.02010000002338,87.07352941176471
1746380846,90,GET,GET /pastes/:slug,24.833333,0.000000,38,41,50,74,86,90,92,99,120,120,120,273,0,38,50.450654945022535,28.899200000523706,133.75810000070487,3042.355311355311
1746380846,90,POST,POST /pastes,3.166667,0.000000,41,48,74,80,93,110,120,120,120,120,120,35,0,40,52.46948000006211,31.575699998938944,117.823499998849,3166.6
1746380846,90,,Aggregated,52.166667,0.000000,37,41,51,68,83,89,99,100,120,120,120,580,0,38,48.6940441379155,28.744100000039907,133.75810000070487,1663.9275862068966
1746380847,100,GET,GET /analytics/:slug,27.857143,0.000000,37,40,48,65,76,85,100,100,110,110,110,341,0,37,45.97648123165892,28.372000000672415,106.02010000002338,87.0791788856305
1746380847,100,GET,GET /pastes/:slug,28.285714,0.000000,38,41,47,69,86,92,110,120,130,130,130,344,0,38,49.89638255809168,28.899200000523706,133.75810000070487,3083.3808139534885
1746380847,100,POST,POST /pastes,3.142857,0.000000,41,45,74,80,94,120,120,120,120,120,120,41,0,40,52.5159682927152,31.575699998938944,123.97000000055414,3116.5365853658536
1746380847,100,,Aggregated,59.285714,0.000000,37,41,48,66,83,90,100,110,130,130,130,726,0,38,48.20315482090985,28.372000000672415,133.75810000070487,1677.8994490358127
1746380848,110,GET,GET /analytics/:slug,30.875000,0.000000,37,40,44,62,76,85,100,100,110,110,110,408,0,37,45.43864803918486,28.372000000672415,106.02010000002338,87.08333333333333
1746380848,110,GET,GET /pastes/:slug,31.250000,0.000000,38,41,46,58,85,91,100,120,130,130,130,410,0,38,48.78710121947068,28.850799999418086,133.75810000070487,3060.5243902439024
1746380848,110,POST,POST /pastes,3.875000,0.000000,40,44,55,78,93,110,120,120,120,120,120,48,0,39,51.142150000032416,31.575699998938944,123.97000000055414,3080.7083333333335
1746380848,110,,Aggregated,66.000000,0.000000,37,41,46,62,82,89,100,110,130,130,130,866,0,38,47.34007286370896,28.372000000672415,133.75810000070487,1660.7609699769052
1746380849,120,GET,GET /analytics/:slug,34.000000,0.000000,36,39,42,51,75,83,93,100,110,110,110,493,0,37,44.69881419875918,28.372000000672415,106.02010000002338,87.08519269776876
1746380849,120,GET,GET /pastes/:slug,34.555556,0.000000,38,40,43,47,82,90,97,120,130,130,130,498,0,38,47.538464859366265,28.850799999418086,133.75810000070487,3036.126506024096
1746380849,120,POST,POST /pastes,4.333333,0.000000,40,42,48,74,89,110,120,120,120,120,120,55,0,39,49.631519999986104,31.575699998938944,123.97000000055414,3198.5272727272727
1746380849,120,,Aggregated,72.888889,0.000000,37,40,43,48,79,88,100,110,130,130,130,1046,0,37,46.31013814526951,28.372000000672415,133.75810000070487,1654.725621414914
1746380850,130,GET,GET /analytics/:slug,37.500000,0.000000,36,38,41,44,73,82,93,100,110,110,110,582,0,37,43.98674175254544,28.372000000672415,106.02010000002338,87.09278350515464
1746380850,130,GET,GET /pastes/:slug,37.900000,0.000000,38,40,43,46,81,89,96,110,130,130,130,585,0,38,46.809531111051534,28.850799999418086,133.75810000070487,3005.8957264957266
1746380850,130,POST,POST /pastes,4.600000,0.000000,39,41,44,48,82,90,94,120,120,120,120,59,0,39,49.72076610166538,31.575699998938944,123.97000000055414,3134.5254237288136
1746380850,130,,Aggregated,80.000000,0.000000,37,40,42,45,77,86,94,100,120,130,130,1226,0,37,45.609612234865295,28.372000000672415,133.75810000070487,1626.4877650897226
1746380851,140,GET,GET /analytics/:slug,45.100000,0.000000,36,38,41,43,70,78,85,90,100,100,100,675,0,37,43.504276888865945,28.372000000672415,106.02010000002338,87.09037037037037
1746380851,140,GET,GET /pastes/:slug,45.300000,0.000000,38,40,42,44,77,88,95,100,130,130,130,677,0,38,46.02764756272332,28.850799999418086,133.75810000070487,2989.0236336779913
1746380851,140,POST,POST /pastes,5.300000,0.000000,40,43,46,50,83,89,94,120,120,120,120,76,0,40,49.484260526242,31.575699998938944,123.97000000055414,3048.3684210526317
1746380851,140,,Aggregated,95.700000,0.000000,37,40,42,44,74,85,91,97,120,130,130,1428,0,37,45.01884320724271,28.372000000672415,133.75810000070487,1620.469887955182
1746380852,150,GET,GET /analytics/:slug,52.000000,0.000000,36,38,41,43,69,78,87,92,110,110,110,767,0,37,43.366169491515464,28.372000000672415,112.01359999904525,87.09778357235984
1746380852,150,GET,GET /pastes/:slug,52.300000,0.000000,38,40,42,44,74,89,96,110,130,130,130,770,0,38,45.69344376620168,28.658199998972123,133.75810000070487,2976.4402597402595
1746380852,150,POST,POST /pastes,5.600000,0.000000,40,44,47,50,83,90,100,120,120,120,120,87,0,40,49.90454137922585,31.575699998938944,123.97000000055414,2909.057471264368
1746380852,150,,Aggregated,109.900000,0.000000,37,40,42,44,71,84,92,100,120,130,130,1624,0,38,44.819888423620874,28.372000000672415,133.75810000070487,1608.2210591133005
1746380853,160,GET,GET /analytics/:slug,58.800000,0.000000,36,39,41,44,69,80,88,92,110,110,110,874,0,37,43.26493466817881,28.372000000672415,112.01359999904525,87.09610983981693
1746380853,160,GET,GET /pastes/:slug,59.000000,0.000000,38,41,43,44,69,86,96,110,130,130,130,878,0,38,45.50381640089896,28.658199998972123,133.75810000070487,2955.8291571753984
1746380853,160,POST,POST /pastes,6.400000,0.000000,40,43,46,50,83,90,100,120,120,120,120,97,0,40,49.2966793813842,31.575699998938944,123.97000000055414,2826.9896907216494
1746380853,160,,Aggregated,124.200000,0.000000,37,40,42,45,70,83,92,100,120,130,130,1849,0,38,44.64450059490094,28.372000000672415,133.75810000070487,1593.0546241211466
1746380854,170,GET,GET /analytics/:slug,65.000000,0.000000,37,39,42,44,66,79,89,93,110,110,110,994,0,37,43.185044164978976,28.372000000672415,112.01359999904525,87.09859154929578
1746380854,170,GET,GET /pastes/:slug,65.500000,0.000000,38,41,43,45,66,86,97,110,130,130,130,1000,0,38,45.5280790999841,28.658199998972123,133.75810000070487,2948.805
1746380854,170,POST,POST /pastes,7.600000,0.000000,40,43,46,50,80,90,100,120,120,120,120,115,0,40,48.688746086886766,31.575699998938944,123.97000000055414,2785.486956521739
1746380854,170,,Aggregated,138.100000,0.000000,38,40,43,45,67,83,95,100,120,130,130,2109,0,38,44.59612081553588,28.372000000672415,133.75810000070487,1591.1389284020863
1746380855,180,GET,GET /analytics/:slug,72.400000,0.000000,37,39,42,44,63,78,86,93,110,110,110,1105,0,37,42.87718325790366,28.149299998403876,112.01359999904525,87.09683257918552
1746380855,180,GET,GET /pastes/:slug,73.200000,0.000000,38,41,43,45,60,86,100,110,130,130,130,1107,0,38,45.35111842817968,28.658199998972123,133.75810000070487,2931.9909665763325
1746380855,180,POST,POST /pastes,7.900000,0.000000,40,43,46,49,80,90,100,100,120,120,120,136,0,40,48.19413676464404,31.51129999969271,123.97000000055414,2787.080882352941
1746380855,180,,Aggregated,153.500000,0.000000,38,41,43,45,64,83,96,100,120,130,130,2348,0,38,44.35152393525129,28.149299998403876,133.75810000070487,1584.7525553662692
1746380856,190,GET,GET /analytics/:slug,78.800000,0.000000,37,39,42,44,58,74,86,92,110,110,110,1238,0,37,42.53519240709391,28.149299998403876,112.01359999904525,87.09612277867528
1746380856,190,GET,GET /pastes/:slug,78.500000,0.000000,38,41,43,45,56,83,96,100,120,120,120,1245,0,38,44.845390200799486,27.715800000805757,133.75810000070487,2915.740562248996
1746380856,190,POST,POST /pastes,8.600000,0.000000,40,43,45,47,79,85,98,100,100,100,100,145,0,40,47.64061931028695,31.51129999969271,123.97000000055414,2802.7724137931036
1746380856,190,,Aggregated,165.900000,0.000000,38,40,43,45,58,79,92,99,110,120,120,2628,0,38,43.911327549455564,27.715800000805757,133.75810000070487,1576.9878234398782
1746380857,200,GET,GET /analytics/:slug,85.400000,0.000000,37,40,42,45,61,74,89,98,130,130,130,1368,0,37,42.83101710525204,28.149299998403876,128.80519999998796,87.10087719298245
1746380857,200,GET,GET /pastes/:slug,85.500000,0.000000,38,42,43,45,56,84,96,110,120,120,120,1375,0,38,44.9001664727323,27.715800000805757,133.75810000070487,2927.794909090909
1746380857,200,POST,POST /pastes,10.400000,0.000000,41,44,46,48,79,94,100,100,110,110,110,157,0,40,48.04505605091777,30.460300000413554,123.97000000055414,2818.5350318471337
1746380857,200,,Aggregated,181.300000,0.000000,38,41,43,45,59,80,95,100,110,130,130,2900,0,38,44.094356586202,27.715800000805757,133.75810000070487,1581.8558620689655
1746380858,200,GET,GET /analytics/:slug,92.700000,0.000000,37,40,43,45,58,73,90,95,110,130,130,1516,0,37,42.84511912929176,28.149299998403876,128.80519999998796,87.09828496042216
1746380858,200,GET,GET /pastes/:slug,92.800000,0.000000,39,42,44,46,56,85,96,100,110,120,120,1521,0,39,44.71199776463884,27.715800000805757,133.75810000070487,2926.3333333333335
1746380858,200,POST,POST /pastes,10.800000,0.000000,41,44,47,49,80,94,100,100,110,110,110,167,0,40,47.964892215521125,30.460300000413554,123.97000000055414,2826.251497005988
1746380858,200,,Aggregated,196.300000,0.000000,38,41,44,46,57,80,94,100,110,130,130,3204,0,38,43.998216666671055,27.715800000805757,133.75810000070487,1577.7084893882648
1746380859,200,GET,GET /analytics/:slug,99.800000,0.000000,37,41,43,45,54,72,89,92,110,130,130,1649,0,37,42.50390418436345,28.149299998403876,128.80519999998796,87.0952092177077
1746380859,200,GET,GET /pastes/:slug,99.900000,0.000000,39,42,44,46,53,80,95,100,110,120,120,1652,0,39,44.338896610171695,27.715800000805757,133.75810000070487,2921.9007263922517
1746380859,200,POST,POST /pastes,11.500000,0.000000,41,44,47,48,75,92,100,100,110,110,110,180,0,41,47.57346055549634,30.460300000413554,123.97000000055414,2864.95
1746380859,200,,Aggregated,211.200000,0.000000,38,42,44,46,54,77,92,100,110,130,130,3481,0,38,43.63689115197027,27.715800000805757,133.75810000070487,1576.0675093363975
1746380860,200,GET,GET /analytics/:slug,106.500000,0.000000,38,41,43,45,52,72,88,92,110,130,130,1792,0,37,42.233347433039064,28.149299998403876,128.80519999998796,87.09486607142857
1746380860,200,GET,GET /pastes/:slug,106.500000,0.000000,39,42,44,46,53,74,95,100,110,120,120,1795,0,39,44.077019554318724,27.715800000805757,133.75810000070487,2902.2640668523677
1746380860,200,POST,POST /pastes,11.500000,0.000000,42,44,46,47,54,92,100,100,110,110,110,191,0,41,47.27503246067499,30.460300000413554,123.97000000055414,2831.560209424084
1746380860,200,,Aggregated,224.500000,0.000000,39,42,44,46,53,72,92,100,110,130,130,3778,0,38,43.36419796188382,27.715800000805757,133.75810000070487,1563.3843303335098
1746380861,200,GET,GET /analytics/:slug,111.100000,0.000000,37,40,43,45,50,68,87,92,110,130,130,1908,0,37,41.887764203360504,28.149299998403876,128.80519999998796,87.09433962264151
1746380861,200,GET,GET /pastes/:slug,111.100000,0.000000,39,42,44,46,51,68,92,100,110,120,120,1913,0,39,43.71507417668306,27.715800000805757,133.75810000070487,2900.7229482488237
1746380861,200,POST,POST /pastes,11.900000,0.000000,41,43,45,47,53,92,98,100,110,110,110,204,0,40,46.74711078427672,30.460300000413554,123.97000000055414,2820.357843137255
1746380861,200,,Aggregated,234.100000,0.000000,38,41,44,45,51,68,90,98,110,130,130,4025,0,38,43.002534559005944,27.715800000805757,133.75810000070487,1562.8849689440995
1746380862,200,GET,GET /analytics/:slug,116.100000,0.000000,38,40,42,44,50,63,80,91,110,130,130,2047,0,37,41.65587151930278,28.137400000559865,128.80519999998796,87.09281875915974
1746380862,200,GET,GET /pastes/:slug,115.800000,0.000000,39,42,44,46,51,59,90,98,110,120,120,2053,0,39,43.52173063808549,27.715800000805757,133.75810000070487,2897.2605942523137
1746380862,200,POST,POST /pastes,12.900000,0.000000,41,44,45,46,51,63,98,100,110,110,110,225,0,41,46.290949333294215,30.460300000413554,123.97000000055414,2820.431111111111
1746380862,200,,Aggregated,244.800000,0.000000,39,41,43,45,50,62,89,96,110,130,130,4325,0,38,42.78269262427592,27.715800000805757,133.75810000070487,1563.2258959537571
1746380863,200,GET,GET /analytics/:slug,121.100000,0.000000,37,40,42,44,50,60,76,90,110,130,130,2176,0,37,41.56329485294584,27.89949999896635,128.80519999998796,87.09604779411765
1746380863,200,GET,GET /pastes/:slug,121.500000,0.000000,39,42,44,46,51,57,84,92,110,110,110,2184,0,39,43.36021675824222,27.715800000805757,133.75810000070487,2911.046245421245
1746380863,200,POST,POST /pastes,12.900000,0.000000,41,44,45,46,49,56,98,100,110,110,110,235,0,41,46.15701361696491,30.460300000413554,123.97000000055414,2820.876595744681
1746380863,200,,Aggregated,255.500000,0.000000,39,41,43,45,50,58,80,91,110,130,130,4595,0,38,42.65230494015184,27.715800000805757,133.75810000070487,1569.1299238302502
1746380864,200,GET,GET /analytics/:slug,125.200000,0.000000,37,40,42,43,49,56,74,90,110,130,130,2311,0,37,41.30564552142554,27.70500000042375,128.80519999998796,87.0951968844656
1746380864,200,GET,GET /pastes/:slug,125.200000,0.000000,39,42,44,45,50,55,78,85,100,110,110,2317,0,39,43.118374061284506,27.715800000805757,133.75810000070487,2913.9663357790246
1746380864,200,POST,POST /pastes,12.800000,0.000000,41,43,45,45,48,53,92,94,110,110,110,248,0,41,45.79108588704032,30.460300000413554,123.97000000055414,2794.7862903225805
1746380864,200,,Aggregated,263.200000,0.000000,38,41,43,44,49,55,77,89,110,130,130,4876,0,38,42.39516177194347,27.70500000042375,133.75810000070487,1568.0976210008203
1746380865,200,GET,GET /analytics/:slug,127.800000,0.000000,37,40,42,43,48,53,72,87,110,130,130,2455,0,37,41.122122892057554,27.70500000042375,128.80519999998796,87.09572301425662
1746380865,200,GET,GET /pastes/:slug,127.200000,0.000000,40,42,44,45,49,54,61,85,100,110,110,2458,0,39,42.98490004068811,27.715800000805757,133.75810000070487,2918.244100895037
1746380865,200,POST,POST /pastes,13.700000,0.000000,42,44,45,46,50,54,92,94,110,110,110,265,0,41,45.66220830182022,30.460300000413554,123.97000000055414,2802.1245283018866
1746380865,200,,Aggregated,268.700000,0.000000,39,41,43,44,49,54,68,88,110,130,130,5178,0,38,42.23873719582749,27.70500000042375,133.75810000070487,1569.9936268829665
1746380866,200,GET,GET /analytics/:slug,131.600000,0.000000,38,40,42,43,47,51,60,72,91,92,92,2594,0,37,41.00753203546388,27.70500000042375,128.80519999998796,87.09714726291442
1746380866,200,GET,GET /pastes/:slug,132.100000,0.000000,39,42,43,45,49,52,57,61,91,91,91,2600,0,39,42.85279257692659,27.715800000805757,133.75810000070487,2920.4423076923076
1746380866,200,POST,POST /pastes,13.600000,0.000000,42,44,45,46,49,52,54,56,92,92,92,273,0,41,45.60546739920914,30.460300000413554,123.97000000055414,2786.948717948718
1746380866,200,,Aggregated,277.300000,0.000000,39,41,43,44,48,51,58,65,91,92,92,5467,0,38,42.1147048472629,27.70500000042375,133.75810000070487,1569.4013169928662
1746380867,200,GET,GET /analytics/:slug,132.500000,0.000000,37,39,41,42,46,49,56,62,77,81,81,2732,0,37,40.81320962664188,27.70500000042375,128.80519999998796,87.09699853587115
1746380867,200,GET,GET /pastes/:slug,132.800000,0.000000,39,42,43,44,48,51,55,58,67,82,82,2740,0,39,42.64915222628369,27.715800000805757,133.75810000070487,2916.564598540146
1746380867,200,POST,POST /pastes,12.800000,0.000000,41,44,45,45,48,50,53,54,56,56,56,290,0,41,45.26455310340303,30.460300000413554,123.97000000055414,2776.189655172414
1746380867,200,,Aggregated,278.100000,0.000000,38,41,43,44,47,50,55,58,77,82,82,5762,0,38,41.91028917042518,27.70500000042375,133.75810000070487,1567.9331829225964
1746380868,200,GET,GET /analytics/:slug,134.400000,0.000000,37,39,41,42,45,49,54,61,74,81,81,2867,0,37,40.691376421343016,27.374799999961397,128.80519999998796,87.09870945238926
1746380868,200,GET,GET /pastes/:slug,134.600000,0.000000,39,42,43,44,48,51,55,57,67,82,82,2870,0,39,42.49570804878752,27.715800000805757,133.75810000070487,2920.0108013937283
1746380868,200,POST,POST /pastes,13.000000,0.000000,41,44,45,45,48,50,53,55,56,56,56,309,0,41,45.12885339803082,30.460300000413554,123.97000000055414,2763.3009708737864
1746380868,200,,Aggregated,282.000000,0.000000,38,41,42,43,47,50,54,58,74,82,82,6046,0,38,41.774673172345736,27.374799999961397,133.75810000070487,1568.6409196162751
1746380869,200,GET,GET /analytics/:slug,134.900000,0.000000,37,39,41,42,45,49,54,61,74,81,81,3007,0,37,40.61012154971433,27.374799999961397,128.80519999998796,87.0997672098437
1746380869,200,GET,GET /pastes/:slug,134.500000,0.000000,39,42,43,44,48,51,56,58,77,82,82,3012,0,39,42.45629750996635,27.715800000805757,133.75810000070487,2919.0843293492694
1746380869,200,POST,POST /pastes,12.800000,0.000000,41,43,45,45,49,52,55,56,56,56,56,328,0,41,44.985027134111434,30.460300000413554,123.97000000055414,2774.454268292683
1746380869,200,,Aggregated,282.200000,0.000000,38,41,42,43,47,50,55,58,77,82,82,6347,0,38,41.71231959981065,27.374799999961397,133.75810000070487,1569.9089333543407
1746380870,200,GET,GET /analytics/:slug,135.500000,0.000000,37,39,41,42,45,49,54,60,74,81,81,3137,0,37,40.50728852406185,27.374799999961397,128.80519999998796,87.1004144086707
1746380870,200,GET,GET /pastes/:slug,135.400000,0.000000,39,42,43,44,48,51,56,58,77,82,82,3139,0,39,42.36954683021357,27.715800000805757,133.75810000070487,2916.1134119146227
1746380870,200,POST,POST /pastes,13.600000,0.000000,41,44,45,46,49,52,55,56,56,56,56,343,0,41,44.86465801745969,30.460300000413554,123.97000000055414,2758.9650145772594
1746380870,200,,Aggregated,284.500000,0.000000,38,41,42,43,47,50,55,58,77,82,82,6619,0,38,41.61624857229358,27.374799999961397,133.75810000070487,1567.191267563076
1746380871,200,GET,GET /analytics/:slug,134.300000,0.000000,38,40,41,42,45,49,54,60,74,81,81,3260,0,37,40.459038159499954,27.374799999961397,128.80519999998796,87.10030674846625
1746380871,200,GET,GET /pastes/:slug,135.000000,0.000000,39,42,43,45,49,53,57,58,77,82,82,3266,0,39,42.343657164739035,27.685600000040722,133.75810000070487,2918.9112063686466
1746380871,200,POST,POST /pastes,14.300000,0.000000,42,44,45,47,51,54,56,58,61,61,61,359,0,41,44.925672423367025,30.460300000413554,123.97000000055414,2752.4818941504177
1746380871,200,,Aggregated,283.600000,0.000000,39,41,43,44,47,51,56,58,77,82,82,6885,0,38,41.58593538126304,27.374799999961397,133.75810000070487,1569.3902687000725
1746380872,200,GET,GET /analytics/:slug,134.900000,0.000000,38,40,41,43,45,49,54,57,67,68,68,3388,0,37,40.487250118057474,27.222700000493205,128.80519999998796,87.10064935064935
1746380872,200,GET,GET /pastes/:slug,135.200000,0.000000,40,42,43,45,49,54,58,61,67,77,77,3392,0,39,42.393368779493564,27.685600000040722,133.75810000070487,2915.626474056604
1746380872,200,POST,POST /pastes,14.900000,0.000000,42,44,46,47,51,55,56,58,61,61,61,384,0,41,44.83102552080235,30.460300000413554,123.97000000055414,2775.0755208333335
1746380872,200,,Aggregated,285.000000,0.000000,39,41,43,44,48,52,56,60,67,77,77,7164,0,38,41.62258851200575,27.222700000493205,133.75810000070487,1570.425879396985
1746380873,200,GET,GET /analytics/:slug,134.700000,0.000000,38,40,42,43,46,49,55,61,73,74,74,3517,0,37,40.522784901895825,27.222700000493205,128.80519999998796,87.0992323002559
1746380873,200,GET,GET /pastes/:slug,134.700000,0.000000,40,42,44,45,50,54,59,63,70,77,77,3522,0,39,42.43336436684802,27.685600000040722,133.75810000070487,2910.353208404316
1746380873,200,POST,POST /pastes,14.900000,0.000000,42,45,46,47,52,55,57,61,75,75,75,402,0,41,44.8500656716284,30.460300000413554,123.97000000055414,2805.097014925373
1746380873,200,,Aggregated,284.300000,0.000000,39,42,43,44,48,52,57,63,74,77,77,7441,0,39,41.66088834834041,27.222700000493205,133.75810000070487,1570.2514446982932
1746380874,200,GET,GET /analytics/:slug,133.000000,0.000000,38,40,42,43,46,49,55,61,73,74,74,3654,0,37,40.42101064586022,27.138500001456123,128.80519999998796,87.10043787629995
1746380874,200,GET,GET /pastes/:slug,132.900000,0.000000,40,42,44,45,49,54,59,63,70,77,77,3659,0,39,42.349840366230325,27.685600000040722,133.75810000070487,2908.639518994261
1746380874,200,POST,POST /pastes,15.600000,0.000000,42,45,46,47,52,55,57,61,75,75,75,416,0,41,44.77320841344688,30.460300000413554,123.97000000055414,2793.9639423076924
1746380874,200,,Aggregated,281.500000,0.000000,39,42,43,44,48,52,57,62,74,77,77,7729,0,39,41.568390930263135,27.138500001456123,133.75810000070487,1568.5426316470437
1746380875,200,GET,GET /analytics/:slug,133.500000,0.000000,38,40,42,43,46,49,54,60,73,74,74,3797,0,37,40.318739768227694,27.138500001456123,128.80519999998796,87.10034237555965
1746380875,200,GET,GET /pastes/:slug,133.900000,0.000000,40,42,44,45,49,53,58,63,70,77,77,3802,0,39,42.239840241990045,27.685600000040722,133.75810000070487,2908.178064176749
1746380875,200,POST,POST /pastes,16.200000,0.000000,42,44,46,47,52,56,58,61,75,75,75,426,0,41,44.6846035211124,30.460300000413554,123.97000000055414,2786.8286384976527
1746380875,200,,Aggregated,283.600000,0.000000,39,41,43,44,48,52,57,61,74,77,77,8025,0,39,41.46065652336457,27.138500001456123,133.75810000070487,1566.9535202492211
1746380876,200,GET,GET /analytics/:slug,132.300000,0.000000,38,41,42,43,47,51,56,60,73,74,74,3941,0,38,40.33099629534752,26.12109999972745,128.80519999998796,87.1009895965491
1746380876,200,GET,GET /pastes/:slug,132.600000,0.000000,40,43,45,46,50,54,59,63,70,77,77,3944,0,39,42.25928405173562,27.685600000040722,133.75810000070487,2908.1211967545637
1746380876,200,POST,POST /pastes,16.200000,0.000000,42,45,47,47,53,56,58,67,75,75,75,435,0,41,44.72964988504911,30.460300000413554,123.97000000055414,2796.6367816091956
1746380876,200,,Aggregated,281.100000,0.000000,39,42,43,45,49,53,58,61,74,77,77,8320,0,39,41.47505653846228,26.12109999972745,133.75810000070487,1566.0375
1746380877,200,GET,GET /analytics/:slug,134.100000,0.000000,38,41,42,43,47,51,55,60,73,74,74,4076,0,37,40.24384877330226,26.12109999972745,128.80519999998796,87.101324828263
1746380877,200,GET,GET /pastes/:slug,134.100000,0.000000,40,43,45,46,50,54,59,63,70,77,77,4079,0,39,42.16372944349533,27.685600000040722,133.75810000070487,2914.2066683010544
1746380877,200,POST,POST /pastes,16.500000,0.000000,42,45,47,49,53,57,59,67,75,75,75,452,0,41,44.7264982300772,30.460300000413554,123.97000000055414,2798.16814159292
1746380877,200,,Aggregated,284.700000,0.000000,39,42,44,45,49,53,58,61,74,77,77,8607,0,39,41.38912015800996,26.12109999972745,133.75810000070487,1569.2861624259324
1746380878,200,GET,GET /analytics/:slug,132.600000,0.000000,38,41,42,43,47,51,55,60,73,74,74,4219,0,37,40.15235155249439,26.12109999972745,128.80519999998796,87.10120881725527
1746380878,200,GET,GET /pastes/:slug,132.600000,0.000000,40,43,45,46,50,54,60,63,70,77,77,4224,0,39,42.06968629261545,27.685600000040722,133.75810000070487,2909.6420454545455
1746380878,200,POST,POST /pastes,15.900000,0.000000,42,45,47,48,53,57,61,67,75,75,75,462,0,41,44.65745562768686,30.460300000413554,123.97000000055414,2799.627705627706
1746380878,200,,Aggregated,281.100000,0.000000,39,42,44,45,49,53,58,62,74,77,77,8905,0,39,41.29554975855949,26.12109999972745,133.75810000070487,1566.6744525547444
1746380879,200,GET,GET /analytics/:slug,133.400000,0.000000,38,40,42,43,47,51,54,60,73,74,74,4362,0,37,40.01775089408163,26.12109999972745,128.80519999998796,87.10224667583677
1746380879,200,GET,GET /pastes/:slug,133.500000,0.000000,40,42,44,45,49,53,59,63,67,70,70,4365,0,39,41.92522439862952,26.931899999908637,133.75810000070487,2913.1938144329897
1746380879,200,POST,POST /pastes,16.100000,0.000000,42,45,47,48,53,57,61,67,75,75,75,476,0,41,44.5915972688851,30.460300000413554,123.97000000055414,2799.5567226890757
1746380879,200,,Aggregated,283.000000,0.000000,39,42,43,45,49,52,58,62,73,75,75,9203,0,38,41.159038813429376,26.12109999972745,133.75810000070487,1567.8170161903727
1746380880,200,GET,GET /analytics/:slug,133.800000,0.000000,37,40,41,43,47,51,54,59,73,74,74,4505,0,37,39.8831028856786,26.12109999972745,128.80519999998796,87.10210876803552
1746380880,200,GET,GET /pastes/:slug,133.900000,0.000000,39,42,44,45,49,52,59,63,70,71,71,4513,0,39,41.81096481276711,26.931899999908637,133.75810000070487,2912.3370263682696
1746380880,200,POST,POST /pastes,15.800000,0.000000,42,45,47,48,53,57,61,67,75,75,75,492,0,41,44.45716321136691,30.460300000413554,123.97000000055414,2784.191056910569
1746380880,200,,Aggregated,283.500000,0.000000,39,41,43,44,48,52,57,62,73,75,75,9510,0,38,41.03461482649758,26.12109999972745,133.75810000070487,1567.3600420609885
1746380881,200,GET,GET /analytics/:slug,136.600000,0.000000,37,39,41,42,46,50,54,60,73,74,74,4621,0,37,39.78902977710238,26.12109999972745,128.80519999998796,87.10170958666956
1746380881,200,GET,GET /pastes/:slug,136.300000,0.000000,39,42,43,45,48,52,59,63,70,71,71,4625,0,39,41.70743712432754,26.931899999908637,133.75810000070487,2910.1264864864866
1746380881,200,POST,POST /pastes,15.100000,0.000000,41,44,46,47,52,57,59,67,75,75,75,506,0,41,44.3028946640236,30.460300000413554,123.97000000055414,2791.4664031620555
1746380881,200,,Aggregated,288.000000,0.000000,38,41,42,44,48,51,57,62,73,75,75,9752,0,38,40.933066858080394,26.12109999972745,133.75810000070487,1566.2750205086136
1746380882,200,GET,GET /analytics/:slug,135.800000,0.000000,37,39,41,42,46,50,55,61,82,120,120,4761,0,37,39.856507351395976,26.12109999972745,128.80519999998796,87.10060911573198
1746380882,200,GET,GET /pastes/:slug,135.700000,0.000000,39,42,43,44,48,52,57,60,70,71,71,4766,0,39,41.73341172891627,26.931899999908637,133.75810000070487,2911.6772975241292
1746380882,200,POST,POST /pastes,14.900000,0.000000,41,43,45,46,52,57,59,63,67,67,67,525,0,41,44.25603980950005,30.460300000413554,123.97000000055414,2798.127619047619
1746380882,200,,Aggregated,286.400000,0.000000,38,41,42,43,48,51,57,61,80,120,120,10052,0,38,40.97619306605629,26.12109999972745,133.75810000070487,1567.9225029844806
1746380883,200,GET,GET /analytics/:slug,136.200000,0.000000,37,39,41,43,48,52,62,72,100,120,120,4900,0,37,39.98238487755066,26.12109999972745,128.80519999998796,87.1004081632653
1746380883,200,GET,GET /pastes/:slug,136.100000,0.000000,39,42,43,45,49,54,62,74,110,110,110,4906,0,39,41.93590481043837,26.931899999908637,133.75810000070487,2911.2503057480635
1746380883,200,POST,POST /pastes,14.900000,0.000000,41,43,46,47,53,58,67,77,85,85,85,540,0,41,44.37151296293383,30.460300000413554,123.97000000055414,2805.340740740741
1746380883,200,,Aggregated,287.200000,0.000000,38,41,42,44,49,53,62,74,110,120,120,10346,0,38,41.13781673110304,26.12109999972745,133.75810000070487,1568.1683742509183
1746380884,200,GET,GET /analytics/:slug,135.900000,0.000000,37,39,41,42,48,53,63,75,100,120,120,5038,0,37,39.97386135370941,26.12109999972745,128.80519999998796,87.09944422389837
1746380884,200,GET,GET /pastes/:slug,136.600000,0.000000,39,42,44,45,50,56,65,76,110,110,110,5045,0,39,41.939939306245215,26.931899999908637,133.75810000070487,2914.113974231913
1746380884,200,POST,POST /pastes,14.600000,0.000000,41,43,45,47,52,58,67,77,85,85,85,552,0,41,44.299147282575746,30.460300000413554,123.97000000055414,2823.001811594203
1746380884,200,,Aggregated,287.100000,0.000000,38,41,43,44,49,55,64,76,110,120,120,10635,0,38,41.131023657731625,26.12109999972745,133.75810000070487,1570.1748001880583
1746380885,200,GET,GET /analytics/:slug,136.600000,0.000000,37,39,41,42,48,53,63,75,100,120,120,5179,0,37,39.918461517665584,26.12109999972745,128.80519999998796,87.10079165862136
1746380885,200,GET,GET /pastes/:slug,136.800000,0.000000,39,42,44,45,50,56,65,76,110,110,110,5190,0,39,41.861894778420314,26.931899999908637,133.75810000070487,2910.8838150289016
1746380885,200,POST,POST /pastes,13.700000,0.000000,41,43,46,49,53,59,67,77,85,85,85,563,0,41,44.36594493779931,30.460300000413554,123.97000000055414,2826.0710479573713
1746380885,200,,Aggregated,287.100000,0.000000,38,41,43,44,49,55,64,76,110,120,120,10932,0,38,41.07015853457477,26.12109999972745,133.75810000070487,1568.757775338456
1746380886,200,GET,GET /analytics/:slug,137.400000,0.000000,37,39,41,42,48,53,63,75,100,120,120,5307,0,37,39.85791535707582,26.12109999972745,128.80519999998796,87.10062182023742
1746380886,200,GET,GET /pastes/:slug,137.000000,0.000000,39,42,44,45,50,56,66,76,110,110,110,5312,0,39,41.84149486069354,26.931899999908637,133.75810000070487,2907.050451807229
1746380886,200,POST,POST /pastes,14.100000,0.000000,41,44,46,48,51,59,71,77,85,85,85,580,0,41,44.41296068961774,30.460300000413554,123.97000000055414,2823.4344827586206
1746380886,200,,Aggregated,288.500000,0.000000,38,41,43,44,49,55,65,76,110,120,120,11199,0,38,41.03469012411665,26.12109999972745,133.75810000070487,1566.3976247879275
1746380887,200,GET,GET /analytics/:slug,138.000000,0.000000,36,39,41,42,47,52,63,75,100,120,120,5442,0,37,39.77950275634108,26.12109999972745,128.80519999998796,87.101065784638
1746380887,200,GET,GET /pastes/:slug,137.600000,0.000000,38,41,43,45,50,56,66,76,110,110,110,5447,0,39,41.75483095282042,26.931899999908637,133.75810000070487,2907.351569671379
1746380887,200,POST,POST /pastes,13.700000,0.000000,41,44,45,47,51,58,71,77,85,85,85,594,0,41,44.31786414137886,30.460300000413554,123.97000000055414,2822.7508417508416
1746380887,200,,Aggregated,289.300000,0.000000,38,40,42,44,49,54,64,76,110,120,120,11483,0,38,40.951269659496546,26.12109999972745,133.75810000070487,1566.4079073412872
1746380888,200,GET,GET /analytics/:slug,138.400000,0.000000,37,39,41,42,48,53,63,76,100,120,120,5578,0,37,39.748641430624566,26.12109999972745,128.80519999998796,87.1011115095016
1746380888,200,GET,GET /pastes/:slug,138.300000,0.000000,39,42,44,46,51,56,67,78,110,110,110,5583,0,39,41.722817302529215,26.931899999908637,133.75810000070487,2913.29034569228
1746380888,200,POST,POST /pastes,13.600000,0.000000,42,45,46,48,52,58,71,77,85,85,85,615,0,41,44.32627186987798,30.460300000413554,123.97000000055414,2833.3739837398375
1746380888,200,,Aggregated,290.300000,0.000000,38,41,43,45,49,55,65,76,110,120,120,11776,0,38,40.92366407099341,26.12109999972745,133.75810000070487,1570.4207710597825
1746380889,200,GET,GET /analytics/:slug,137.100000,0.000000,37,39,41,42,48,53,63,75,100,120,120,5718,0,37,39.69555465197973,26.12109999972745,128.80519999998796,87.10090940888422
1746380889,200,GET,GET /pastes/:slug,137.300000,0.000000,39,42,44,46,51,56,66,76,110,110,110,5722,0,39,41.680130723527796,26.931899999908637,133.75810000070487,2907.4267738552953
1746380889,200,POST,POST /pastes,14.100000,0.000000,42,44,46,47,51,57,71,77,85,85,85,631,0,41,44.214370364452684,30.460300000413554,123.97000000055414,2819.9144215530905
1746380889,200,,Aggregated,288.500000,0.000000,38,41,43,45,50,55,64,76,110,120,120,12071,0,38,40.872517372215654,26.12109999972745,133.75810000070487,1566.8714273879546
1746380890,200,GET,GET /analytics/:slug,136.100000,0.000000,37,40,42,43,49,53,63,75,100,120,120,5859,0,37,39.658003003929146,26.12109999972745,128.80519999998796,87.10069977811914
1746380890,200,GET,GET /pastes/:slug,136.000000,0.000000,39,42,44,46,51,56,66,76,110,110,110,5866,0,39,41.61079087964877,26.931899999908637,133.75810000070487,2909.989601091033
1746380890,200,POST,POST /pastes,14.200000,0.000000,42,44,46,47,51,57,71,77,85,85,85,646,0,41,44.11311671822099,30.460300000413554,123.97000000055414,2793.495356037152
1746380890,200,,Aggregated,286.300000,0.000000,38,41,43,45,50,55,64,76,110,120,120,12371,0,38,40.81660434079789,26.12109999972745,133.75810000070487,1566.9646754506507
1746380891,200,GET,GET /analytics/:slug,134.900000,0.000000,37,40,41,43,48,54,63,75,100,120,120,6002,0,37,39.594356514498536,26.12109999972745,128.80519999998796,87.10079973342219
1746380891,200,GET,GET /pastes/:slug,135.100000,0.000000,39,42,44,46,51,56,66,76,110,110,110,6007,0,39,41.563365440324375,26.931899999908637,133.75810000070487,2906.288663226236
1746380891,200,POST,POST /pastes,15.300000,0.000000,42,45,46,47,51,58,71,77,85,85,85,654,0,41,44.04022629965288,30.460300000413554,123.97000000055414,2795.9036697247707
1746380891,200,,Aggregated,285.300000,0.000000,38,41,43,45,50,55,64,76,110,120,120,12663,0,38,40.758017215511416,26.12109999972745,133.75810000070487,1564.3509436942272
1746380892,200,GET,GET /analytics/:slug,135.300000,0.000000,37,39,41,42,47,52,58,65,99,100,100,6144,0,37,39.541701839197465,26.12109999972745,128.80519999998796,87.10091145833333
1746380892,200,GET,GET /pastes/:slug,135.100000,0.000000,39,41,44,45,49,54,60,68,110,110,110,6152,0,39,41.50967410598761,26.931899999908637,133.75810000070487,2905.564531859558
1746380892,200,POST,POST /pastes,15.400000,0.000000,42,45,46,47,50,57,64,71,85,85,85,668,0,41,44.06117529935978,30.460300000413554,123.97000000055414,2811.5104790419164
1746380892,200,,Aggregated,285.800000,0.000000,38,40,43,44,49,53,59,66,110,110,110,12964,0,38,40.70846932274272,26.12109999972745,133.75810000070487,1564.969916692379
1746380893,200,GET,GET /analytics/:slug,135.800000,0.000000,37,39,40,42,46,49,54,57,75,78,78,6289,0,37,39.484464016539654,26.12109999972745,128.80519999998796,87.10017490857052
1746380893,200,GET,GET /pastes/:slug,135.900000,0.000000,39,41,43,45,48,52,56,62,76,76,76,6292,0,39,41.459984583604786,26.931899999908637,133.75810000070487,2906.3863636363635
1746380893,200,POST,POST /pastes,15.100000,0.000000,42,45,46,48,51,57,62,64,71,71,71,689,0,41,44.03432409284339,30.460300000413554,123.97000000055414,2800.8272859216254
1746380893,200,,Aggregated,286.800000,0.000000,38,40,42,44,48,51,56,60,76,78,78,13270,0,38,40.657397626226576,26.12109999972745,133.75810000070487,1564.7721175584024
1746380894,200,GET,GET /analytics/:slug,138.700000,0.000000,36,38,40,41,45,48,53,55,60,65,65,6418,0,37,39.40829814584215,26.12109999972745,128.80519999998796,87.10003116235588
1746380894,200,GET,GET /pastes/:slug,138.000000,0.000000,38,41,43,44,48,51,55,59,76,76,76,6425,0,39,41.382465649811046,26.519400000324822,133.75810000070487,2910.338832684825
1746380894,200,POST,POST /pastes,14.800000,0.000000,42,45,46,47,50,56,60,62,71,71,71,704,0,41,43.968419602226625,30.460300000413554,123.97000000055414,2805.059659090909
1746380894,200,,Aggregated,291.500000,0.000000,37,40,42,43,47,51,55,58,73,76,76,13547,0,38,40.58157279840683,26.12109999972745,133.75810000070487,1567.3357200856278
1746380895,200,GET,GET /analytics/:slug,138.000000,0.000000,36,38,40,41,45,48,53,55,60,65,65,6550,0,37,39.3249538015293,26.12109999972745,128.80519999998796,87.10030534351145
1746380895,200,GET,GET /pastes/:slug,137.500000,0.000000,38,41,42,44,47,51,55,58,76,76,76,6560,0,39,41.31115847561638,26.519400000324822,133.75810000070487,2908.187042682927
1746380895,200,POST,POST /pastes,14.900000,0.000000,41,43,45,46,49,55,59,62,71,71,71,721,0,41,43.85323273227098,30.460300000413554,123.97000000055414,2808.4285714285716
1746380895,200,,Aggregated,290.400000,0.000000,37,40,41,43,46,50,54,57,73,76,76,13831,0,38,40.50306035717063,26.12109999972745,133.75810000070487,1566.993782083725
1746380896,200,GET,GET /analytics/:slug,138.500000,0.000000,36,38,40,41,45,47,53,55,60,60,60,6682,0,37,39.25574521101673,26.12109999972745,128.80519999998796,87.09952110146662
1746380896,200,GET,GET /pastes/:slug,138.400000,0.000000,38,40,42,43,47,50,55,56,73,76,76,6685,0,39,41.24239597607213,26.519400000324822,133.75810000070487,2906.9446522064322
1746380896,200,POST,POST /pastes,15.100000,0.000000,40,42,45,46,49,55,58,60,62,62,62,740,0,41,43.741085945893666,30.36419999989448,123.97000000055414,2815.933783783784
1746380896,200,,Aggregated,292.000000,0.000000,37,40,41,42,46,50,54,56,68,76,76,14107,0,38,40.43245978592299,26.12109999972745,133.75810000070487,1566.507053235982
1746380897,200,GET,GET /analytics/:slug,136.700000,0.000000,36,38,39,40,44,47,53,55,60,60,60,6826,0,37,39.17119274831628,26.12109999972745,128.80519999998796,87.09932610606505
1746380897,200,GET,GET /pastes/:slug,136.900000,0.000000,38,40,42,43,47,50,54,56,73,76,76,6830,0,39,41.16007666179305,26.519400000324822,133.75810000070487,2904.709956076135
1746380897,200,POST,POST /pastes,15.600000,0.000000,40,42,44,46,49,55,58,60,62,62,62,752,0,41,43.661862233991684,30.36419999989448,123.97000000055414,2814.8204787234044
1746380897,200,,Aggregated,289.200000,0.000000,37,39,41,42,46,49,54,56,68,76,76,14408,0,38,40.34839017906813,26.12109999972745,133.75810000070487,1565.1342309827874
1746380898,200,GET,GET /analytics/:slug,137.100000,0.000000,36,38,39,40,43,46,50,54,58,60,60,6959,0,37,39.10635111366947,26.12109999972745,128.80519999998796,87.09943957465153
1746380898,200,GET,GET /pastes/:slug,137.300000,0.000000,38,40,41,43,46,49,53,55,64,68,68,6964,0,39,41.109714632400404,26.519400000324822,133.75810000070487,2905.486502010339
1746380898,200,POST,POST /pastes,16.400000,0.000000,40,41,43,45,49,52,58,59,60,60,60,767,0,41,43.55216975222884,30.36419999989448,123.97000000055414,2814.645371577575
1746380898,200,,Aggregated,290.800000,0.000000,37,39,40,41,45,48,52,55,62,68,68,14690,0,38,40.28820042886462,26.12109999972745,133.75810000070487,1565.6069434989788
1746380899,200,GET,GET /analytics/:slug,137.800000,0.000000,36,37,39,40,43,46,51,54,58,60,60,7096,0,37,39.037386724921284,26.12109999972745,128.80519999998796,87.09906989853438
1746380899,200,GET,GET /pastes/:slug,137.900000,0.000000,38,40,41,43,46,50,54,56,64,68,68,7100,0,39,41.069691380286635,26.519400000324822,133.75810000070487,2905.264788732394
1746380899,200,POST,POST /pastes,15.900000,0.000000,40,42,43,45,49,53,58,59,60,60,60,778,0,41,43.51800526987119,30.36419999989448,123.97000000055414,2809.2596401028277
1746380899,200,,Aggregated,291.600000,0.000000,37,39,40,41,45,49,53,56,62,68,68,14974,0,38,40.23381281554934,26.12109999972745,133.75810000070487,1564.7815546948043
1746380900,200,GET,GET /analytics/:slug,138.300000,0.000000,35,37,38,39,42,46,50,54,58,60,60,7219,0,37,38.96988887658077,26.12109999972745,128.80519999998796,87.09835157223992
1746380900,200,GET,GET /pastes/:slug,138.300000,0.000000,37,40,41,42,46,49,53,56,64,68,68,7224,0,39,41.008210395907085,26.519400000324822,133.75810000070487,2905.8524363233664
1746380900,200,POST,POST /pastes,15.700000,0.000000,40,42,43,44,48,52,58,59,60,60,60,792,0,41,43.44731010095842,30.36419999989448,123.97000000055414,2818.945707070707
1746380900,200,,Aggregated,292.300000,0.000000,36,39,40,41,45,48,52,55,62,68,68,15235,0,38,40.16916372169524,26.12109999972745,133.75810000070487,1565.6872989826059
1746380901,200,GET,GET /analytics/:slug,136.600000,0.000000,35,37,38,39,43,46,50,52,58,63,63,7382,0,37,38.95358921701758,26.12109999972745,128.80519999998796,87.09861826063397
1746380901,200,GET,GET /pastes/:slug,136.400000,0.000000,38,40,42,43,46,49,53,56,61,61,61,7388,0,39,40.99980475095271,26.519400000324822,133.75810000070487,2909.661342717921
1746380901,200,POST,POST /pastes,15.200000,0.000000,40,42,43,45,47,51,56,59,60,60,60,802,0,41,43.446585411415946,30.36419999989448,123.97000000055414,2824.5286783042393
1746380901,200,,Aggregated,288.200000,0.000000,37,39,40,41,45,48,52,55,61,63,63,15572,0,38,40.15579980734768,26.12109999972745,133.75810000070487,1567.2239917801182
1746380902,200,GET,GET /analytics/:slug,137.500000,0.000000,35,37,38,39,43,46,50,52,58,63,63,7520,0,37,38.91481077127939,26.12109999972745,128.80519999998796,87.09867021276595
1746380902,200,GET,GET /pastes/:slug,137.500000,0.000000,38,40,41,43,46,50,53,57,62,68,68,7525,0,39,40.9680417807358,26.519400000324822,133.75810000070487,2908.9562790697673
1746380902,200,POST,POST /pastes,14.600000,0.000000,40,42,43,44,47,49,53,55,56,56,56,810,0,41,43.439632222168854,30.36419999989448,123.97000000055414,2830.9950617283953
1746380902,200,,Aggregated,289.600000,0.000000,37,39,40,41,45,48,52,55,62,68,68,15855,0,38,40.120466319773925,26.12109999972745,133.75810000070487,1566.571050141911
1746380903,200,GET,GET /analytics/:slug,136.200000,0.000000,35,37,38,39,43,46,50,52,61,63,63,7655,0,37,38.86242540823156,26.12109999972745,128.80519999998796,87.09902024820379
1746380903,200,GET,GET /pastes/:slug,136.300000,0.000000,38,40,42,43,46,50,53,58,62,68,68,7660,0,39,40.94158122716231,26.519400000324822,133.75810000070487,2907.004438642298
1746380903,200,POST,POST /pastes,14.700000,0.000000,40,41,43,44,47,49,52,53,55,55,55,826,0,41,43.37612687646628,30.36419999989448,123.97000000055414,2819.53995157385
1746380903,200,,Aggregated,287.200000,0.000000,37,39,40,41,45,48,52,55,62,68,68,16141,0,38,40.08011024719893,26.12109999972745,133.75810000070487,1565.165541168453
1746380904,200,GET,GET /analytics/:slug,136.500000,0.000000,35,37,39,40,43,46,51,54,63,64,64,7795,0,37,38.84314937780855,26.12109999972745,128.80519999998796,87.09890955740859
1746380904,200,GET,GET /pastes/:slug,136.900000,0.000000,38,40,42,43,47,50,54,58,68,68,68,7799,0,39,40.942932837551304,26.519400000324822,133.75810000070487,2906.46993204257
1746380904,200,POST,POST /pastes,14.200000,0.000000,40,42,43,45,47,51,53,53,55,55,55,845,0,41,43.35998213013356,30.36419999989448,123.97000000055414,2829.252071005917
1746380904,200,,Aggregated,287.600000,0.000000,37,39,41,42,46,49,53,56,67,68,68,16439,0,38,40.071504805647805,26.12109999972745,133.75810000070487,1565.6191374171178
1746380905,200,GET,GET /analytics/:slug,137.900000,0.000000,36,38,39,40,44,47,52,55,64,65,65,7927,0,37,38.8589668348699,26.12109999972745,128.80519999998796,87.09915478743535
1746380905,200,GET,GET /pastes/:slug,137.600000,0.000000,38,41,43,44,48,50,56,60,70,70,70,7934,0,39,40.966212755238075,26.519400000324822,133.75810000070487,2905.5487774136627
1746380905,200,POST,POST /pastes,13.700000,0.000000,40,43,45,46,47,52,53,53,57,57,57,861,0,41,43.38828373979157,30.36419999989448,123.97000000055414,2834.0975609756097
1746380905,200,,Aggregated,289.200000,0.000000,37,39,41,43,46,50,54,58,68,70,70,16722,0,38,40.091991053703694,26.12109999972745,133.75810000070487,1565.7945819878005
1746380906,200,GET,GET /analytics/:slug,136.700000,0.000000,36,38,40,41,45,48,54,56,64,65,65,8079,0,37,38.85969060527504,26.12109999972745,128.80519999998796,87.0991459339027
1746380906,200,GET,GET /pastes/:slug,137.100000,0.000000,39,41,43,44,48,51,58,61,70,74,74,8081,0,39,40.96654199976286,26.519400000324822,133.75810000070487,2902.148125232026
1746380906,200,POST,POST /pastes,13.500000,0.000000,41,44,46,47,50,53,57,59,60,60,60,874,0,41,43.433770137254925,30.36419999989448,123.97000000055414,2832.0480549199083
1746380906,200,,Aggregated,287.300000,0.000000,37,40,42,43,47,50,55,59,70,74,74,17034,0,38,40.093881730659895,26.12109999972745,133.75810000070487,1563.411001526359
1746380907,200,GET,GET /analytics/:slug,137.300000,0.000000,36,39,40,41,45,49,54,57,65,65,65,8213,0,37,38.86489993912168,26.12109999972745,128.80519999998796,87.09923292341409
1746380907,200,GET,GET /pastes/:slug,137.500000,0.000000,39,42,44,45,49,52,58,61,70,74,74,8215,0,39,40.98215010347855,26.519400000324822,133.75810000070487,2900.489227023737
1746380907,200,POST,POST /pastes,13.800000,0.000000,41,45,47,47,51,53,58,59,60,60,60,889,0,41,43.45195095608531,30.36419999989448,123.97000000055414,2829.790776152981
1746380907,200,,Aggregated,288.600000,0.000000,38,40,43,44,47,51,56,60,70,74,74,17317,0,38,40.10478551134961,26.12109999972745,133.75810000070487,1562.5425304613964
1746380908,200,GET,GET /analytics/:slug,136.800000,0.000000,37,39,41,42,46,50,56,63,74,78,78,8350,0,37,38.9173850538922,26.12109999972745,128.80519999998796,87.09976047904192
1746380908,200,GET,GET /pastes/:slug,137.200000,0.000000,40,43,44,46,50,52,60,67,84,86,86,8357,0,39,41.029834689491125,26.519400000324822,133.75810000070487,2898.200071796099
1746380908,200,POST,POST /pastes,14.000000,0.000000,42,45,47,48,52,53,58,59,60,60,60,903,0,41,43.46215249165124,30.36419999989448,123.97000000055414,2830.9833887043187
1746380908,200,,Aggregated,288.000000,0.000000,38,41,43,45,48,52,58,64,78,86,86,17610,0,38,40.15291410562395,26.12109999972745,133.75810000070487,1561.8352640545145
1746380909,200,GET,GET /analytics/:slug,136.800000,0.000000,37,40,42,43,46,50,57,63,74,78,78,8482,0,37,38.914184154679674,26.12109999972745,128.80519999998796,87.10009431737798
1746380909,200,GET,GET /pastes/:slug,137.000000,0.000000,40,43,45,46,50,53,60,68,84,86,86,8489,0,39,41.04873337260948,26.519400000324822,133.75810000070487,2898.1706914830957
1746380909,200,POST,POST /pastes,13.200000,0.000000,43,46,48,49,52,55,58,59,60,60,60,916,0,41,43.4837373361987,30.36419999989448,123.97000000055414,2831.853711790393
1746380909,200,,Aggregated,287.000000,0.000000,39,41,44,45,49,52,58,64,78,86,86,17887,0,38,40.16122944037756,26.12109999972745,133.75810000070487,1561.7673170458993
1746380910,200,GET,GET /analytics/:slug,136.400000,0.000000,37,40,42,43,47,50,57,63,74,78,78,8615,0,37,38.904130504930606,26.12109999972745,128.80519999998796,87.09959373186302
1746380910,200,GET,GET /pastes/:slug,136.800000,0.000000,40,43,45,46,50,53,61,68,84,86,86,8621,0,39,41.03254661873111,26.519400000324822,133.75810000070487,2899.4859065073656
1746380910,200,POST,POST /pastes,14.100000,0.000000,44,47,49,50,53,55,58,59,60,60,60,931,0,41,43.53816240597018,30.36419999989448,123.97000000055414,2837.06552094522
1746380910,200,,Aggregated,287.300000,0.000000,39,42,44,45,49,52,59,64,78,86,86,18167,0,38,40.15163196455202,26.12109999972745,133.75810000070487,1562.6211812627291
1746380911,200,GET,GET /analytics/:slug,138.700000,0.000000,37,40,42,43,47,51,58,63,74,78,78,8742,0,37,38.91195693204788,26.12109999972745,128.80519999998796,87.09940517044154
1746380911,200,GET,GET /pastes/:slug,138.400000,0.000000,40,43,46,47,50,54,62,68,84,86,86,8749,0,39,41.04845364042308,26.519400000324822,133.75810000070487,2898.931649331352
1746380911,200,POST,POST /pastes,13.800000,0.000000,45,47,50,50,53,56,58,59,60,60,60,953,0,41,43.581466211917274,30.36419999989448,123.97000000055414,2838.520461699895
1746380911,200,,Aggregated,290.900000,0.000000,39,42,44,46,50,53,60,65,78,86,86,18444,0,38,40.16668757861537,26.12109999972745,133.75810000070487,1563.0712426805464
1746380912,200,GET,GET /analytics/:slug,137.600000,0.000000,38,41,42,44,48,52,60,65,74,78,78,8879,0,37,38.93108806171424,26.12109999972745,128.80519999998796,87.1001238878252
1746380912,200,GET,GET /pastes/:slug,138.200000,0.000000,40,44,46,47,50,54,62,68,84,86,86,8885,0,39,41.070097850316195,26.519400000324822,133.75810000070487,2897.376252110298
1746380912,200,POST,POST /pastes,13.600000,0.000000,45,47,50,51,54,56,59,61,64,64,64,970,0,41,43.62799701027058,30.36419999989448,123.97000000055414,2844.2463917525774
1746380912,200,,Aggregated,289.400000,0.000000,39,42,45,46,50,54,60,65,78,86,86,18734,0,38,40.18875346428866,26.12109999972745,133.75810000070487,1562.6918437066297
1746380913,200,GET,GET /analytics/:slug,138.000000,0.000000,38,41,43,44,47,52,59,65,74,78,78,9024,0,37,38.91487312721335,26.12109999972745,128.80519999998796,87.0997340425532
1746380913,200,GET,GET /pastes/:slug,137.400000,0.000000,40,44,46,47,51,54,62,68,84,86,86,9025,0,39,41.05451522438328,26.519400000324822,133.75810000070487,2899.1704155124653
1746380913,200,POST,POST /pastes,14.300000,0.000000,45,49,50,51,54,57,59,61,64,64,64,981,0,41,43.64445708457308,30.36419999989448,123.97000000055414,2840.4301732925587
1746380913,200,,Aggregated,289.700000,0.000000,39,42,45,46,50,54,60,65,78,86,86,19030,0,38,40.1734118444561,26.12109999972745,133.75810000070487,1562.6622700998423
1746380914,200,GET,GET /analytics/:slug,135.800000,0.000000,38,41,42,44,47,51,58,63,74,78,78,9158,0,37,38.93055697750462,26.12109999972745,128.80519999998796,87.09914828565189
1746380914,200,GET,GET /pastes/:slug,135.800000,0.000000,41,44,46,47,50,53,60,64,84,86,86,9169,0,39,41.0826447813354,26.519400000324822,133.75810000070487,2898.6861162613154
1746380914,200,POST,POST /pastes,15.500000,0.000000,45,48,50,51,55,57,60,61,64,64,64,992,0,41,43.64631814512853,30.36419999989448,123.97000000055414,2845.0705645161293
1746380914,200,,Aggregated,287.100000,0.000000,40,42,44,46,50,53,59,64,78,86,86,19319,0,38,40.1941072726342,26.12109999972745,133.75810000070487,1563.125265282882
1746380915,200,GET,GET /analytics/:slug,134.500000,0.000000,38,41,43,44,48,52,59,65,74,78,78,9289,0,37,38.95812831305742,26.12109999972745,128.80519999998796,87.0990418774895
1746380915,200,GET,GET /pastes/:slug,135.000000,0.000000,41,44,46,47,51,54,62,66,84,86,86,9293,0,39,41.102929000329695,26.519400000324822,133.75810000070487,2898.917572366297
1746380915,200,POST,POST /pastes,15.900000,0.000000,45,49,50,51,56,58,61,64,77,77,77,1007,0,41,43.703104667297126,30.36419999989448,123.97000000055414,2846.3674280039722
1746380915,200,,Aggregated,285.400000,0.000000,40,43,45,46,50,54,60,65,78,86,86,19589,0,38,40.219541553934505,26.12109999972745,133.75810000070487,1562.8667109091837
1746380916,200,GET,GET /analytics/:slug,135.000000,0.000000,38,41,43,44,48,52,60,65,81,85,85,9433,0,37,38.96946982932176,26.12109999972745,128.80519999998796,87.09880207781194
1746380916,200,GET,GET /pastes/:slug,135.100000,0.000000,41,44,46,47,51,55,63,69,84,86,86,9437,0,39,41.11753139769574,26.519400000324822,133.75810000070487,2899.6512662922537
1746380916,200,POST,POST /pastes,15.300000,0.000000,45,48,50,50,55,58,64,77,81,81,81,1018,0,41,43.72583516696495,30.36419999989448,123.97000000055414,2844.5373280943027
1746380916,200,,Aggregated,285.400000,0.000000,40,43,45,46,50,54,62,68,84,86,86,19888,0,38,40.232202981698414,26.12109999972745,133.75810000070487,1562.819338294449
1746380917,200,GET,GET /analytics/:slug,136.100000,0.000000,38,41,43,44,48,52,60,66,81,85,85,9560,0,37,38.961976495815165,26.12109999972745,128.80519999998796,87.09853556485356
1746380917,200,GET,GET /pastes/:slug,136.200000,0.000000,41,44,45,47,50,54,63,69,84,86,86,9566,0,39,41.11172374033597,26.519400000324822,133.75810000070487,2901.376228308593
1746380917,200,POST,POST /pastes,14.800000,0.000000,45,47,50,50,56,60,66,77,81,81,81,1033,0,41,43.76552817034575,30.36419999989448,123.97000000055414,2849.0600193610844
1746380917,200,,Aggregated,287.100000,0.000000,40,42,45,46,50,54,62,68,84,86,86,20159,0,38,40.22823727367501,26.12109999972745,133.75810000070487,1564.0808571853763
1746380918,200,GET,GET /analytics/:slug,136.000000,0.000000,38,41,42,43,48,51,57,61,81,85,85,9696,0,37,38.963949721534924,26.12109999972745,128.80519999998796,87.09839108910892
1746380918,200,GET,GET /pastes/:slug,135.300000,0.000000,41,43,45,47,50,54,60,66,80,81,81,9701,0,39,41.12973248119101,26.519400000324822,133.75810000070487,2903.361096794145
1746380918,200,POST,POST /pastes,14.100000,0.000000,45,47,50,50,56,60,66,77,81,81,81,1045,0,41,43.77140047843603,30.36419999989448,123.97000000055414,2842.0382775119615
1746380918,200,,Aggregated,285.400000,0.000000,40,42,44,46,50,54,59,65,81,85,85,20442,0,38,40.23750634967238,26.12109999972745,133.75810000070487,1564.4233440954897
1746380919,200,GET,GET /analytics/:slug,134.900000,0.000000,38,41,42,44,48,52,58,64,81,85,85,9828,0,37,38.98803871591441,26.12109999972745,128.80519999998796,87.0984940984941
1746380919,200,GET,GET /pastes/:slug,134.500000,0.000000,41,43,46,47,51,55,61,68,81,86,86,9829,0,39,41.17373189541503,26.519400000324822,133.75810000070487,2903.3921049954215
1746380919,200,POST,POST /pastes,14.500000,0.000000,44,47,50,50,56,60,77,77,81,81,81,1062,0,41,43.79655979280839,30.36419999989448,123.97000000055414,2847.168549905838
1746380919,200,,Aggregated,283.900000,0.000000,40,42,44,46,50,54,60,66,81,86,86,20719,0,38,40.27139349389471,26.12109999972745,133.75810000070487,1564.6091992856798
1746380920,200,GET,GET /analytics/:slug,134.300000,0.000000,38,41,42,44,48,52,58,64,81,85,85,9974,0,37,38.97365643673608,26.12109999972745,128.80519999998796,87.09925807098456
1746380920,200,GET,GET /pastes/:slug,134.200000,0.000000,41,43,46,47,51,55,61,68,81,86,86,9978,0,39,41.1671870916041,26.519400000324822,133.75810000070487,2900.331529364602
1746380920,200,POST,POST /pastes,14.000000,0.000000,44,47,49,50,56,61,77,77,81,81,81,1075,0,42,43.80406725577581,30.36419999989448,123.97000000055414,2851.5172093023257
1746380920,200,,Aggregated,282.500000,0.000000,40,42,44,46,50,54,60,66,81,86,86,21027,0,38,40.26151207495078,26.12109999972745,133.75810000070487,1563.4002473010892
1746380921,200,GET,GET /analytics/:slug,133.700000,0.000000,38,41,42,43,47,51,57,61,81,85,85,10111,0,37,38.95461138364335,26.12109999972745,128.80519999998796,87.09900108792404
1746380921,200,GET,GET /pastes/:slug,134.100000,0.000000,41,43,45,47,51,55,61,66,81,86,86,10118,0,39,41.15082030045629,26.519400000324822,133.75810000070487,2901.461652500494
1746380921,200,POST,POST /pastes,13.900000,0.000000,44,46,48,49,53,60,77,77,81,81,81,1089,0,42,43.791330027514476,30.36419999989448,123.97000000055414,2851.757575757576
1746380921,200,,Aggregated,281.700000,0.000000,40,42,44,45,49,53,59,66,81,86,86,21318,0,38,40.2440582559338,26.12109999972745,133.75810000070487,1564.0872033023736
1746380922,200,GET,GET /analytics/:slug,134.100000,0.000000,38,40,42,43,47,50,56,60,81,85,85,10250,0,37,38.92458849756249,26.12109999972745,128.80519999998796,87.09863414634147
1746380922,200,GET,GET /pastes/:slug,133.800000,0.000000,40,43,45,46,50,55,60,66,81,86,86,10254,0,39,41.1278425590042,26.519400000324822,133.75810000070487,2903.5714842988104
1746380922,200,POST,POST /pastes,14.600000,0.000000,44,46,48,49,53,60,77,77,81,81,81,1103,0,42,43.76278023568472,30.36419999989448,123.97000000055414,2852.996373526745
1746380922,200,,Aggregated,282.500000,0.000000,39,42,44,45,49,53,59,66,81,86,86,21607,0,38,40.2171646364605,26.12109999972745,133.75810000070487,1564.9020224927108
1746380923,200,GET,GET /analytics/:slug,134.900000,0.000000,38,40,41,43,47,50,56,60,81,85,85,10383,0,37,38.8835731002627,26.12109999972745,128.80519999998796,87.09823750361167
1746380923,200,GET,GET /pastes/:slug,135.200000,0.000000,40,43,44,46,50,55,59,66,81,86,86,10388,0,39,41.09938164228212,26.519400000324822,133.75810000070487,2906.9533115132845
1746380923,200,POST,POST /pastes,13.900000,0.000000,43,46,47,48,51,60,77,77,81,81,81,1113,0,41,43.71297807723396,30.20719999949506,123.97000000055414,2856.033243486074
1746380923,200,,Aggregated,284.000000,0.000000,39,41,43,45,49,53,59,66,81,86,86,21884,0,38,40.18100258636503,26.12109999972745,133.75810000070487,1566.4657740815207
1746380924,200,GET,GET /analytics/:slug,136.100000,0.000000,38,40,41,42,46,50,55,59,81,85,85,10524,0,37,38.87521427214227,26.12109999972745,128.80519999998796,87.09787153173698
1746380924,200,GET,GET /pastes/:slug,135.800000,0.000000,40,42,44,45,50,54,59,63,81,86,86,10526,0,39,41.085458939770824,26.519400000324822,133.75810000070487,2907.7347520425615
1746380924,200,POST,POST /pastes,13.300000,0.000000,43,45,47,48,50,57,67,77,81,81,81,1124,0,41,43.68469813163847,30.20719999949506,123.97000000055414,2855.9163701067614
1746380924,200,,Aggregated,285.200000,0.000000,39,41,43,44,48,52,58,63,81,86,86,22174,0,38,40.16821035897947,26.12109999972745,133.75810000070487,1566.4058807612519
1746380925,200,GET,GET /analytics/:slug,136.300000,0.000000,37,39,41,42,45,49,54,58,81,85,85,10648,0,37,38.82599361382679,26.12109999972745,128.80519999998796,87.09738918106687
1746380925,200,GET,GET /pastes/:slug,136.000000,0.000000,39,42,43,45,49,54,58,63,81,86,86,10654,0,39,41.0343746198648,26.519400000324822,133.75810000070487,2905.330580063826
1746380925,200,POST,POST /pastes,13.000000,0.000000,42,44,47,48,50,54,67,77,81,81,81,1139,0,41,43.61893608425773,30.20719999949506,123.97000000055414,2854.6558384547848
1746380925,200,,Aggregated,285.300000,0.000000,38,41,42,44,48,52,57,63,81,86,86,22441,0,38,40.11770310592365,26.12109999972745,133.75810000070487,1565.5388797290673
1746380926,200,GET,GET /analytics/:slug,136.000000,0.000000,37,39,40,41,45,49,54,56,70,71,71,10791,0,37,38.79072770827878,26.12109999972745,128.80519999998796,87.09711796867761
1746380926,200,GET,GET /pastes/:slug,136.100000,0.000000,39,41,43,44,49,53,56,59,78,86,86,10796,0,39,40.9942849296056,26.519400000324822,133.75810000070487,2903.3632826972953
1746380926,200,POST,POST /pastes,13.600000,0.000000,41,44,46,47,49,52,66,67,77,77,77,1157,0,41,43.55128573895142,30.20719999949506,123.97000000055414,2849.207433016422
1746380926,200,,Aggregated,285.700000,0.000000,38,40,42,43,48,51,56,59,77,86,86,22744,0,38,40.078872687303026,26.12109999972745,133.75810000070487,1564.417340837144
1746380927,200,GET,GET /analytics/:slug,134.800000,0.000000,37,39,40,41,45,49,53,56,70,71,71,10922,0,37,38.75091543673715,26.12109999972745,128.80519999998796,87.09705182201063
1746380927,200,GET,GET /pastes/:slug,134.400000,0.000000,39,41,43,44,48,52,56,59,78,86,86,10926,0,39,40.96703192385379,26.519400000324822,133.75810000070487,2902.498718652755
1746380927,200,POST,POST /pastes,12.800000,0.000000,41,43,45,46,48,50,52,67,77,77,77,1168,0,41,43.5049401540781,30.20719999949506,123.97000000055414,2854.9289383561645
1746380927,200,,Aggregated,282.000000,0.000000,38,40,42,43,47,50,55,58,77,86,86,23016,0,38,40.0441892292331,26.12109999972745,133.75810000070487,1564.0655196385123
1746380928,200,GET,GET /analytics/:slug,135.700000,0.000000,36,38,40,41,44,48,52,55,70,71,71,11070,0,37,38.713879114728805,26.12109999972745,128.80519999998796,87.09683830171635
1746380928,200,GET,GET /pastes/:slug,136.100000,0.000000,38,41,42,43,47,52,56,58,78,86,86,11074,0,39,40.93166323821808,26.519400000324822,133.75810000070487,2901.018602131118
1746380928,200,POST,POST /pastes,13.100000,0.000000,41,43,44,45,48,51,65,67,77,77,77,1187,0,41,43.475548441418916,30.20719999949506,123.97000000055414,2858.507160909857
1746380928,200,,Aggregated,284.900000,0.000000,37,40,41,42,46,50,54,57,77,86,86,23331,0,38,40.00880187304599,26.12109999972745,133.75810000070487,1563.7173717371736
1746380929,200,GET,GET /analytics/:slug,136.000000,0.000000,35,38,39,40,42,46,50,54,58,60,60,11199,0,37,38.66069933923093,26.12109999972745,128.80519999998796,87.09670506295205
1746380929,200,GET,GET /pastes/:slug,136.200000,0.000000,38,40,41,42,45,50,53,56,60,61,61,11206,0,39,40.87925961984876,26.519400000324822,133.75810000070487,2900.2976976619666
1746380929,200,POST,POST /pastes,13.800000,0.000000,40,42,44,44,48,49,51,52,65,65,65,1199,0,41,43.43199082565833,30.20719999949506,123.97000000055414,2860.158465387823
1746380929,200,,Aggregated,286.000000,0.000000,37,39,40,41,44,48,52,55,60,65,65,23604,0,38,39.956325715981784,26.12109999972745,133.75810000070487,1563.525758346043
1746380930,200,GET,GET /analytics/:slug,135.900000,0.000000,35,38,39,40,43,46,52,54,59,60,60,11347,0,37,38.64521423284054,26.12109999972745,128.80519999998796,87.09703005199613
1746380930,200,GET,GET /pastes/:slug,135.800000,0.000000,38,40,41,42,45,49,53,55,60,61,61,11351,0,39,40.855832235047494,26.519400000324822,133.75810000070487,2902.463131001674
1746380930,200,POST,POST /pastes,13.700000,0.000000,40,41,43,44,48,49,51,52,65,65,65,1211,0,41,43.391648637459014,30.20719999949506,123.97000000055414,2857.9339388934764
1746380930,200,,Aggregated,285.400000,0.000000,37,39,40,41,44,48,52,54,60,65,65,23909,0,38,39.935132548413755,26.12109999972745,133.75810000070487,1564.0598519386006
1746380931,200,GET,GET /analytics/:slug,136.700000,0.000000,35,37,39,40,43,46,51,54,58,59,59,11488,0,37,38.623312212748026,26.12109999972745,128.80519999998796,87.0974930362117
1746380931,200,GET,GET /pastes/:slug,136.400000,0.000000,38,40,41,42,45,48,53,55,61,62,62,11494,0,39,40.83823507047386,26.519400000324822,133.75810000070487,2901.6332869323123
1746380931,200,POST,POST /pastes,14.200000,0.000000,40,41,43,44,48,50,56,60,65,65,65,1226,0,41,43.36879959214123,30.20719999949506,123.97000000055414,2850.609298531811
1746380931,200,,Aggregated,287.300000,0.000000,37,39,40,41,44,48,52,55,61,65,65,24208,0,38,39.91529382435708,26.12109999972745,133.75810000070487,1563.400363516193
1746380932,200,GET,GET /analytics/:slug,136.800000,0.000000,36,38,39,40,43,46,50,53,58,59,59,11642,0,37,38.59562082975808,26.12109999972745,128.80519999998796,87.09749183989005
1746380932,200,GET,GET /pastes/:slug,136.800000,0.000000,38,40,42,42,45,48,52,55,61,62,62,11650,0,39,40.810902317599286,26.519400000324822,133.75810000070487,2902.1242918454936
1746380932,200,POST,POST /pastes,13.400000,0.000000,40,41,42,43,47,49,56,60,65,65,65,1233,0,41,43.35560008107268,30.20719999949506,123.97000000055414,2853.316301703163
1746380932,200,,Aggregated,287.000000,0.000000,37,39,40,41,44,48,52,54,61,65,65,24525,0,38,39.88724503975673,26.12109999972745,133.75810000070487,1563.379245667686
1746380933,200,GET,GET /analytics/:slug,137.000000,0.000000,36,38,39,40,44,48,52,55,60,62,62,11784,0,37,38.604994119148195,26.12109999972745,128.80519999998796,87.09758995247793
1746380933,200,GET,GET /pastes/:slug,137.400000,0.000000,38,40,42,43,46,49,54,56,67,68,68,11788,0,39,40.832034552089866,26.519400000324822,133.75810000070487,2900.4797251442146
1746380933,200,POST,POST /pastes,13.500000,0.000000,40,42,43,44,49,58,63,65,65,65,65,1253,0,41,43.43213383875663,30.20719999949506,123.97000000055414,2855.4261771747806
1746380933,200,,Aggregated,287.900000,0.000000,37,39,41,42,45,49,53,56,65,68,68,24825,0,38,39.90613243504674,26.12109999972745,133.75810000070487,1562.7416717019134
1746380934,200,GET,GET /analytics/:slug,137.100000,0.000000,36,38,39,40,43,47,52,55,60,62,62,11916,0,37,38.59172700570927,26.12109999972745,128.80519999998796,87.09793554884189
1746380934,200,GET,GET /pastes/:slug,137.300000,0.000000,38,40,42,43,46,50,54,56,67,68,68,11920,0,39,40.826998691278845,26.519400000324822,133.75810000070487,2903.888758389262
1746380934,200,POST,POST /pastes,13.500000,0.000000,40,42,43,44,48,58,63,65,65,65,65,1267,0,41,43.398414917096154,30.20719999949506,123.97000000055414,2855.500394632991
1746380934,200,,Aggregated,287.900000,0.000000,37,39,41,42,45,49,54,57,65,68,68,25103,0,38,39.89573497590055,26.12109999972745,133.75810000070487,1564.3601163207584
1746380935,200,GET,GET /analytics/:slug,138.700000,0.000000,36,38,40,41,44,48,52,55,60,62,62,12047,0,37,38.5906321324837,26.12109999972745,128.80519999998796,87.09819872167344
1746380935,200,GET,GET /pastes/:slug,138.800000,0.000000,39,41,42,43,47,51,55,59,67,68,68,12055,0,39,40.83247491497644,26.519400000324822,133.75810000070487,2901.406553297387
1746380935,200,POST,POST /pastes,13.100000,0.000000,40,42,43,45,48,58,63,65,65,65,65,1282,0,41,43.3802216848392,30.20719999949506,123.97000000055414,2853.226209048362
1746380935,200,,Aggregated,290.600000,0.000000,37,40,41,42,46,50,54,58,65,68,68,25384,0,38,39.89719014339866,26.12109999972745,133.75810000070487,1563.3298140560983
1746380936,200,GET,GET /analytics/:slug,139.100000,0.000000,36,38,40,41,44,48,52,56,60,62,62,12175,0,37,38.574805084190366,26.12109999972745,128.80519999998796,87.09774127310061
1746380936,200,GET,GET /pastes/:slug,138.600000,0.000000,39,41,42,43,47,52,55,59,67,68,68,12180,0,39,40.822730287359285,26.519400000324822,133.75810000070487,2903.325779967159
1746380936,200,POST,POST /pastes,13.700000,0.000000,41,43,45,46,51,58,63,65,65,65,65,1292,0,41,43.38451958201629,30.20719999949506,123.97000000055414,2850.359133126935
1746380936,200,,Aggregated,291.400000,0.000000,37,40,41,42,46,51,55,58,65,68,68,25647,0,38,39.884661211838214,26.12109999972745,133.75810000070487,1563.7535384255468
1746380937,200,GET,GET /analytics/:slug,139.200000,0.000000,36,38,40,41,44,48,53,56,60,62,62,12313,0,37,38.54171223909852,26.12109999972745,128.80519999998796,87.09810769105823
1746380937,200,GET,GET /pastes/:slug,139.400000,0.000000,39,41,42,43,47,52,55,59,67,68,68,12313,0,39,40.79174166328613,26.519400000324822,133.75810000070487,2902.321611305125
1746380937,200,POST,POST /pastes,14.300000,0.000000,41,43,45,47,51,58,63,65,65,65,65,1313,0,41,43.35065506471182,30.20719999949506,123.97000000055414,2851.8842345773037
1746380937,200,,Aggregated,292.900000,0.000000,37,40,41,42,46,51,55,58,65,68,68,25939,0,38,39.853202822006416,26.12109999972745,133.75810000070487,1563.4083426500636
1746380938,200,GET,GET /analytics/:slug,138.600000,0.000000,36,38,40,41,44,49,53,56,62,67,67,12448,0,37,38.53079978309909,26.12109999972745,128.80519999998796,87.09800771208226
1746380938,200,GET,GET /pastes/:slug,138.300000,0.000000,39,41,43,44,48,52,57,60,67,68,68,12452,0,39,40.79251943463144,26.519400000324822,133.75810000070487,2902.83729521362
1746380938,200,POST,POST /pastes,14.300000,0.000000,40,43,45,46,51,56,61,63,65,65,65,1332,0,41,43.31133160658638,30.20719999949506,123.97000000055414,2853.535285285285
1746380938,200,,Aggregated,291.200000,0.000000,38,40,42,43,47,51,56,59,67,68,68,26232,0,38,39.847153911254075,26.12109999972745,133.75810000070487,1564.1672384873436
1746380939,200,GET,GET /analytics/:slug,138.300000,0.000000,36,38,40,41,45,49,53,56,62,67,67,12579,0,37,38.51150221798389,26.12109999972745,128.80519999998796,87.09817950552508
1746380939,200,GET,GET /pastes/:slug,138.500000,0.000000,39,41,43,44,49,52,57,60,67,68,68,12583,0,39,40.777261296990474,26.519400000324822,133.75810000070487,2902.922117142176
1746380939,200,POST,POST /pastes,13.800000,0.000000,41,43,45,47,52,58,61,63,65,65,65,1349,0,41,43.31179599701336,30.20719999949506,123.97000000055414,2849.4714603409934
1746380939,200,,Aggregated,290.600000,0.000000,38,40,42,43,47,51,56,59,67,68,68,26511,0,38,39.83116736826283,26.12109999972745,133.75810000070487,1564.1437139300667
1746380940,200,GET,GET /analytics/:slug,137.600000,0.000000,36,38,40,41,44,48,52,55,62,67,67,12714,0,37,38.47825477426588,26.12109999972745,128.80519999998796,87.09800220229668
1746380940,200,GET,GET /pastes/:slug,137.800000,0.000000,39,41,43,44,49,52,57,60,67,68,68,12716,0,39,40.742816852785616,26.519400000324822,133.75810000070487,2904.372837370242
1746380940,200,POST,POST /pastes,14.100000,0.000000,41,43,45,47,52,58,61,63,65,65,65,1365,0,41,43.28499296701015,30.20719999949506,123.97000000055414,2850.185347985348
1746380940,200,,Aggregated,289.500000,0.000000,38,40,42,43,47,51,56,58,67,68,68,26795,0,38,39.79780577346521,26.12109999972745,133.75810000070487,1564.8394103377495
1746380941,200,GET,GET /analytics/:slug,137.700000,0.000000,36,38,40,41,45,49,53,56,67,82,82,12849,0,37,38.4756060393819,26.12109999972745,128.80519999998796,87.09845124134173
1746380941,200,GET,GET /pastes/:slug,138.000000,0.000000,39,41,43,44,49,53,58,62,75,84,84,12853,0,39,40.75101550610971,26.519400000324822,133.75810000070487,2904.7153193806894
1746380941,200,POST,POST /pastes,14.300000,0.000000,41,43,45,46,51,58,61,63,65,65,65,1379,0,41,43.25225235675711,30.20719999949506,123.97000000055414,2848.223350253807
1746380941,200,,Aggregated,290.000000,0.000000,38,40,42,43,48,51,56,60,75,84,84,27081,0,38,39.79877849045487,26.12109999972745,133.75810000070487,1564.9766995310365
1746380942,200,GET,GET /analytics/:slug,136.200000,0.000000,36,39,40,41,45,49,53,56,67,82,82,12975,0,37,38.46712260501055,26.12109999972745,128.80519999998796,87.09818882466281
1746380942,200,GET,GET /pastes/:slug,136.200000,0.000000,39,41,43,45,49,54,59,63,75,84,84,12981,0,39,40.74900907480379,26.519400000324822,133.75810000070487,2903.0563901086202
1746380942,200,POST,POST /pastes,15.300000,0.000000,41,43,45,46,51,58,61,63,65,65,65,1392,0,41,43.23464762928622,30.20719999949506,123.97000000055414,2840.3735632183907
1746380942,200,,Aggregated,287.700000,0.000000,38,40,42,43,48,52,57,60,75,84,84,27348,0,38,39.79290741918969,26.12109999972745,133.75810000070487,1563.8611232996927
1746380943,200,GET,GET /analytics/:slug,135.600000,0.000000,36,38,40,41,44,48,52,54,67,82,82,13126,0,37,38.451152704557266,26.12109999972745,128.80519999998796,87.09827822642085
1746380943,200,GET,GET /pastes/:slug,135.300000,0.000000,39,41,43,44,49,53,57,61,75,84,84,13132,0,39,40.73793355163182,26.519400000324822,133.75810000070487,2904.1261041730127
1746380943,200,POST,POST /pastes,15.300000,0.000000,41,43,45,46,51,53,57,58,61,61,61,1406,0,41,43.23723385488206,30.20719999949506,123.97000000055414,2839.6401137980083
1746380943,200,,Aggregated,286.200000,0.000000,38,40,42,43,47,51,55,58,75,84,84,27664,0,38,39.77992787015627,26.12109999972745,133.75810000070487,1564.2267929438983
1746380944,200,GET,GET /analytics/:slug,136.000000,0.000000,36,38,40,41,44,48,52,54,67,82,82,13261,0,37,38.4333918482786,26.12109999972745,128.80519999998796,87.09810723173214
1746380944,200,GET,GET /pastes/:slug,135.700000,0.000000,39,41,43,44,49,52,57,61,75,84,84,13264,0,39,40.72183524578038,26.519400000324822,133.75810000070487,2903.1639776839565
1746380944,200,POST,POST /pastes,15.500000,0.000000,41,43,45,46,51,53,57,61,66,66,66,1422,0,41,43.2430466947712,30.20719999949506,123.97000000055414,2841.634317862166
1746380944,200,,Aggregated,287.200000,0.000000,37,40,42,43,47,51,55,58,75,84,84,27947,0,38,39.76424104197264,26.12109999972745,133.75810000070487,1563.7950048305722
1746380945,200,GET,GET /analytics/:slug,132.700000,0.000000,36,38,39,40,44,48,51,53,67,82,82,13395,0,37,38.40159188503384,26.12109999972745,128.80519999998796,87.09832026875699
1746380945,200,GET,GET /pastes/:slug,132.800000,0.000000,38,40,43,44,48,52,57,61,75,84,84,13398,0,39,40.69320329153727,26.519400000324822,133.75810000070487,2904.306090461263
1746380945,200,POST,POST /pastes,15.800000,0.000000,41,43,45,46,52,55,57,61,66,66,66,1442,0,41,43.244203467379904,30.20719999949506,123.97000000055414,2842.122746185853
1746380945,200,,Aggregated,281.300000,0.000000,37,40,41,43,47,51,54,58,75,84,84,28235,0,38,39.736320255002596,26.12109999972745,133.75810000070487,1564.6154064104835
1746380946,200,GET,GET /analytics/:slug,134.300000,0.000000,36,38,39,40,44,48,51,53,67,82,82,13525,0,37,38.38585470610151,26.12109999972745,128.80519999998796,87.0984842883549
1746380946,200,GET,GET /pastes/:slug,134.400000,0.000000,38,40,42,44,47,51,56,61,75,84,84,13529,0,39,40.67291680094679,26.519400000324822,133.75810000070487,2905.0720674107474
1746380946,200,POST,POST /pastes,15.100000,0.000000,41,43,45,46,51,54,57,61,66,66,66,1457,0,41,43.2241918325063,30.20719999949506,123.97000000055414,2838.928620452986
1746380946,200,,Aggregated,283.800000,0.000000,37,40,41,43,46,50,54,58,75,84,84,28511,0,38,39.718362168986886,26.12109999972745,133.75810000070487,1564.906387008523
1746380947,200,GET,GET /analytics/:slug,133.500000,0.000000,36,38,40,41,44,48,52,54,70,82,82,13653,0,37,38.38008882297084,26.12109999972745,128.80519999998796,87.09814692741521
1746380947,200,GET,GET /pastes/:slug,133.000000,0.000000,38,41,43,44,48,52,57,62,75,84,84,13660,0,39,40.666527364569006,26.519400000324822,133.75810000070487,2906.8660322108344
1746380947,200,POST,POST /pastes,15.500000,0.000000,41,43,45,46,51,55,57,61,66,66,66,1474,0,41,43.19870759834347,30.20719999949506,123.97000000055414,2837.972184531886
1746380947,200,,Aggregated,282.000000,0.000000,37,40,41,43,47,51,55,58,75,84,84,28787,0,38,39.71178002223159,26.12109999972745,133.75810000070487,1565.9885364921665
1746380948,200,GET,GET /analytics/:slug,133.900000,0.000000,36,38,39,40,44,48,52,54,70,82,82,13794,0,37,38.35473184718183,26.12109999972745,128.80519999998796,87.0980136291141
1746380948,200,GET,GET /pastes/:slug,134.300000,0.000000,38,40,42,43,47,51,56,61,75,84,84,13799,0,39,40.650437727371944,26.519400000324822,133.75810000070487,2905.355460540619
1746380948,200,POST,POST /pastes,16.000000,0.000000,42,43,45,46,51,55,57,61,66,66,66,1489,0,41,43.18983599728764,30.20719999949506,123.97000000055414,2842.394895903291
1746380948,200,,Aggregated,284.200000,0.000000,37,40,41,42,46,50,54,58,75,84,84,29082,0,38,39.69156959975184,26.12109999972745,133.75810000070487,1565.3928890722784
1746380949,200,GET,GET /analytics/:slug,134.300000,0.000000,36,38,39,40,44,48,52,55,70,82,82,13920,0,37,38.330059482760106,26.12109999972745,128.80519999998796,87.09762931034483
1746380949,200,GET,GET /pastes/:slug,133.900000,0.000000,38,40,42,43,47,51,56,61,75,84,84,13925,0,39,40.631123188509406,26.519400000324822,133.75810000070487,2905.3959066427287
1746380949,200,POST,POST /pastes,16.500000,0.000000,41,44,45,46,52,54,57,57,66,66,66,1499,0,41,43.19782181451571,30.20719999949506,123.97000000055414,2844.5096731154104
1746380949,200,,Aggregated,284.700000,0.000000,37,40,41,42,46,50,54,57,75,84,84,29344,0,38,39.67067725258874,26.12109999972745,133.75810000070487,1565.3611300436205
1746380950,200,GET,GET /analytics/:slug,134.700000,0.000000,36,38,40,41,44,48,54,58,70,82,82,14069,0,37,38.328103923521006,26.12109999972745,128.80519999998796,87.09759044708224
1746380950,200,GET,GET /pastes/:slug,134.900000,0.000000,38,40,42,44,47,52,57,62,75,84,84,14075,0,39,40.62100535701574,26.519400000324822,133.75810000070487,2905.2261456483125
1746380950,200,POST,POST /pastes,16.400000,0.000000,42,44,46,46,51,54,57,65,66,66,66,1510,0,41,43.20739331122975,30.20719999949506,123.97000000055414,2845.2940397350994
1746380950,200,,Aggregated,286.000000,0.000000,37,40,41,43,46,51,56,60,75,84,84,29654,0,38,39.664865056989306,26.12109999972745,133.75810000070487,1565.1456127335266
1746380951,200,GET,GET /analytics/:slug,134.300000,0.000000,36,38,39,40,44,48,53,56,69,70,70,14196,0,37,38.30358709495858,26.12109999972745,128.80519999998796,87.09763313609467
1746380951,200,GET,GET /pastes/:slug,134.100000,0.000000,38,40,42,43,46,51,55,57,65,67,67,14204,0,39,40.59255921571488,26.519400000324822,133.75810000070487,2905.2145874401576
1746380951,200,POST,POST /pastes,15.900000,0.000000,42,44,46,47,52,54,57,65,66,66,66,1522,0,41,43.189575624150045,30.20719999949506,123.97000000055414,2845.858738501971
1746380951,200,,Aggregated,284.300000,0.000000,37,39,41,42,46,50,54,57,67,70,70,29922,0,38,39.638692854755476,26.12109999972745,133.75810000070487,1565.1862509190562
1746380952,200,GET,GET /analytics/:slug,134.100000,0.000000,35,38,39,40,43,48,53,55,69,70,70,14340,0,37,38.28068066248482,26.12109999972745,128.80519999998796,87.09748953974895
1746380952,200,GET,GET /pastes/:slug,134.500000,0.000000,38,40,42,43,46,50,54,57,65,67,67,14348,0,39,40.56962507666686,26.519400000324822,133.75810000070487,2905.310147755785
1746380952,200,POST,POST /pastes,14.700000,0.000000,41,43,45,46,52,54,57,65,66,66,66,1538,0,41,43.16210695705584,30.20719999949506,123.97000000055414,2848.820546163849
1746380952,200,,Aggregated,283.300000,0.000000,37,39,41,42,45,49,54,57,67,70,70,30226,0,38,39.61560450605408,26.12109999972745,133.75810000070487,1565.4024349897438
1746380953,200,GET,GET /analytics/:slug,136.200000,0.000000,35,38,39,40,43,48,53,56,69,70,70,14483,0,37,38.260830387353195,26.12109999972745,128.80519999998796,87.09749361320168
1746380953,200,GET,GET /pastes/:slug,135.900000,0.000000,38,40,42,43,46,51,56,57,70,77,77,14489,0,39,40.56510755745862,26.519400000324822,133.75810000070487,2907.3640002760717
1746380953,200,POST,POST /pastes,14.500000,0.000000,41,43,45,46,52,54,57,65,66,66,66,1555,0,41,43.135345466210126,30.20719999949506,123.97000000055414,2852.003215434084
1746380953,200,,Aggregated,286.600000,0.000000,37,39,41,42,46,49,55,57,70,77,77,30527,0,38,39.60280774724018,26.12109999972745,133.75810000070487,1566.5180004586105
1746380954,200,GET,GET /analytics/:slug,134.600000,0.000000,35,38,39,40,44,48,53,56,69,70,70,14625,0,37,38.25058968889154,26.12109999972745,128.80519999998796,87.0974358974359
1746380954,200,GET,GET /pastes/:slug,135.000000,0.000000,38,40,42,43,47,51,56,57,70,77,77,14632,0,39,40.56884662383889,26.519400000324822,133.75810000070487,2905.420585019136
1746380954,200,POST,POST /pastes,14.100000,0.000000,41,43,45,46,50,54,56,57,65,65,65,1566,0,41,43.10742905488888,30.20719999949506,123.97000000055414,2845.85312899106
1746380954,200,,Aggregated,283.700000,0.000000,37,39,41,42,46,49,55,57,70,77,77,30823,0,38,39.59784809719999,26.12109999972745,133.75810000070487,1565.146805956591
1746380955,200,GET,GET /analytics/:slug,136.700000,0.000000,35,38,39,40,43,48,54,56,69,70,70,14756,0,37,38.22595672269126,26.12109999972745,128.80519999998796,87.0975196530225
1746380955,200,GET,GET /pastes/:slug,136.600000,0.000000,38,40,42,43,47,51,56,57,70,77,77,14763,0,39,40.544825807763154,26.519400000324822,133.75810000070487,2905.6458714353453
1746380955,200,POST,POST /pastes,14.900000,0.000000,41,42,44,45,47,52,55,55,65,65,65,1585,0,41,43.05556233435818,30.20719999949506,123.97000000055414,2840.792429022082
1746380955,200,,Aggregated,288.200000,0.000000,37,39,41,42,46,49,55,57,70,77,77,31104,0,38,39.57267705439772,26.12109999972745,133.75810000070487,1565.1979488168724
1746380956,200,GET,GET /analytics/:slug,135.500000,0.000000,35,37,39,40,43,48,55,61,80,82,82,14887,0,37,38.21797418553388,26.12109999972745,128.80519999998796,87.09753476187278
1746380956,200,GET,GET /pastes/:slug,135.700000,0.000000,38,40,42,43,47,51,56,60,77,84,84,14889,0,39,40.53792552219828,26.519400000324822,133.75810000070487,2905.8895829135604
1746380956,200,POST,POST /pastes,14.900000,0.000000,41,42,44,45,47,52,55,58,65,65,65,1604,0,41,43.04514251867418,30.20719999949506,123.97000000055414,2841.455735660848
1746380956,200,,Aggregated,286.100000,0.000000,37,39,41,42,46,50,55,61,80,84,84,31380,0,38,39.565473658380974,26.12109999972745,133.75810000070487,1565.3316124920332
1746380957,200,GET,GET /analytics/:slug,136.300000,0.000000,35,37,39,40,43,48,54,60,80,82,82,15026,0,37,38.19512690004259,26.12109999972745,128.80519999998796,87.09736456808199
1746380957,200,GET,GET /pastes/:slug,136.400000,0.000000,38,40,42,43,47,51,56,60,77,84,84,15028,0,39,40.52099792387656,26.519400000324822,133.75810000070487,2905.97524620708
1746380957,200,POST,POST /pastes,14.300000,0.000000,41,43,45,45,47,52,58,59,65,65,65,1621,0,41,43.032841517551454,30.20719999949506,123.97000000055414,2840.512646514497
1746380957,200,,Aggregated,287.000000,0.000000,37,39,41,42,46,49,55,60,80,84,84,31675,0,38,39.546196359905196,26.12109999972745,133.75810000070487,1565.404640883978
1746380958,200,GET,GET /analytics/:slug,136.500000,0.000000,35,37,38,40,43,47,54,60,80,82,82,15155,0,37,38.16011994721533,26.12109999972745,128.80519999998796,87.09699769053118
1746380958,200,GET,GET /pastes/:slug,135.800000,0.000000,38,40,42,43,47,51,56,60,77,84,84,15162,0,39,40.493421791320785,26.519400000324822,133.75810000070487,2905.7315657564964
1746380958,200,POST,POST /pastes,14.500000,0.000000,40,42,44,45,47,53,58,59,65,65,65,1636,0,41,43.01146729825463,30.20719999949506,123.97000000055414,2839.16075794621
1746380958,200,,Aggregated,286.800000,0.000000,37,39,41,42,45,49,55,60,80,84,84,31953,0,38,39.51568364472786,26.12109999972745,133.75810000070487,1565.4719118705598
1746380959,200,GET,GET /analytics/:slug,135.500000,0.000000,35,37,38,39,43,48,54,61,80,82,82,15285,0,37,38.13574867517484,26.12109999972745,128.80519999998796,87.09682695453058
1746380959,200,GET,GET /pastes/:slug,135.500000,0.000000,38,40,42,43,47,50,56,60,77,84,84,15289,0,39,40.46915817254174,26.519400000324822,133.75810000070487,2905.276604094447
1746380959,200,POST,POST /pastes,14.300000,0.000000,40,42,44,45,47,51,55,59,65,65,65,1651,0,41,42.99927728646036,30.20719999949506,123.97000000055414,2842.1798909751665
1746380959,200,,Aggregated,285.300000,0.000000,37,39,40,42,46,49,55,60,80,84,84,32225,0,38,39.49199952210941,26.12109999972745,133.75810000070487,1565.3215826221876
1746380960,200,GET,GET /analytics/:slug,136.700000,0.000000,35,37,38,39,43,47,53,55,80,82,82,15436,0,37,38.12466411635503,26.12109999972745,128.80519999998796,87.09678673231407
1746380960,200,GET,GET /pastes/:slug,136.300000,0.000000,38,40,42,43,47,51,56,60,77,84,84,15438,0,39,40.47475778598178,26.519400000324822,133.75810000070487,2907.6100531156885
1746380960,200,POST,POST /pastes,14.400000,0.000000,40,42,44,45,47,52,58,58,59,59,59,1664,0,41,42.999450480736485,30.20719999949506,123.97000000055414,2840.283653846154
1746380960,200,,Aggregated,287.400000,0.000000,37,39,40,42,46,50,54,58,80,84,84,32538,0,38,39.48898861638641,26.12109999972745,133.75810000070487,1566.1178314586023
1746380961,200,GET,GET /analytics/:slug,135.600000,0.000000,35,38,39,40,45,49,56,67,100,100,100,15560,0,37,38.17490302699627,26.12109999972745,128.80519999998796,87.0969794344473
1746380961,200,GET,GET /pastes/:slug,136.000000,0.000000,38,41,43,44,50,54,64,75,100,100,100,15569,0,39,40.53966028646584,26.519400000324822,133.75810000070487,2907.9748217611923
1746380961,200,POST,POST /pastes,14.400000,0.000000,40,42,44,45,48,55,58,65,100,100,100,1677,0,41,43.041650745346374,30.20719999949506,123.97000000055414,2836.8032200357784
1746380961,200,,Aggregated,286.000000,0.000000,37,39,41,43,47,52,59,70,100,100,100,32806,0,38,39.54594618057626,26.12109999972745,133.75810000070487,1566.3844418703895
1746380962,200,GET,GET /analytics/:slug,136.500000,0.000000,35,38,39,40,45,50,55,67,100,100,100,15711,0,37,38.1599558716865,26.12109999972745,128.80519999998796,87.09693845076698
1746380962,200,GET,GET /pastes/:slug,136.000000,0.000000,38,41,43,44,50,54,62,75,100,100,100,15714,0,39,40.52833032964095,26.519400000324822,133.75810000070487,2908.2380679648722
1746380962,200,POST,POST /pastes,15.200000,0.000000,40,42,45,45,50,55,59,65,100,100,100,1684,0,41,43.04394649640587,30.20719999949506,123.97000000055414,2834.628266033254
1746380962,200,,Aggregated,287.700000,0.000000,37,39,41,43,47,52,59,70,100,100,100,33109,0,38,39.53243092210523,26.12109999972745,133.75810000070487,1565.7962185508472
1746380963,200,GET,GET /analytics/:slug,135.500000,0.000000,35,38,39,40,44,49,56,67,100,100,100,15841,0,37,38.14676800707446,26.12109999972745,128.80519999998796,87.09671106622056
1746380963,200,GET,GET /pastes/:slug,135.700000,0.000000,38,41,43,44,50,54,62,74,100,100,100,15848,0,39,40.525142876071754,26.519400000324822,133.75810000070487,2909.0379858657243
1746380963,200,POST,POST /pastes,15.400000,0.000000,40,43,45,46,48,54,59,65,100,100,100,1701,0,41,43.02972398585636,30.20719999949506,123.97000000055414,2833.933568489124
1746380963,200,,Aggregated,286.600000,0.000000,37,39,41,43,47,52,59,70,100,100,100,33390,0,38,39.524377861634726,26.12109999972745,133.75810000070487,1566.4167115902965
1746380964,200,GET,GET /analytics/:slug,136.000000,0.000000,36,38,39,41,45,50,56,65,100,100,100,15984,0,37,38.14641298173566,26.12109999972745,128.80519999998796,87.09647147147147
1746380964,200,GET,GET /pastes/:slug,135.600000,0.000000,38,41,43,44,49,54,64,74,100,100,100,15990,0,39,40.531477585990146,26.519400000324822,133.75810000070487,2907.5962476547843
1746380964,200,POST,POST /pastes,15.400000,0.000000,41,44,46,47,51,58,65,65,100,100,100,1715,0,41,43.07218052474588,30.20719999949506,123.97000000055414,2833.201749271137
1746380964,200,,Aggregated,287.000000,0.000000,37,40,41,43,47,52,61,70,100,100,100,33689,0,38,39.52920482353214,26.12109999972745,133.75810000070487,1565.6016800736145
1746380965,200,GET,GET /analytics/:slug,135.900000,0.000000,36,38,40,41,45,50,56,65,100,100,100,16121,0,37,38.14499802742254,26.12109999972745,128.80519999998796,87.0963960052106
1746380965,200,GET,GET /pastes/:slug,135.600000,0.000000,39,41,43,45,50,55,64,74,100,100,100,16125,0,39,40.5334964651148,26.519400000324822,133.75810000070487,2906.1066666666666
1746380965,200,POST,POST /pastes,14.300000,0.000000,41,45,47,48,53,58,65,65,100,100,100,1729,0,41,43.07761567376688,30.20719999949506,123.97000000055414,2833.747831116252
1746380965,200,,Aggregated,285.800000,0.000000,37,40,42,43,48,53,61,70,100,100,100,33975,0,38,39.52963476673982,26.12109999972745,133.75810000070487,1564.8153348050037
1746380966,200,GET,GET /analytics/:slug,135.100000,0.000000,36,38,40,41,45,50,55,62,100,100,100,16264,0,37,38.12816965691513,26.12109999972745,128.80519999998796,87.09634776192819
1746380966,200,GET,GET /pastes/:slug,134.600000,0.000000,39,41,43,45,50,54,62,70,100,100,100,16267,0,39,40.52131755086905,26.519400000324822,133.75810000070487,2907.355812380894
1746380966,200,POST,POST /pastes,14.600000,0.000000,42,45,46,48,53,58,65,65,100,100,100,1743,0,41,43.08347676416582,30.20719999949506,123.97000000055414,2834.9850831899025
1746380966,200,,Aggregated,284.300000,0.000000,38,40,42,43,48,52,59,66,100,100,100,34274,0,38,39.515998246483655,26.12109999972745,133.75810000070487,1565.3810760343117
1746380967,200,GET,GET /analytics/:slug,135.800000,0.000000,36,38,40,41,45,51,56,63,100,100,100,16388,0,37,38.12679430681364,26.12109999972745,128.80519999998796,87.09641200878691
1746380967,200,GET,GET /pastes/:slug,136.100000,0.000000,39,41,44,45,50,55,63,70,100,100,100,16395,0,39,40.51870686794624,26.519400000324822,133.75810000070487,2906.4215919487647
1746380967,200,POST,POST /pastes,14.900000,0.000000,42,45,47,47,53,58,65,65,100,100,100,1760,0,41,43.06974863633183,30.20719999949506,123.97000000055414,2843.2818181818184
1746380967,200,,Aggregated,286.800000,0.000000,38,40,42,44,48,53,60,67,100,100,100,34543,0,38,39.513906198071076,26.12109999972745,133.75810000070487,1565.6513331210376
1746380968,200,GET,GET /analytics/:slug,135.200000,0.000000,36,39,41,42,47,52,57,67,100,100,100,16518,0,37,38.14072453081819,26.12109999972745,128.80519999998796,87.09650078702022
1746380968,200,GET,GET /pastes/:slug,135.300000,0.000000,39,42,44,46,51,56,64,74,100,100,100,16520,0,39,40.52751638619716,26.519400000324822,133.75810000070487,2906.6062953995156
1746380968,200,POST,POST /pastes,14.200000,0.000000,42,46,47,48,53,59,65,87,100,100,100,1775,0,41,43.110629971799916,30.20719999949506,123.97000000055414,2847.8647887323946
1746380968,200,,Aggregated,284.700000,0.000000,38,41,43,44,50,54,63,71,100,100,100,34813,0,38,39.52674077786924,26.12109999972745,133.75810000070487,1565.8161031798466
1746380969,200,GET,GET /analytics/:slug,137.200000,0.000000,37,40,42,43,50,60,78,94,100,100,100,16646,0,37,38.26878968521305,26.12109999972745,128.80519999998796,87.09617926228523
1746380969,200,GET,GET /pastes/:slug,137.600000,0.000000,40,43,46,48,56,67,87,100,130,140,140,16650,0,39,40.710463189187536,26.519400000324822,138.9791999990848,2908.6132132132134
1746380969,200,POST,POST /pastes,14.200000,0.000000,44,47,50,52,59,66,87,97,100,100,100,1795,0,41,43.27890779941223,30.20719999949506,123.97000000055414,2847.6958217270194
1746380969,200,,Aggregated,289.000000,0.000000,39,42,44,46,53,65,85,98,130,140,140,35091,0,38,39.683597637569626,26.12109999972745,138.9791999990848,1567.063549058163
1746380971,200,GET,GET /analytics/:slug,135.800000,0.000000,37,39,41,43,50,61,75,87,100,100,100,16776,0,37,38.275213787556986,26.12109999972745,128.80519999998796,87.09626847877921
1746380971,200,GET,GET /pastes/:slug,136.100000,0.000000,40,43,45,47,54,65,86,99,130,140,140,16783,0,39,40.722930036344216,26.519400000324822,138.9791999990848,2908.161830423643
1746380971,200,POST,POST /pastes,13.900000,0.000000,44,47,50,53,63,72,85,87,97,97,97,1807,0,41,43.32292861092902,30.20719999949506,123.97000000055414,2848.9147758716103
1746380971,200,,Aggregated,285.800000,0.000000,39,41,44,46,53,64,84,94,130,140,140,35366,0,38,39.694691322172496,26.12109999972745,138.9791999990848,1566.9511960640164
1746380972,200,GET,GET /analytics/:slug,135.300000,0.000000,37,40,42,44,51,62,75,87,100,100,100,16925,0,37,38.2695856011854,26.12109999972745,128.80519999998796,87.09630723781389
1746380972,200,GET,GET /pastes/:slug,135.400000,0.000000,40,43,46,48,55,66,86,99,130,140,140,16931,0,39,40.721954509477555,26.519400000324822,138.9791999990848,2908.5434410253383
1746380972,200,POST,POST /pastes,14.400000,0.000000,44,47,50,53,62,72,85,87,97,97,97,1816,0,41,43.31936459248288,30.20719999949506,123.97000000055414,2851.578193832599
1746380972,200,,Aggregated,285.100000,0.000000,39,42,44,46,53,65,83,94,130,140,140,35672,0,38,39.69062890221909,26.12109999972745,138.9791999990848,1566.974657995066
1746380973,200,GET,GET /analytics/:slug,133.400000,0.000000,37,40,43,45,52,65,78,88,100,100,100,17062,0,37,38.311068327280566,26.12109999972745,128.80519999998796,87.0962958621498
1746380973,200,GET,GET /pastes/:slug,133.700000,0.000000,40,44,47,50,58,69,87,99,130,140,140,17065,0,39,40.777258300612736,26.519400000324822,138.9791999990848,2909.897685320832
1746380973,200,POST,POST /pastes,14.300000,0.000000,44,47,50,53,63,72,85,87,97,97,97,1839,0,41,43.33497308317019,30.20719999949506,123.97000000055414,2848.325176726482
1746380973,200,,Aggregated,281.400000,0.000000,39,42,45,48,56,67,85,96,130,140,140,35966,0,38,39.738096429960265,26.12109999972745,138.9791999990848,1567.6336262025245
1746380974,200,GET,GET /analytics/:slug,135.100000,0.000000,38,41,44,47,55,67,78,89,100,100,100,17182,0,37,38.350415271799015,26.12109999972745,128.80519999998796,87.09626353160284
1746380974,200,GET,GET /pastes/:slug,135.400000,0.000000,41,45,49,51,61,75,90,100,130,140,140,17187,0,39,40.838072787569544,26.519400000324822,138.9791999990848,2911.117007040205
1746380974,200,POST,POST /pastes,13.900000,0.000000,43,47,50,53,62,73,85,87,97,97,97,1853,0,41,43.35746017266499,30.20719999949506,123.97000000055414,2846.5277927684833
1746380974,200,,Aggregated,284.400000,0.000000,40,43,47,50,59,70,85,96,130,140,140,36222,0,38,39.78692965324777,26.12109999972745,138.9791999990848,1568.231240682458
1746380975,200,GET,GET /analytics/:slug,134.700000,0.000000,37,41,44,47,56,67,78,89,100,100,100,17309,0,37,38.349202634471105,26.12109999972745,128.80519999998796,87.09630827893004
1746380975,200,GET,GET /pastes/:slug,134.800000,0.000000,41,45,49,51,61,75,90,100,130,140,140,17312,0,39,40.83606736945292,26.519400000324822,138.9791999990848,2910.509704251386
1746380975,200,POST,POST /pastes,15.400000,0.000000,43,47,50,54,63,73,85,87,97,97,97,1868,0,41,43.36791959311697,30.20719999949506,123.97000000055414,2844.1895074946465
1746380975,200,,Aggregated,284.900000,0.000000,40,43,47,50,59,70,85,96,130,140,140,36489,0,38,39.78600730356972,26.12109999972745,138.9791999990848,1567.7941297377292
1746380976,200,GET,GET /analytics/:slug,133.400000,0.000000,38,42,45,48,56,67,78,89,100,100,100,17456,0,37,38.349811812561434,26.12109999972745,128.80519999998796,87.09647112740605
1746380976,200,GET,GET /pastes/:slug,133.500000,0.000000,41,46,49,52,61,75,90,100,130,140,140,17461,0,39,40.83491974686256,26.519400000324822,138.9791999990848,2910.401007960598
1746380976,200,POST,POST /pastes,15.100000,0.000000,43,47,52,55,63,73,85,87,97,97,97,1884,0,41,43.35974092353956,30.20719999949506,123.97000000055414,2842.7754777070063
1746380976,200,,Aggregated,282.000000,0.000000,40,44,48,50,59,70,85,96,130,140,140,36801,0,38,39.78540258688549,26.12109999972745,138.9791999990848,1567.7469905709083
1746380977,200,GET,GET /analytics/:slug,131.600000,0.000000,37,41,45,47,55,67,78,89,100,100,100,17584,0,37,38.338461430850245,26.12109999972745,128.80519999998796,87.09656505914468
1746380977,200,GET,GET /pastes/:slug,131.400000,0.000000,41,45,49,52,61,75,90,100,130,140,140,17585,0,39,40.823946727322635,26.519400000324822,138.9791999990848,2909.699289166904
1746380977,200,POST,POST /pastes,15.200000,0.000000,43,47,52,55,63,73,85,87,97,97,97,1899,0,41,43.332721432306194,30.20719999949506,123.97000000055414,2841.0147446024225
1746380977,200,,Aggregated,278.200000,0.000000,39,44,48,50,59,70,85,96,130,140,140,37068,0,38,39.773428482787686,26.12109999972745,138.9791999990848,1567.2184903420741
1746380978,200,GET,GET /analytics/:slug,132.700000,0.000000,37,41,44,47,55,66,78,88,100,100,100,17725,0,37,38.32818347532079,26.12109999972745,128.80519999998796,87.09647390691114
1746380978,200,GET,GET /pastes/:slug,133.100000,0.000000,40,45,49,52,60,74,88,99,130,140,140,17729,0,39,40.817734829937436,26.519400000324822,138.9791999990848,2909.80117321902
1746380978,200,POST,POST /pastes,15.400000,0.000000,43,47,52,55,63,72,78,85,97,97,97,1913,0,41,43.33704678512619,30.20719999949506,123.97000000055414,2841.1944589649765
1746380978,200,,Aggregated,281.200000,0.000000,39,43,47,50,58,69,85,96,130,140,140,37367,0,38,39.765794508522305,26.12109999972745,138.9791999990848,1567.3416383439933
1746380979,200,GET,GET /analytics/:slug,131.500000,0.000000,36,40,43,45,50,56,66,71,88,89,89,17852,0,37,38.320450924269814,26.12109999972745,128.80519999998796,87.0966278288147
1746380979,200,GET,GET /pastes/:slug,131.100000,0.000000,39,43,47,49,54,59,70,79,96,96,96,17856,0,39,40.81052909385998,26.519400000324822,138.9791999990848,2911.8131720430106
1746380979,200,POST,POST /pastes,15.300000,0.000000,42,45,47,49,56,62,73,74,78,78,78,1929,0,41,43.333606791056354,30.20719999949506,123.97000000055414,2842.419906687403
1746380979,200,,Aggregated,277.900000,0.000000,38,42,45,47,53,59,69,75,91,96,96,37637,0,38,39.75874870207401,26.12109999972745,138.9791999990848,1568.4356617158646
1746380980,200,GET,GET /analytics/:slug,132.900000,0.000000,37,40,43,45,50,56,65,71,89,92,92,17984,0,37,38.32588876779748,26.12109999972745,128.80519999998796,87.09686387900356
1746380980,200,GET,GET /pastes/:slug,133.000000,0.000000,39,43,46,49,54,60,73,83,96,100,100,17987,0,39,40.82154373714161,26.519400000324822,138.9791999990848,2910.9792072052037
1746380980,200,POST,POST /pastes,15.300000,0.000000,42,45,47,51,56,61,68,73,78,78,78,1939,0,41,43.360972872588974,30.20719999949506,123.97000000055414,2844.7106756059825
1746380980,200,,Aggregated,281.200000,0.000000,38,42,45,47,53,58,70,78,96,100,100,37910,0,38,39.76752353468663,26.12109999972745,138.9791999990848,1567.9774993405433
1746380981,200,GET,GET /analytics/:slug,132.500000,0.000000,36,40,43,44,50,55,66,73,89,92,92,18124,0,37,38.31065977157733,26.12109999972745,128.80519999998796,87.09710880600309
1746380981,200,GET,GET /pastes/:slug,133.300000,0.000000,39,43,46,49,54,60,77,84,96,100,100,18130,0,39,40.81396357418381,26.519400000324822,138.9791999990848,2910.361003861004
1746380981,200,POST,POST /pastes,15.200000,0.000000,42,45,48,49,56,61,68,73,78,78,78,1952,0,41,43.35223365776211,30.20719999949506,123.97000000055414,2843.7044057377047
1746380981,200,,Aggregated,281.000000,0.000000,38,42,45,47,52,58,70,79,96,100,100,38206,0,38,39.75614085222105,26.12109999972745,138.9791999990848,1567.6674867821807
1746380982,200,GET,GET /analytics/:slug,133.400000,0.000000,36,39,42,44,49,52,59,65,88,92,92,18264,0,37,38.308433864435834,26.12109999972745,128.80519999998796,87.09691195795007
1746380982,200,GET,GET /pastes/:slug,133.200000,0.000000,39,43,45,47,52,56,70,79,96,100,100,18269,0,39,40.806182675567605,26.519400000324822,138.9791999990848,2909.7808856532924
1746380982,200,POST,POST /pastes,14.300000,0.000000,42,45,49,52,56,58,66,68,78,78,78,1966,0,41,43.367817548298795,30.20719999949506,123.97000000055414,2845.9867751780266
1746380982,200,,Aggregated,280.900000,0.000000,38,41,44,46,51,55,62,74,92,100,100,38499,0,38,39.752058928801844,26.12109999972745,138.9791999990848,1567.4364269201797
1746380983,200,GET,GET /analytics/:slug,134.300000,0.000000,36,39,41,43,48,52,56,59,77,92,92,18393,0,37,38.3152766487279,26.12109999972745,128.80519999998796,87.09666721035177
1746380983,200,GET,GET /pastes/:slug,134.200000,0.000000,39,42,44,46,51,54,58,64,96,100,100,18403,0,39,40.81462286040036,26.519400000324822,138.9791999990848,2909.108134543281
1746380983,200,POST,POST /pastes,14.500000,0.000000,42,45,49,52,56,58,66,68,70,70,70,1980,0,41,43.38452297977416,30.20719999949506,123.97000000055414,2846.023232323232
1746380983,200,,Aggregated,283.000000,0.000000,38,41,43,45,50,54,58,62,92,100,100,38776,0,38,39.76030904167372,26.12109999972745,138.9791999990848,1567.2945120693212
1746380984,200,GET,GET /analytics/:slug,133.700000,0.000000,36,38,41,43,49,52,56,58,77,92,92,18536,0,37,38.31110502266127,26.12109999972745,128.80519999998796,87.0969464825205
1746380984,200,GET,GET /pastes/:slug,133.400000,0.000000,38,42,44,46,51,54,58,65,96,100,100,18541,0,39,40.81034435035607,26.519400000324822,138.9791999990848,2908.4602772234507
1746380984,200,POST,POST /pastes,15.000000,0.000000,41,45,48,51,56,58,66,68,70,70,70,1998,0,41,43.37846026023467,30.20719999949506,123.97000000055414,2844.128128128128
1746380984,200,,Aggregated,282.100000,0.000000,37,41,43,45,50,54,58,62,92,100,100,39075,0,38,39.75609471273029,26.12109999972745,138.9791999990848,1566.8012539987203
1746380985,200,GET,GET /analytics/:slug,132.000000,0.000000,36,38,41,43,48,52,55,57,77,92,92,18663,0,37,38.30412551572881,26.12109999972745,128.80519999998796,87.09671542624444
1746380985,200,GET,GET /pastes/:slug,132.700000,0.000000,38,42,44,46,51,54,58,64,96,100,100,18669,0,39,40.799642996408856,26.519400000324822,138.9791999990848,2908.0492259896087
1746380985,200,POST,POST /pastes,14.100000,0.000000,42,46,49,52,56,58,66,68,70,70,70,2014,0,41,43.39543306849528,30.20719999949506,123.97000000055414,2849.581926514399
1746380985,200,,Aggregated,278.800000,0.000000,37,41,43,45,50,54,57,61,92,100,100,39346,0,38,39.74881390230107,26.12109999972745,138.9791999990848,1566.9932140497128
1746380986,200,GET,GET /analytics/:slug,134.300000,0.000000,36,38,41,43,49,52,56,59,77,92,92,18803,0,37,38.307220523323224,26.12109999972745,128.80519999998796,87.09695261394458
1746380986,200,GET,GET /pastes/:slug,135.000000,0.000000,39,42,44,46,51,54,59,65,96,100,100,18809,0,39,40.80377053537926,26.519400000324822,138.9791999990848,2907.8681482269126
1746380986,200,POST,POST /pastes,14.300000,0.000000,43,46,49,52,56,58,66,68,70,70,70,2023,0,41,43.3833641621093,30.20719999949506,123.97000000055414,2847.7182402372714
1746380986,200,,Aggregated,283.600000,0.000000,38,41,43,45,50,54,58,62,92,100,100,39635,0,38,39.75106176863702,26.12109999972745,138.9791999990848,1566.6130944871957
1746380987,200,GET,GET /analytics/:slug,135.000000,0.000000,37,39,42,44,49,53,57,61,77,92,92,18934,0,37,38.32877255202563,26.12109999972745,128.80519999998796,87.09691560156332
1746380987,200,GET,GET /pastes/:slug,135.000000,0.000000,39,42,45,46,51,55,61,68,96,100,100,18939,0,39,40.817031374409815,26.519400000324822,138.9791999990848,2909.2813770526427
1746380987,200,POST,POST /pastes,14.300000,0.000000,43,46,49,51,55,57,59,66,70,70,70,2035,0,41,43.39159528252859,30.20719999949506,123.97000000055414,2847.655036855037
1746380987,200,,Aggregated,284.300000,0.000000,38,41,44,46,50,54,59,64,92,100,100,39908,0,38,39.76778172546688,26.12109999972745,138.9791999990848,1567.1782850556278
1746380988,200,GET,GET /analytics/:slug,134.200000,0.000000,37,39,42,44,49,53,57,61,77,92,92,19082,0,37,38.32871758725788,26.12109999972745,128.80519999998796,87.09705481605701
1746380988,200,GET,GET /pastes/:slug,134.000000,0.000000,39,42,45,46,51,55,61,68,96,100,100,19089,0,39,40.816178139239305,26.519400000324822,138.9791999990848,2907.5510503431296
1746380988,200,POST,POST /pastes,13.800000,0.000000,43,46,48,50,55,57,59,66,70,70,70,2050,0,41,43.37475512192369,30.20719999949506,123.97000000055414,2846.7624390243905
1746380988,200,,Aggregated,282.000000,0.000000,38,41,44,46,51,54,59,64,92,100,100,40221,0,38,39.76646183585495,26.12109999972745,138.9791999990848,1566.348201188434
1746380989,200,GET,GET /analytics/:slug,134.900000,0.000000,37,39,42,44,49,53,57,58,66,73,73,19226,0,37,38.33444985436637,26.12109999972745,128.80519999998796,87.09700405700613
1746380989,200,GET,GET /pastes/:slug,134.900000,0.000000,39,42,45,46,51,55,59,62,79,88,88,19231,0,39,40.81593241120786,26.519400000324822,138.9791999990848,2906.907285112579
1746380989,200,POST,POST /pastes,13.600000,0.000000,42,45,48,50,54,57,58,59,70,70,70,2066,0,41,43.3764522748967,30.20719999949506,123.97000000055414,2847.8964181994193
1746380989,200,,Aggregated,283.400000,0.000000,38,41,44,45,51,54,58,61,77,88,88,40523,0,38,39.76914541124564,26.12109999972745,138.9791999990848,1566.0492806554303
1746380990,200,GET,GET /analytics/:slug,135.500000,0.000000,37,40,42,44,50,54,57,58,66,73,73,19357,0,37,38.33326223588605,26.12109999972745,128.80519999998796,87.0970191661931
1746380990,200,GET,GET /pastes/:slug,135.100000,0.000000,39,42,45,47,51,55,59,61,70,74,74,19358,0,39,40.82308847504588,26.519400000324822,138.9791999990848,2907.0700485587354
1746380990,200,POST,POST /pastes,13.600000,0.000000,42,46,48,50,54,57,58,59,70,70,70,2083,0,41,43.38131022560341,30.20719999949506,123.97000000055414,2854.461353816611
1746380990,200,,Aggregated,284.200000,0.000000,38,41,44,46,51,54,58,61,70,74,74,40798,0,38,39.77238033726904,26.12109999972745,138.9791999990848,1566.4209520074514
1746380991,200,GET,GET /analytics/:slug,136.900000,0.000000,37,40,42,44,50,53,57,58,66,73,73,19487,0,37,38.326321599017454,26.12109999972745,128.80519999998796,87.09714168419973
1746380991,200,GET,GET /pastes/:slug,137.100000,0.000000,39,42,45,47,51,55,59,61,70,74,74,19491,0,39,40.80684658560002,26.519400000324822,138.9791999990848,2906.9720896824174
1746380991,200,POST,POST /pastes,13.900000,0.000000,42,45,47,49,55,57,59,59,70,70,70,2096,0,41,43.387633206073254,30.20719999949506,123.97000000055414,2853.06393129771
1746380991,200,,Aggregated,287.900000,0.000000,38,41,44,46,51,54,58,61,70,74,74,41074,0,38,39.761692433166914,26.12109999972745,138.9791999990848,1566.3698933631981
1746380992,200,GET,GET /analytics/:slug,136.600000,0.000000,37,39,42,43,49,53,57,59,70,73,73,19626,0,37,38.31736551513554,26.12109999972745,128.80519999998796,87.09721797615408
1746380992,200,GET,GET /pastes/:slug,137.100000,0.000000,39,42,45,46,51,55,59,61,70,74,74,19627,0,39,40.8035193457956,26.519400000324822,138.9791999990848,2907.027513119682
1746380992,200,POST,POST /pastes,14.400000,0.000000,42,45,47,48,53,56,58,58,59,59,59,2106,0,41,43.386555033204736,30.20719999949506,123.97000000055414,2854.048907882241
1746380992,200,,Aggregated,288.100000,0.000000,38,41,44,46,50,54,58,60,70,74,74,41359,0,38,39.7552981140718,26.12109999972745,138.9791999990848,1566.1942019874755
1746380993,200,GET,GET /analytics/:slug,136.200000,0.000000,37,40,42,44,49,53,56,59,70,73,73,19766,0,37,38.32927060103446,26.064300000143703,128.80519999998796,87.09733886471719
1746380993,200,GET,GET /pastes/:slug,136.000000,0.000000,39,42,45,47,51,55,59,61,70,74,74,19776,0,39,40.81896481087781,26.519400000324822,138.9791999990848,2905.559870550162
1746380993,200,POST,POST /pastes,14.200000,0.000000,43,46,48,49,53,56,58,58,59,59,59,2121,0,41,43.40457967936217,30.20719999949506,123.97000000055414,2853.958038661009
1746380993,200,,Aggregated,286.400000,0.000000,38,41,44,46,51,54,58,60,70,74,74,41663,0,38,39.76941949211247,26.064300000143703,138.9791999990848,1565.7817007896695
1746380994,200,GET,GET /analytics/:slug,135.400000,0.000000,37,40,42,44,49,53,57,59,70,73,73,19895,0,37,38.33735739633315,26.064300000143703,128.80519999998796,87.09746167378738
1746380994,200,GET,GET /pastes/:slug,135.500000,0.000000,40,43,46,47,52,56,60,61,70,74,74,19901,0,39,40.82775912265404,26.519400000324822,138.9791999990848,2906.232098889503
1746380994,200,POST,POST /pastes,13.900000,0.000000,44,46,47,48,52,56,59,59,68,68,68,2136,0,41,43.42703867037732,30.20719999949506,123.97000000055414,2850.50234082397
1746380994,200,,Aggregated,284.800000,0.000000,39,42,44,46,51,54,58,61,70,74,74,41932,0,38,39.778572791660224,26.064300000143703,138.9791999990848,1565.8304397596107
1746380995,200,GET,GET /analytics/:slug,137.500000,0.000000,37,40,43,44,49,53,57,59,70,73,73,20033,0,37,38.3423100933481,26.064300000143703,128.80519999998796,87.0971896370988
1746380995,200,GET,GET /pastes/:slug,137.200000,0.000000,40,43,46,47,52,55,59,61,68,74,74,20036,0,39,40.83512849370795,26.519400000324822,138.9791999990848,2906.9051207825914
1746380995,200,POST,POST /pastes,13.800000,0.000000,44,46,48,48,53,57,59,59,68,68,68,2148,0,41,43.43571918059826,30.20719999949506,123.97000000055414,2848.5954376163872
1746380995,200,,Aggregated,288.500000,0.000000,39,42,44,46,51,55,58,60,70,74,74,42217,0,38,39.78454313191096,26.064300000143703,138.9791999990848,1565.870431342824
1746380996,200,GET,GET /analytics/:slug,136.000000,0.000000,37,40,43,44,49,53,56,58,64,70,70,20178,0,37,38.36457185548864,26.064300000143703,128.80519999998796,87.09728417087918
1746380996,200,GET,GET /pastes/:slug,135.400000,0.000000,40,43,46,47,52,56,59,61,74,76,76,20188,0,39,40.85749813750401,26.519400000324822,138.9791999990848,2907.2136913017634
1746380996,200,POST,POST /pastes,13.800000,0.000000,44,47,48,50,55,58,59,67,68,68,68,2158,0,41,43.46321005557168,30.20719999949506,123.97000000055414,2847.760426320667
1746380996,200,,Aggregated,285.200000,0.000000,39,42,45,46,51,54,58,60,74,76,76,42524,0,38,39.80681757595448,26.064300000143703,138.9791999990848,1566.0273257454614
1746380997,200,GET,GET /analytics/:slug,135.500000,0.000000,38,41,43,45,50,53,57,59,64,70,70,20310,0,37,38.37608051206513,26.064300000143703,128.80519999998796,87.0972427375677
1746380997,200,GET,GET /pastes/:slug,136.200000,0.000000,40,44,46,48,52,57,60,63,75,76,76,20312,0,39,40.87289892673976,26.519400000324822,138.9791999990848,2907.1273631350928
1746380997,200,POST,POST /pastes,13.600000,0.000000,44,47,49,52,55,59,63,67,68,68,68,2181,0,41,43.473709445173114,30.20719999949506,123.97000000055414,2850.7918386061438
1746380997,200,,Aggregated,285.300000,0.000000,39,42,45,47,51,55,59,61,74,76,76,42803,0,38,39.82068262738333,26.064300000143703,138.9791999990848,1566.154077985188
1746380998,200,GET,GET /analytics/:slug,137.100000,0.000000,38,41,44,46,50,53,57,59,65,70,70,20444,0,37,38.395088744866094,26.064300000143703,128.80519999998796,87.09704558794756
1746380998,200,GET,GET /pastes/:slug,136.900000,0.000000,41,44,47,48,53,58,63,69,78,78,78,20449,0,39,40.90517658564933,26.519400000324822,138.9791999990848,2907.2012812362464
1746380998,200,POST,POST /pastes,13.600000,0.000000,44,48,51,52,56,61,67,68,68,68,68,2199,0,42,43.53301336967726,30.20719999949506,123.97000000055414,2848.9472487494318
1746380998,200,,Aggregated,287.600000,0.000000,40,43,46,47,52,56,60,65,76,78,78,43092,0,38,39.848423064603445,26.064300000143703,138.9791999990848,1566.2955072867353
1746380999,200,GET,GET /analytics/:slug,136.700000,0.000000,38,41,43,45,50,53,58,59,65,70,70,20571,0,37,38.401044062030536,26.064300000143703,128.80519999998796,87.0970784113558
1746380999,200,GET,GET /pastes/:slug,136.800000,0.000000,41,44,47,48,53,57,63,69,78,79,79,20574,0,39,40.91065573539058,26.519400000324822,138.9791999990848,2907.9963060173036
1746380999,200,POST,POST /pastes,14.300000,0.000000,44,48,51,53,58,63,67,68,68,68,68,2223,0,42,43.54240814211265,30.20719999949506,123.97000000055414,2851.1336032388663
1746380999,200,,Aggregated,287.800000,0.000000,40,43,46,47,52,56,61,65,78,79,79,43368,0,38,39.85515776147988,26.064300000143703,138.9791999990848,1567.0277624054602
1746381000,200,GET,GET /analytics/:slug,135.800000,0.000000,38,42,44,46,50,54,58,59,65,70,70,20699,0,37,38.41198275279119,26.064300000143703,128.80519999998796,87.0972993864438
1746381000,200,GET,GET /pastes/:slug,135.900000,0.000000,41,44,47,49,54,58,63,70,78,79,79,20700,0,39,40.918389734295246,26.519400000324822,138.9791999990848,2909.1403864734298
1746381000,200,POST,POST /pastes,14.600000,0.000000,45,48,52,53,56,61,67,68,68,68,68,2236,0,42,43.55068220032167,30.20719999949506,123.97000000055414,2850.0111806797854
1746381000,200,,Aggregated,286.300000,0.000000,40,43,46,48,53,56,61,65,78,79,79,43635,0,38,39.86432047438629,26.064300000143703,138.9791999990848,1567.4265612467057
1746381001,200,GET,GET /analytics/:slug,134.900000,0.000000,39,42,44,46,50,54,58,59,64,65,65,20824,0,37,38.41036773434619,26.064300000143703,128.80519999998796,87.09743565117172
1746381001,200,GET,GET /pastes/:slug,134.200000,0.000000,41,45,47,49,54,58,66,75,89,110,110,20833,0,39,40.93112956846872,26.519400000324822,138.9791999990848,2910.027072433159
1746381001,200,POST,POST /pastes,15.500000,0.000000,44,48,51,53,58,61,65,68,68,68,68,2260,0,42,43.54267880527704,30.20719999949506,123.97000000055414,2848.9654867256636
1746381001,200,,Aggregated,284.600000,0.000000,40,44,46,48,53,57,62,67,84,110,110,43917,0,38,39.87025921852243,26.064300000143703,138.9791999990848,1568.3442175011955
1746381002,200,GET,GET /analytics/:slug,134.200000,0.000000,38,41,44,46,50,54,58,59,64,65,65,20968,0,37,38.40322037867422,25.990899999669637,128.80519999998796,87.09733880198398
1746381002,200,GET,GET /pastes/:slug,134.200000,0.000000,41,44,47,49,54,59,66,75,89,110,110,20971,0,39,40.93000837823273,26.519400000324822,138.9791999990848,2910.2081922655093
1746381002,200,POST,POST /pastes,15.300000,0.000000,44,47,50,52,56,61,65,68,68,68,68,2276,0,42,43.526909314553116,30.20719999949506,123.97000000055414,2850.7267135325133
1746381002,200,,Aggregated,283.700000,0.000000,40,43,46,48,53,57,62,67,84,110,110,44215,0,38,39.86541165215141,25.990899999669637,138.9791999990848,1568.3475517358363
1746381003,200,GET,GET /analytics/:slug,133.000000,0.000000,38,41,43,45,50,54,57,59,64,65,65,21108,0,37,38.391387042829756,25.990899999669637,128.80519999998796,87.09754595414061
1746381003,200,GET,GET /pastes/:slug,133.100000,0.000000,41,44,47,49,54,58,66,75,89,110,110,21109,0,39,40.92779063432304,26.519400000324822,138.9791999990848,2910.104884172628
1746381003,200,POST,POST /pastes,16.400000,0.000000,43,46,50,52,56,60,64,67,68,68,68,2294,0,42,43.51704341757889,30.20719999949506,123.97000000055414,2853.3979947689627
1746381003,200,,Aggregated,282.500000,0.000000,39,43,46,47,52,56,61,66,84,110,110,44511,0,38,39.858422138345425,25.990899999669637,138.9791999990848,1568.456201837748
1746381004,200,GET,GET /analytics/:slug,134.500000,0.000000,38,41,44,45,50,54,58,60,71,79,79,21237,0,37,38.40811514338372,25.990899999669637,128.80519999998796,87.09742430663465
1746381004,200,GET,GET /pastes/:slug,134.200000,0.000000,41,45,47,50,54,59,69,76,100,110,110,21243,0,39,40.95666855434343,26.519400000324822,138.9791999990848,2910.102857411853
1746381004,200,POST,POST /pastes,17.000000,0.000000,43,47,51,52,56,61,65,68,92,92,92,2311,0,42,43.559866334887985,30.20719999949506,123.97000000055414,2855.461704889658
1746381004,200,,Aggregated,285.700000,0.000000,40,43,46,48,53,57,63,69,100,110,110,44791,0,38,39.88262156459727,25.990899999669637,138.9791999990848,1568.7967448817842
1746381005,200,GET,GET /analytics/:slug,132.800000,0.000000,38,40,43,45,50,54,58,60,71,79,79,21368,0,37,38.40110477817474,25.990899999669637,128.80519999998796,87.09743541744665
1746381005,200,GET,GET /pastes/:slug,132.800000,0.000000,40,44,46,49,54,58,68,76,100,110,110,21372,0,39,40.942956583376485,26.519400000324822,138.9791999990848,2910.1194553621563
1746381005,200,POST,POST /pastes,17.600000,0.000000,43,46,50,51,56,61,65,68,92,92,92,2328,0,42,43.56152895185814,30.20719999949506,123.97000000055414,2855.8758591065293
1746381005,200,,Aggregated,283.200000,0.000000,39,43,45,47,52,57,62,69,100,110,110,45068,0,38,39.87305659003899,25.990899999669637,138.9791999990848,1568.8437472264134
1746381006,200,GET,GET /analytics/:slug,134.200000,0.000000,37,40,43,45,50,54,57,60,71,79,79,21511,0,37,38.39886542234289,25.990899999669637,128.80519999998796,87.09729905629678
1746381006,200,GET,GET /pastes/:slug,133.900000,0.000000,40,44,46,48,53,57,68,76,100,110,110,21517,0,39,40.93920704094047,26.519400000324822,138.9791999990848,2908.9934935167544
1746381006,200,POST,POST /pastes,17.600000,0.000000,43,46,50,51,56,59,65,68,92,92,92,2343,0,42,43.57487114807032,30.20719999949506,123.97000000055414,2857.22236448997
1746381006,200,,Aggregated,285.700000,0.000000,39,42,45,47,52,56,62,69,100,110,110,45371,0,38,39.87090509576277,25.990899999669637,138.9791999990848,1568.4211280333252
1746381007,200,GET,GET /analytics/:slug,133.900000,0.000000,37,39,42,44,49,53,57,59,71,79,79,21636,0,37,38.38784954243019,25.990899999669637,128.80519999998796,87.0972915511185
1746381007,200,GET,GET /pastes/:slug,133.500000,0.000000,39,43,46,48,52,56,62,69,100,110,110,21641,0,39,40.92938387320012,26.519400000324822,138.9791999990848,2908.00998105448
1746381007,200,POST,POST /pastes,18.100000,0.000000,43,46,48,50,54,57,62,65,92,92,92,2357,0,42,43.55285782771768,30.20719999949506,123.97000000055414,2856.5927025880355
1746381007,200,,Aggregated,285.500000,0.000000,38,42,44,46,51,55,59,64,100,110,110,45634,0,38,39.85989382915941,25.990899999669637,138.9791999990848,1567.902660297147
1746381008,200,GET,GET /analytics/:slug,132.800000,0.000000,36,39,42,44,49,53,57,60,73,79,79,21768,0,37,38.38732556045604,25.990899999669637,128.80519999998796,87.09697721425947
1746381008,200,GET,GET /pastes/:slug,133.000000,0.000000,39,42,45,47,52,56,65,73,100,110,110,21774,0,39,40.92463766877556,26.519400000324822,138.9791999990848,2908.1999173325985
1746381008,200,POST,POST /pastes,18.300000,0.000000,42,45,47,50,54,57,62,65,92,92,92,2371,0,42,43.542901307436544,30.20719999949506,123.97000000055414,2856.694221847322
1746381008,200,,Aggregated,284.100000,0.000000,38,41,44,46,51,55,60,66,100,110,110,45913,0,38,39.85687239779249,25.990899999669637,138.9791999990848,1568.0154640297956
1746381009,200,GET,GET /analytics/:slug,132.400000,0.000000,36,39,41,43,49,52,57,60,73,79,79,21923,0,37,38.38189138804026,25.990899999669637,128.80519999998796,87.09683893627697
1746381009,200,GET,GET /pastes/:slug,132.600000,0.000000,39,42,45,47,52,56,64,69,100,110,110,21927,0,39,40.923080047426154,26.519400000324822,138.9791999990848,2907.8862589501528
1746381009,200,POST,POST /pastes,17.800000,0.000000,42,45,47,50,54,58,65,82,92,92,92,2389,0,42,43.556593804912225,30.20719999949506,123.97000000055414,2857.3089158643784
1746381009,200,,Aggregated,282.800000,0.000000,38,41,44,45,51,54,61,66,100,110,110,46239,0,38,39.854306617786776,25.990899999669637,138.9791999990848,1567.8703475421182
1746381010,200,GET,GET /analytics/:slug,132.700000,0.000000,36,39,41,43,49,52,57,60,73,79,79,22052,0,37,38.382189311626774,25.990899999669637,128.80519999998796,87.09668057319064
1746381010,200,GET,GET /pastes/:slug,132.500000,0.000000,39,42,45,47,52,57,65,69,100,110,110,22057,0,39,40.91933559413881,26.519400000324822,138.9791999990848,2908.7416693113296
1746381010,200,POST,POST /pastes,17.400000,0.000000,41,45,47,50,54,57,68,82,92,92,92,2405,0,42,43.550021621595,30.20719999949506,123.97000000055414,2857.4133056133055
1746381010,200,,Aggregated,282.600000,0.000000,38,41,44,45,51,54,61,67,100,110,110,46514,0,38,39.85250947886305,25.990899999669637,138.9791999990848,1568.3632884722879
1746381011,200,GET,GET /analytics/:slug,134.000000,0.000000,36,39,41,43,49,52,57,59,73,79,79,22188,0,37,38.37821077609516,25.990899999669637,128.80519999998796,87.09644853073733
1746381011,200,GET,GET /pastes/:slug,134.200000,0.000000,39,42,45,46,51,56,62,67,100,100,100,22193,0,39,40.916451619876575,26.519400000324822,138.9791999990848,2909.2701752804937
1746381011,200,POST,POST /pastes,16.700000,0.000000,41,45,47,50,55,58,68,82,92,92,92,2418,0,42,43.55685194372804,30.20719999949506,123.97000000055414,2856.002894954508
1746381011,200,,Aggregated,284.900000,0.000000,38,41,44,45,50,54,60,65,92,100,100,46799,0,38,39.84946301202678,25.990899999669637,138.9791999990848,1568.4895831107501
1746381012,200,GET,GET /analytics/:slug,135.100000,0.000000,36,39,41,43,49,52,56,59,73,79,79,22305,0,37,38.37305460210663,25.990899999669637,128.80519999998796,87.09652544272585
1746381012,200,GET,GET /pastes/:slug,134.700000,0.000000,39,42,45,46,51,56,62,67,100,100,100,22315,0,39,40.907211454175325,26.519400000324822,138.9791999990848,2909.637956531481
1746381012,200,POST,POST /pastes,16.600000,0.000000,42,45,48,51,56,61,68,82,92,92,92,2437,0,42,43.56323200653847,30.20719999949506,123.97000000055414,2858.3561756257695
1746381012,200,,Aggregated,286.400000,0.000000,38,41,44,45,50,54,60,65,92,100,100,47057,0,38,39.84357275006551,25.990899999669637,138.9791999990848,1569.098603820898
1746381013,200,GET,GET /analytics/:slug,135.800000,0.000000,36,39,41,43,48,51,54,57,66,73,73,22437,0,37,38.37539716093934,25.990899999669637,128.80519999998796,87.09640326246824
1746381013,200,GET,GET /pastes/:slug,135.800000,0.000000,39,42,44,46,50,55,59,63,73,74,74,22440,0,39,40.916051737964395,26.519400000324822,138.9791999990848,2910.303743315508
1746381013,200,POST,POST /pastes,15.800000,0.000000,42,44,47,51,56,58,65,68,82,82,82,2458,0,42,43.57098885269809,30.20719999949506,123.97000000055414,2854.685516680228
1746381013,200,,Aggregated,287.400000,0.000000,38,41,43,45,50,53,58,62,73,82,82,47335,0,38,39.84963510509846,25.990899999669637,138.9791999990848,1569.2028097602197
1746381014,200,GET,GET /analytics/:slug,132.600000,0.000000,37,39,41,43,48,51,55,58,66,73,73,22573,0,37,38.38234003012448,25.990899999669637,128.80519999998796,87.09657555486643
1746381014,200,GET,GET /pastes/:slug,133.100000,0.000000,39,42,45,47,51,56,61,64,74,75,75,22579,0,39,40.93137599982001,26.519400000324822,138.9791999990848,2909.7093759688205
1746381014,200,POST,POST /pastes,15.700000,0.000000,42,44,48,51,56,57,62,68,82,82,82,2478,0,42,43.57934705404983,30.20719999949506,123.97000000055414,2855.5694108151733
1746381014,200,,Aggregated,281.400000,0.000000,38,41,44,46,50,54,59,62,74,82,82,47630,0,38,39.861090115470404,25.990899999669637,138.9791999990848,1569.1887465882846
1746381015,200,GET,GET /analytics/:slug,133.400000,0.000000,37,39,41,43,49,51,56,59,66,73,73,22708,0,37,38.381767095296134,25.990899999669637,128.80519999998796,87.09648581997534
1746381015,200,GET,GET /pastes/:slug,133.200000,0.000000,39,42,45,47,51,56,61,65,74,75,75,22714,0,39,40.93114550056951,26.519400000324822,138.9791999990848,2909.5243021924803
1746381015,200,POST,POST /pastes,16.200000,0.000000,42,44,48,51,56,58,65,68,82,82,82,2487,0,42,43.59531708883545,30.20719999949506,123.97000000055414,2855.3043827905108
1746381015,200,,Aggregated,282.800000,0.000000,38,41,44,46,50,54,59,63,74,82,82,47909,0,38,39.86108580224674,25.990899999669637,138.9791999990848,1568.9299296583106
1746381016,200,GET,GET /analytics/:slug,131.800000,0.000000,37,39,42,44,49,52,56,59,66,73,73,22842,0,37,38.37846030119953,25.990899999669637,128.80519999998796,87.09635758690132
1746381016,200,GET,GET /pastes/:slug,132.400000,0.000000,39,42,46,47,51,55,61,65,74,75,75,22850,0,39,40.926196188181386,26.519400000324822,138.9791999990848,2910.6590371991247
1746381016,200,POST,POST /pastes,16.500000,0.000000,42,44,48,51,56,58,65,68,82,82,82,2501,0,42,43.58908412632336,30.20719999949506,123.97000000055414,2852.1675329868053
1746381016,200,,Aggregated,280.700000,0.000000,38,41,44,46,50,54,59,63,74,82,82,48193,0,38,39.85683963438391,25.990899999669637,138.9791999990848,1569.3417093768805
1746381017,200,GET,GET /analytics/:slug,133.400000,0.000000,37,39,42,43,48,52,55,59,65,66,66,22973,0,37,38.38029992599977,25.990899999669637,128.80519999998796,87.09637400426588
1746381017,200,GET,GET /pastes/:slug,133.100000,0.000000,39,43,46,47,51,55,60,62,70,75,75,22980,0,39,40.9226883202763,26.519400000324822,138.9791999990848,2910.6742819843344
1746381017,200,POST,POST /pastes,15.600000,0.000000,42,46,50,52,56,61,65,68,82,82,82,2516,0,42,43.59632575514353,30.20719999949506,123.97000000055414,2854.7460254372018
1746381017,200,,Aggregated,282.100000,0.000000,38,41,44,46,50,54,59,61,70,82,82,48469,0,38,39.85645182281184,25.990899999669637,138.9791999990848,1569.47122903299
1746381018,200,GET,GET /analytics/:slug,132.700000,0.000000,37,40,42,43,49,52,56,60,83,100,100,23120,0,37,38.38827669550168,25.990899999669637,128.80519999998796,87.09628027681661
1746381018,200,GET,GET /pastes/:slug,132.500000,0.000000,40,43,46,47,51,55,62,69,84,86,86,23125,0,39,40.94210416432164,26.519400000324822,138.9791999990848,2910.5246270270272
1746381018,200,POST,POST /pastes,15.700000,0.000000,43,46,50,52,56,60,62,65,88,88,88,2530,0,42,43.62384260867071,30.20719999949506,123.97000000055414,2853.9462450592887
1746381018,200,,Aggregated,280.900000,0.000000,38,42,44,46,50,55,60,65,86,100,100,48775,0,38,39.870659924138565,25.990899999669637,138.9791999990848,1569.2471963095848
1746381019,200,GET,GET /analytics/:slug,132.900000,0.000000,37,40,42,43,48,52,57,60,83,100,100,23240,0,37,38.377951600687744,25.990899999669637,128.80519999998796,87.09647160068847
1746381019,200,GET,GET /pastes/:slug,132.800000,0.000000,40,43,46,48,51,56,62,69,84,86,86,23246,0,39,40.938934793080215,26.519400000324822,138.9791999990848,2910.6055665490835
1746381019,200,POST,POST /pastes,15.700000,0.000000,42,46,50,52,56,58,62,65,88,88,88,2547,0,42,43.604367608927625,30.20719999949506,123.97000000055414,2853.7923046721635
1746381019,200,,Aggregated,281.400000,0.000000,38,42,44,46,51,55,60,65,86,100,100,49033,0,38,39.863569385920755,25.990899999669637,138.9791999990848,1569.4056655721656
1746381020,200,GET,GET /analytics/:slug,132.900000,0.000000,37,40,42,44,49,53,58,61,83,100,100,23381,0,37,38.38754549420389,25.990899999669637,128.80519999998796,87.09661691116719
1746381020,200,GET,GET /pastes/:slug,133.100000,0.000000,40,44,46,48,52,56,62,69,84,86,86,23387,0,39,40.950746286395685,26.519400000324822,138.9791999990848,2910.419463804678
1746381020,200,POST,POST /pastes,16.000000,0.000000,43,45,50,52,56,58,61,65,88,88,88,2558,0,42,43.59432040654382,30.20719999949506,123.97000000055414,2853.749022673964
1746381020,200,,Aggregated,282.000000,0.000000,39,42,44,46,51,55,60,67,86,100,100,49326,0,38,39.872857645052186,25.990899999669637,138.9791999990848,1569.1983132627822
1746381021,200,GET,GET /analytics/:slug,132.000000,0.000000,37,40,42,44,49,54,60,64,83,100,100,23527,0,37,38.397504526712666,25.990899999669637,128.80519999998796,87.09665490712798
1746381021,200,GET,GET /pastes/:slug,131.800000,0.000000,40,44,47,48,53,57,66,72,86,87,87,23533,0,39,40.96882458674682,26.519400000324822,138.9791999990848,2909.2332894233627
1746381021,200,POST,POST /pastes,15.800000,0.000000,43,46,51,52,56,58,65,69,88,88,88,2573,0,42,43.605181266979464,30.20719999949506,123.97000000055414,2852.8212203653325
1746381021,200,,Aggregated,279.600000,0.000000,39,42,45,47,52,56,62,69,87,100,100,49633,0,38,39.88663932060948,25.990899999669637,138.9791999990848,1568.5616223077388
1746381022,200,GET,GET /analytics/:slug,132.200000,0.000000,37,40,42,44,49,54,60,64,83,100,100,23660,0,37,38.396064573117386,25.990899999669637,128.80519999998796,87.0967032967033
1746381022,200,GET,GET /pastes/:slug,132.300000,0.000000,40,44,47,48,53,57,66,72,86,87,87,23667,0,39,40.96792830100702,26.519400000324822,138.9791999990848,2910.1523217982844
1746381022,200,POST,POST /pastes,15.400000,0.000000,43,48,51,52,54,58,65,69,88,88,88,2588,0,42,43.60689640646819,30.20719999949506,123.97000000055414,2851.5857805255023
1746381022,200,,Aggregated,279.900000,0.000000,39,42,45,47,52,56,62,69,87,100,100,49915,0,38,39.885675544421915,25.990899999669637,138.9791999990848,1568.970990684163
1746381023,200,GET,GET /analytics/:slug,133.500000,0.000000,37,40,42,44,48,54,59,64,83,100,100,23800,0,37,38.39878926050268,25.990899999669637,128.80519999998796,87.0968487394958
1746381023,200,GET,GET /pastes/:slug,133.400000,0.000000,40,44,46,48,53,56,65,70,86,87,87,23804,0,39,40.97366461938885,26.519400000324822,138.9791999990848,2909.5460846916485
1746381023,200,POST,POST /pastes,15.300000,0.000000,42,48,51,52,54,58,65,69,88,88,88,2604,0,42,43.61503095235873,30.20719999949506,123.97000000055414,2850.3502304147464
1746381023,200,,Aggregated,282.200000,0.000000,39,42,45,47,51,55,61,68,87,100,100,50208,0,38,39.890093961118346,25.990899999669637,138.9791999990848,1568.5558476736776
1746381024,200,GET,GET /analytics/:slug,135.000000,0.000000,37,40,42,44,49,53,59,63,83,100,100,23932,0,37,38.400009000499814,25.990899999669637,128.80519999998796,87.0969831188367
1746381024,200,GET,GET /pastes/:slug,134.500000,0.000000,40,44,46,48,53,57,65,72,87,190,190,23940,0,39,40.98550580617918,26.519400000324822,194.35069999963162,2911.565162907268
1746381024,200,POST,POST /pastes,15.200000,0.000000,42,46,50,52,54,58,65,69,88,88,88,2620,0,42,43.6165058396722,30.20719999949506,123.97000000055414,2852.506106870229
1746381024,200,,Aggregated,284.700000,0.000000,39,42,45,47,51,56,61,69,88,190,190,50492,0,38,39.89656321199046,25.990899999669637,194.35069999963162,1569.7702804404657
1746381025,200,GET,GET /analytics/:slug,135.800000,0.000000,37,40,42,44,48,53,59,62,83,100,100,24067,0,37,38.3866445298523,25.990899999669637,128.80519999998796,87.09710391822829
1746381025,200,GET,GET /pastes/:slug,136.200000,0.000000,40,43,46,48,53,57,66,72,87,190,190,24069,0,39,40.97549661805343,26.519400000324822,194.35069999963162,2911.445884748016
1746381025,200,POST,POST /pastes,14.400000,0.000000,42,46,51,52,54,58,61,69,88,88,88,2635,0,42,43.61421373812007,30.20719999949506,123.97000000055414,2854.8148007590135
1746381025,200,,Aggregated,286.400000,0.000000,39,42,44,46,51,55,61,69,88,190,190,50771,0,38,39.88525054065942,25.990899999669637,194.35069999963162,1569.6794232928246
1746381026,200,GET,GET /analytics/:slug,136.300000,0.000000,37,40,42,44,49,53,59,64,83,100,100,24207,0,37,38.39247363159334,25.990899999669637,128.80519999998796,87.09703804684595
1746381026,200,GET,GET /pastes/:slug,135.700000,0.000000,40,44,46,48,53,57,66,72,87,190,190,24212,0,39,40.979469973563376,26.519400000324822,194.35069999963162,2910.8919131009416
1746381026,200,POST,POST /pastes,14.200000,0.000000,42,46,51,52,55,58,61,69,88,88,88,2647,0,42,43.61712572721709,30.20719999949506,123.97000000055414,2855.7374386097467
1746381026,200,,Aggregated,286.200000,0.000000,39,42,45,47,52,56,62,69,88,190,190,51066,0,38,39.889869345549506,25.990899999669637,194.35069999963162,1569.459327145263
1746381027,200,GET,GET /analytics/:slug,135.900000,0.000000,37,40,43,44,49,53,58,61,73,74,74,24336,0,37,38.396671803089205,25.990899999669637,128.80519999998796,87.09685239973702
1746381027,200,GET,GET /pastes/:slug,135.900000,0.000000,40,43,46,49,53,56,63,67,87,190,190,24338,0,39,40.98718080778663,26.519400000324822,194.35069999963162,2910.762346947161
1746381027,200,POST,POST /pastes,14.700000,0.000000,42,46,51,53,55,58,61,64,69,69,69,2663,0,42,43.640176943274426,30.20719999949506,123.97000000055414,2855.8257604205783
1746381027,200,,Aggregated,286.500000,0.000000,39,42,45,47,52,55,60,64,77,190,190,51337,0,38,39.89678404853849,25.990899999669637,194.35069999963162,1569.370765724526
1746381028,200,GET,GET /analytics/:slug,135.700000,0.000000,37,40,43,45,49,53,58,61,73,74,74,24465,0,37,38.39724435315705,25.990899999669637,128.80519999998796,87.09699570815451
1746381028,200,GET,GET /pastes/:slug,136.000000,0.000000,40,44,46,49,53,57,63,67,87,190,190,24468,0,39,40.99075181461139,26.519400000324822,194.35069999963162,2910.680398888344
1746381028,200,POST,POST /pastes,14.600000,0.000000,42,47,50,53,55,58,61,64,69,69,69,2677,0,42,43.62951639893356,30.20719999949506,123.97000000055414,2859.2726933134104
1746381028,200,,Aggregated,286.300000,0.000000,39,42,45,47,52,55,60,64,77,190,190,51610,0,38,39.898207981008255,25.990899999669637,194.35069999963162,1569.5335981398953
1746381029,200,GET,GET /analytics/:slug,136.100000,0.000000,37,40,42,44,48,52,57,59,73,74,74,24600,0,37,38.385020825202865,25.990899999669637,128.80519999998796,87.09727642276422
1746381029,200,GET,GET /pastes/:slug,135.900000,0.000000,40,43,46,48,53,56,62,66,87,190,190,24605,0,39,40.98544443811862,26.519400000324822,194.35069999963162,2910.0141841089207
1746381029,200,POST,POST /pastes,14.900000,0.000000,41,47,50,53,55,58,61,64,69,69,69,2691,0,42,43.61315540689279,30.20719999949506,123.97000000055414,2862.570419918246
1746381029,200,,Aggregated,286.900000,0.000000,38,42,44,46,51,55,59,63,77,190,190,51896,0,38,39.88903526090334,25.990899999669637,194.35069999963162,1569.420938029906
1746381030,200,GET,GET /analytics/:slug,134.600000,0.000000,37,39,42,43,48,51,55,58,62,73,73,24737,0,37,38.376803804017925,25.990899999669637,128.80519999998796,87.097344059506
1746381030,200,GET,GET /pastes/:slug,134.500000,0.000000,40,43,45,47,52,55,59,63,69,190,190,24747,0,39,40.98174583989611,26.519400000324822,194.35069999963162,2911.5588556188627
1746381030,200,POST,POST /pastes,14.600000,0.000000,41,46,49,51,55,57,61,61,64,64,64,2703,0,42,43.60518827227101,30.20719999949506,123.97000000055414,2864.264150943396
1746381030,200,,Aggregated,283.700000,0.000000,38,41,44,45,50,54,58,61,69,190,190,52187,0,38,39.88286515607033,25.990899999669637,194.35069999963162,1570.294901028992
1746381031,200,GET,GET /analytics/:slug,135.600000,0.000000,36,39,42,43,48,51,55,58,62,73,73,24881,0,37,38.366617856998865,25.990899999669637,128.80519999998796,87.09730316305615
1746381031,200,GET,GET /pastes/:slug,135.400000,0.000000,40,43,45,47,51,55,59,63,69,190,190,24890,0,39,40.975270124543954,26.519400000324822,194.35069999963162,2911.9864604258737
1746381031,200,POST,POST /pastes,14.100000,0.000000,41,47,49,52,55,57,61,64,68,68,68,2721,0,42,43.61145192941897,30.20719999949506,123.97000000055414,2865.682837192209
1746381031,200,,Aggregated,285.100000,0.000000,38,41,44,45,50,54,58,60,69,190,190,52492,0,38,39.875429646419086,25.990899999669637,194.35069999963162,1570.5999771393736
1746381032,200,GET,GET /analytics/:slug,134.900000,0.000000,36,39,41,43,47,51,55,58,61,73,73,25010,0,37,38.35977246701182,25.990899999669637,128.80519999998796,87.09740103958417
1746381032,200,GET,GET /pastes/:slug,134.900000,0.000000,39,42,45,46,51,54,58,63,69,190,190,25013,0,39,40.96639630591694,26.519400000324822,194.35069999963162,2911.695918122576
1746381032,200,POST,POST /pastes,14.600000,0.000000,41,44,48,50,55,58,61,64,68,68,68,2739,0,42,43.591163125208254,30.20719999949506,123.97000000055414,2861.1591821832785
1746381032,200,,Aggregated,284.400000,0.000000,38,41,43,45,50,53,57,60,69,190,190,52762,0,38,39.867074333797106,25.990899999669637,194.35069999963162,1570.1692695500549
1746381033,200,GET,GET /analytics/:slug,134.700000,0.000000,36,38,41,43,47,51,55,58,61,73,73,25154,0,37,38.35730197980318,25.990899999669637,128.80519999998796,87.09740001590204
1746381033,200,GET,GET /pastes/:slug,135.000000,0.000000,39,42,45,46,51,53,57,62,69,74,74,25157,0,39,40.963411650829165,26.519400000324822,194.35069999963162,2911.1182573438805
1746381033,200,POST,POST /pastes,14.600000,0.000000,41,44,48,50,55,59,64,66,68,68,68,2750,0,42,43.59582029088977,30.20719999949506,123.97000000055414,2864.938909090909
1746381033,200,,Aggregated,284.300000,0.000000,38,41,43,45,50,53,57,60,69,74,74,53061,0,38,39.86439431408791,25.990899999669637,194.35069999963162,1569.9747837394696
1746381034,200,GET,GET /analytics/:slug,134.400000,0.000000,36,39,41,43,48,52,55,57,61,73,73,25291,0,37,38.35408092206629,25.990899999669637,128.80519999998796,87.09726780277569
1746381034,200,GET,GET /pastes/:slug,134.800000,0.000000,39,42,45,46,51,53,57,62,69,74,74,25300,0,39,40.955524055332354,26.519400000324822,194.35069999963162,2911.3935177865615
1746381034,200,POST,POST /pastes,15.000000,0.000000,41,43,47,49,54,57,64,66,68,68,68,2768,0,42,43.58527546963349,30.20719999949506,123.97000000055414,2865.288656069364
1746381034,200,,Aggregated,284.200000,0.000000,38,41,43,45,50,53,57,59,69,74,74,53359,0,38,39.858915303881744,25.990899999669637,194.35069999963162,1570.3471204482842
1746381035,200,GET,GET /analytics/:slug,134.800000,0.000000,36,39,41,43,47,51,55,57,61,61,61,25436,0,37,38.350342078155734,25.990899999669637,128.80519999998796,87.09742097814122
1746381035,200,GET,GET /pastes/:slug,134.600000,0.000000,39,42,44,46,50,53,57,61,69,74,74,25442,0,39,40.95115926420538,26.519400000324822,194.35069999963162,2911.4101092681394
1746381035,200,POST,POST /pastes,14.500000,0.000000,41,43,47,49,54,57,64,66,68,68,68,2777,0,42,43.571011811288166,30.20719999949506,123.97000000055414,2865.1386388188694
1746381035,200,,Aggregated,283.900000,0.000000,38,41,43,45,50,53,57,59,68,74,74,53655,0,38,39.853795450560455,25.990899999669637,194.35069999963162,1570.1052278445625
1746381036,200,GET,GET /analytics/:slug,135.400000,0.000000,36,38,40,42,47,51,55,56,61,61,61,25579,0,37,38.34396246921184,25.990899999669637,128.80519999998796,87.09734547871301
1746381036,200,GET,GET /pastes/:slug,135.400000,0.000000,39,41,44,46,50,53,56,59,65,74,74,25582,0,39,40.94333863262859,26.519400000324822,194.35069999963162,2911.7081150809163
1746381036,200,POST,POST /pastes,14.700000,0.000000,41,42,45,48,52,54,62,66,68,68,68,2796,0,42,43.56205475677518,30.20719999949506,123.97000000055414,2863.3948497854076
1746381036,200,,Aggregated,285.500000,0.000000,37,40,42,44,49,52,55,58,66,74,74,53957,0,38,39.846770761899485,25.990899999669637,194.35069999963162,1570.1620179031452
1746381037,200,GET,GET /analytics/:slug,135.900000,0.000000,36,38,40,42,47,51,54,55,61,61,61,25701,0,37,38.340654608769114,25.990899999669637,128.80519999998796,87.09727247967005
1746381037,200,GET,GET /pastes/:slug,136.500000,0.000000,39,41,44,45,50,53,56,58,69,74,74,25706,0,39,40.94389701625705,26.519400000324822,194.35069999963162,2912.219170621645
1746381037,200,POST,POST /pastes,14.300000,0.000000,41,43,45,47,51,54,62,66,68,68,68,2817,0,42,43.55130834218906,30.20719999949506,123.97000000055414,2864.5189918352858
1746381037,200,,Aggregated,286.700000,0.000000,37,40,42,44,49,52,55,57,68,74,74,54224,0,38,39.84547463115628,25.990899999669637,194.35069999963162,1570.6945817350252
1746381038,200,GET,GET /analytics/:slug,136.300000,0.000000,36,38,40,42,47,51,54,55,61,61,61,25839,0,37,38.33423846897997,25.990899999669637,128.80519999998796,87.09717868338558
1746381038,200,GET,GET /pastes/:slug,136.400000,0.000000,38,41,43,45,50,53,56,58,69,74,74,25841,0,39,40.93129426105421,26.519400000324822,194.35069999963162,2911.8648272125693
1746381038,200,POST,POST /pastes,14.500000,0.000000,41,43,45,48,52,55,62,66,68,68,68,2826,0,42,43.54949009198334,30.20719999949506,123.97000000055414,2865.1560509554142
1746381038,200,,Aggregated,287.200000,0.000000,37,40,42,44,49,52,55,57,68,74,74,54506,0,38,39.83588635746186,25.990899999669637,194.35069999963162,1570.339669027263
1746381039,200,GET,GET /analytics/:slug,135.300000,0.000000,36,38,40,42,48,51,54,56,61,63,63,25980,0,37,38.33582169360976,25.990899999669637,128.80519999998796,87.09715165511932
1746381039,200,GET,GET /pastes/:slug,135.500000,0.000000,38,41,43,45,50,53,57,59,69,74,74,25984,0,39,40.92829196043269,26.519400000324822,194.35069999963162,2912.5434113300494
1746381039,200,POST,POST /pastes,15.100000,0.000000,41,43,46,49,52,55,62,66,68,68,68,2836,0,42,43.5549639633087,30.20719999949506,123.97000000055414,2864.0782792665727
1746381039,200,,Aggregated,285.900000,0.000000,37,40,42,44,49,52,55,58,68,74,74,54800,0,38,39.83516904561693,25.990899999669637,194.35069999963162,1570.5262408759124
1746381040,200,GET,GET /analytics/:slug,137.400000,0.000000,36,39,41,43,48,52,55,57,63,64,64,26109,0,37,38.349452748093654,25.990899999669637,128.80519999998796,87.09716955838982
1746381040,200,GET,GET /pastes/:slug,137.300000,0.000000,39,42,44,46,51,54,58,60,72,74,74,26115,0,39,40.94661913459236,26.519400000324822,194.35069999963162,2913.22454528049
1746381040,200,POST,POST /pastes,15.000000,0.000000,42,44,46,48,52,55,60,62,66,66,66,2849,0,42,43.5628694629498,30.20719999949506,123.97000000055414,2866.7416637416636
1746381040,200,,Aggregated,289.700000,0.000000,38,41,43,45,50,53,57,59,69,74,74,55073,0,38,39.85069699489401,25.990899999669637,194.35069999963162,1571.0098596408404
1746381041,200,GET,GET /analytics/:slug,137.300000,0.000000,36,39,41,43,49,52,56,60,79,85,85,26244,0,37,38.35465230147762,25.990899999669637,128.80519999998796,87.09720317024843
1746381041,200,GET,GET /pastes/:slug,137.600000,0.000000,39,42,45,46,51,55,58,62,81,86,86,26255,0,39,40.953549601975965,26.519400000324822,194.35069999963162,2912.7583698343174
1746381041,200,POST,POST /pastes,14.800000,0.000000,42,45,47,50,55,58,65,66,75,75,75,2864,0,42,43.59690412009223,30.20719999949506,123.97000000055414,2870.141759776536
1746381041,200,,Aggregated,289.700000,0.000000,38,41,43,45,50,54,58,62,81,86,86,55363,0,38,39.85832547368825,25.990899999669637,194.35069999963162,1571.0914509690588
1746381042,200,GET,GET /analytics/:slug,136.800000,0.000000,36,39,41,43,49,52,56,59,79,85,85,26379,0,37,38.34795741309316,25.990899999669637,128.80519999998796,87.09742598278935
1746381042,200,GET,GET /pastes/:slug,136.700000,0.000000,39,42,45,46,51,55,58,62,81,86,86,26381,0,39,40.94815604790892,26.519400000324822,194.35069999963162,2911.859482203101
1746381042,200,POST,POST /pastes,14.400000,0.000000,42,45,47,50,53,57,62,65,75,75,75,2888,0,42,43.59150564402419,30.20719999949506,123.97000000055414,2873.562673130194
1746381042,200,,Aggregated,287.900000,0.000000,38,41,43,45,50,54,58,61,81,86,86,55648,0,38,39.85275915755841,25.990899999669637,194.35069999963162,1570.84094666475
1746381043,200,GET,GET /analytics/:slug,136.400000,0.000000,36,39,41,43,49,52,56,60,79,85,85,26512,0,37,38.346252783644964,25.990899999669637,128.80519999998796,87.09746529873264
1746381043,200,GET,GET /pastes/:slug,136.200000,0.000000,39,42,45,46,51,55,58,62,81,86,86,26520,0,39,40.94799420436982,26.519400000324822,194.35069999963162,2913.836123680241
1746381043,200,POST,POST /pastes,14.600000,0.000000,42,45,49,50,53,59,65,68,75,75,75,2903,0,42,43.604780571801946,30.20719999949506,123.97000000055414,2876.2986565621773
1746381043,200,,Aggregated,287.200000,0.000000,38,41,43,45,50,54,58,62,81,86,86,55935,0,38,39.85271007597796,25.990899999669637,194.35069999963162,1572.073960847412
1746381044,200,GET,GET /analytics/:slug,136.300000,0.000000,36,39,41,43,49,52,56,60,79,85,85,26641,0,37,38.3440005142449,25.990899999669637,128.80519999998796,87.09740625351901
1746381044,200,GET,GET /pastes/:slug,136.100000,0.000000,39,42,45,46,51,55,58,62,81,86,86,26645,0,39,40.94322139237692,26.519400000324822,194.35069999963162,2912.7623569149932
1746381044,200,POST,POST /pastes,14.800000,0.000000,42,45,49,50,53,58,62,68,75,75,75,2925,0,42,43.57693507690363,30.20719999949506,123.97000000055414,2876.999316239316
1746381044,200,,Aggregated,287.200000,0.000000,38,41,43,45,51,54,58,62,81,86,86,56211,0,38,39.84837819643526,25.990899999669637,194.35069999963162,1571.687712369465
1746381045,200,GET,GET /analytics/:slug,135.700000,0.000000,37,40,42,44,49,52,57,61,79,85,85,26773,0,37,38.3492995032308,25.990899999669637,128.80519999998796,87.09744892242185
1746381045,200,GET,GET /pastes/:slug,135.300000,0.000000,39,43,45,47,52,55,59,62,81,86,86,26777,0,39,40.95062619411728,26.519400000324822,194.35069999963162,2913.4556522388616
1746381045,200,POST,POST /pastes,15.400000,0.000000,42,45,49,50,55,58,67,68,75,75,75,2939,0,42,43.5850087444517,30.20719999949506,123.97000000055414,2882.045253487581
1746381045,200,,Aggregated,286.400000,0.000000,38,41,44,46,51,54,58,62,81,86,86,56489,0,38,39.854786841682845,25.990899999669637,194.35069999963162,1572.2670431411425
1746381046,200,GET,GET /analytics/:slug,134.700000,0.000000,37,40,42,44,49,53,58,63,82,85,85,26906,0,37,38.35993339032182,25.990899999669637,128.80519999998796,87.09730171708912
1746381046,200,GET,GET /pastes/:slug,134.800000,0.000000,39,43,45,48,52,55,60,64,84,86,86,26913,0,39,40.959928770477774,26.519400000324822,194.35069999963162,2913.6962062943558
1746381046,200,POST,POST /pastes,15.800000,0.000000,43,47,50,51,56,60,67,68,75,75,75,2963,0,42,43.6033095173621,30.20719999949506,123.97000000055414,2881.826864664192
1746381046,200,,Aggregated,285.300000,0.000000,38,42,44,46,51,55,60,64,84,86,86,56782,0,38,39.865864832161854,25.990899999669637,194.35069999963162,1572.6568102567715
1746381047,200,GET,GET /analytics/:slug,133.000000,0.000000,37,40,42,44,50,53,58,63,82,85,85,27044,0,37,38.35903206626272,25.990899999669637,128.80519999998796,87.09721195089483
1746381047,200,GET,GET /pastes/:slug,132.800000,0.000000,39,43,46,48,52,56,60,64,84,86,86,27048,0,39,40.953385566395,26.519400000324822,194.35069999963162,2913.4509390712806
1746381047,200,POST,POST /pastes,16.300000,0.000000,42,45,50,51,56,60,65,68,75,75,75,2981,0,42,43.596826333424325,30.20719999949506,123.97000000055414,2881.960415967796
1746381047,200,,Aggregated,282.100000,0.000000,39,42,45,46,51,55,60,64,84,86,86,57073,0,38,39.862123513742134,25.990899999669637,194.35069999963162,1572.540465719342
1746381048,200,GET,GET /analytics/:slug,133.000000,0.000000,37,40,43,45,50,54,58,64,82,85,85,27178,0,37,38.367638946942535,25.990899999669637,128.80519999998796,87.09706380160424
1746381048,200,GET,GET /pastes/:slug,132.900000,0.000000,40,43,46,48,52,56,61,66,84,86,86,27187,0,39,40.9656799315798,26.519400000324822,194.35069999963162,2913.6640306028617
1746381048,200,POST,POST /pastes,16.500000,0.000000,42,45,49,51,56,61,65,68,75,75,75,2993,0,42,43.606238690257854,30.20719999949506,123.97000000055414,2883.0046775810224
1746381048,200,,Aggregated,282.400000,0.000000,39,42,45,47,52,56,61,65,84,86,86,57358,0,38,39.87243460371377,25.990899999669637,194.35069999963162,1572.7490672617594
1746381049,200,GET,GET /analytics/:slug,134.500000,0.000000,37,40,42,44,49,53,57,63,82,85,85,27312,0,37,38.36078499560671,25.990899999669637,128.80519999998796,87.09713678968951
1746381049,200,GET,GET /pastes/:slug,134.500000,0.000000,39,43,46,48,52,56,62,67,84,86,86,27318,0,39,40.96468475729781,26.519400000324822,194.35069999963162,2913.3950142763015
1746381049,200,POST,POST /pastes,16.200000,0.000000,42,45,49,51,56,61,65,68,75,75,75,3006,0,42,43.593294211559616,30.20719999949506,123.97000000055414,2883.069527611444
1746381049,200,,Aggregated,285.200000,0.000000,38,42,44,46,51,55,61,65,84,86,86,57636,0,38,39.86786835310963,25.990899999669637,194.35069999963162,1572.514209868832
1746381050,200,GET,GET /analytics/:slug,133.700000,0.000000,37,40,42,44,49,52,56,58,71,82,82,27455,0,37,38.36187313057825,25.990899999669637,128.80519999998796,87.0973228920051
1746381050,200,GET,GET /pastes/:slug,133.800000,0.000000,39,43,46,48,52,55,60,64,84,84,84,27462,0,39,40.966562628354325,26.519400000324822,194.35069999963162,2913.211637899643
1746381050,200,POST,POST /pastes,16.300000,0.000000,42,45,49,49,54,59,65,67,68,68,68,3017,0,42,43.595986410322205,30.20719999949506,123.97000000055414,2884.4825986078886
1746381050,200,,Aggregated,283.800000,0.000000,38,42,44,46,51,54,58,63,82,84,84,57934,0,38,39.869127985290945,25.990899999669637,194.35069999963162,1572.4161804812372
1746381051,200,GET,GET /analytics/:slug,131.900000,0.000000,37,40,42,44,49,53,56,61,75,82,82,27599,0,37,38.36467372006332,25.990899999669637,128.80519999998796,87.09728613355557
1746381051,200,GET,GET /pastes/:slug,132.100000,0.000000,40,43,46,48,52,56,60,65,84,84,84,27604,0,39,40.97364658020105,26.519400000324822,194.35069999963162,2913.8763222721345
1746381051,200,POST,POST /pastes,16.900000,0.000000,42,45,48,49,54,58,65,67,68,68,68,3026,0,42,43.59714573692704,30.20719999949506,123.97000000055414,2882.593853271646
1746381051,200,,Aggregated,280.900000,0.000000,39,42,44,46,51,54,59,64,82,84,84,58229,0,38,39.873398705109985,25.990899999669637,194.35069999963162,1572.4324477494033
1746381052,200,GET,GET /analytics/:slug,133.000000,0.000000,37,40,42,44,49,53,56,61,75,82,82,27738,0,37,38.36582822481918,25.990899999669637,128.80519999998796,87.09726728675463
1746381052,200,GET,GET /pastes/:slug,133.600000,0.000000,40,43,46,48,52,57,60,65,84,84,84,27740,0,39,40.97768087238126,26.519400000324822,194.35069999963162,2913.3660778658978
1746381052,200,POST,POST /pastes,16.800000,0.000000,42,45,46,49,55,61,65,67,68,68,68,3039,0,42,43.591714149369835,30.20719999949506,123.97000000055414,2878.850279697269
1746381052,200,,Aggregated,283.400000,0.000000,39,42,45,46,51,55,60,64,82,84,84,58517,0,38,39.87537689901793,25.990899999669637,194.35069999963162,1571.8766341405062
1746381053,200,GET,GET /analytics/:slug,134.500000,0.000000,38,40,42,44,49,53,56,61,75,82,82,27874,0,37,38.36955524144478,25.990899999669637,128.80519999998796,87.09715146731722
1746381053,200,GET,GET /pastes/:slug,134.800000,0.000000,40,44,46,48,53,57,62,67,84,84,84,27879,0,39,40.98696571253813,26.519400000324822,194.35069999963162,2913.3132465296458
1746381053,200,POST,POST /pastes,16.400000,0.000000,43,45,48,49,56,61,66,67,74,74,74,3047,0,42,43.61331824743483,30.20719999949506,123.97000000055414,2880.0173941581884
1746381053,200,,Aggregated,285.700000,0.000000,39,42,45,47,51,55,60,65,82,84,84,58800,0,38,39.882285384350794,25.990899999669637,194.35069999963162,1571.8268537414965
1746381054,200,GET,GET /analytics/:slug,134.900000,0.000000,37,40,42,44,48,52,55,60,75,82,82,28014,0,37,38.362365795674606,25.990899999669637,128.80519999998796,87.09720139930035
1746381054,200,GET,GET /pastes/:slug,135.000000,0.000000,40,43,46,48,52,57,61,67,84,84,84,28019,0,39,40.97793024018854,26.519400000324822,194.35069999963162,2913.3441950105284
1746381054,200,POST,POST /pastes,15.200000,0.000000,43,45,48,49,55,61,65,66,74,74,74,3063,0,42,43.61104750242773,30.20719999949506,123.97000000055414,2880.9366634018934
1746381054,200,,Aggregated,285.100000,0.000000,39,42,44,46,51,55,60,64,82,84,84,59096,0,38,39.87451910958121,25.990899999669637,194.35069999963162,1571.9040374983078
1746381055,200,GET,GET /analytics/:slug,135.700000,0.000000,37,40,42,44,48,51,55,56,70,75,75,28150,0,37,38.359454017763504,25.990899999669637,128.80519999998796,87.09705150976909
1746381055,200,GET,GET /pastes/:slug,136.000000,0.000000,39,43,45,47,52,56,60,64,82,84,84,28159,0,39,40.96930676514906,26.519400000324822,194.35069999963162,2913.240136368479
1746381055,200,POST,POST /pastes,14.700000,0.000000,43,45,48,49,54,56,62,66,74,74,74,3076,0,42,43.60169869958958,30.20719999949506,123.97000000055414,2880.6752275682707
1746381055,200,,Aggregated,286.400000,0.000000,38,42,44,46,50,54,58,62,75,84,84,59385,0,38,39.868521764752316,25.990899999669637,194.35069999963162,1571.8896691083607
1746381056,200,GET,GET /analytics/:slug,137.100000,0.000000,37,40,42,44,48,51,55,58,70,75,75,28282,0,37,38.3587373382373,25.990899999669637,128.80519999998796,87.09709355773991
1746381056,200,GET,GET /pastes/:slug,137.400000,0.000000,40,43,46,48,52,56,62,68,84,85,85,28289,0,39,40.97757294707594,26.519400000324822,194.35069999963162,2912.9238573297043
1746381056,200,POST,POST /pastes,13.500000,0.000000,42,45,48,49,54,61,66,70,74,74,74,3092,0,42,43.611553428182674,30.20719999949506,123.97000000055414,2879.7529107373866
1746381056,200,,Aggregated,288.000000,0.000000,38,42,44,46,50,54,59,65,83,85,85,59663,0,38,39.87267307543706,25.990899999669637,194.35069999963162,1571.6805893099577
1746381057,200,GET,GET /analytics/:slug,137.000000,0.000000,37,39,42,44,48,51,54,57,70,75,75,28423,0,37,38.35773280793792,25.990899999669637,128.80519999998796,87.09699890933399
1746381057,200,GET,GET /pastes/:slug,137.000000,0.000000,39,43,45,47,52,56,60,67,84,85,85,28428,0,39,40.973441202329624,26.519400000324822,194.35069999963162,2912.3706556915718
1746381057,200,POST,POST /pastes,13.500000,0.000000,42,45,48,49,54,61,66,70,74,74,74,3107,0,42,43.59600823944029,30.20719999949506,123.97000000055414,2877.62793691664
1746381057,200,,Aggregated,287.500000,0.000000,38,42,44,46,50,54,58,64,83,85,85,59958,0,38,39.869368953263795,25.990899999669637,194.35069999963162,1571.2535608259116
1746381058,200,GET,GET /analytics/:slug,137.200000,0.000000,37,39,42,44,48,51,54,57,70,75,75,28548,0,37,38.349527073700976,25.990899999669637,128.80519999998796,87.09685442062491
1746381058,200,GET,GET /pastes/:slug,137.100000,0.000000,39,43,45,47,51,55,60,66,83,85,85,28553,0,39,40.96351959163032,26.439199999003904,194.35069999963162,2912.5591356424893
1746381058,200,POST,POST /pastes,13.200000,0.000000,42,45,47,49,53,56,66,70,74,74,74,3123,0,42,43.57756125518487,30.20719999949506,123.97000000055414,2878.457893051553
1746381058,200,,Aggregated,287.500000,0.000000,38,41,44,45,50,54,58,63,83,85,85,60224,0,38,39.85996276567123,25.990899999669637,194.35069999963162,1571.4360719978747
1746381059,200,GET,GET /analytics/:slug,136.800000,0.000000,37,39,42,43,48,51,54,58,70,75,75,28682,0,37,38.35068726030303,25.990899999669637,128.80519999998796,87.0968551704902
1746381059,200,GET,GET /pastes/:slug,137.000000,0.000000,39,43,45,47,52,56,60,66,83,85,85,28693,0,39,40.96924339385314,26.439199999003904,194.35069999963162,2912.3888056320357
1746381059,200,POST,POST /pastes,12.800000,0.000000,42,45,47,48,54,61,66,70,74,74,74,3141,0,42,43.57996867237843,30.20719999949506,123.97000000055414,2877.9184972938556
1746381059,200,,Aggregated,286.600000,0.000000,38,41,44,46,50,54,59,65,83,85,85,60516,0,38,39.863665713196205,25.990899999669637,194.35069999963162,1571.5319254412057
1746381060,200,GET,GET /analytics/:slug,136.900000,0.000000,37,39,42,43,48,51,55,60,70,77,77,28816,0,37,38.35943991532558,25.990899999669637,128.80519999998796,87.09685591338146
1746381060,200,GET,GET /pastes/:slug,136.600000,0.000000,39,43,45,47,52,56,60,67,83,85,85,28824,0,39,40.98279215583649,26.439199999003904,194.35069999963162,2912.305613377741
1746381060,200,POST,POST /pastes,12.600000,0.000000,42,45,47,48,53,56,66,70,74,74,74,3163,0,42,43.57199282325215,30.20719999949506,123.97000000055414,2874.690483717989
1746381060,200,,Aggregated,286.100000,0.000000,38,42,44,46,50,54,59,66,83,85,85,60803,0,38,39.87421401904179,25.990899999669637,194.35069999963162,1571.4146670394553
1746381061,200,GET,GET /analytics/:slug,137.600000,0.000000,37,40,43,44,49,52,56,63,70,77,77,28951,0,37,38.37520388933074,25.990899999669637,128.80519999998796,87.09668059825222
1746381061,200,GET,GET /pastes/:slug,137.200000,0.000000,40,43,46,48,53,57,61,68,83,85,85,28956,0,39,41.00010112929359,26.439199999003904,194.35069999963162,2912.3397223373395
1746381061,200,POST,POST /pastes,13.100000,0.000000,42,45,47,48,54,58,66,70,74,74,74,3181,0,42,43.58104196791667,30.20719999949506,123.97000000055414,2877.4621188305564
1746381061,200,,Aggregated,287.900000,0.000000,39,42,45,46,51,54,60,66,83,85,85,61088,0,38,39.89049814365797,25.990899999669637,194.35069999963162,1571.5762833944473
1746381062,200,GET,GET /analytics/:slug,136.300000,0.000000,37,40,43,44,48,51,56,60,69,77,77,29085,0,37,38.36856930032677,25.990899999669637,128.80519999998796,87.09675090252708
1746381062,200,GET,GET /pastes/:slug,135.400000,0.000000,39,43,45,47,52,56,60,66,83,85,85,29087,0,39,40.99262441296211,26.439199999003904,194.35069999963162,2912.5443325196825
1746381062,200,POST,POST /pastes,14.200000,0.000000,42,45,47,48,53,57,61,65,70,70,70,3197,0,42,43.57226093210733,30.20719999949506,123.97000000055414,2876.4713794182044
1746381062,200,,Aggregated,285.900000,0.000000,38,42,44,46,50,54,59,63,83,85,85,61369,0,38,39.88337471035505,25.990899999669637,194.35069999963162,1571.5828023920872
1746381063,200,GET,GET /analytics/:slug,134.900000,0.000000,37,40,43,45,49,53,63,77,120,130,130,29212,0,37,38.408646491167744,25.990899999669637,128.80519999998796,87.09656990277968
1746381063,200,GET,GET /pastes/:slug,134.500000,0.000000,40,44,47,49,54,59,78,98,140,140,140,29231,0,39,41.05530695493873,26.439199999003904,194.35069999963162,2912.186924840067
1746381063,200,POST,POST /pastes,14.800000,0.000000,42,45,47,49,57,65,70,100,120,120,120,3216,0,42,43.669039800977416,30.20719999949506,123.97000000055414,2875.364116915423
1746381063,200,,Aggregated,284.200000,0.000000,39,42,45,47,52,57,68,94,140,140,140,61659,0,38,39.937733192230695,25.990899999669637,194.35069999963162,1571.8317196191958
1746381064,200,GET,GET /analytics/:slug,135.100000,0.000000,37,41,44,46,51,63,100,120,140,140,140,29354,0,37,38.49308860461954,25.990899999669637,139.7938999998587,87.09654561558902
1746381064,200,GET,GET /pastes/:slug,135.200000,0.000000,40,44,48,50,56,68,120,130,160,180,180,29361,0,39,41.13225105070768,26.439199999003904,194.35069999963162,2911.3007390756447
1746381064,200,POST,POST /pastes,16.000000,0.000000,42,45,49,51,59,69,120,130,130,130,130,3236,0,42,43.76089521011675,30.20719999949506,129.36919999992824,2874.4493201483315
1746381064,200,,Aggregated,286.300000,0.000000,39,43,46,48,54,66,110,130,150,180,180,61951,0,38,40.019053815108194,25.990899999669637,194.35069999963162,1571.1941857274298
1746381065,200,GET,GET /analytics/:slug,134.200000,0.000000,38,41,44,47,51,63,100,120,140,140,140,29496,0,37,38.48818835774326,25.990899999669637,139.7938999998587,87.09652156224573
1746381065,200,GET,GET /pastes/:slug,134.200000,0.000000,41,45,48,50,56,68,110,130,160,180,180,29499,0,39,41.129557300241075,26.439199999003904,194.35069999963162,2910.5104240821724
1746381065,200,POST,POST /pastes,16.300000,0.000000,42,45,48,51,59,69,120,130,130,130,130,3248,0,42,43.74964759850415,30.20719999949506,129.36919999992824,2875.492918719212
1746381065,200,,Aggregated,284.700000,0.000000,39,43,46,48,54,66,110,130,150,180,180,62243,0,38,40.01457625756714,25.990899999669637,194.35069999963162,1570.7107144578506
1746381066,200,GET,GET /analytics/:slug,133.500000,0.000000,37,41,43,46,51,62,100,120,140,140,140,29632,0,37,38.47744331465937,25.990899999669637,139.7938999998587,87.09638228941685
1746381066,200,GET,GET /pastes/:slug,133.500000,0.000000,40,44,48,49,55,65,110,130,160,180,180,29641,0,39,41.121664400654915,26.439199999003904,194.35069999963162,2910.303970851186
1746381066,200,POST,POST /pastes,17.100000,0.000000,42,45,48,51,61,69,120,130,130,130,130,3263,0,42,43.75821599753093,30.20719999949506,129.36919999992824,2873.8240882623354
1746381066,200,,Aggregated,284.100000,0.000000,39,43,46,48,54,65,110,130,150,180,180,62536,0,38,40.0062989893781,25.990899999669637,194.35069999963162,1570.6544710246899
1746381067,200,GET,GET /analytics/:slug,135.200000,0.000000,38,41,44,47,51,63,100,120,140,140,140,29762,0,37,38.487019309857395,25.990899999669637,139.7938999998587,87.09643169141859
1746381067,200,GET,GET /pastes/:slug,134.900000,0.000000,41,45,48,50,57,66,110,130,160,180,180,29778,0,39,41.13586205587358,26.439199999003904,194.35069999963162,2910.381221035664
1746381067,200,POST,POST /pastes,17.100000,0.000000,42,45,49,51,61,67,120,130,130,130,130,3282,0,42,43.7630204448321,30.20719999949506,129.36919999992824,2872.6352833638025
1746381067,200,,Aggregated,287.200000,0.000000,40,43,47,49,55,66,110,130,150,180,180,62822,0,38,40.01821976536447,25.990899999669637,194.35069999963162,1570.87461398873
1746381068,200,GET,GET /analytics/:slug,134.500000,0.000000,38,42,45,47,52,63,100,120,140,140,140,29913,0,37,38.49611852037462,25.990899999669637,139.7938999998587,87.09644636111389
1746381068,200,GET,GET /pastes/:slug,134.500000,0.000000,41,45,48,50,57,67,110,130,160,180,180,29920,0,39,41.143253592908216,26.439199999003904,194.35069999963162,2910.1817513368983
1746381068,200,POST,POST /pastes,17.100000,0.000000,42,46,50,53,62,68,120,130,130,130,130,3297,0,42,43.765245040928676,30.20719999949506,129.36919999992824,2873.0539884743707
1746381068,200,,Aggregated,286.100000,0.000000,40,44,47,49,55,66,110,130,150,180,180,63130,0,38,40.025891869154584,25.990899999669637,194.35069999963162,1570.5752098843657
1746381069,200,GET,GET /analytics/:slug,134.700000,0.000000,38,41,44,46,52,62,100,120,140,140,140,30039,0,37,38.49181801990637,25.990899999669637,139.7938999998587,87.09657445321082
1746381069,200,GET,GET /pastes/:slug,134.900000,0.000000,41,45,48,50,56,67,110,130,160,180,180,30041,0,39,41.143177191166096,26.439199999003904,194.35069999963162,2909.996571352485
1746381069,200,POST,POST /pastes,17.200000,0.000000,42,46,50,53,62,69,120,130,130,130,130,3313,0,42,43.757109357061175,30.20719999949506,129.36919999992824,2872.8759432538486
1746381069,200,,Aggregated,286.800000,0.000000,40,43,47,49,55,66,110,130,150,180,180,63393,0,38,40.023428624607426,25.990899999669637,194.35069999963162,1570.415329768271
1746381070,200,GET,GET /analytics/:slug,134.100000,0.000000,37,41,44,46,51,60,100,120,140,140,140,30171,0,37,38.492327118755284,25.990899999669637,139.7938999998587,87.09661595571907
1746381070,200,GET,GET /pastes/:slug,134.700000,0.000000,40,44,48,49,55,66,110,130,160,180,180,30175,0,39,41.14434958408683,26.439199999003904,194.35069999963162,2910.7384589892295
1746381070,200,POST,POST /pastes,17.900000,0.000000,42,46,50,54,62,69,120,130,130,130,130,3326,0,42,43.763887612731544,30.20719999949506,129.36919999992824,2872.928442573662
1746381070,200,,Aggregated,286.700000,0.000000,39,43,46,48,54,65,110,130,150,180,180,63672,0,38,40.02452318758225,25.990899999669637,194.35069999963162,1570.7796990827994
1746381071,200,GET,GET /analytics/:slug,135.200000,0.000000,37,41,44,46,51,60,100,120,140,140,140,30310,0,37,38.48894128340382,25.990899999669637,139.7938999998587,87.09663477400198
1746381071,200,GET,GET /pastes/:slug,135.400000,0.000000,40,44,47,49,55,67,110,130,160,180,180,30315,0,39,41.13853877947598,26.439199999003904,194.35069999963162,2911.061025894772
1746381071,200,POST,POST /pastes,17.000000,0.000000,42,45,50,54,62,69,120,130,130,130,130,3338,0,42,43.748937177933556,30.20719999949506,129.36919999992824,2871.516776512882
1746381071,200,,Aggregated,287.600000,0.000000,39,43,46,48,54,65,110,130,150,180,180,63963,0,38,40.019207443361594,25.990899999669637,194.35069999963162,1570.811828713475
1746381072,200,GET,GET /analytics/:slug,135.300000,0.000000,37,40,43,46,51,59,100,120,140,140,140,30439,0,37,38.4829626334624,25.990899999669637,139.7938999998587,87.09658661585466
1746381072,200,GET,GET /pastes/:slug,135.700000,0.000000,40,44,47,49,55,66,110,130,160,180,180,30442,0,39,41.13459074633096,26.439199999003904,194.35069999963162,2910.4505617239342
1746381072,200,POST,POST /pastes,16.700000,0.000000,41,44,49,50,61,68,120,130,130,130,130,3365,0,42,43.72774760770822,30.20719999949506,129.36919999992824,2870.2303120356614
1746381072,200,,Aggregated,287.700000,0.000000,39,42,46,48,53,64,110,130,150,180,180,64246,0,38,40.01410176197304,25.990899999669637,194.35069999963162,1570.672010708838
1746381073,200,GET,GET /analytics/:slug,135.600000,0.000000,37,39,42,44,49,52,55,58,67,74,74,30583,0,37,38.474345508941546,25.618700001359684,139.7938999998587,87.09668770231828
1746381073,200,GET,GET /pastes/:slug,136.000000,0.000000,39,43,45,47,51,55,60,65,70,73,73,30589,0,39,41.123680228180426,26.439199999003904,194.35069999963162,2911.2852986367648
1746381073,200,POST,POST /pastes,16.400000,0.000000,41,44,46,49,56,60,65,66,68,68,68,3377,0,42,43.7299601421194,30.20719999949506,129.36919999992824,2870.3979863784425
1746381073,200,,Aggregated,288.000000,0.000000,38,41,44,46,50,54,58,62,70,74,74,64549,0,38,40.0047907574048,25.618700001359684,194.35069999963162,1571.0594741978962
1746381074,200,GET,GET /analytics/:slug,135.200000,0.000000,36,39,41,43,48,52,55,58,67,74,74,30727,0,37,38.46484554951528,25.618700001359684,139.7938999998587,87.09665766264197
1746381074,200,GET,GET /pastes/:slug,135.100000,0.000000,39,42,45,47,51,55,59,65,70,73,73,30727,0,39,41.11197496338091,26.439199999003904,194.35069999963162,2911.391024180688
1746381074,200,POST,POST /pastes,16.400000,0.000000,41,43,46,49,55,60,65,66,68,68,68,3388,0,42,43.716188901988744,30.20719999949506,129.36919999992824,2871.9881936245574
1746381074,200,,Aggregated,286.700000,0.000000,38,41,44,45,50,53,58,62,70,74,74,64842,0,38,39.99363702383816,25.618700001359684,194.35069999963162,1570.9698497887173
1746381075,200,GET,GET /analytics/:slug,134.900000,0.000000,36,39,41,44,48,52,55,58,67,74,74,30858,0,37,38.4552158111332,25.618700001359684,139.7938999998587,87.09650657852097
1746381075,200,GET,GET /pastes/:slug,134.900000,0.000000,39,43,45,47,51,55,59,65,70,73,73,30860,0,39,41.10546189565173,26.439199999003904,194.35069999963162,2911.745366169799
1746381075,200,POST,POST /pastes,16.000000,0.000000,41,44,46,49,55,60,65,66,68,68,68,3407,0,42,43.709170296431026,30.20719999949506,129.36919999992824,2871.8855297916057
1746381075,200,,Aggregated,285.800000,0.000000,38,41,44,46,50,53,58,62,70,74,74,65125,0,38,39.98591549788428,25.618700001359684,194.35069999963162,1571.264491362764
1746381076,200,GET,GET /analytics/:slug,135.100000,0.000000,36,39,41,43,48,51,55,58,67,74,74,30996,0,37,38.44824006645855,25.618700001359684,139.7938999998587,87.09652858433346
1746381076,200,GET,GET /pastes/:slug,134.800000,0.000000,39,42,45,47,51,55,59,63,70,73,73,31001,0,39,41.099409760969245,26.439199999003904,194.35069999963162,2912.9743879229704
1746381076,200,POST,POST /pastes,15.800000,0.000000,41,42,46,47,55,59,62,66,68,68,68,3423,0,42,43.70757262633356,30.20719999949506,129.36919999992824,2872.7604440549226
1746381076,200,,Aggregated,285.700000,0.000000,38,41,43,45,50,54,58,61,70,74,74,65420,0,38,39.979753472939585,25.618700001359684,194.35069999963162,1571.96915316417
1746381077,200,GET,GET /analytics/:slug,134.500000,0.000000,36,38,40,42,48,51,55,58,73,74,74,31125,0,37,38.44616382971717,25.618700001359684,139.7938999998587,87.09648192771084
1746381077,200,GET,GET /pastes/:slug,134.700000,0.000000,38,42,45,46,51,55,59,62,82,83,83,31129,0,39,41.10187746152504,26.439199999003904,194.35069999963162,2912.994249734974
1746381077,200,POST,POST /pastes,15.600000,0.000000,40,43,46,48,55,59,63,64,67,67,67,3437,0,42,43.71139546114141,30.20719999949506,129.36919999992824,2873.445446610416
1746381077,200,,Aggregated,284.800000,0.000000,37,40,43,45,49,53,57,61,79,83,83,65691,0,38,39.98010776057173,25.618700001359684,194.35069999963162,1571.9886742476137
1746381078,200,GET,GET /analytics/:slug,135.800000,0.000000,36,38,40,42,47,50,54,57,73,74,74,31263,0,37,38.43933054409158,25.618700001359684,139.7938999998587,87.09656782778364
1746381078,200,GET,GET /pastes/:slug,135.900000,0.000000,38,41,44,46,50,54,57,62,82,83,83,31267,0,39,41.09427530302925,26.439199999003904,194.35069999963162,2912.802155627339
1746381078,200,POST,POST /pastes,16.000000,0.000000,40,42,46,48,54,59,63,64,67,67,67,3451,0,42,43.70559487103602,30.20719999949506,129.36919999992824,2873.339611706752
1746381078,200,,Aggregated,287.700000,0.000000,37,40,42,44,49,53,57,60,79,83,83,65981,0,38,39.97289378153884,25.618700001359684,194.35069999963162,1571.8673557539291
1746381079,200,GET,GET /analytics/:slug,135.700000,0.000000,35,38,40,42,47,50,55,57,73,74,74,31396,0,37,38.43659070581989,25.618700001359684,139.7938999998587,87.09644540705823
1746381079,200,GET,GET /pastes/:slug,135.100000,0.000000,38,41,44,45,50,54,58,62,82,83,83,31405,0,39,41.0897807642038,26.439199999003904,194.35069999963162,2912.104887756727
1746381079,200,POST,POST /pastes,15.500000,0.000000,40,42,45,47,54,57,63,64,67,67,67,3465,0,42,43.69221053389529,30.20719999949506,129.36919999992824,2871.6574314574314
1746381079,200,,Aggregated,286.300000,0.000000,37,40,42,44,49,52,57,60,79,83,83,66266,0,38,39.96881170132057,25.618700001359684,194.35069999963162,1571.5363383937465
1746381080,200,GET,GET /analytics/:slug,135.900000,0.000000,36,38,40,42,47,51,55,57,73,74,74,31540,0,37,38.43822203233698,25.618700001359684,139.7938999998587,87.09638554216868
1746381080,200,GET,GET /pastes/:slug,135.700000,0.000000,38,41,44,46,50,54,58,62,82,83,83,31548,0,39,41.08925827310179,26.439199999003904,194.35069999963162,2911.653860783568
1746381080,200,POST,POST /pastes,15.200000,0.000000,40,43,47,48,54,58,63,64,67,67,67,3474,0,42,43.695413356346656,30.20719999949506,129.36919999992824,2870.2711571675304
1746381080,200,,Aggregated,286.800000,0.000000,37,40,42,44,49,53,57,60,79,83,83,66562,0,38,39.969101122257335,25.618700001359684,194.35069999963162,1571.0945885039512
1746381081,200,GET,GET /analytics/:slug,135.200000,0.000000,36,38,40,42,47,51,55,56,73,74,74,31672,0,37,38.43941124968157,25.618700001359684,139.7938999998587,87.09639429148775
1746381081,200,GET,GET /pastes/:slug,135.300000,0.000000,38,41,44,45,50,54,58,60,82,83,83,31681,0,39,41.0878769577921,26.439199999003904,194.35069999963162,2912.3800069442254
1746381081,200,POST,POST /pastes,15.200000,0.000000,40,43,47,48,55,59,63,64,67,67,67,3492,0,42,43.68810847650193,30.20719999949506,129.36919999992824,2869.0967926689577
1746381081,200,,Aggregated,285.700000,0.000000,37,40,42,44,49,52,57,60,79,83,83,66845,0,38,39.96883742687851,25.618700001359684,194.35069999963162,1571.4640436831476
1746381082,200,GET,GET /analytics/:slug,135.700000,0.000000,36,38,40,42,47,51,54,56,73,74,74,31806,0,37,38.4369125165037,25.618700001359684,139.7938999998587,87.09633402502672
1746381082,200,GET,GET /pastes/:slug,136.000000,0.000000,38,42,44,46,51,54,58,60,82,83,83,31816,0,39,41.08897200150304,26.439199999003904,194.35069999963162,2911.8827633894894
1746381082,200,POST,POST /pastes,14.900000,0.000000,40,43,47,50,55,59,64,67,68,68,68,3508,0,42,43.687583238295645,30.20719999949506,129.36919999992824,2866.0783922462942
1746381082,200,,Aggregated,286.600000,0.000000,37,40,43,45,49,53,57,59,79,83,83,67130,0,38,39.96822902874574,25.618700001359684,194.35069999963162,1571.1135259943394
1746381083,200,GET,GET /analytics/:slug,136.200000,0.000000,36,39,42,43,48,51,55,58,74,74,74,31946,0,37,38.44414683528194,25.618700001359684,139.7938999998587,87.09635009077819
1746381083,200,GET,GET /pastes/:slug,135.900000,0.000000,39,42,45,46,51,55,58,61,82,83,83,31957,0,39,41.093921144031704,26.439199999003904,194.35069999963162,2911.5692336577276
1746381083,200,POST,POST /pastes,14.900000,0.000000,41,44,48,50,56,58,64,67,68,68,68,3521,0,42,43.68830380571936,30.20719999949506,129.36919999992824,2866.947742118716
1746381083,200,,Aggregated,287.000000,0.000000,38,41,43,45,50,53,57,60,79,83,83,67424,0,38,39.97392131139799,25.618700001359684,194.35069999963162,1570.9824543189368
1746381084,200,GET,GET /analytics/:slug,135.400000,0.000000,36,39,42,43,48,51,56,58,74,74,74,32080,0,37,38.43834823254049,25.618700001359684,139.7938999998587,87.0963216957606
1746381084,200,GET,GET /pastes/:slug,135.400000,0.000000,39,42,45,47,51,54,58,61,82,83,83,32090,0,39,41.092143667803505,26.439199999003904,194.35069999963162,2911.468899968838
1746381084,200,POST,POST /pastes,14.400000,0.000000,41,43,47,50,54,58,64,67,68,68,68,3543,0,42,43.677549534276466,30.20719999949506,129.36919999992824,2869.3437764606265
1746381084,200,,Aggregated,285.200000,0.000000,38,41,44,46,50,53,57,60,79,83,83,67713,0,38,39.9701484146276,25.618700001359684,194.35069999963162,1571.1779421972146
1746381085,200,GET,GET /analytics/:slug,136.900000,0.000000,37,39,42,44,48,52,56,58,74,74,74,32214,0,37,38.43880114235741,25.618700001359684,139.7938999998587,87.09638666418327
1746381085,200,GET,GET /pastes/:slug,136.900000,0.000000,39,43,45,47,51,55,58,61,82,83,83,32219,0,39,41.09007120952861,26.439199999003904,194.35069999963162,2912.2261398553646
1746381085,200,POST,POST /pastes,14.800000,0.000000,41,43,47,50,54,58,64,67,68,68,68,3556,0,42,43.67617848704835,30.20719999949506,129.36919999992824,2872.935320584927
1746381085,200,,Aggregated,288.600000,0.000000,38,41,44,46,50,54,58,60,79,83,83,67989,0,38,39.969127873621744,25.618700001359684,194.35069999963162,1571.5909191192693
1746381086,200,GET,GET /analytics/:slug,136.700000,0.000000,36,39,42,44,48,52,56,58,74,74,74,32340,0,37,38.42750965676905,25.618700001359684,139.7938999998587,87.09641311069882
1746381086,200,GET,GET /pastes/:slug,136.800000,0.000000,39,42,45,47,51,54,57,60,79,83,83,32346,0,39,41.08166126259216,26.439199999003904,194.35069999963162,2912.2994187843938
1746381086,200,POST,POST /pastes,15.300000,0.000000,41,43,47,50,53,57,64,67,68,68,68,3573,0,42,43.66326655470067,30.20719999949506,129.36919999992824,2872.3565631122306
1746381086,200,,Aggregated,288.800000,0.000000,38,41,44,46,50,53,57,60,74,83,83,68259,0,38,39.95930102843116,25.618700001359684,194.35069999963162,1571.6735522055699
1746381087,200,GET,GET /analytics/:slug,135.800000,0.000000,36,39,42,44,48,51,55,57,65,74,74,32487,0,37,38.417584581522235,25.618700001359684,139.7938999998587,87.09634623080001
1746381087,200,GET,GET /pastes/:slug,135.800000,0.000000,39,42,45,46,51,53,57,59,62,65,65,32497,0,39,41.07022771639919,26.439199999003904,194.35069999963162,2911.7377604086532
1746381087,200,POST,POST /pastes,15.100000,0.000000,41,43,46,48,52,56,59,60,68,68,68,3584,0,42,43.65370228793205,30.20719999949506,129.36919999992824,2870.4972098214284
1746381087,200,,Aggregated,286.700000,0.000000,38,41,43,45,50,53,56,58,65,74,74,68568,0,38,39.94846181016952,25.618700001359684,194.35069999963162,1571.2883998366585
1746381088,200,GET,GET /analytics/:slug,134.700000,0.000000,36,39,42,44,48,51,56,58,65,74,74,32627,0,37,38.415618840221924,25.618700001359684,139.7938999998587,87.0963925583106
1746381088,200,GET,GET /pastes/:slug,134.400000,0.000000,39,42,45,47,51,54,57,59,70,80,80,32635,0,39,41.06902689749695,26.439199999003904,194.35069999963162,2911.5149073081047
1746381088,200,POST,POST /pastes,14.900000,0.000000,40,43,46,48,53,57,63,65,68,68,68,3600,0,42,43.65497999998555,30.20719999949506,129.36919999992824,2869.779722222222
1746381088,200,,Aggregated,284.000000,0.000000,38,41,44,45,50,53,57,59,70,80,80,68862,0,38,39.94702472625966,25.618700001359684,194.35069999963162,1571.1160001161743
1746381089,200,GET,GET /analytics/:slug,135.800000,0.000000,36,39,42,44,48,52,55,58,65,74,74,32778,0,37,38.41295408505447,25.618700001359684,139.7938999998587,87.09671120873757
1746381089,200,GET,GET /pastes/:slug,135.800000,0.000000,39,42,45,47,51,54,57,59,70,80,80,32785,0,39,41.066313317060285,26.439199999003904,194.35069999963162,2911.5557114534085
1746381089,200,POST,POST /pastes,15.000000,0.000000,40,43,45,48,53,57,63,65,68,68,68,3611,0,42,43.646452090819004,30.20719999949506,129.36919999992824,2869.7972860703408
1746381089,200,,Aggregated,286.600000,0.000000,38,41,43,45,50,53,57,59,70,80,80,69174,0,38,39.94371049237708,25.618700001359684,194.35069999963162,1571.010032671235
1746381090,200,GET,GET /analytics/:slug,136.000000,0.000000,36,39,41,43,49,52,55,58,74,75,75,32925,0,37,38.41229315717257,25.618700001359684,139.7938999998587,87.09676537585422
1746381090,200,GET,GET /pastes/:slug,136.200000,0.000000,39,42,45,47,51,54,57,59,70,80,80,32929,0,39,41.063032457706925,26.439199999003904,194.35069999963162,2911.8303319262654
1746381090,200,POST,POST /pastes,14.800000,0.000000,40,43,46,48,53,57,63,65,68,68,68,3622,0,42,43.64430019324889,30.20719999949506,129.36919999992824,2868.7073440088348
1746381090,200,,Aggregated,287.000000,0.000000,38,41,43,45,50,53,57,59,74,80,80,69476,0,38,39.9414042734137,25.618700001359684,194.35069999963162,1570.9278024065864
1746381091,200,GET,GET /analytics/:slug,136.500000,0.000000,36,39,42,44,49,52,56,58,74,75,75,33060,0,37,38.4160998336334,25.618700001359684,139.7938999998587,87.09673321234119
1746381091,200,GET,GET /pastes/:slug,136.500000,0.000000,39,42,45,47,52,54,58,60,70,80,80,33068,0,39,41.067366756375804,26.439199999003904,194.35069999963162,2912.0668924640136
1746381091,200,POST,POST /pastes,15.100000,0.000000,41,44,46,49,53,57,63,65,68,68,68,3637,0,42,43.642971130036344,30.20719999949506,129.36919999992824,2867.9799285125105
1746381091,200,,Aggregated,288.100000,0.000000,38,41,44,45,50,53,57,60,74,80,80,69765,0,38,39.94526525334628,25.618700001359684,194.35069999963162,1571.0813301798896
1746381092,200,GET,GET /analytics/:slug,138.600000,0.000000,36,39,41,43,48,52,55,57,65,75,75,33198,0,37,38.411645409359735,25.618700001359684,139.7938999998587,87.09672269413821
1746381092,200,GET,GET /pastes/:slug,138.800000,0.000000,39,42,44,46,51,54,57,60,71,80,80,33201,0,39,41.06395460377199,26.439199999003904,194.35069999963162,2912.374838107286
1746381092,200,POST,POST /pastes,14.600000,0.000000,40,43,45,48,53,54,61,63,65,65,65,3652,0,42,43.63525364182474,30.20719999949506,129.36919999992824,2867.56161007667
1746381092,200,,Aggregated,292.000000,0.000000,38,40,43,45,50,53,57,59,71,80,80,70051,0,38,39.941044487583476,25.618700001359684,194.35069999963162,1571.1057515238897
1746381093,200,GET,GET /analytics/:slug,138.000000,0.000000,36,39,41,43,49,52,56,60,75,80,80,33333,0,37,38.419636510362984,25.618700001359684,139.7938999998587,87.09666096660966
1746381093,200,GET,GET /pastes/:slug,138.200000,0.000000,39,42,45,47,51,54,58,61,73,80,80,33340,0,39,41.07077673964676,26.439199999003904,194.35069999963162,2912.048980203959
1746381093,200,POST,POST /pastes,14.300000,0.000000,41,44,45,46,53,54,61,63,65,65,65,3667,0,42,43.632183365135674,30.20719999949506,129.36919999992824,2864.7684755931277
1746381093,200,,Aggregated,290.500000,0.000000,38,41,43,45,50,54,58,61,75,80,80,70340,0,38,39.94797635342216,25.618700001359684,194.35069999963162,1570.884446971851
1746381094,200,GET,GET /analytics/:slug,139.500000,0.000000,36,39,42,43,49,52,56,62,75,80,80,33471,0,37,38.417068196347174,25.618700001359684,139.7938999998587,87.09674046189238
1746381094,200,GET,GET /pastes/:slug,139.700000,0.000000,39,42,45,47,52,55,59,63,73,80,80,33476,0,39,41.07123304456393,26.439199999003904,194.35069999963162,2912.5198052336
1746381094,200,POST,POST /pastes,14.500000,0.000000,41,44,46,48,53,60,63,64,65,65,65,3685,0,42,43.64254871097697,30.20719999949506,129.36919999992824,2867.162550881954
1746381094,200,,Aggregated,293.700000,0.000000,38,41,43,46,51,54,59,63,75,80,80,70632,0,38,39.947631087888226,25.618700001359684,194.35069999963162,1571.245639370257
1746381095,200,GET,GET /analytics/:slug,137.400000,0.000000,36,39,41,43,48,52,56,60,75,80,80,33595,0,37,38.408806304507785,25.618700001359684,139.7938999998587,87.09682988539961
1746381095,200,GET,GET /pastes/:slug,137.400000,0.000000,39,42,44,47,51,55,59,63,73,80,80,33599,0,39,41.06054605493701,26.439199999003904,194.35069999963162,2911.903895949284
1746381095,200,POST,POST /pastes,13.800000,0.000000,41,44,46,46,53,56,63,64,65,65,65,3699,0,42,43.63001676127348,30.20719999949506,129.36919999992824,2868.167342525007
1746381095,200,,Aggregated,288.600000,0.000000,38,41,43,45,50,54,58,63,75,80,80,70893,0,38,39.937999050678215,25.618700001359684,194.35069999963162,1570.9932997616127
1746381096,200,GET,GET /analytics/:slug,137.900000,0.000000,36,39,42,43,49,52,57,63,75,80,80,33746,0,37,38.40704567355954,25.618700001359684,139.7938999998587,87.09690037337758
1746381096,200,GET,GET /pastes/:slug,138.200000,0.000000,39,42,45,47,52,55,59,64,73,80,80,33747,0,39,41.05659808871394,26.439199999003904,194.35069999963162,2911.710996533025
1746381096,200,POST,POST /pastes,13.600000,0.000000,41,44,46,47,53,59,63,64,65,65,65,3713,0,42,43.61749291676528,30.20719999949506,129.36919999992824,2870.2063021815243
1746381096,200,,Aggregated,289.700000,0.000000,38,41,43,45,50,54,59,64,75,80,80,71206,0,38,39.934456790154464,25.618700001359684,194.35069999963162,1570.9035614976267
1746381097,200,GET,GET /analytics/:slug,137.500000,0.000000,36,39,42,43,49,52,56,62,75,80,80,33882,0,37,38.400962694054115,25.618700001359684,139.7938999998587,87.09730830529485
1746381097,200,GET,GET /pastes/:slug,137.900000,0.000000,39,42,45,47,51,55,60,65,75,80,80,33890,0,39,41.04917561817142,26.439199999003904,194.35069999963162,2911.4764532310414
1746381097,200,POST,POST /pastes,14.400000,0.000000,41,45,46,47,53,59,63,64,65,65,65,3728,0,42,43.60893554183281,30.20719999949506,129.36919999992824,2871.2805793991415
1746381097,200,,Aggregated,289.800000,0.000000,38,41,43,45,50,54,59,64,75,80,80,71500,0,38,39.92772155803834,25.618700001359684,194.35069999963162,1570.9804475524475
1746381098,200,GET,GET /analytics/:slug,140.300000,0.000000,36,39,42,43,49,52,57,62,75,80,80,34024,0,37,38.40037936456447,25.618700001359684,139.7938999998587,87.09728426992712
1746381098,200,GET,GET /pastes/:slug,140.300000,0.000000,39,42,45,47,51,55,59,64,73,75,75,34029,0,39,41.051086746593164,26.439199999003904,194.35069999963162,2911.7556202062947
1746381098,200,POST,POST /pastes,14.000000,0.000000,41,45,46,47,52,56,61,62,64,64,64,3736,0,42,43.61536953960114,30.20719999949506,129.36919999992824,2871.9697537473235
1746381098,200,,Aggregated,294.600000,0.000000,38,41,44,46,50,54,59,63,75,80,80,71789,0,38,39.92824748916585,25.618700001359684,194.35069999963162,1570.9538926576495
1746381099,200,GET,GET /analytics/:slug,139.000000,0.000000,36,39,42,43,48,52,57,63,71,80,80,34158,0,37,38.40150432987743,25.618700001359684,139.7938999998587,87.09728321330289
1746381099,200,GET,GET /pastes/:slug,139.200000,0.000000,39,42,45,47,51,55,59,64,73,75,75,34167,0,39,41.04959832001121,26.439199999003904,194.35069999963162,2911.5471361255013
1746381099,200,POST,POST /pastes,13.800000,0.000000,41,45,46,47,52,56,61,62,64,64,64,3746,0,42,43.615354377989576,30.20719999949506,129.36919999992824,2870.2936465563266
1746381099,200,,Aggregated,292.000000,0.000000,38,41,43,45,50,54,59,63,73,80,80,72071,0,38,39.92789510621112,25.618700001359684,194.35069999963162,1570.756892508776
1746381100,200,GET,GET /analytics/:slug,138.000000,0.000000,36,39,42,44,48,52,56,63,71,80,80,34293,0,37,38.397293269762145,25.618700001359684,139.7938999998587,87.09730848861284
1746381100,200,GET,GET /pastes/:slug,137.500000,0.000000,39,42,45,47,51,55,60,64,73,75,75,34297,0,39,41.04723926290404,26.439199999003904,194.35069999963162,2911.5703122722102
1746381100,200,POST,POST /pastes,14.000000,0.000000,41,45,46,47,52,56,61,62,64,64,64,3764,0,42,43.6044532146508,30.20719999949506,129.36919999992824,2871.634962805526
1746381100,200,,Aggregated,289.500000,0.000000,38,41,44,46,50,54,59,63,73,80,80,72354,0,38,39.924298656601344,25.618700001359684,194.35069999963162,1570.8017386737429
1746381101,200,GET,GET /analytics/:slug,139.000000,0.000000,36,39,42,44,48,52,58,63,71,80,80,34439,0,37,38.40362464066761,25.618700001359684,139.7938999998587,87.09712825575656
1746381101,200,GET,GET /pastes/:slug,138.800000,0.000000,39,42,45,47,51,56,64,72,100,110,110,34442,0,39,41.06410970907109,26.439199999003904,194.35069999963162,2911.7109923930084
1746381101,200,POST,POST /pastes,13.300000,0.000000,41,45,46,47,52,56,62,62,64,64,64,3785,0,42,43.60941476881024,30.20719999949506,129.36919999992824,2872.968031704095
1746381101,200,,Aggregated,291.100000,0.000000,38,41,44,46,50,54,61,66,100,110,110,72666,0,38,39.93579019761292,25.618700001359684,194.35069999963162,1571.0080642941678
1746381102,200,GET,GET /analytics/:slug,137.400000,0.000000,37,39,42,44,48,52,58,63,71,80,80,34566,0,37,38.40684559682759,25.618700001359684,139.7938999998587,87.09714748596888
1746381102,200,GET,GET /pastes/:slug,137.000000,0.000000,39,42,45,47,51,56,64,72,100,110,110,34571,0,39,41.063877738561935,26.439199999003904,194.35069999963162,2911.354748199358
1746381102,200,POST,POST /pastes,13.700000,0.000000,42,45,47,47,52,56,62,62,64,64,64,3797,0,42,43.61184390306784,30.20719999949506,129.36919999992824,2874.368448775349
1746381102,200,,Aggregated,288.100000,0.000000,38,41,44,45,50,54,61,66,100,110,110,72934,0,38,39.9372653837679,25.618700001359684,194.35069999963162,1570.9137302218444
1746381103,200,GET,GET /analytics/:slug,137.100000,0.000000,37,39,42,43,48,52,56,60,67,68,68,34712,0,37,38.405379672733545,25.618700001359684,139.7938999998587,87.09740147499424
1746381103,200,GET,GET /pastes/:slug,136.600000,0.000000,39,42,45,46,51,55,61,72,100,110,110,34717,0,39,41.065271616206296,26.439199999003904,194.35069999963162,2912.4094247774865
1746381103,200,POST,POST /pastes,14.500000,0.000000,42,45,47,47,52,56,61,62,62,62,62,3812,0,42,43.619137880364875,30.20719999949506,129.36919999992824,2875.0960125918155
1746381103,200,,Aggregated,288.200000,0.000000,38,41,44,45,50,54,59,64,100,110,110,73241,0,38,39.937558573745896,25.618700001359684,194.35069999963162,1571.4327903769747
1746381104,200,GET,GET /analytics/:slug,136.600000,0.000000,37,39,42,44,49,53,56,60,67,68,68,34846,0,37,38.40796725305453,25.618700001359684,139.7938999998587,87.09754347701315
1746381104,200,GET,GET /pastes/:slug,136.300000,0.000000,39,42,45,47,52,56,61,70,100,110,110,34852,0,39,41.066148241129426,26.439199999003904,194.35069999963162,2913.130638126937
1746381104,200,POST,POST /pastes,14.100000,0.000000,43,46,47,48,54,56,62,62,66,66,66,3828,0,42,43.62314639497041,30.20719999949506,129.36919999992824,2874.1899164054335
1746381104,200,,Aggregated,287.000000,0.000000,38,41,44,46,50,54,59,64,100,110,110,73526,0,38,39.9394884775418,25.618700001359684,194.35069999963162,1571.7682044446863
1746381105,200,GET,GET /analytics/:slug,136.600000,0.000000,37,40,42,44,49,53,56,60,66,68,68,34984,0,37,38.41116516121469,25.618700001359684,139.7938999998587,87.09741596158244
1746381105,200,GET,GET /pastes/:slug,136.800000,0.000000,39,42,45,47,52,56,61,72,100,110,110,34990,0,39,41.06591620462507,26.439199999003904,194.35069999963162,2913.2914832809374
1746381105,200,POST,POST /pastes,14.700000,0.000000,43,47,47,49,54,56,62,62,66,66,66,3839,0,42,43.62803289917751,30.20719999949506,129.36919999992824,2873.663974993488
1746381105,200,,Aggregated,288.100000,0.000000,38,41,44,46,50,54,59,63,100,110,110,73813,0,38,39.940940326226,25.618700001359684,194.35069999963162,1571.7432024169184
1746381106,200,GET,GET /analytics/:slug,136.600000,0.000000,37,40,42,44,49,52,56,60,66,68,68,35118,0,37,38.40581455094114,25.618700001359684,139.7938999998587,87.09744290677146
1746381106,200,GET,GET /pastes/:slug,136.400000,0.000000,39,43,45,47,52,56,61,72,100,110,110,35123,0,39,41.059624186425964,26.439199999003904,194.35069999963162,2913.701534606953
1746381106,200,POST,POST /pastes,14.700000,0.000000,43,47,48,49,54,57,62,62,66,66,66,3850,0,42,43.622044649335855,30.20719999949506,129.36919999992824,2873.201038961039
1746381106,200,,Aggregated,287.700000,0.000000,38,42,44,46,50,54,59,63,100,110,110,74091,0,38,39.934910415566634,25.618700001359684,194.35069999963162,1571.8299253620548
1746381107,200,GET,GET /analytics/:slug,138.100000,0.000000,37,40,43,45,49,53,58,62,75,80,80,35250,0,37,38.41100322836792,25.618700001359684,139.7938999998587,87.09744680851064
1746381107,200,GET,GET /pastes/:slug,137.400000,0.000000,40,43,46,47,52,56,62,70,100,110,110,35260,0,39,41.06322102665413,26.439199999003904,194.35069999963162,2913.865938740783
1746381107,200,POST,POST /pastes,13.800000,0.000000,42,47,48,50,54,59,62,64,66,66,66,3866,0,42,43.61908178994799,30.20719999949506,129.36919999992824,2872.8608380755304
1746381107,200,,Aggregated,289.300000,0.000000,39,42,45,46,51,55,60,64,100,110,110,74376,0,38,39.93907184306421,25.618700001359684,194.35069999963162,1572.006803269872
1746381108,200,GET,GET /analytics/:slug,136.300000,0.000000,37,40,43,45,49,53,57,62,75,80,80,35394,0,37,38.40846181556131,25.618700001359684,139.7938999998587,87.09778493529977
1746381108,200,GET,GET /pastes/:slug,136.500000,0.000000,39,43,46,48,52,56,61,72,100,110,110,35396,0,39,41.05984852242727,26.439199999003904,194.35069999963162,2913.9515481975363
1746381108,200,POST,POST /pastes,14.000000,0.000000,42,46,47,49,54,57,62,64,66,66,66,3880,0,42,43.60538850513943,30.20719999949506,129.36919999992824,2872.3515463917524
1746381108,200,,Aggregated,286.800000,0.000000,38,42,45,46,51,54,59,64,100,110,110,74670,0,38,39.935347571980245,25.618700001359684,194.35069999963162,1571.8453461899023
1746381109,200,GET,GET /analytics/:slug,136.600000,0.000000,37,40,43,45,49,53,57,61,75,80,80,35534,0,37,38.40483261946249,25.618700001359684,139.7938999998587,87.09807508301908
1746381109,200,GET,GET /pastes/:slug,136.600000,0.000000,39,43,46,48,52,56,61,72,100,110,110,35542,0,39,41.05548597714875,26.439199999003904,194.35069999963162,2913.4719205447077
1746381109,200,POST,POST /pastes,14.100000,0.000000,42,45,47,49,54,57,62,64,66,66,66,3895,0,42,43.597863774053046,30.20719999949506,129.36919999992824,2870.7673940949935
1746381109,200,,Aggregated,287.300000,0.000000,38,41,44,46,51,54,59,64,100,110,110,74971,0,38,39.9312412039289,25.618700001359684,194.35069999963162,1571.637046324579
1746381110,200,GET,GET /analytics/:slug,136.800000,0.000000,37,40,43,45,49,53,58,61,75,80,80,35668,0,37,38.40243288662032,25.618700001359684,139.7938999998587,87.09812717281596
1746381110,200,GET,GET /pastes/:slug,137.200000,0.000000,39,43,46,48,52,56,61,72,100,110,110,35673,0,39,41.051900271909524,26.439199999003904,194.35069999963162,2913.624533961259
1746381110,200,POST,POST /pastes,13.700000,0.000000,42,45,47,49,53,57,62,64,66,66,66,3908,0,42,43.5912994882134,30.20719999949506,129.36919999992824,2870.4278403275334
1746381110,200,,Aggregated,287.700000,0.000000,38,42,45,46,51,54,59,64,100,110,110,75249,0,38,39.92793542771009,25.618700001359684,194.35069999963162,1571.608606094433
1746381111,200,GET,GET /analytics/:slug,135.100000,0.000000,37,40,42,44,49,52,56,59,75,80,80,35808,0,37,38.40232432417265,25.618700001359684,139.7938999998587,87.09802278820375
1746381111,200,GET,GET /pastes/:slug,135.200000,0.000000,39,42,45,47,51,55,59,61,73,74,74,35816,0,39,41.051042087330735,26.439199999003904,194.35069999963162,2913.999106544561
1746381111,200,POST,POST /pastes,14.800000,0.000000,42,44,47,49,53,55,61,64,66,66,66,3918,0,42,43.584661485435696,30.20719999949506,129.36919999992824,2871.404543134252
1746381111,200,,Aggregated,285.100000,0.000000,38,41,44,46,50,53,58,60,74,80,80,75542,0,38,39.92691822429594,25.618700001359684,194.35069999963162,1571.7979534563553
1746381112,200,GET,GET /analytics/:slug,134.900000,0.000000,36,40,42,44,49,52,57,60,80,80,80,35944,0,37,38.40291334297738,25.618700001359684,139.7938999998587,87.09790229245493
1746381112,200,GET,GET /pastes/:slug,135.100000,0.000000,39,42,45,47,51,54,59,61,73,74,74,35948,0,39,41.04837965672194,26.439199999003904,194.35069999963162,2914.8098364303996
1746381112,200,POST,POST /pastes,14.800000,0.000000,41,44,47,49,54,59,64,64,66,66,66,3933,0,42,43.59384108821225,30.20719999949506,129.36919999992824,2872.431985761505
1746381112,200,,Aggregated,284.800000,0.000000,38,41,44,46,50,54,59,62,75,80,80,75825,0,38,39.92635735047504,25.618700001359684,194.35069999963162,1572.1662512363996
1746381113,200,GET,GET /analytics/:slug,135.300000,0.000000,36,39,42,44,49,52,57,61,80,80,80,36077,0,37,38.39888290877768,25.618700001359684,139.7938999998587,87.0979848657039
1746381113,200,GET,GET /pastes/:slug,135.500000,0.000000,39,42,45,47,51,55,59,61,65,74,74,36081,0,39,41.047016221829935,26.439199999003904,194.35069999963162,2914.9848673817246
1746381113,200,POST,POST /pastes,13.900000,0.000000,41,43,47,48,53,58,64,64,66,66,66,3946,0,42,43.58395418143371,30.20719999949506,129.36919999992824,2870.8289406994427
1746381113,200,,Aggregated,284.700000,0.000000,38,41,44,46,50,54,58,61,75,80,80,76104,0,38,39.92321263271009,25.618700001359684,194.35069999963162,1572.1393619257858
1746381114,200,GET,GET /analytics/:slug,136.200000,0.000000,36,39,41,43,48,52,56,60,80,80,80,36199,0,37,38.392971303073935,25.618700001359684,139.7938999998587,87.09795850714109
1746381114,200,GET,GET /pastes/:slug,136.600000,0.000000,39,42,45,47,51,54,58,59,65,74,74,36206,0,39,41.042147729653884,26.439199999003904,194.35069999963162,2915.6967905871957
1746381114,200,POST,POST /pastes,13.800000,0.000000,41,42,46,47,53,58,61,64,64,64,64,3960,0,42,43.582117525237244,30.20719999949506,129.36919999992824,2870.7833333333333
1746381114,200,,Aggregated,286.600000,0.000000,38,41,43,45,50,53,58,60,75,80,80,76365,0,38,39.91808229293227,25.618700001359684,194.35069999963162,1572.5381915799123
1746381115,200,GET,GET /analytics/:slug,136.800000,0.000000,36,39,41,43,48,51,56,60,80,80,80,36340,0,37,38.3910237066588,25.618700001359684,139.7938999998587,87.0979086406164
1746381115,200,GET,GET /pastes/:slug,136.600000,0.000000,39,42,45,47,51,54,58,59,65,74,74,36344,0,39,41.04079712469345,26.439199999003904,194.35069999963162,2914.984591679507
1746381115,200,POST,POST /pastes,14.200000,0.000000,41,44,46,48,52,58,64,64,68,68,68,3984,0,42,43.58211859938327,30.20719999949506,129.36919999992824,2869.472891566265
1746381115,200,,Aggregated,287.600000,0.000000,38,41,43,45,50,53,57,60,75,80,80,76668,0,38,39.916884393746926,25.618700001359684,194.35069999963162,1572.2246308759848
1746381116,200,GET,GET /analytics/:slug,136.000000,0.000000,37,39,42,43,48,51,56,60,80,80,80,36471,0,37,38.395540190836144,25.618700001359684,139.7938999998587,87.09791341065504
1746381116,200,GET,GET /pastes/:slug,136.300000,0.000000,39,42,45,47,51,54,58,61,74,74,74,36476,0,39,41.04439084054896,26.439199999003904,194.35069999963162,2914.723407171839
1746381116,200,POST,POST /pastes,13.100000,0.000000,41,43,46,48,52,58,64,68,73,73,73,3996,0,42,43.597230555540776,30.20719999949506,129.36919999992824,2870.960710710711
1746381116,200,,Aggregated,285.400000,0.000000,38,41,43,45,50,53,58,61,75,80,80,76943,0,38,39.92141559205905,25.618700001359684,194.35069999963162,1572.1554657343747
1746381117,200,GET,GET /analytics/:slug,136.500000,0.000000,37,39,41,43,48,51,56,60,74,80,80,36619,0,37,38.39376151997511,25.618700001359684,139.7938999998587,87.09781807258527
1746381117,200,GET,GET /pastes/:slug,136.500000,0.000000,39,42,44,47,51,54,58,61,73,74,74,36624,0,39,41.04136891928413,26.439199999003904,194.35069999963162,2914.07623416339
1746381117,200,POST,POST /pastes,13.900000,0.000000,41,43,46,48,52,58,64,68,73,73,73,4009,0,42,43.584339486141886,30.20719999949506,129.36919999992824,2869.164629583437
1746381117,200,,Aggregated,286.900000,0.000000,38,41,43,45,49,53,58,61,74,80,80,77252,0,38,39.918317524462566,25.618700001359684,194.35069999963162,1571.7009786154404
1746381118,200,GET,GET /analytics/:slug,134.700000,0.000000,37,39,41,43,48,51,56,60,74,80,80,36750,0,37,38.39386681632569,25.618700001359684,139.7938999998587,87.09785034013605
1746381118,200,GET,GET /pastes/:slug,134.700000,0.000000,39,42,45,47,51,54,58,61,73,74,74,36757,0,39,41.04482358189898,26.439199999003904,194.35069999963162,2914.27709007808
1746381118,200,POST,POST /pastes,14.300000,0.000000,41,44,46,48,53,58,64,68,73,73,73,4030,0,42,43.58342590569314,30.20719999949506,129.36919999992824,2869.333995037221
1746381118,200,,Aggregated,283.700000,0.000000,38,41,43,45,50,53,57,60,74,80,80,77537,0,38,39.92030117620979,25.618700001359684,194.35069999963162,1571.9507460954126
1746381119,200,GET,GET /analytics/:slug,135.700000,0.000000,37,39,42,43,48,51,56,59,74,80,80,36895,0,37,38.39005352215667,25.618700001359684,139.7938999998587,87.09773682070741
1746381119,200,GET,GET /pastes/:slug,135.900000,0.000000,39,42,45,47,51,54,58,61,73,74,74,36899,0,39,41.0393788368218,26.439199999003904,194.35069999963162,2913.742459145234
1746381119,200,POST,POST /pastes,14.600000,0.000000,41,44,46,48,53,58,64,68,73,73,73,4046,0,42,43.57018853186896,30.20719999949506,129.36919999992824,2869.0244686109736
1746381119,200,,Aggregated,286.200000,0.000000,38,41,43,45,50,53,57,60,74,80,80,77840,0,38,39.91518560123077,25.618700001359684,194.35069999963162,1571.6306140801644
1746381120,200,GET,GET /analytics/:slug,136.900000,0.000000,37,39,41,43,48,51,56,60,74,80,80,37030,0,37,38.38819549824381,25.618700001359684,139.7938999998587,87.09765055360519
1746381120,200,GET,GET /pastes/:slug,136.500000,0.000000,39,42,45,47,51,54,58,61,73,74,74,37032,0,39,41.04129961114376,26.439199999003904,194.35069999963162,2913.88752970404
1746381120,200,POST,POST /pastes,15.000000,0.000000,41,45,47,48,54,58,64,68,73,73,73,4060,0,42,43.565288226586176,30.20719999949506,129.36919999992824,2868.3721674876847
1746381120,200,,Aggregated,288.400000,0.000000,38,41,43,45,50,53,57,60,74,80,80,78122,0,38,39.914894097690635,25.618700001359684,194.35069999963162,1571.6174701108523
1746381121,200,GET,GET /analytics/:slug,136.000000,0.000000,37,39,42,44,48,51,56,60,74,80,80,37177,0,37,38.39132541625112,25.618700001359684,139.7938999998587,87.09758721790354
1746381121,200,GET,GET /pastes/:slug,136.200000,0.000000,39,42,45,47,51,55,58,62,73,74,74,37182,0,39,41.043653270396405,26.439199999003904,194.35069999963162,2913.8604163304826
1746381121,200,POST,POST /pastes,15.100000,0.000000,41,45,47,49,54,58,68,73,76,76,76,4073,0,42,43.57783702429243,30.20719999949506,129.36919999992824,2867.8529339553156
1746381121,200,,Aggregated,287.300000,0.000000,38,41,44,46,50,54,58,61,74,80,80,78432,0,38,39.918043032178126,25.618700001359684,194.35069999963162,1571.577289881681
1746381122,200,GET,GET /analytics/:slug,136.900000,0.000000,37,39,42,43,48,51,54,57,65,71,71,37312,0,37,38.387851562499,25.618700001359684,139.7938999998587,87.09766295025729
1746381122,200,GET,GET /pastes/:slug,136.800000,0.000000,39,42,45,47,51,54,58,62,73,74,74,37313,0,39,41.0397678985844,26.439199999003904,194.35069999963162,2913.7386165679522
1746381122,200,POST,POST /pastes,15.300000,0.000000,41,44,46,48,53,57,68,73,76,76,76,4086,0,42,43.571145839437015,30.20719999949506,129.36919999992824,2866.442486539403
1746381122,200,,Aggregated,289.000000,0.000000,38,41,44,46,50,53,57,61,73,76,76,78711,0,38,39.914066382078566,25.618700001359684,194.35069999963162,1571.3483629988184
1746381123,200,GET,GET /analytics/:slug,136.800000,0.000000,37,40,42,44,48,51,55,57,65,71,71,37450,0,37,38.39770505473892,25.618700001359684,139.7938999998587,87.09759679572764
1746381123,200,GET,GET /pastes/:slug,137.000000,0.000000,39,43,46,48,52,55,60,63,74,81,81,37458,0,39,41.04751375139869,26.439199999003904,194.35069999963162,2913.5227988680654
1746381123,200,POST,POST /pastes,15.500000,0.000000,42,46,47,50,54,57,66,73,76,76,76,4105,0,42,43.585164409241955,30.20719999949506,129.36919999992824,2866.2048721071865
1746381123,200,,Aggregated,289.300000,0.000000,38,42,44,46,50,54,58,62,74,81,81,79013,0,38,39.92341670737479,25.618700001359684,194.35069999963162,1571.4162606153418
1746381124,200,GET,GET /analytics/:slug,136.600000,0.000000,37,40,42,44,49,52,56,59,65,71,71,37573,0,37,38.398523122986525,25.618700001359684,139.7938999998587,87.09780959731722
1746381124,200,GET,GET /pastes/:slug,136.200000,0.000000,40,43,46,48,52,56,61,64,74,81,81,37582,0,39,41.04634213985093,26.439199999003904,194.35069999963162,2912.9365653770424
1746381124,200,POST,POST /pastes,15.300000,0.000000,42,46,47,50,54,57,60,73,76,76,76,4123,0,42,43.590845040004766,30.20719999949506,129.36919999992824,2868.0339558573855
1746381124,200,,Aggregated,288.100000,0.000000,39,42,44,46,50,54,58,62,74,81,81,79278,0,38,39.92376691767943,25.618700001359684,194.35069999963162,1571.3238477257246
1746381125,200,GET,GET /analytics/:slug,137.100000,0.000000,37,40,42,44,49,52,56,59,70,71,71,37711,0,37,38.39680323247753,25.618700001359684,139.7938999998587,87.09782291639044
1746381125,200,GET,GET /pastes/:slug,137.400000,0.000000,40,43,46,48,52,56,61,66,81,86,86,37716,0,39,41.04961523756159,26.439199999003904,194.35069999963162,2912.71367589352
1746381125,200,POST,POST /pastes,14.600000,0.000000,42,46,47,50,54,57,60,73,76,76,76,4141,0,42,43.587030016888505,30.20719999949506,129.36919999992824,2866.7744506157933
1746381125,200,,Aggregated,289.100000,0.000000,39,42,45,46,51,54,59,63,80,86,86,79568,0,38,39.92437947792794,25.618700001359684,194.35069999963162,1571.1312085260406
1746381126,200,GET,GET /analytics/:slug,137.100000,0.000000,37,40,43,45,49,52,56,58,63,70,70,37866,0,37,38.40126974594505,25.618700001359684,139.7938999998587,87.09792425922991
1746381126,200,GET,GET /pastes/:slug,136.800000,0.000000,40,43,46,48,52,56,60,63,81,86,86,37871,0,39,41.054606136618546,26.439199999003904,194.35069999963162,2912.8902062264
1746381126,200,POST,POST /pastes,15.900000,0.000000,43,46,49,50,54,56,60,73,76,76,76,4159,0,42,43.60325700887993,30.20719999949506,129.36919999992824,2867.2500601106035
1746381126,200,,Aggregated,289.800000,0.000000,39,42,45,47,51,54,58,61,80,86,86,79896,0,38,39.92975136552229,25.618700001359684,194.35069999963162,1571.2552318013418
1746381127,200,GET,GET /analytics/:slug,136.000000,0.000000,37,40,42,44,49,52,56,58,63,70,70,37991,0,37,38.396491745412334,25.618700001359684,139.7938999998587,87.09797057197757
1746381127,200,GET,GET /pastes/:slug,136.200000,0.000000,40,43,46,48,52,56,60,63,81,86,86,37997,0,39,41.04930902702532,26.439199999003904,194.35069999963162,2912.9682343342897
1746381127,200,POST,POST /pastes,16.300000,0.000000,43,46,49,50,54,56,60,73,76,76,76,4171,0,42,43.60085322463072,30.20719999949506,129.36919999992824,2867.730040757612
1746381127,200,,Aggregated,288.500000,0.000000,38,42,45,46,51,54,58,61,80,86,86,80159,0,38,39.92478538654151,25.618700001359684,194.35069999963162,1571.305717386694
1746381128,200,GET,GET /analytics/:slug,136.900000,0.000000,37,40,42,45,49,52,56,58,63,70,70,38130,0,37,38.39700889063652,25.618700001359684,139.7938999998587,87.09784946236559
1746381128,200,GET,GET /pastes/:slug,136.900000,0.000000,40,43,46,47,52,56,61,64,81,86,86,38132,0,39,41.048355937267694,26.439199999003904,194.35069999963162,2912.186195321515
1746381128,200,POST,POST /pastes,15.900000,0.000000,43,47,50,52,55,57,66,73,76,76,76,4186,0,42,43.611619947428615,30.20719999949506,129.36919999992824,2868.8411371237457
1746381128,200,,Aggregated,289.700000,0.000000,39,42,45,46,51,54,59,62,80,86,86,80448,0,38,39.92507083706002,25.618700001359684,194.35069999963162,1570.9215145186954
1746381129,200,GET,GET /analytics/:slug,137.000000,0.000000,37,40,42,44,49,52,56,58,63,70,70,38262,0,37,38.39631299722896,25.618700001359684,139.7938999998587,87.09793006115729
1746381129,200,GET,GET /pastes/:slug,136.800000,0.000000,40,43,45,47,52,56,61,64,81,86,86,38268,0,39,41.04671895055666,26.439199999003904,194.35069999963162,2912.5251384969165
1746381129,200,POST,POST /pastes,15.900000,0.000000,44,48,51,52,55,60,66,73,76,76,76,4197,0,42,43.626931498674224,30.20719999949506,129.36919999992824,2870.750059566357
1746381129,200,,Aggregated,289.700000,0.000000,39,42,44,46,51,54,59,62,80,86,86,80727,0,38,39.924657180371106,25.618700001359684,194.35069999963162,1571.1916830800103
1746381130,200,GET,GET /analytics/:slug,136.300000,0.000000,37,40,43,45,49,52,56,58,63,70,70,38392,0,37,38.398523468430966,25.618700001359684,139.7938999998587,87.09796311731611
1746381130,200,GET,GET /pastes/:slug,136.700000,0.000000,40,43,45,47,52,56,61,65,81,86,86,38396,0,39,41.04566678039081,26.439199999003904,194.35069999963162,2912.596624648401
1746381130,200,POST,POST /pastes,15.600000,0.000000,44,48,51,52,56,60,66,73,76,76,76,4217,0,42,43.62959473557797,30.20719999949506,129.36919999992824,2871.163860564382
1746381130,200,,Aggregated,288.600000,0.000000,39,42,45,46,51,54,59,63,80,86,86,81005,0,38,39.92557910869483,25.618700001359684,194.35069999963162,1571.3057589037714
1746381131,200,GET,GET /analytics/:slug,137.300000,0.000000,37,40,42,44,49,52,56,58,63,70,70,38538,0,37,38.3973221339976,25.618700001359684,139.7938999998587,87.09798121334786
1746381131,200,GET,GET /pastes/:slug,137.500000,0.000000,40,43,45,47,52,56,61,65,81,86,86,38545,0,39,41.04943284212942,26.439199999003904,194.35069999963162,2912.4931378907772
1746381131,200,POST,POST /pastes,15.100000,0.000000,44,48,51,52,55,60,66,73,78,78,78,4232,0,42,43.64056231094852,30.20719999949506,129.36919999992824,2870.883979206049
1746381131,200,,Aggregated,289.900000,0.000000,39,42,45,46,51,54,59,63,80,86,86,81315,0,38,39.9273596384409,25.618700001359684,194.35069999963162,1571.2748078460309
1746381132,200,GET,GET /analytics/:slug,136.200000,0.000000,37,40,43,45,49,52,56,58,69,70,70,38663,0,37,38.40086249127082,25.618700001359684,139.7938999998587,87.09807826604246
1746381132,200,GET,GET /pastes/:slug,136.400000,0.000000,40,43,45,47,51,55,61,65,80,86,86,38669,0,39,41.04834271121286,26.439199999003904,194.35069999963162,2912.351832217021
1746381132,200,POST,POST /pastes,15.200000,0.000000,44,48,52,52,55,60,66,73,78,78,78,4246,0,42,43.64847583606585,30.20719999949506,129.36919999992824,2870.837729627885
1746381132,200,,Aggregated,287.800000,0.000000,39,42,45,46,51,54,59,62,80,86,86,81578,0,38,39.92893107455241,25.618700001359684,194.35069999963162,1571.1930054671602
1746381133,200,GET,GET /analytics/:slug,136.000000,0.000000,37,40,43,45,49,52,56,59,70,74,74,38807,0,37,38.40796189347296,25.618700001359684,139.7938999998587,87.09804932099878
1746381133,200,GET,GET /pastes/:slug,136.600000,0.000000,40,43,45,47,52,56,61,65,80,86,86,38813,0,39,41.05548773348826,26.439199999003904,194.35069999963162,2912.132584443357
1746381133,200,POST,POST /pastes,15.700000,0.000000,44,48,51,52,57,62,70,73,78,78,78,4263,0,42,43.67066073186391,30.20719999949506,129.36919999992824,2870.2282430213463
1746381133,200,,Aggregated,288.300000,0.000000,39,42,45,46,51,55,59,64,80,86,86,81883,0,38,39.9368910433158,25.618700001359684,194.35069999963162,1571.075791067743
1746381134,200,GET,GET /analytics/:slug,135.500000,0.000000,37,40,43,45,49,53,56,59,70,74,74,38937,0,37,38.40988972699491,25.618700001359684,139.7938999998587,87.09808151629555
1746381134,200,GET,GET /pastes/:slug,135.500000,0.000000,40,43,45,47,52,56,61,66,80,86,86,38943,0,39,41.05658355031357,26.439199999003904,194.35069999963162,2911.7695606399097
1746381134,200,POST,POST /pastes,15.700000,0.000000,44,49,52,54,57,62,72,73,78,78,78,4280,0,42,43.68495067755612,30.20719999949506,129.36919999992824,2868.8380841121493
1746381134,200,,Aggregated,286.700000,0.000000,39,42,45,46,51,55,60,65,80,86,86,82160,0,38,39.939191801360856,25.618700001359684,194.35069999963162,1570.8739897760468
1746381135,200,GET,GET /analytics/:slug,135.500000,0.000000,37,40,43,45,49,52,56,59,69,74,74,39084,0,37,38.40783120202697,25.618700001359684,139.7938999998587,87.09804523590216
1746381135,200,GET,GET /pastes/:slug,135.300000,0.000000,40,43,45,47,52,56,61,65,69,72,72,39089,0,39,41.05431343855948,26.439199999003904,194.35069999963162,2910.883010565632
1746381135,200,POST,POST /pastes,16.300000,0.000000,44,49,52,54,57,62,72,73,78,78,78,4289,0,42,43.687496129619376,30.20719999949506,129.36919999992824,2869.1944509209607
1746381135,200,,Aggregated,287.100000,0.000000,39,42,45,46,51,55,60,63,73,78,78,82462,0,38,39.93693341902714,25.618700001359684,194.35069999963162,1570.342957968519
1746381136,200,GET,GET /analytics/:slug,135.900000,0.000000,37,40,43,45,49,52,56,60,69,74,74,39211,0,37,38.40700116804026,25.618700001359684,139.7938999998587,87.0979572058861
1746381136,200,GET,GET /pastes/:slug,135.600000,0.000000,39,42,45,47,52,56,61,64,69,72,72,39221,0,39,41.05353913209384,26.439199999003904,194.35069999963162,2911.0811045103387
1746381136,200,POST,POST /pastes,15.900000,0.000000,44,49,52,54,57,62,70,72,78,78,78,4305,0,42,43.691713983726956,30.20719999949506,129.36919999992824,2869.4160278745644
1746381136,200,,Aggregated,287.400000,0.000000,39,42,44,46,51,55,60,62,72,78,78,82737,0,38,39.93655329296238,25.618700001359684,194.35069999963162,1570.5614900226017
1746381137,200,GET,GET /analytics/:slug,136.800000,0.000000,37,40,43,44,50,53,56,60,69,74,74,39357,0,37,38.40514739436508,25.618700001359684,139.7938999998587,87.09782249663338
1746381137,200,GET,GET /pastes/:slug,136.900000,0.000000,39,42,45,47,52,56,61,65,69,72,72,39362,0,39,41.050646372131595,26.439199999003904,194.35069999963162,2910.600807885778
1746381137,200,POST,POST /pastes,15.000000,0.000000,44,48,52,54,57,63,71,72,78,78,78,4319,0,42,43.691873303993205,30.20719999949506,129.36919999992824,2870.4491780504745
1746381137,200,,Aggregated,288.700000,0.000000,39,42,44,46,51,55,60,63,72,78,78,83038,0,38,39.93415218694839,25.618700001359684,194.35069999963162,1570.2744285748693
1746381138,200,GET,GET /analytics/:slug,136.300000,0.000000,37,40,42,44,49,53,56,60,69,74,74,39496,0,37,38.39802631152584,25.618700001359684,139.7938999998587,87.09775673485923
1746381138,200,GET,GET /pastes/:slug,136.700000,0.000000,39,42,45,47,52,56,60,63,69,72,72,39500,0,39,41.043814283540506,26.439199999003904,194.35069999963162,2910.3099493670884
1746381138,200,POST,POST /pastes,14.700000,0.000000,44,48,51,53,57,62,71,72,78,78,78,4334,0,42,43.69035856020992,30.20719999949506,129.36919999992824,2870.57544993078
1746381138,200,,Aggregated,287.700000,0.000000,38,42,44,46,51,55,60,62,72,78,78,83330,0,38,39.92743460218202,25.618700001359684,194.35069999963162,1570.1227649105965
1746381139,200,GET,GET /analytics/:slug,136.200000,0.000000,37,40,42,44,49,53,56,60,69,74,74,39634,0,37,38.39480801079951,25.618700001359684,139.7938999998587,87.09769389917747
1746381139,200,GET,GET /pastes/:slug,136.200000,0.000000,39,42,45,47,52,56,60,62,72,75,75,39639,0,39,41.039382063116236,26.439199999003904,194.35069999963162,2909.9064809909432
1746381139,200,POST,POST /pastes,14.900000,0.000000,43,46,50,53,57,62,72,78,80,80,80,4352,0,42,43.68982828583435,30.20719999949506,129.36919999992824,2869.4880514705883
1746381139,200,,Aggregated,287.300000,0.000000,38,41,44,46,51,55,59,62,75,80,80,83625,0,38,39.92392249925077,25.618700001359684,194.35069999963162,1569.9351270553063
1746381140,200,GET,GET /analytics/:slug,136.300000,0.000000,37,39,42,44,49,53,56,60,69,74,74,39777,0,37,38.39610343665992,25.618700001359684,139.7938999998587,87.09764436734797
1746381140,200,GET,GET /pastes/:slug,135.800000,0.000000,39,42,45,47,52,55,59,62,72,75,75,39784,0,39,41.039859161971236,26.439199999003904,194.35069999963162,2909.7023929217776
1746381140,200,POST,POST /pastes,14.800000,0.000000,43,47,50,53,57,63,71,72,80,80,80,4365,0,42,43.69637851087077,30.20719999949506,129.36919999992824,2868.4591065292097
1746381140,200,,Aggregated,286.900000,0.000000,38,41,44,46,51,54,59,62,74,80,80,83926,0,38,39.925008406213024,25.618700001359684,194.35069999963162,1569.77464671258
1746381141,200,GET,GET /analytics/:slug,136.900000,0.000000,37,39,42,44,49,52,56,60,68,74,74,39921,0,37,38.39376091781345,25.618700001359684,139.7938999998587,87.09756769619999
1746381141,200,GET,GET /pastes/:slug,136.200000,0.000000,39,42,45,47,52,55,59,61,72,75,75,39924,0,39,41.033068337337326,26.439199999003904,194.35069999963162,2909.6769862739206
1746381141,200,POST,POST /pastes,15.000000,0.000000,43,47,50,53,56,59,70,71,80,80,80,4382,0,42,43.69566697853737,30.20719999949506,129.36919999992824,2871.29392971246
1746381141,200,,Aggregated,288.100000,0.000000,38,41,44,46,51,54,59,61,74,80,80,84227,0,38,39.9206425801683,25.618700001359684,194.35069999963162,1569.864485260071
1746381142,200,GET,GET /analytics/:slug,136.700000,0.000000,36,39,41,43,48,52,55,57,68,68,68,40049,0,37,38.38632365851903,25.618700001359684,139.7938999998587,87.09758046393168
1746381142,200,GET,GET /pastes/:slug,136.400000,0.000000,38,41,44,46,51,54,58,61,69,75,75,40056,0,39,41.02465209206766,26.439199999003904,194.35069999963162,2909.2327241861394
1746381142,200,POST,POST /pastes,14.700000,0.000000,42,46,49,51,55,57,64,71,80,80,80,4396,0,42,43.69335723383739,30.20719999949506,129.36919999992824,2870.6540036396723
1746381142,200,,Aggregated,287.800000,0.000000,38,40,43,45,50,53,57,60,71,80,80,84501,0,38,39.91305829279936,25.618700001359684,194.35069999963162,1569.6831043419604
1746381143,200,GET,GET /analytics/:slug,137.700000,0.000000,36,38,41,42,48,51,54,57,68,68,68,40181,0,37,38.37663814240592,25.618700001359684,139.7938999998587,87.09780742141808
1746381143,200,GET,GET /pastes/:slug,136.700000,0.000000,38,41,44,46,51,53,58,61,69,75,75,40183,0,39,41.014957439710294,26.439199999003904,194.35069999963162,2909.460119951223
1746381143,200,POST,POST /pastes,14.800000,0.000000,42,45,49,51,55,57,64,71,80,80,80,4410,0,42,43.67836723354868,30.20719999949506,129.36919999992824,2869.5349206349206
1746381143,200,,Aggregated,289.200000,0.000000,37,40,43,44,50,53,57,60,71,80,80,84774,0,38,39.90300483048866,25.618700001359684,194.35069999963162,1569.6459055842593
1746381144,200,GET,GET /analytics/:slug,137.800000,0.000000,36,38,40,42,47,51,54,55,68,68,68,40314,0,37,38.37516666170598,25.618700001359684,139.7938999998587,87.09788162921069
1746381144,200,GET,GET /pastes/:slug,137.600000,0.000000,38,41,44,45,50,53,57,61,71,75,75,40318,0,39,41.01486357953967,26.439199999003904,194.35069999963162,2909.9217471104716
1746381144,200,POST,POST /pastes,15.100000,0.000000,42,44,48,51,55,57,64,71,80,80,80,4429,0,42,43.680644931123254,30.20719999949506,129.36919999992824,2869.0959584556335
1746381144,200,,Aggregated,290.500000,0.000000,37,40,42,44,49,53,56,60,71,80,80,85061,0,38,39.9026030143056,25.618700001359684,194.35069999963162,1569.940572060051
1746381145,200,GET,GET /analytics/:slug,137.100000,0.000000,36,38,41,42,48,51,54,56,68,68,68,40445,0,37,38.374987907034395,25.618700001359684,139.7938999998587,87.09788601804921
1746381145,200,GET,GET /pastes/:slug,137.000000,0.000000,38,41,44,45,50,53,58,61,72,75,75,40451,0,39,41.0151140392049,26.439199999003904,194.35069999963162,2909.568984697535
1746381145,200,POST,POST /pastes,15.000000,0.000000,41,44,48,51,55,57,71,80,90,90,90,4445,0,42,43.68881874014402,30.20719999949506,129.36919999992824,2871.491788526434
1746381145,200,,Aggregated,289.100000,0.000000,37,40,42,44,49,53,56,60,75,90,90,85341,0,38,39.9031598317319,25.618700001359684,194.35069999963162,1569.9538322728818
1746381146,200,GET,GET /analytics/:slug,137.400000,0.000000,36,38,40,42,47,51,53,56,68,68,68,40584,0,37,38.36866854918232,25.618700001359684,139.7938999998587,87.09777252119062
1746381146,200,GET,GET /pastes/:slug,137.700000,0.000000,38,41,43,45,50,53,57,61,72,75,75,40588,0,39,41.0097667758913,26.439199999003904,194.35069999963162,2909.973021582734
1746381146,200,POST,POST /pastes,14.400000,0.000000,41,44,48,50,54,57,64,80,90,90,90,4460,0,42,43.684821457386036,30.20719999949506,129.36919999992824,2873.2199551569506
1746381146,200,,Aggregated,289.500000,0.000000,37,40,42,44,49,52,56,59,75,90,90,85632,0,38,39.89738371169469,25.618700001359684,194.35069999963162,1570.1994815022422
1746381147,200,GET,GET /analytics/:slug,136.200000,0.000000,36,38,40,42,47,51,54,56,68,68,68,40723,0,37,38.365579672420616,25.618700001359684,139.7938999998587,87.09778257986888
1746381147,200,GET,GET /pastes/:slug,136.300000,0.000000,38,41,43,45,50,53,57,61,72,75,75,40727,0,39,41.005484764403846,26.439199999003904,194.35069999963162,2909.5030078326417
1746381147,200,POST,POST /pastes,15.200000,0.000000,40,43,47,50,54,57,64,80,90,90,90,4474,0,42,43.66949070181986,30.20719999949506,129.36919999992824,2872.1088511399194
1746381147,200,,Aggregated,287.700000,0.000000,37,40,42,44,49,52,56,59,75,90,90,85924,0,38,39.89303547786198,25.618700001359684,194.35069999963162,1569.8992947255715
1746381148,200,GET,GET /analytics/:slug,136.500000,0.000000,35,38,40,42,47,51,54,56,68,68,68,40860,0,37,38.357135325501595,25.618700001359684,139.7938999998587,87.09782183064121
1746381148,200,GET,GET /pastes/:slug,135.800000,0.000000,38,41,42,44,49,53,57,61,71,72,72,40867,0,39,40.99431591503807,26.439199999003904,194.35069999963162,2908.9301147625224
1746381148,200,POST,POST /pastes,15.800000,0.000000,40,43,46,48,53,57,63,64,90,90,90,4488,0,42,43.65989028519155,30.20719999949506,129.36919999992824,2872.2045454545455
1746381148,200,,Aggregated,288.100000,0.000000,37,40,42,43,49,52,56,59,71,90,90,86215,0,38,39.8832319839913,25.618700001359684,194.35069999963162,1569.6632604535173
1746381149,200,GET,GET /analytics/:slug,134.600000,0.000000,35,38,40,42,46,50,54,56,68,68,68,40994,0,37,38.34674012050509,25.618700001359684,139.7938999998587,87.09777040542518
1746381149,200,GET,GET /pastes/:slug,135.300000,0.000000,38,40,42,44,49,52,56,61,71,72,72,40999,0,39,40.982378555571195,26.439199999003904,194.35069999963162,2908.4241079050707
1746381149,200,POST,POST /pastes,15.500000,0.000000,40,43,47,48,53,58,60,64,90,90,90,4507,0,42,43.65324566229084,30.20719999949506,129.36919999992824,2873.7940980696694
1746381149,200,,Aggregated,285.400000,0.000000,37,39,42,43,48,52,56,59,71,90,90,86500,0,38,39.87246220924634,25.618700001359684,194.35069999963162,1569.5393757225434
1746381150,200,GET,GET /analytics/:slug,135.600000,0.000000,35,37,39,41,46,50,53,56,61,65,65,41135,0,37,38.33854650783976,25.618700001359684,139.7938999998587,87.09775130667315
1746381150,200,GET,GET /pastes/:slug,136.300000,0.000000,38,40,42,44,48,52,57,60,71,72,72,41141,0,39,40.97440049828267,26.439199999003904,194.35069999963162,2908.5484310055663
1746381150,200,POST,POST /pastes,15.600000,0.000000,40,43,47,48,53,58,60,63,90,90,90,4521,0,42,43.65410327360061,30.20719999949506,129.36919999992824,2871.902234019022
1746381150,200,,Aggregated,287.500000,0.000000,37,39,41,43,48,52,56,58,71,90,90,86797,0,38,39.8647893636853,25.618700001359684,194.35069999963162,1569.4923442054449
1746381151,200,GET,GET /analytics/:slug,136.000000,0.000000,35,37,39,41,45,50,53,55,61,65,65,41256,0,37,38.328541283692054,25.618700001359684,139.7938999998587,87.09765852239674
1746381151,200,GET,GET /pastes/:slug,136.700000,0.000000,37,40,42,43,48,52,56,59,71,72,72,41262,0,39,40.96429108622569,26.439199999003904,194.35069999963162,2908.6847704910087
1746381151,200,POST,POST /pastes,15.500000,0.000000,39,43,45,47,52,57,60,63,90,90,90,4535,0,42,43.645762535820566,30.20719999949506,129.36919999992824,2873.6793825799336
1746381151,200,,Aggregated,288.200000,0.000000,36,39,41,42,47,52,55,58,71,90,90,87053,0,38,39.854851769609326,25.618700001359684,194.35069999963162,1569.6597245356277
1746381152,200,GET,GET /analytics/:slug,136.200000,0.000000,35,38,39,41,46,50,54,56,65,65,65,41401,0,37,38.32913726963129,25.618700001359684,139.7938999998587,87.09755802999928
1746381152,200,GET,GET /pastes/:slug,136.200000,0.000000,38,40,42,43,48,53,57,60,71,72,72,41406,0,39,40.96248963917858,26.439199999003904,194.35069999963162,2908.3929140704245
1746381152,200,POST,POST /pastes,15.600000,0.000000,39,43,46,48,53,58,59,63,90,90,90,4556,0,42,43.63828371377123,30.20719999949506,129.36919999992824,2874.6400351185252
1746381152,200,,Aggregated,288.000000,0.000000,37,39,41,43,48,52,56,58,71,90,90,87363,0,38,39.85409702848792,25.618700001359684,194.35069999963162,1569.6313427881369
1746381153,200,GET,GET /analytics/:slug,135.500000,0.000000,35,37,39,41,45,50,53,56,65,65,65,41537,0,37,38.32050703709972,25.618700001359684,139.7938999998587,87.09762380528204
1746381153,200,GET,GET /pastes/:slug,135.500000,0.000000,38,40,42,43,48,52,56,59,70,72,72,41540,0,39,40.956202168989726,26.439199999003904,194.35069999963162,2908.1347857486758
1746381153,200,POST,POST /pastes,15.400000,0.000000,39,43,46,48,52,58,59,63,90,90,90,4569,0,42,43.62588492010226,30.20719999949506,129.36919999992824,2874.339023856424
1746381153,200,,Aggregated,286.400000,0.000000,37,39,41,42,47,52,56,58,70,90,90,87646,0,38,39.846270304404186,25.618700001359684,194.35069999963162,1569.433265636766
1746381154,200,GET,GET /analytics/:slug,133.800000,0.000000,35,37,39,41,46,50,53,55,61,65,65,41673,0,37,38.3206367576131,25.618700001359684,139.7938999998587,87.09768915124901
1746381154,200,GET,GET /pastes/:slug,134.200000,0.000000,38,40,42,43,48,52,55,57,69,70,70,41679,0,39,40.95353071810358,26.439199999003904,194.35069999963162,2907.9993761846495
1746381154,200,POST,POST /pastes,15.800000,0.000000,40,43,45,47,52,56,59,60,63,63,63,4590,0,42,43.625103442254336,30.20719999949506,129.36919999992824,2876.5196078431372
1746381154,200,,Aggregated,283.800000,0.000000,37,39,41,42,47,52,55,57,68,70,70,87942,0,38,39.84532222601051,25.618700001359684,194.35069999963162,1569.6180778240205
1746381155,200,GET,GET /analytics/:slug,134.100000,0.000000,35,38,39,41,46,50,53,55,61,65,65,41801,0,37,38.318213033180925,25.618700001359684,139.7938999998587,87.09770101193752
1746381155,200,GET,GET /pastes/:slug,134.000000,0.000000,38,40,42,43,48,52,56,59,69,70,70,41805,0,39,40.95132865207122,26.439199999003904,194.35069999963162,2907.809161583543
1746381155,200,POST,POST /pastes,16.100000,0.000000,40,43,45,47,52,56,59,60,62,62,62,4614,0,42,43.61143305157147,29.940599999463302,129.36919999992824,2876.11551798873
1746381155,200,,Aggregated,284.200000,0.000000,37,39,41,42,47,52,55,57,68,70,70,88220,0,38,39.84281420766044,25.618700001359684,194.35069999963162,1569.6228746316028
1746381156,200,GET,GET /analytics/:slug,134.100000,0.000000,35,38,39,41,46,50,52,54,61,65,65,41934,0,37,38.31157671102225,25.618700001359684,139.7938999998587,87.09765345542996
1746381156,200,GET,GET /pastes/:slug,134.600000,0.000000,38,40,42,43,48,52,56,58,68,70,70,41937,0,39,40.944696234824555,26.439199999003904,194.35069999963162,2908.188735484179
1746381156,200,POST,POST /pastes,16.100000,0.000000,40,43,45,48,54,56,59,60,62,62,62,4626,0,42,43.607561456972356,29.940599999463302,129.36919999992824,2875.409208819715
1746381156,200,,Aggregated,284.800000,0.000000,37,39,41,42,47,51,55,57,68,70,70,88497,0,38,39.83619742024944,25.618700001359684,194.35069999963162,1569.7109167542403
1746381157,200,GET,GET /analytics/:slug,135.200000,0.000000,35,38,39,41,46,50,52,55,63,65,65,42066,0,37,38.31059943897666,25.618700001359684,139.7938999998587,87.0976322921124
1746381157,200,GET,GET /pastes/:slug,135.100000,0.000000,38,40,42,44,49,53,56,58,68,70,70,42070,0,39,40.94300891371127,26.439199999003904,194.35069999963162,2907.687758497742
1746381157,200,POST,POST /pastes,16.500000,0.000000,40,43,45,49,54,56,59,60,62,62,62,4643,0,42,43.594830002142835,29.940599999463302,129.36919999992824,2874.5102304544475
1746381157,200,,Aggregated,286.800000,0.000000,37,39,41,43,48,52,55,57,68,70,70,88779,0,38,39.83438489620056,25.618700001359684,194.35069999963162,1569.4772862951825
1746381158,200,GET,GET /analytics/:slug,134.800000,0.000000,36,38,39,41,46,50,53,55,63,65,65,42202,0,37,38.30589224444336,25.618700001359684,139.7938999998587,87.09750722714563
1746381158,200,GET,GET /pastes/:slug,135.600000,0.000000,38,40,42,44,49,53,56,57,68,70,70,42205,0,39,40.935554569359915,26.439199999003904,194.35069999963162,2907.912664376259
1746381158,200,POST,POST /pastes,16.400000,0.000000,40,43,45,47,52,55,58,60,62,62,62,4666,0,42,43.576872374613195,29.940599999463302,129.36919999992824,2872.3523360480067
1746381158,200,,Aggregated,286.800000,0.000000,37,39,41,43,48,52,55,57,68,70,70,89073,0,38,39.82800659683395,25.618700001359684,194.35069999963162,1569.5725865301495
1746381159,200,GET,GET /analytics/:slug,135.700000,0.000000,36,38,40,41,46,50,53,56,65,67,67,42343,0,37,38.302798292515924,25.618700001359684,139.7938999998587,87.09744231632148
1746381159,200,GET,GET /pastes/:slug,134.800000,0.000000,38,41,43,45,50,53,57,60,75,79,79,42344,0,39,40.937197858016035,26.439199999003904,194.35069999963162,2908.0795862459854
1746381159,200,POST,POST /pastes,16.700000,0.000000,40,42,44,47,52,56,59,62,71,71,71,4680,0,42,43.57218196580047,29.940599999463302,129.36919999992824,2872.559829059829
1746381159,200,,Aggregated,287.200000,0.000000,37,40,42,43,48,52,56,58,74,79,79,89367,0,38,39.82698206048978,25.618700001359684,194.35069999963162,1569.6092405474055
1746381160,200,GET,GET /analytics/:slug,134.100000,0.000000,36,38,40,41,47,50,54,58,65,67,67,42472,0,37,38.30141793181391,25.618700001359684,139.7938999998587,87.09738180448295
1746381160,200,GET,GET /pastes/:slug,133.700000,0.000000,38,41,43,45,50,54,57,62,75,79,79,42476,0,39,40.9365156464786,26.439199999003904,194.35069999963162,2908.325595630474
1746381160,200,POST,POST /pastes,17.700000,0.000000,40,42,44,47,53,56,62,65,71,71,71,4699,0,42,43.572647158958645,29.940599999463302,129.36919999992824,2872.8735901255586
1746381160,200,,Aggregated,285.500000,0.000000,37,40,42,44,49,53,57,61,74,79,79,89647,0,38,39.82626445948872,25.618700001359684,194.35069999963162,1569.8558903253875
1746381161,200,GET,GET /analytics/:slug,132.100000,0.000000,36,38,40,42,47,50,54,58,66,67,67,42607,0,37,38.29538234562433,25.618700001359684,139.7938999998587,87.09719060248317
1746381161,200,GET,GET /pastes/:slug,132.600000,0.000000,38,41,43,45,50,53,57,62,75,79,79,42613,0,39,40.92502151925076,26.439199999003904,194.35069999963162,2908.469481144252
1746381161,200,POST,POST /pastes,17.400000,0.000000,40,43,46,48,53,56,62,65,71,71,71,4716,0,42,43.58020163272785,29.940599999463302,129.36919999992824,2874.3589906700595
1746381161,200,,Aggregated,282.100000,0.000000,37,40,42,44,49,52,57,61,74,79,79,89936,0,38,39.81846567002991,25.618700001359684,194.35069999963162,1570.0613436221313
1746381162,200,GET,GET /analytics/:slug,133.000000,0.000000,36,38,40,42,47,51,55,58,92,92,92,42757,0,37,38.30049683092854,25.618700001359684,139.7938999998587,87.09727062235423
1746381162,200,GET,GET /pastes/:slug,133.100000,0.000000,39,41,43,45,50,54,60,67,91,92,92,42760,0,39,40.93516843077273,26.439199999003904,194.35069999963162,2908.445626753976
1746381162,200,POST,POST /pastes,17.600000,0.000000,40,43,45,47,53,56,62,65,71,71,71,4729,0,42,43.577274201720755,29.940599999463302,129.36919999992824,2874.643053499683
1746381162,200,,Aggregated,283.700000,0.000000,37,40,42,44,49,53,58,63,92,92,92,90246,0,38,39.82535596923753,25.618700001359684,194.35069999963162,1569.968087228243
1746381163,200,GET,GET /analytics/:slug,133.100000,0.000000,36,39,40,42,48,51,56,59,92,92,92,42888,0,37,38.2997576548222,25.618700001359684,139.7938999998587,87.09725331094945
1746381163,200,GET,GET /pastes/:slug,133.500000,0.000000,39,41,43,45,50,54,59,66,91,92,92,42892,0,39,40.93317440547955,26.439199999003904,194.35069999963162,2908.5292362212067
1746381163,200,POST,POST /pastes,17.900000,0.000000,40,43,47,49,55,58,62,65,71,71,71,4741,0,42,43.58096283483106,29.940599999463302,129.36919999992824,2875.681290866906
1746381163,200,,Aggregated,284.500000,0.000000,38,40,43,44,49,53,58,62,92,92,92,90521,0,38,39.824163096958706,25.618700001359684,194.35069999963162,1570.0408523988908
1746381164,200,GET,GET /analytics/:slug,135.000000,0.000000,36,39,40,42,47,50,56,59,92,92,92,43019,0,37,38.29524555429034,25.618700001359684,139.7938999998587,87.09746856040354
1746381164,200,GET,GET /pastes/:slug,135.000000,0.000000,39,41,43,45,50,54,59,63,91,92,92,43021,0,39,40.929410153176974,26.439199999003904,194.35069999963162,2908.2799795448736
1746381164,200,POST,POST /pastes,17.500000,0.000000,40,43,46,47,53,58,60,65,71,71,71,4757,0,42,43.57812514188221,29.940599999463302,129.36919999992824,2874.0298507462685
1746381164,200,,Aggregated,287.500000,0.000000,38,40,42,44,49,53,58,62,92,92,92,90797,0,38,39.82013132592268,25.618700001359684,194.35069999963162,1569.8285075498088
1746381165,200,GET,GET /analytics/:slug,135.100000,0.000000,36,38,40,42,47,50,56,59,92,92,92,43159,0,37,38.28815035566191,25.618700001359684,139.7938999998587,87.09745360179801
1746381165,200,GET,GET /pastes/:slug,135.500000,0.000000,39,41,43,45,50,53,58,62,91,92,92,43164,0,39,40.92542942034623,26.439199999003904,194.35069999963162,2908.8719998146603
1746381165,200,POST,POST /pastes,16.900000,0.000000,40,44,46,47,53,58,63,65,71,71,71,4768,0,42,43.56977374159693,29.940599999463302,129.36919999992824,2873.5039848993288
1746381165,200,,Aggregated,287.500000,0.000000,37,40,42,44,49,53,58,62,92,92,92,91091,0,38,39.814297767065824,25.618700001359684,194.35069999963162,1570.0613342701254
1746381166,200,GET,GET /analytics/:slug,134.800000,0.000000,36,38,40,42,48,51,56,59,92,92,92,43305,0,37,38.28600607089261,25.618700001359684,139.7938999998587,87.09763306777508
1746381166,200,GET,GET /pastes/:slug,134.100000,0.000000,39,41,43,45,50,53,58,62,91,92,92,43307,0,39,40.92121628604643,26.439199999003904,194.35069999963162,2908.6526658507864
1746381166,200,POST,POST /pastes,17.000000,0.000000,41,45,47,48,53,56,64,65,71,71,71,4782,0,42,43.5718622751851,29.940599999463302,129.36919999992824,2874.1480552070266
1746381166,200,,Aggregated,285.900000,0.000000,38,40,42,44,49,53,58,62,92,92,92,91394,0,38,39.81127045538847,25.618700001359684,194.35069999963162,1569.9166247237238
1746381167,200,GET,GET /analytics/:slug,134.700000,0.000000,36,38,40,42,47,50,56,59,92,92,92,43429,0,37,38.27782122544834,25.618700001359684,139.7938999998587,87.09767666766446
1746381167,200,GET,GET /pastes/:slug,134.300000,0.000000,39,41,43,45,50,53,59,62,91,92,92,43432,0,39,40.91502029378847,26.439199999003904,194.35069999963162,2908.800561797753
1746381167,200,POST,POST /pastes,15.900000,0.000000,41,45,47,48,53,56,64,65,71,71,71,4803,0,42,43.55687409950721,29.940599999463302,129.36919999992824,2875.9400374765773
1746381167,200,,Aggregated,284.900000,0.000000,37,40,42,44,49,53,58,62,92,92,92,91664,0,38,39.80398330533004,25.618700001359684,194.35069999963162,1570.1991076104032
1746381168,200,GET,GET /analytics/:slug,135.600000,0.000000,36,38,40,41,47,50,56,59,92,92,92,43568,0,37,38.270297808024345,25.618700001359684,139.7938999998587,87.09747980168932
1746381168,200,GET,GET /pastes/:slug,135.200000,0.000000,39,41,43,45,50,53,59,62,91,92,92,43571,0,39,40.905409735829345,26.439199999003904,194.35069999963162,2908.880103738725
1746381168,200,POST,POST /pastes,15.500000,0.000000,41,45,47,48,53,56,64,65,71,71,71,4818,0,42,43.54939130343045,29.940599999463302,129.36919999992824,2874.547322540473
1746381168,200,,Aggregated,286.300000,0.000000,37,40,42,44,49,52,58,62,92,92,92,91957,0,38,39.79545776612736,25.618700001359684,194.35069999963162,1570.1583022499647
1746381169,200,GET,GET /analytics/:slug,135.900000,0.000000,35,38,40,41,46,50,56,58,92,92,92,43701,0,37,38.263828548545895,25.618700001359684,139.7938999998587,87.09741195853641
1746381169,200,GET,GET /pastes/:slug,135.800000,0.000000,38,41,43,44,49,53,57,61,91,92,92,43701,0,39,40.89729689480361,26.439199999003904,194.35069999963162,2909.1453971305004
1746381169,200,POST,POST /pastes,15.300000,0.000000,41,45,46,48,53,55,60,63,64,64,64,4836,0,42,43.531257361440865,29.940599999463302,129.36919999992824,2875.079818031431
1746381169,200,,Aggregated,287.000000,0.000000,37,40,42,43,48,52,57,60,92,92,92,92238,0,38,39.787695999477044,25.618700001359684,194.35069999963162,1570.3147618118346
1746381170,200,GET,GET /analytics/:slug,136.300000,0.000000,36,38,40,41,46,50,56,59,92,92,92,43845,0,37,38.26092141179147,25.618700001359684,139.7938999998587,87.09738852776827
1746381170,200,GET,GET /pastes/:slug,136.300000,0.000000,38,41,43,44,49,53,56,59,91,92,92,43853,0,39,40.89285831527588,26.439199999003904,194.35069999963162,2908.8186441064468
1746381170,200,POST,POST /pastes,15.100000,0.000000,41,44,46,47,52,55,60,60,64,64,64,4851,0,42,43.53289729951019,29.940599999463302,129.36919999992824,2875.240775097918
1746381170,200,,Aggregated,287.700000,0.000000,37,40,42,43,48,52,56,59,92,92,92,92549,0,38,39.784359634352995,25.618700001359684,194.35069999963162,1570.270905142141
1746381171,200,GET,GET /analytics/:slug,137.700000,0.000000,35,38,40,41,46,50,56,59,92,92,92,43971,0,37,38.25471229901538,25.618700001359684,139.7938999998587,87.09735962338814
1746381171,200,GET,GET /pastes/:slug,136.900000,0.000000,38,41,43,44,49,53,56,59,91,92,92,43977,0,39,40.888558216790436,26.439199999003904,194.35069999963162,2909.3728767310186
1746381171,200,POST,POST /pastes,15.400000,0.000000,41,43,45,47,52,55,60,64,66,66,66,4868,0,42,43.52358974936837,29.940599999463302,129.36919999992824,2874.688989317995
1746381171,200,,Aggregated,290.000000,0.000000,37,40,42,43,48,52,56,59,92,92,92,92816,0,38,39.77899192057126,25.618700001359684,194.35069999963162,1570.5183912256507
1746381172,200,GET,GET /analytics/:slug,136.300000,0.000000,35,37,39,40,46,50,54,58,65,70,70,44104,0,37,38.25315850263028,25.618700001359684,139.7938999998587,87.09731543624162
1746381172,200,GET,GET /pastes/:slug,136.500000,0.000000,38,41,42,44,49,52,56,57,63,76,76,44109,0,39,40.88782452106821,26.439199999003904,194.35069999963162,2909.090094991952
1746381172,200,POST,POST /pastes,15.200000,0.000000,41,43,46,47,53,56,57,64,66,66,66,4887,0,42,43.53689062818156,29.940599999463302,129.36919999992824,2875.4301207284634
1746381172,200,,Aggregated,288.000000,0.000000,37,39,41,43,48,52,56,58,66,76,76,93100,0,38,39.77876626100692,25.618700001359684,194.35069999963162,1570.4685499462944
1746381173,200,GET,GET /analytics/:slug,137.000000,0.000000,35,38,39,41,46,50,54,57,65,70,70,44249,0,37,38.251979292187414,25.618700001359684,139.7938999998587,87.0972225361025
1746381173,200,GET,GET /pastes/:slug,137.100000,0.000000,38,41,43,44,49,52,56,57,71,76,76,44254,0,39,40.88532621909409,26.439199999003904,194.35069999963162,2909.6853617752067
1746381173,200,POST,POST /pastes,15.000000,0.000000,41,44,46,48,53,56,61,66,78,78,78,4904,0,42,43.54692520389871,29.940599999463302,129.36919999992824,2874.735114192496
1746381173,200,,Aggregated,289.100000,0.000000,37,40,42,43,48,52,56,58,71,78,78,93407,0,38,39.77758818289558,25.618700001359684,194.35069999963162,1570.7268406008116
1746381174,200,GET,GET /analytics/:slug,135.700000,0.000000,35,37,39,41,46,50,54,57,65,70,70,44385,0,37,38.24547205136868,25.618700001359684,139.7938999998587,87.09717246817618
1746381174,200,GET,GET /pastes/:slug,135.900000,0.000000,38,40,42,44,49,52,55,57,71,76,76,44388,0,39,40.87804518563096,26.439199999003904,194.35069999963162,2910.164548977201
1746381174,200,POST,POST /pastes,15.500000,0.000000,42,44,47,48,53,56,61,66,78,78,78,4920,0,42,43.54202926827621,29.940599999463302,129.36919999992824,2874.483536585366
1746381174,200,,Aggregated,287.100000,0.000000,37,39,42,43,48,52,55,58,71,78,78,93693,0,38,39.77081244809882,25.618700001359684,194.35069999963162,1570.9247329042726
1746381175,200,GET,GET /analytics/:slug,134.600000,0.000000,35,38,39,41,46,49,54,57,70,150,150,44518,0,37,38.242615171391606,25.618700001359684,146.61619999969844,87.09719663956153
1746381175,200,GET,GET /pastes/:slug,134.200000,0.000000,38,40,42,44,49,52,55,57,71,76,76,44526,0,39,40.870636302380724,26.439199999003904,194.35069999963162,2910.7540313524682
1746381175,200,POST,POST /pastes,15.900000,0.000000,42,44,46,48,53,56,61,66,78,78,78,4938,0,42,43.543239813674376,29.940599999463302,129.36919999992824,2874.9663831510734
1746381175,200,,Aggregated,284.700000,0.000000,37,39,42,43,48,52,55,58,76,150,150,93982,0,38,39.76620217062585,25.618700001359684,194.35069999963162,1571.3456938562704
1746381176,200,GET,GET /analytics/:slug,136.400000,0.000000,36,38,40,41,46,49,54,57,70,150,150,44650,0,37,38.24286743337113,25.618700001359684,146.61619999969844,87.0972228443449
1746381176,200,GET,GET /pastes/:slug,136.600000,0.000000,38,40,43,44,50,53,56,58,76,400,400,44655,0,39,40.88203627364898,26.439199999003904,401.554700001725,2910.553689396484
1746381176,200,POST,POST /pastes,16.200000,0.000000,42,44,47,48,53,56,61,66,78,78,78,4952,0,42,43.53741823504053,29.940599999463302,129.36919999992824,2874.763126009693
1746381176,200,,Aggregated,289.200000,0.000000,37,39,42,43,48,52,56,59,78,400,400,94257,0,38,39.77135550462838,25.618700001359684,401.554700001725,1571.1882724890459
1746381177,200,GET,GET /analytics/:slug,135.900000,0.000000,36,38,40,41,46,49,53,56,70,150,150,44782,0,37,38.23954959358716,25.618700001359684,146.61619999969844,87.09733821624759
1746381177,200,GET,GET /pastes/:slug,136.000000,0.000000,38,40,43,44,49,53,57,60,76,400,400,44786,0,39,40.87509226543516,26.439199999003904,401.554700001725,2910.8031527709554
1746381177,200,POST,POST /pastes,16.800000,0.000000,42,45,48,49,53,56,61,66,78,78,78,4976,0,42,43.53807092040341,29.940599999463302,129.36919999992824,2873.5673231511255
1746381177,200,,Aggregated,288.700000,0.000000,37,40,42,43,48,52,56,59,78,400,400,94544,0,38,39.76688983964867,25.618700001359684,401.554700001725,1571.3582458960907
1746381178,200,GET,GET /analytics/:slug,134.800000,0.000000,36,38,40,42,46,50,53,56,70,150,150,44919,0,37,38.23944293728779,25.618700001359684,146.61619999969844,87.09737527549589
1746381178,200,GET,GET /pastes/:slug,135.100000,0.000000,38,41,43,44,50,53,56,60,76,400,400,44924,0,39,40.871289753801605,26.439199999003904,401.554700001725,2910.867309233372
1746381178,200,POST,POST /pastes,16.900000,0.000000,42,45,48,50,53,57,61,66,78,78,78,4992,0,42,43.5389784655292,29.940599999463302,129.36919999992824,2872.3439503205127
1746381178,200,,Aggregated,286.800000,0.000000,37,40,42,44,49,52,56,59,78,400,400,94835,0,38,39.76512826171508,25.618700001359684,401.554700001725,1571.3488796330469
1746381179,200,GET,GET /analytics/:slug,135.400000,0.000000,36,38,40,42,46,50,52,55,70,150,150,45053,0,37,38.2308073069505,25.618700001359684,146.61619999969844,87.0973963997958
1746381179,200,GET,GET /pastes/:slug,135.900000,0.000000,38,40,43,44,49,53,56,59,76,400,400,45058,0,39,40.861057024274864,26.439199999003904,401.554700001725,2910.489080740379
1746381179,200,POST,POST /pastes,17.200000,0.000000,43,46,48,50,53,57,61,66,78,78,78,5008,0,42,43.53961541531972,29.940599999463302,129.36919999992824,2872.1873003194887
1746381179,200,,Aggregated,288.500000,0.000000,37,40,42,44,48,52,56,58,78,400,400,95119,0,38,39.756268074724815,25.618700001359684,401.554700001725,1571.1764211146037
1746381180,200,GET,GET /analytics/:slug,134.400000,0.000000,36,38,40,42,46,49,52,54,65,150,150,45195,0,37,38.22403339971329,25.618700001359684,146.61619999969844,87.09731164951876
1746381180,200,GET,GET /pastes/:slug,134.900000,0.000000,38,40,43,44,49,53,56,59,76,400,400,45204,0,39,40.8532482700598,26.439199999003904,401.554700001725,2910.252167949739
1746381180,200,POST,POST /pastes,17.000000,0.000000,42,45,48,49,53,57,61,66,78,78,78,5023,0,42,43.526890005956645,29.940599999463302,129.36919999992824,2870.35158271949
1746381180,200,,Aggregated,286.300000,0.000000,37,40,42,43,48,52,55,58,78,400,400,95422,0,38,39.74870567374148,25.618700001359684,401.554700001725,1571.012743392509
1746381181,200,GET,GET /analytics/:slug,134.500000,0.000000,36,38,40,42,46,49,52,55,66,150,150,45335,0,37,38.221395572957775,25.618700001359684,146.61619999969844,87.09731995147237
1746381181,200,GET,GET /pastes/:slug,134.500000,0.000000,38,40,43,44,50,53,57,61,79,400,400,45338,0,39,40.85260009483818,26.439199999003904,401.554700001725,2909.782985575014
1746381181,200,POST,POST /pastes,17.200000,0.000000,42,45,47,49,53,57,59,62,78,78,78,5034,0,42,43.512907210949564,29.940599999463302,129.36919999992824,2868.363130711164
1746381181,200,,Aggregated,286.200000,0.000000,37,40,42,43,48,52,56,59,79,400,400,95707,0,38,39.746164087263715,25.618700001359684,401.554700001725,1570.5396470477604
1746381182,200,GET,GET /analytics/:slug,135.300000,0.000000,36,38,40,42,46,49,53,56,66,150,150,45475,0,37,38.220795338098426,25.618700001359684,146.61619999969844,87.09724024189114
1746381182,200,GET,GET /pastes/:slug,134.600000,0.000000,38,40,42,44,49,52,57,61,79,400,400,45479,0,39,40.85187258954169,26.439199999003904,401.554700001725,2910.208249961521
1746381182,200,POST,POST /pastes,17.300000,0.000000,41,44,47,48,53,55,58,61,62,62,62,5050,0,42,43.513276237607435,29.940599999463302,129.36919999992824,2869.191089108911
1746381182,200,,Aggregated,287.200000,0.000000,37,40,42,43,48,52,55,58,79,400,400,96004,0,38,39.74558379338072,25.618700001359684,401.554700001725,1570.8045810591225
1746381183,200,GET,GET /analytics/:slug,135.200000,0.000000,36,39,40,42,46,50,53,56,66,150,150,45600,0,37,38.220112500000646,25.618700001359684,146.61619999969844,87.09728070175439
1746381183,200,GET,GET /pastes/:slug,134.600000,0.000000,38,41,43,45,50,53,58,67,79,400,400,45604,0,39,40.85793753617595,26.439199999003904,401.554700001725,2910.670270151741
1746381183,200,POST,POST /pastes,16.800000,0.000000,41,44,46,48,53,55,57,62,62,62,62,5061,0,42,43.51086012644,29.940599999463302,129.36919999992824,2869.3989330171903
1746381183,200,,Aggregated,286.600000,0.000000,37,40,42,44,49,52,56,61,79,400,400,96265,0,38,39.74789359060638,25.618700001359684,401.554700001725,1570.995387731782
1746381184,200,GET,GET /analytics/:slug,135.300000,0.000000,36,38,40,42,46,50,53,56,66,150,150,45747,0,37,38.210508721884054,25.618700001359684,146.61619999969844,87.09727413819485
1746381184,200,GET,GET /pastes/:slug,134.900000,0.000000,38,41,43,45,50,53,57,67,79,400,400,45751,0,39,40.848143725815234,26.439199999003904,401.554700001725,2910.818867347162
1746381184,200,POST,POST /pastes,16.300000,0.000000,41,44,47,49,53,55,58,62,62,62,62,5074,0,42,43.51001988567471,29.940599999463302,129.36919999992824,2868.5947970043358
1746381184,200,,Aggregated,286.500000,0.000000,37,40,42,44,49,52,56,61,79,400,400,96572,0,38,39.73853090957761,25.618700001359684,401.554700001725,1570.978782669925
1746381185,200,GET,GET /analytics/:slug,136.700000,0.000000,36,38,40,42,46,50,53,56,66,66,66,45887,0,37,38.21178455989774,25.618700001359684,146.61619999969844,87.09726066206115
1746381185,200,GET,GET /pastes/:slug,136.700000,0.000000,38,41,43,45,50,53,57,65,76,79,79,45890,0,39,40.84795118979665,26.439199999003904,401.554700001725,2911.0401394639357
1746381185,200,POST,POST /pastes,16.300000,0.000000,41,44,46,48,52,54,56,58,62,62,62,5085,0,42,43.50488438542994,29.940599999463302,129.36919999992824,2867.4352015732547
1746381185,200,,Aggregated,289.700000,0.000000,37,40,42,44,49,52,56,59,75,79,79,96862,0,38,39.73858660052163,25.618700001359684,401.554700001725,1570.9480704507444
1746381186,200,GET,GET /analytics/:slug,134.400000,0.000000,36,39,41,42,47,51,53,56,66,74,74,46020,0,37,38.22108368535471,25.618700001359684,146.61619999969844,87.09717514124294
1746381186,200,GET,GET /pastes/:slug,134.500000,0.000000,38,41,44,46,51,53,58,66,76,79,79,46023,0,39,40.85543770070986,26.439199999003904,401.554700001725,2911.1668079003975
1746381186,200,POST,POST /pastes,15.700000,0.000000,42,45,47,48,52,55,56,58,62,62,62,5098,0,42,43.50810755196414,29.940599999463302,129.36919999992824,2867.1390741467244
1746381186,200,,Aggregated,284.600000,0.000000,37,40,43,44,49,52,56,60,75,79,79,97141,0,38,39.746640582243586,25.618700001359684,401.554700001725,1570.9691788225364
1746381187,200,GET,GET /analytics/:slug,135.500000,0.000000,36,39,41,42,47,51,54,58,66,74,74,46155,0,37,38.219116875745264,25.618700001359684,146.61619999969844,87.09710757231069
1746381187,200,GET,GET /pastes/:slug,135.900000,0.000000,38,41,44,46,51,54,58,65,76,79,79,46157,0,39,40.8513265246825,26.439199999003904,401.554700001725,2911.1735814719327
1746381187,200,POST,POST /pastes,14.800000,0.000000,41,44,46,47,52,55,58,62,62,62,62,5114,0,42,43.50638721155921,29.940599999463302,129.36919999992824,2866.3380915134926
1746381187,200,,Aggregated,286.200000,0.000000,38,40,43,44,49,52,57,62,75,79,79,97426,0,38,39.74369964896149,25.618700001359684,401.554700001725,1570.9303368710612
1746381188,200,GET,GET /analytics/:slug,136.100000,0.000000,36,39,41,43,47,51,55,58,66,74,74,46302,0,37,38.21925090924868,25.618700001359684,146.61619999969844,87.09712323441752
1746381188,200,GET,GET /pastes/:slug,135.800000,0.000000,39,42,45,47,51,54,61,66,79,82,82,46307,0,39,40.85403002137365,26.439199999003904,401.554700001725,2911.256743041009
1746381188,200,POST,POST /pastes,15.100000,0.000000,41,44,46,47,52,55,62,62,71,71,71,5130,0,42,43.5068298050519,29.940599999463302,129.36919999992824,2866.5777777777776
1746381188,200,,Aggregated,287.000000,0.000000,38,40,43,45,49,53,58,63,76,82,82,97739,0,38,39.74509009402297,25.618700001359684,401.554700001725,1571.0195623036864
1746381189,200,GET,GET /analytics/:slug,135.400000,0.000000,37,39,41,43,47,51,54,58,66,74,74,46425,0,37,38.21522455788985,25.618700001359684,146.61619999969844,87.09705977382876
1746381189,200,GET,GET /pastes/:slug,134.900000,0.000000,39,42,45,47,51,55,62,66,79,82,82,46431,0,39,40.849602610319465,26.439199999003904,401.554700001725,2910.719217763994
1746381189,200,POST,POST /pastes,14.100000,0.000000,41,44,46,47,51,54,62,62,71,71,71,5148,0,42,43.5021658507998,29.940599999463302,129.36919999992824,2864.773115773116
1746381189,200,,Aggregated,284.400000,0.000000,38,41,43,45,50,53,58,63,76,82,82,98004,0,38,39.74101923084476,25.618700001359684,401.554700001725,1570.7413676992776
1746381190,200,GET,GET /analytics/:slug,136.400000,0.000000,37,39,41,43,47,51,54,58,66,74,74,46561,0,37,38.211632694745376,25.618700001359684,146.61619999969844,87.09718433882433
1746381190,200,GET,GET /pastes/:slug,135.700000,0.000000,39,42,45,47,52,56,62,67,79,82,82,46565,0,39,40.84748137012207,26.439199999003904,401.554700001725,2911.0118543970793
1746381190,200,POST,POST /pastes,13.900000,0.000000,42,45,47,49,52,56,62,62,71,71,71,5162,0,42,43.51073860905074,29.940599999463302,129.36919999992824,2863.4199922510657
1746381190,200,,Aggregated,286.000000,0.000000,38,41,43,45,50,53,58,63,78,82,82,98288,0,38,39.73869885031447,25.618700001359684,401.554700001725,1570.7672655868469
1746381191,200,GET,GET /analytics/:slug,136.900000,0.000000,37,39,41,43,47,51,54,58,66,74,74,46704,0,37,38.210162705550545,25.618700001359684,146.61619999969844,87.09716512504282
1746381191,200,GET,GET /pastes/:slug,136.600000,0.000000,39,42,45,46,51,55,60,65,78,82,82,46709,0,39,40.845272493518124,26.439199999003904,401.554700001725,2910.5769551906483
1746381191,200,POST,POST /pastes,13.800000,0.000000,42,45,47,49,53,56,62,62,71,71,71,5174,0,42,43.50930968301572,29.940599999463302,129.36919999992824,2865.443563973715
1746381191,200,,Aggregated,287.300000,0.000000,38,41,43,45,50,53,58,62,76,82,82,98587,0,38,39.73674460324095,25.618700001359684,401.554700001725,1570.6303062269874
1746381192,200,GET,GET /analytics/:slug,135.200000,0.000000,36,39,41,42,47,50,53,57,65,74,74,46823,0,37,38.205690835701006,25.618700001359684,146.61619999969844,87.0973026076928
1746381192,200,GET,GET /pastes/:slug,135.500000,0.000000,39,41,44,46,50,54,59,63,78,82,82,46826,0,39,40.83946164523426,26.439199999003904,401.554700001725,2910.491927561611
1746381192,200,POST,POST /pastes,13.800000,0.000000,42,45,47,48,51,54,61,62,71,71,71,5197,0,42,43.498114065792876,29.940599999463302,129.36919999992824,2863.382913219165
1746381192,200,,Aggregated,284.500000,0.000000,38,40,43,45,49,52,57,60,74,82,82,98846,0,38,39.73163700908198,25.618700001359684,401.554700001725,1570.5830584950327
1746381193,200,GET,GET /analytics/:slug,134.900000,0.000000,37,39,41,42,47,50,53,57,65,74,74,46961,0,37,38.20329917591248,25.618700001359684,146.61619999969844,87.09725091032985
1746381193,200,GET,GET /pastes/:slug,135.200000,0.000000,39,41,43,45,50,54,59,63,78,82,82,46966,0,39,40.835910051946904,26.439199999003904,401.554700001725,2909.8145041093558
1746381193,200,POST,POST /pastes,14.100000,0.000000,42,45,46,47,51,54,61,62,71,71,71,5212,0,42,43.492054009963496,29.940599999463302,129.36919999992824,2862.918073676132
1746381193,200,,Aggregated,284.200000,0.000000,38,40,43,44,49,52,57,60,74,82,82,99139,0,38,39.72851319460266,25.618700001359684,401.554700001725,1570.2604524959904
1746381194,200,GET,GET /analytics/:slug,136.100000,0.000000,37,39,41,43,47,51,53,57,65,74,74,47097,0,37,38.20072107777614,25.618700001359684,146.61619999969844,87.09720364354418
1746381194,200,GET,GET /pastes/:slug,136.300000,0.000000,39,41,43,45,50,54,59,62,78,82,82,47100,0,39,40.83019728024931,26.439199999003904,401.554700001725,2909.813503184713
1746381194,200,POST,POST /pastes,14.200000,0.000000,42,45,47,48,52,58,62,69,71,71,71,5226,0,42,43.49993289321234,29.940599999463302,129.36919999992824,2864.0396096440872
1746381194,200,,Aggregated,286.600000,0.000000,38,40,43,44,49,52,57,60,74,82,82,99423,0,38,39.72493589812934,25.618700001359684,401.554700001725,1570.2775414139585
1746381195,200,GET,GET /analytics/:slug,134.800000,0.000000,37,39,41,43,47,51,54,56,65,74,74,47232,0,37,38.20044479378416,25.618700001359684,146.61619999969844,87.09732808265582
1746381195,200,GET,GET /pastes/:slug,134.600000,0.000000,39,41,43,45,50,54,59,62,78,82,82,47234,0,39,40.828784597953835,26.439199999003904,401.554700001725,2909.3237074988356
1746381195,200,POST,POST /pastes,14.700000,0.000000,42,45,47,48,52,59,64,69,71,71,71,5240,0,42,43.50080555342071,29.940599999463302,129.36919999992824,2864.5330152671754
1746381195,200,,Aggregated,284.100000,0.000000,38,40,43,44,49,52,57,61,74,82,82,99706,0,38,39.724133365090424,25.618700001359684,401.554700001725,1570.0452329849759
1746381196,200,GET,GET /analytics/:slug,135.000000,0.000000,36,39,41,42,47,50,54,55,61,65,65,47366,0,37,38.1994151712203,25.618700001359684,146.61619999969844,87.09736942110375
1746381196,200,GET,GET /pastes/:slug,134.500000,0.000000,38,41,43,45,49,54,59,62,78,82,82,47368,0,39,40.8277908672466,26.439199999003904,401.554700001725,2909.5526304678265
1746381196,200,POST,POST /pastes,14.800000,0.000000,42,44,47,48,52,58,61,69,71,71,71,5254,0,42,43.5000586600536,29.940599999463302,129.36919999992824,2864.4229158736202
1746381196,200,,Aggregated,284.300000,0.000000,38,40,42,44,48,52,56,59,71,82,82,99988,0,38,39.723102822335655,25.618700001359684,401.554700001725,1570.1366263951675
1746381197,200,GET,GET /analytics/:slug,134.400000,0.000000,36,39,41,42,47,50,53,55,59,61,61,47493,0,37,38.19714168614373,25.618700001359684,146.61619999969844,87.09740382793254
1746381197,200,GET,GET /pastes/:slug,133.900000,0.000000,38,41,43,45,50,53,58,62,78,82,82,47498,0,39,40.82328080971278,26.439199999003904,401.554700001725,2909.5161269948208
1746381197,200,POST,POST /pastes,15.700000,0.000000,42,45,47,49,52,58,61,69,71,71,71,5271,0,42,43.49921918040487,29.940599999463302,129.36919999992824,2864.376778599886
1746381197,200,,Aggregated,284.000000,0.000000,38,40,42,44,48,52,56,59,71,82,82,100262,0,38,39.71998789471281,25.618700001359684,401.554700001725,1570.194530330534
1746381198,200,GET,GET /analytics/:slug,133.900000,0.000000,36,38,40,42,46,50,53,55,59,61,61,47635,0,37,38.18982204891411,25.618700001359684,146.61619999969844,87.09734438962947
1746381198,200,GET,GET /pastes/:slug,133.700000,0.000000,38,41,43,44,49,52,56,59,66,78,78,47641,0,39,40.814470901109146,26.439199999003904,401.554700001725,2909.163850464936
1746381198,200,POST,POST /pastes,15.100000,0.000000,42,44,47,49,52,56,61,64,69,69,69,5281,0,42,43.4930134822786,29.940599999463302,129.36919999992824,2864.9842832796817
1746381198,200,,Aggregated,282.700000,0.000000,37,40,42,43,48,52,55,58,66,78,78,100557,0,38,39.71181504718416,25.618700001359684,401.554700001725,1569.9984983641118
1746381199,200,GET,GET /analytics/:slug,133.900000,0.000000,36,38,40,42,46,50,53,55,59,61,61,47765,0,37,38.183248629750004,25.618700001359684,146.61619999969844,87.09720506647126
1746381199,200,GET,GET /pastes/:slug,133.800000,0.000000,38,40,42,44,49,52,56,59,66,78,78,47771,0,39,40.80692233990784,26.439199999003904,401.554700001725,2909.1594272675893
1746381199,200,POST,POST /pastes,15.800000,0.000000,42,44,47,49,53,56,61,64,69,69,69,5299,0,42,43.49093370445659,29.940599999463302,129.36919999992824,2864.188714851859
1746381199,200,,Aggregated,283.500000,0.000000,37,40,42,43,48,52,55,58,66,78,78,100835,0,38,39.70515015222569,25.618700001359684,401.554700001725,1570.0003867704665
1746381200,200,GET,GET /analytics/:slug,134.800000,0.000000,36,38,40,42,46,50,53,55,59,61,61,47910,0,37,38.18544071175121,25.618700001359684,146.61619999969844,87.09722396159465
1746381200,200,GET,GET /pastes/:slug,134.900000,0.000000,38,41,43,44,48,52,56,59,64,64,64,47916,0,39,40.80801061440297,26.439199999003904,401.554700001725,2908.9418774522082
1746381200,200,POST,POST /pastes,15.600000,0.000000,41,44,47,49,52,55,61,64,69,69,69,5314,0,42,43.49072687239652,29.940599999463302,129.36919999992824,2864.436394429808
1746381200,200,,Aggregated,285.300000,0.000000,37,40,42,43,48,52,55,57,64,69,69,101140,0,38,39.70665239964074,25.618700001359684,401.554700001725,1569.8962032825787
1746381201,200,GET,GET /analytics/:slug,133.500000,0.000000,36,38,40,42,46,50,53,55,59,61,61,48043,0,37,38.181240382573925,25.618700001359684,146.61619999969844,87.09732947567804
1746381201,200,GET,GET /pastes/:slug,133.800000,0.000000,38,40,42,44,49,52,55,59,64,64,64,48047,0,39,40.80074794055246,26.439199999003904,401.554700001725,2908.983245572044
1746381201,200,POST,POST /pastes,15.100000,0.000000,41,44,47,49,53,56,61,64,69,69,69,5325,0,42,43.48937553050008,29.940599999463302,129.36919999992824,2864.503849765258
1746381201,200,,Aggregated,282.400000,0.000000,37,40,42,43,48,51,55,57,64,69,69,101415,0,38,39.70098893358625,25.618700001359684,401.554700001725,1569.8448750184884
1746381202,200,GET,GET /analytics/:slug,135.300000,0.000000,36,38,40,42,46,50,53,55,59,62,62,48176,0,37,38.18035802474259,25.618700001359684,146.61619999969844,87.0972891066091
1746381202,200,GET,GET /pastes/:slug,135.200000,0.000000,38,41,42,44,49,52,55,57,64,64,64,48182,0,39,40.79695282262503,26.439199999003904,401.554700001725,2908.212299198871
1746381202,200,POST,POST /pastes,15.400000,0.000000,41,44,47,50,53,56,59,64,69,69,69,5341,0,42,43.488298202567954,29.940599999463302,129.36919999992824,2862.1235723647255
1746381202,200,,Aggregated,285.900000,0.000000,37,40,42,43,48,51,55,57,64,69,69,101699,0,38,39.69878474517594,25.618700001359684,401.554700001725,1569.3968082282029
1746381203,200,GET,GET /analytics/:slug,134.600000,0.000000,36,38,40,42,46,49,53,55,59,62,62,48304,0,37,38.17161430730377,25.618700001359684,146.61619999969844,87.09738323948328
1746381203,200,GET,GET /pastes/:slug,134.700000,0.000000,38,40,42,43,48,52,55,57,64,64,64,48309,0,39,40.786892868817596,26.439199999003904,401.554700001725,2907.7337349148193
1746381203,200,POST,POST /pastes,15.000000,0.000000,41,44,47,50,53,56,59,64,69,69,69,5352,0,42,43.48093015693575,29.940599999463302,129.36919999992824,2862.451046337818
1746381203,200,,Aggregated,284.300000,0.000000,37,40,42,43,48,51,55,57,64,69,69,101965,0,38,39.68936010689594,25.618700001359684,401.554700001725,1569.1335164026873
1746381204,200,GET,GET /analytics/:slug,134.400000,0.000000,36,38,40,42,46,49,53,55,59,62,62,48456,0,37,38.16852854548464,25.618700001359684,146.61619999969844,87.09744923229322
1746381204,200,GET,GET /pastes/:slug,134.100000,0.000000,38,40,42,44,49,51,54,57,64,65,65,48460,0,39,40.782654801892576,26.439199999003904,401.554700001725,2907.412628972348
1746381204,200,POST,POST /pastes,14.700000,0.000000,41,43,45,49,52,54,56,56,59,59,59,5362,0,42,43.47280361803831,29.940599999463302,129.36919999992824,2862.632413278627
1746381204,200,,Aggregated,283.200000,0.000000,37,40,41,43,48,51,54,56,62,65,65,102278,0,38,39.685199592284285,25.618700001359684,401.554700001725,1568.8911105027473
1746381205,200,GET,GET /analytics/:slug,135.600000,0.000000,36,38,40,42,46,49,53,55,59,62,62,48576,0,37,38.169493045948755,25.618700001359684,146.61619999969844,87.09743494729908
1746381205,200,GET,GET /pastes/:slug,135.700000,0.000000,38,41,42,44,49,51,54,57,66,70,70,48584,0,39,40.785561425566364,26.439199999003904,401.554700001725,2907.459492837148
1746381205,200,POST,POST /pastes,14.000000,0.000000,41,43,46,49,52,54,56,57,59,59,59,5377,0,42,43.47425006507678,29.940599999463302,129.36919999992824,2862.2506974149155
1746381205,200,,Aggregated,285.300000,0.000000,37,40,42,43,48,51,54,56,65,70,70,102537,0,38,39.68721586451386,25.618700001359684,401.554700001725,1568.9670948048022
1746381206,200,GET,GET /analytics/:slug,135.000000,0.000000,36,38,40,42,47,50,54,57,70,71,71,48705,0,37,38.17342307360665,25.618700001359684,146.61619999969844,87.0975053895904
1746381206,200,GET,GET /pastes/:slug,135.100000,0.000000,38,41,43,44,49,52,56,59,66,70,70,48711,0,39,40.78814595881214,26.439199999003904,401.554700001725,2907.0720987046047
1746381206,200,POST,POST /pastes,14.200000,0.000000,41,43,46,49,53,56,59,59,60,60,60,5393,0,42,43.47741557573244,29.940599999463302,129.36919999992824,2862.1448173558315
1746381206,200,,Aggregated,284.300000,0.000000,37,40,42,43,48,52,55,58,70,71,71,102809,0,38,39.69051007985341,25.618700001359684,401.554700001725,1568.7733564182124
1746381207,200,GET,GET /analytics/:slug,134.600000,0.000000,36,39,40,42,47,51,55,58,70,71,71,48840,0,37,38.17393090909118,25.618700001359684,146.61619999969844,87.09760442260442
1746381207,200,GET,GET /pastes/:slug,134.500000,0.000000,38,41,43,45,49,52,56,59,66,70,70,48841,0,39,40.7893019757928,26.439199999003904,401.554700001725,2906.579922606007
1746381207,200,POST,POST /pastes,13.500000,0.000000,42,44,48,49,54,56,59,60,63,63,63,5415,0,42,43.48788576175879,29.940599999463302,129.36919999992824,2863.2500461680515
1746381207,200,,Aggregated,282.600000,0.000000,37,40,42,44,49,52,56,59,70,71,71,103096,0,38,39.6920538604761,25.618700001359684,401.554700001725,1568.6216342050127
1746381208,200,GET,GET /analytics/:slug,135.000000,0.000000,36,39,41,43,47,52,55,58,70,71,71,48972,0,37,38.17748519970627,25.618700001359684,146.61619999969844,87.09744343706608
1746381208,200,GET,GET /pastes/:slug,135.100000,0.000000,39,41,44,46,50,53,58,61,70,78,78,48976,0,39,40.794496516654704,26.439199999003904,401.554700001725,2906.5666040509636
1746381208,200,POST,POST /pastes,13.600000,0.000000,43,46,50,52,55,59,63,64,66,66,66,5435,0,42,43.51131604414413,29.940599999463302,129.36919999992824,2864.96872125115
1746381208,200,,Aggregated,283.700000,0.000000,38,41,43,45,49,53,58,61,70,78,78,103383,0,38,39.69765889265774,25.618700001359684,401.554700001725,1568.8115744368029
1746381209,200,GET,GET /analytics/:slug,134.300000,0.000000,36,39,41,43,47,52,55,59,70,71,71,49114,0,37,38.17730805065782,25.618700001359684,146.61619999969844,87.09752819969866
1746381209,200,GET,GET /pastes/:slug,134.900000,0.000000,39,42,44,46,50,53,58,61,70,78,78,49117,0,39,40.79264231935319,26.439199999003904,401.554700001725,2906.904126880713
1746381209,200,POST,POST /pastes,13.900000,0.000000,43,46,49,51,55,59,63,64,66,66,66,5450,0,42,43.51096165136256,29.940599999463302,129.36919999992824,2864.5194495412843
1746381209,200,,Aggregated,283.100000,0.000000,38,41,43,45,49,53,58,61,70,78,78,103681,0,38,39.69663932060475,25.618700001359684,401.554700001725,1568.925347942246
1746381210,200,GET,GET /analytics/:slug,133.000000,0.000000,36,39,41,43,48,52,56,59,70,71,71,49249,0,37,38.18059102519877,25.618700001359684,146.61619999969844,87.09754512781986
1746381210,200,GET,GET /pastes/:slug,133.300000,0.000000,39,42,44,46,50,53,58,62,73,78,78,49252,0,39,40.79369336879082,26.439199999003904,401.554700001725,2906.7759075773574
1746381210,200,POST,POST /pastes,14.500000,0.000000,43,46,49,51,55,59,63,64,66,66,66,5469,0,42,43.51380248672994,29.940599999463302,129.36919999992824,2864.094715670141
1746381210,200,,Aggregated,280.800000,0.000000,38,41,43,45,50,53,58,61,71,78,78,103970,0,38,39.69898912185861,25.618700001359684,401.554700001725,1568.892257381937
1746381211,200,GET,GET /analytics/:slug,133.400000,0.000000,36,39,42,43,49,53,58,60,77,82,82,49402,0,37,38.182463420509734,25.618700001359684,146.61619999969844,87.09746568964819
1746381211,200,GET,GET /pastes/:slug,133.200000,0.000000,39,42,44,46,50,54,59,63,76,78,78,49406,0,39,40.79417825769517,26.439199999003904,401.554700001725,2907.092741772254
1746381211,200,POST,POST /pastes,15.100000,0.000000,43,46,50,51,56,60,63,66,82,82,82,5484,0,42,43.52430284462568,29.940599999463302,129.36919999992824,2864.354485776805
1746381211,200,,Aggregated,281.700000,0.000000,38,41,44,45,50,54,59,62,78,82,82,104292,0,38,39.70059549821319,25.618700001359684,401.554700001725,1569.0439631035938
1746381212,200,GET,GET /analytics/:slug,133.700000,0.000000,36,39,42,44,49,53,57,60,77,82,82,49532,0,37,38.17988083461235,25.618700001359684,146.61619999969844,87.09747234111282
1746381212,200,GET,GET /pastes/:slug,133.900000,0.000000,39,42,45,46,50,54,60,63,76,78,78,49539,0,39,40.788922927383894,26.439199999003904,401.554700001725,2906.9643109469307
1746381212,200,POST,POST /pastes,15.200000,0.000000,43,46,49,51,56,60,64,66,82,82,82,5497,0,42,43.52014498816253,29.940599999463302,129.36919999992824,2864.4502455885026
1746381212,200,,Aggregated,282.800000,0.000000,38,41,44,45,50,54,59,62,78,82,82,104568,0,38,39.69664282954276,25.618700001359684,401.554700001725,1569.008683344809
1746381213,200,GET,GET /analytics/:slug,133.600000,0.000000,37,40,42,44,49,53,58,61,77,82,82,49688,0,37,38.17977452302413,25.618700001359684,146.61619999969844,87.09754870391241
1746381213,200,GET,GET /pastes/:slug,133.900000,0.000000,40,43,45,47,51,55,60,63,76,78,78,49693,0,39,40.79082878674394,26.439199999003904,401.554700001725,2906.862294488157
1746381213,200,POST,POST /pastes,15.500000,0.000000,43,47,50,51,56,60,64,66,82,82,82,5508,0,42,43.52016915394586,29.940599999463302,129.36919999992824,2865.538307915759
1746381213,200,,Aggregated,283.000000,0.000000,39,42,44,46,50,54,59,63,78,82,82,104889,0,38,39.6972454985712,25.618700001359684,401.554700001725,1568.9137659811802
1746381214,200,GET,GET /analytics/:slug,135.000000,0.000000,37,40,42,44,49,53,58,61,77,82,82,49825,0,37,38.17844598695468,25.618700001359684,146.61619999969844,87.09750125439037
1746381214,200,GET,GET /pastes/:slug,135.100000,0.000000,40,43,45,47,51,56,59,63,76,78,78,49830,0,39,40.789218472800854,26.439199999003904,401.554700001725,2906.8705799719046
1746381214,200,POST,POST /pastes,15.800000,0.000000,44,47,50,52,57,61,65,68,82,82,82,5521,0,42,43.52636692627011,29.940599999463302,129.36919999992824,2866.8933164281834
1746381214,200,,Aggregated,285.900000,0.000000,39,42,44,46,51,55,59,63,78,82,82,105176,0,38,39.69609891609899,25.618700001359684,401.554700001725,1568.9616642580056
1746381215,200,GET,GET /analytics/:slug,135.500000,0.000000,37,39,42,43,48,52,57,61,77,82,82,49958,0,37,38.173500822691494,25.618700001359684,146.61619999969844,87.09752191841146
1746381215,200,GET,GET /pastes/:slug,135.800000,0.000000,39,42,44,46,51,55,58,62,76,78,78,49961,0,39,40.783115021710294,26.439199999003904,401.554700001725,2907.064350193151
1746381215,200,POST,POST /pastes,15.900000,0.000000,43,47,50,51,56,61,65,68,82,82,82,5537,0,42,43.52118320389003,29.940599999463302,129.36919999992824,2866.691349106014
1746381215,200,,Aggregated,287.200000,0.000000,38,41,44,45,50,54,59,62,78,82,82,105456,0,38,39.69061746225572,25.618700001359684,401.554700001725,1569.0328667880442
1746381216,200,GET,GET /analytics/:slug,136.600000,0.000000,37,39,41,43,47,52,55,61,77,82,82,50094,0,37,38.16969948496888,25.618700001359684,146.61619999969844,87.0974767437218
1746381216,200,GET,GET /pastes/:slug,136.500000,0.000000,39,42,44,46,51,55,58,61,76,78,78,50102,0,39,40.7786968484225,26.439199999003904,401.554700001725,2907.098239591234
1746381216,200,POST,POST /pastes,15.500000,0.000000,43,46,50,51,56,61,65,68,82,82,82,5552,0,42,43.51647871036358,29.940599999463302,129.36919999992824,2867.4218299711815
1746381216,200,,Aggregated,288.600000,0.000000,38,41,43,45,50,54,58,62,78,82,82,105748,0,38,39.686525374471806,25.618700001359684,401.554700001725,1569.1495158300866
1746381217,200,GET,GET /analytics/:slug,138.200000,0.000000,36,39,41,43,47,51,55,60,77,82,82,50222,0,37,38.16509925530721,25.618700001359684,146.61619999969844,87.09742742224523
1746381217,200,GET,GET /pastes/:slug,138.300000,0.000000,39,42,44,45,51,55,58,61,76,78,78,50228,0,39,40.773594745951506,26.439199999003904,401.554700001725,2906.988691566457
1746381217,200,POST,POST /pastes,15.500000,0.000000,42,46,49,51,56,61,65,68,82,82,82,5576,0,42,43.51525649209761,29.940599999463302,129.36919999992824,2868.860294117647
1746381217,200,,Aggregated,292.000000,0.000000,38,41,43,44,49,54,58,61,78,82,82,106026,0,38,39.68219872389443,25.618700001359684,401.554700001725,1569.2679154169732
1746381218,200,GET,GET /analytics/:slug,137.700000,0.000000,36,39,41,43,47,51,55,61,77,82,82,50366,0,37,38.16635468768691,25.618700001359684,146.61619999969844,87.09742683556368
1746381218,200,GET,GET /pastes/:slug,137.700000,0.000000,39,41,43,45,50,55,58,61,76,77,77,50372,0,39,40.77184119549858,26.439199999003904,401.554700001725,2906.8499364726435
1746381218,200,POST,POST /pastes,16.000000,0.000000,42,45,47,50,55,58,65,68,82,82,82,5586,0,42,43.520252810586975,29.940599999463302,129.36919999992824,2868.378446115288
1746381218,200,,Aggregated,291.400000,0.000000,38,41,43,44,49,54,58,62,77,82,82,106324,0,38,39.68200911458971,25.618700001359684,401.554700001725,1569.1034573567586
1746381219,200,GET,GET /analytics/:slug,138.200000,0.000000,36,39,41,42,47,51,56,61,77,82,82,50501,0,37,38.16819069325449,25.618700001359684,146.61619999969844,87.09750301974218
1746381219,200,GET,GET /pastes/:slug,137.900000,0.000000,39,41,44,45,51,55,58,62,76,77,77,50506,0,39,40.778741523772645,26.439199999003904,401.554700001725,2906.801429533125
1746381219,200,POST,POST /pastes,15.900000,0.000000,42,46,50,52,57,64,66,68,82,82,82,5608,0,42,43.54812014977483,29.940599999463302,129.36919999992824,2869.312767475036
1746381219,200,,Aggregated,292.000000,0.000000,38,41,43,44,50,54,59,63,77,82,82,106615,0,38,39.68785607465793,25.618700001359684,401.554700001725,1569.2025512357548
1746381220,200,GET,GET /analytics/:slug,137.900000,0.000000,36,39,41,43,47,51,57,61,77,82,82,50634,0,37,38.17021537109534,25.618700001359684,146.61619999969844,87.09754315282221
1746381220,200,GET,GET /pastes/:slug,137.800000,0.000000,39,41,43,45,51,55,58,62,76,77,77,50637,0,39,40.77866800955161,26.439199999003904,401.554700001725,2906.7048205857377
1746381220,200,POST,POST /pastes,15.900000,0.000000,42,46,49,52,57,64,66,68,82,82,82,5627,0,42,43.54573593387871,29.940599999463302,129.36919999992824,2869.33339257153
1746381220,200,,Aggregated,291.600000,0.000000,38,41,43,45,50,54,59,63,77,82,82,106898,0,38,39.688787004430914,25.618700001359684,401.554700001725,1569.1841568598102
1746381221,200,GET,GET /analytics/:slug,139.000000,0.000000,37,39,41,43,47,51,57,61,73,77,77,50766,0,37,38.17289294212756,25.618700001359684,146.61619999969844,87.09762439427963
1746381221,200,GET,GET /pastes/:slug,139.200000,0.000000,39,42,44,46,51,55,59,62,74,77,77,50769,0,39,40.78286362937363,26.439199999003904,401.554700001725,2906.8401189702377
1746381221,200,POST,POST /pastes,15.500000,0.000000,42,46,49,51,57,62,65,66,68,68,68,5648,0,42,43.55128273724063,29.940599999463302,129.36919999992824,2871.932719546742
1746381221,200,,Aggregated,293.700000,0.000000,38,41,43,45,50,54,59,63,74,77,77,107183,0,38,39.6925625481622,25.618700001359684,401.554700001725,1569.4619482567198
1746381222,200,GET,GET /analytics/:slug,138.000000,0.000000,36,39,41,43,47,51,57,61,73,77,77,50895,0,37,38.16989393653724,25.618700001359684,146.61619999969844,87.09761273209548
1746381222,200,GET,GET /pastes/:slug,137.800000,0.000000,39,42,44,46,51,55,59,62,74,77,77,50901,0,39,40.78134159839071,26.439199999003904,401.554700001725,2906.5519734386357
1746381222,200,POST,POST /pastes,15.400000,0.000000,42,46,50,51,57,61,65,66,68,68,68,5667,0,42,43.55241088758313,29.940599999463302,129.36919999992824,2873.2537497794247
1746381222,200,,Aggregated,291.200000,0.000000,38,41,43,45,50,54,59,63,74,77,77,107463,0,38,39.690678029644594,25.618700001359684,401.554700001725,1569.4886984357406
1746381223,200,GET,GET /analytics/:slug,138.700000,0.000000,37,39,41,43,47,51,57,61,73,77,77,51032,0,37,38.17128472723103,25.618700001359684,146.61619999969844,87.09762501959555
1746381223,200,GET,GET /pastes/:slug,138.200000,0.000000,39,42,44,46,51,55,59,63,74,77,77,51038,0,39,40.781571011788785,26.439199999003904,401.554700001725,2906.1570398526587
1746381223,200,POST,POST /pastes,16.200000,0.000000,42,46,49,51,57,62,65,66,68,68,68,5687,0,42,43.55885421134817,29.940599999463302,129.36919999992824,2872.8879901529804
1746381223,200,,Aggregated,293.100000,0.000000,38,41,43,45,50,54,60,63,74,77,77,107757,0,38,39.69195530127672,25.618700001359684,401.554700001725,1569.339560306987
1746381224,200,GET,GET /analytics/:slug,136.400000,0.000000,36,39,41,43,48,52,61,71,82,83,83,51173,0,37,38.180181847850335,25.618700001359684,146.61619999969844,87.09755144314384
1746381224,200,GET,GET /pastes/:slug,136.700000,0.000000,39,42,44,46,51,56,63,68,87,88,88,51173,0,39,40.78968105445588,26.439199999003904,401.554700001725,2906.1823422507964
1746381224,200,POST,POST /pastes,16.500000,0.000000,42,46,50,51,57,61,65,66,78,78,78,5705,0,42,43.56698553899043,29.940599999463302,129.36919999992824,2872.591411042945
1746381224,200,,Aggregated,289.600000,0.000000,38,41,43,45,50,55,63,69,87,88,88,108051,0,38,39.70046040110378,25.618700001359684,401.554700001725,1569.289002415526
1746381225,200,GET,GET /analytics/:slug,135.600000,0.000000,37,39,42,43,48,52,61,71,82,83,83,51298,0,37,38.1773764532738,25.618700001359684,146.61619999969844,87.09752816873952
1746381225,200,GET,GET /pastes/:slug,136.200000,0.000000,39,42,44,46,52,56,63,68,87,88,88,51307,0,39,40.78563343987517,26.439199999003904,401.554700001725,2906.2099908394566
1746381225,200,POST,POST /pastes,17.000000,0.000000,43,47,50,51,57,61,65,66,78,78,78,5720,0,42,43.56539867131805,29.940599999463302,129.36919999992824,2872.4622377622377
1746381225,200,,Aggregated,288.800000,0.000000,38,41,44,45,51,55,63,69,87,88,88,108325,0,38,39.69725947472563,25.618700001359684,401.554700001725,1569.4191460881607
1746381226,200,GET,GET /analytics/:slug,135.100000,0.000000,37,40,42,44,49,53,62,73,82,83,83,51437,0,37,38.18540288897172,25.618700001359684,146.61619999969844,87.0974784688065
1746381226,200,GET,GET /pastes/:slug,135.100000,0.000000,39,42,45,47,52,56,63,70,87,88,88,51442,0,39,40.789834570966526,26.439199999003904,401.554700001725,2906.30947474826
1746381226,200,POST,POST /pastes,18.000000,0.000000,43,48,50,52,59,63,66,71,78,78,78,5743,0,42,43.58147715478529,29.940599999463302,129.36919999992824,2873.2695455336934
1746381226,200,,Aggregated,288.200000,0.000000,39,42,44,46,51,56,64,71,87,88,88,108622,0,38,39.704126803958935,25.618700001359684,401.554700001725,1569.5493730551823
1746381227,200,GET,GET /analytics/:slug,133.500000,0.000000,37,40,42,44,49,53,64,73,82,83,83,51571,0,37,38.18107820480584,25.618700001359684,146.61619999969844,87.097477264354
1746381227,200,GET,GET /pastes/:slug,133.700000,0.000000,39,43,45,47,52,56,63,70,87,88,88,51574,0,39,40.786033012751616,26.439199999003904,401.554700001725,2906.6721991701243
1746381227,200,POST,POST /pastes,18.300000,0.000000,44,48,50,52,57,62,66,71,78,78,78,5758,0,42,43.57980548800418,29.940599999463302,129.36919999992824,2872.6160125043416
1746381227,200,,Aggregated,285.500000,0.000000,39,42,44,46,51,56,64,71,87,88,88,108903,0,38,39.700171443391056,25.618700001359684,401.554700001725,1569.6623508994242
1746381228,200,GET,GET /analytics/:slug,134.300000,0.000000,37,40,42,44,49,52,61,71,82,83,83,51707,0,37,38.177555160810954,25.618700001359684,146.61619999969844,87.09747229582068
1746381228,200,GET,GET /pastes/:slug,134.700000,0.000000,39,42,45,46,52,56,62,68,87,88,88,51712,0,39,40.78223495319556,26.439199999003904,401.554700001725,2906.8592783106437
1746381228,200,POST,POST /pastes,18.500000,0.000000,43,47,50,51,57,61,65,71,78,78,78,5770,0,42,43.57799166376585,29.940599999463302,129.36919999992824,2873.123396880416
1746381228,200,,Aggregated,287.500000,0.000000,38,41,44,46,51,55,62,69,87,88,88,109189,0,38,39.6965151297258,25.618700001359684,401.554700001725,1569.7641520666002
1746381229,200,GET,GET /analytics/:slug,133.600000,0.000000,37,40,42,44,49,53,64,74,82,83,83,51838,0,37,38.178297193179915,25.618700001359684,146.61619999969844,87.0973803001659
1746381229,200,GET,GET /pastes/:slug,133.400000,0.000000,39,42,45,46,51,56,63,71,87,88,88,51846,0,39,40.78599914939728,26.439199999003904,401.554700001725,2907.4989391659915
1746381229,200,POST,POST /pastes,18.800000,0.000000,43,47,49,51,55,61,65,71,78,78,78,5789,0,42,43.576182121251044,29.940599999463302,129.36919999992824,2873.2249093107616
1746381229,200,,Aggregated,285.800000,0.000000,38,41,44,46,51,55,64,71,87,88,88,109473,0,38,39.69873850264112,25.618700001359684,401.554700001725,1570.161071679775
1746381230,200,GET,GET /analytics/:slug,134.700000,0.000000,36,39,42,43,48,52,64,74,82,83,83,51974,0,37,38.173591963290754,25.618700001359684,146.61619999969844,87.09731788971409
1746381230,200,GET,GET /pastes/:slug,134.300000,0.000000,39,42,44,46,51,56,63,71,87,88,88,51979,0,39,40.781972586999665,26.439199999003904,401.554700001725,2907.128109428808
1746381230,200,POST,POST /pastes,18.300000,0.000000,42,46,48,50,55,61,65,71,78,78,78,5799,0,42,43.57134769786645,29.940599999463302,129.36919999992824,2872.9603379893083
1746381230,200,,Aggregated,287.300000,0.000000,38,41,43,45,50,55,64,71,87,88,88,109752,0,38,39.69413465904632,25.618700001359684,401.554700001725,1569.8730319265253
1746381231,200,GET,GET /analytics/:slug,133.600000,0.000000,36,39,41,43,48,52,61,74,82,83,83,52114,0,37,38.17026694362475,25.618700001359684,146.61619999969844,87.09734428368577
1746381231,200,GET,GET /pastes/:slug,133.500000,0.000000,39,41,44,46,51,56,63,71,87,88,88,52120,0,39,40.777861256708704,26.439199999003904,401.554700001725,2907.0481580967
1746381231,200,POST,POST /pastes,18.200000,0.000000,42,46,48,50,55,61,65,71,78,78,78,5811,0,42,43.5711548442485,29.940599999463302,129.36919999992824,2872.358802271554
1746381231,200,,Aggregated,285.300000,0.000000,38,41,43,45,50,55,62,71,87,88,88,110045,0,38,39.69048481075599,25.618700001359684,401.554700001725,1569.7725294197828
1746381232,200,GET,GET /analytics/:slug,133.600000,0.000000,36,39,41,43,48,52,61,74,82,83,83,52239,0,37,38.16745361320201,25.618700001359684,146.61619999969844,87.09736020980493
1746381232,200,GET,GET /pastes/:slug,133.700000,0.000000,39,42,44,46,51,56,63,71,87,88,88,52245,0,39,40.776938539566615,26.439199999003904,401.554700001725,2906.676658053402
1746381232,200,POST,POST /pastes,18.200000,0.000000,42,46,48,50,55,61,65,71,78,78,78,5829,0,42,43.56224189396625,29.940599999463302,129.36919999992824,2872.1329559101046
1746381232,200,,Aggregated,285.500000,0.000000,38,41,43,45,50,55,63,74,87,88,88,110313,0,38,39.688387327872924,25.618700001359684,401.554700001725,1569.6324458586023
1746381233,200,GET,GET /analytics/:slug,132.800000,0.000000,36,39,41,43,48,52,61,74,82,83,83,52388,0,37,38.16824854165182,25.618700001359684,146.61619999969844,87.0974841566771
1746381233,200,GET,GET /pastes/:slug,133.500000,0.000000,39,42,44,46,51,56,63,71,87,88,88,52392,0,39,40.779063797901784,26.439199999003904,401.554700001725,2906.687013284471
1746381233,200,POST,POST /pastes,16.800000,0.000000,42,45,48,50,54,59,65,71,78,78,78,5838,0,42,43.56270109625438,29.940599999463302,129.36919999992824,2872.2471736896196
1746381233,200,,Aggregated,283.100000,0.000000,38,41,43,45,50,55,62,71,87,88,88,110618,0,38,39.68950771212336,25.618700001359684,401.554700001725,1569.5292628686109
1746381234,200,GET,GET /analytics/:slug,134.300000,0.000000,36,39,41,42,47,50,55,61,80,81,81,52524,0,37,38.1662795769565,25.618700001359684,146.61619999969844,87.09753636432869
1746381234,200,GET,GET /pastes/:slug,134.400000,0.000000,39,42,44,46,51,55,60,63,82,83,83,52532,0,39,40.77810953513427,26.439199999003904,401.554700001725,2906.617147643341
1746381234,200,POST,POST /pastes,16.500000,0.000000,42,45,47,48,54,59,63,65,71,71,71,5853,0,42,43.565696565852264,29.940599999463302,129.36919999992824,2872.7428669058604
1746381234,200,,Aggregated,285.200000,0.000000,38,41,43,45,49,53,59,62,81,83,83,110909,0,38,39.688315110583154,25.618700001359684,401.554700001725,1569.5686283349412
1746381235,200,GET,GET /analytics/:slug,132.500000,0.000000,36,39,41,42,47,50,55,60,80,81,81,52657,0,37,38.165140290940634,25.618700001359684,146.61619999969844,87.09746092637256
1746381235,200,GET,GET /pastes/:slug,131.700000,0.000000,39,41,44,46,50,55,60,62,82,83,83,52659,0,39,40.77517674470996,26.439199999003904,401.554700001725,2906.585711844129
1746381235,200,POST,POST /pastes,15.900000,0.000000,42,44,47,48,53,59,63,65,71,71,71,5866,0,42,43.55942729286248,29.940599999463302,129.36919999992824,2873.2458233890216
1746381235,200,,Aggregated,280.100000,0.000000,38,40,43,44,49,53,58,62,81,83,83,111182,0,38,39.68593319961571,25.618700001359684,401.554700001725,1569.4864996132467
1746381236,200,GET,GET /analytics/:slug,134.300000,0.000000,36,38,40,41,47,50,54,58,75,80,80,52800,0,37,38.16069750189513,25.618700001359684,146.61619999969844,87.09736742424242
1746381236,200,GET,GET /pastes/:slug,134.900000,0.000000,38,41,43,45,50,54,58,62,82,83,83,52804,0,39,40.77074605332344,26.439199999003904,401.554700001725,2906.470456783577
1746381236,200,POST,POST /pastes,14.800000,0.000000,42,44,46,47,53,57,61,62,63,63,63,5884,0,42,43.561242029219976,29.940599999463302,129.36919999992824,2872.5674711080896
1746381236,200,,Aggregated,284.000000,0.000000,37,40,42,44,48,52,57,61,81,83,83,111488,0,38,39.681917792046505,25.618700001359684,401.554700001725,1569.4441913030998
1746381237,200,GET,GET /analytics/:slug,135.100000,0.000000,36,38,40,41,47,50,54,57,75,80,80,52936,0,37,38.15788956853661,25.618700001359684,146.61619999969844,87.09741952546472
1746381237,200,GET,GET /pastes/:slug,135.200000,0.000000,38,41,43,45,50,54,58,62,82,83,83,52945,0,39,40.76691736896179,26.439199999003904,401.554700001725,2905.91190858438
1746381237,200,POST,POST /pastes,14.900000,0.000000,42,44,46,47,53,57,62,63,70,70,70,5896,0,42,43.56578678764159,29.940599999463302,129.36919999992824,2872.672998643148
1746381237,200,,Aggregated,285.200000,0.000000,37,40,42,44,48,53,57,61,81,83,83,111777,0,38,39.678953283767356,25.618700001359684,401.554700001725,1569.2081107920235
1746381238,200,GET,GET /analytics/:slug,134.300000,0.000000,36,38,40,41,47,50,54,57,75,80,80,53082,0,36,38.150959654874825,25.618700001359684,146.61619999969844,87.09741531969406
1746381238,200,GET,GET /pastes/:slug,134.500000,0.000000,38,41,43,45,50,54,58,63,82,83,83,53088,0,39,40.76213122173902,26.439199999003904,401.554700001725,2905.725587703436
1746381238,200,POST,POST /pastes,14.400000,0.000000,42,44,46,48,53,57,62,63,70,70,70,5909,0,42,43.56177970890767,29.940599999463302,129.36919999992824,2872.2861736334407
1746381238,200,,Aggregated,283.200000,0.000000,37,40,42,44,48,53,57,61,81,83,83,112079,0,38,39.67305042871264,25.618700001359684,401.554700001725,1569.0254552592369
1746381239,200,GET,GET /analytics/:slug,136.400000,0.000000,36,38,40,41,47,50,53,55,65,66,66,53214,0,36,38.14834156237193,25.618700001359684,146.61619999969844,87.09747434885557
1746381239,200,GET,GET /pastes/:slug,136.700000,0.000000,38,41,43,45,49,54,58,61,76,76,76,53224,0,39,40.76079817187138,26.439199999003904,401.554700001725,2905.703761460995
1746381239,200,POST,POST /pastes,13.900000,0.000000,42,44,46,47,53,57,63,66,70,70,70,5921,0,42,43.55954740752164,29.940599999463302,129.36919999992824,2872.77774024658
1746381239,200,,Aggregated,287.000000,0.000000,37,40,42,44,48,52,56,59,70,76,76,112359,0,38,39.671006772930376,25.618700001359684,401.554700001725,1569.0572094803265
1746381240,200,GET,GET /analytics/:slug,136.700000,0.000000,36,38,40,41,47,50,53,55,65,66,66,53347,0,36,38.146676379178906,25.618700001359684,146.61619999969844,87.09741878643598
1746381240,200,GET,GET /pastes/:slug,136.900000,0.000000,38,41,43,45,49,54,58,60,76,76,76,53351,0,39,40.75914498134427,26.439199999003904,401.554700001725,2906.3416430807297
1746381240,200,POST,POST /pastes,13.800000,0.000000,42,44,46,47,53,57,63,66,70,70,70,5939,0,42,43.55185047986726,29.940599999463302,129.36919999992824,2872.3318740528707
1746381240,200,,Aggregated,287.400000,0.000000,37,40,42,44,48,52,56,59,70,76,76,112637,0,38,39.669081462571775,25.618700001359684,401.554700001725,1569.3013663361062
1746381241,200,GET,GET /analytics/:slug,136.600000,0.000000,36,39,41,42,47,50,54,57,70,89,89,53489,0,36,38.151237067435396,25.618700001359684,146.61619999969844,87.09740320439717
1746381241,200,GET,GET /pastes/:slug,136.400000,0.000000,38,41,43,45,50,55,59,65,130,130,130,53490,0,39,40.77141443259858,26.439199999003904,401.554700001725,2906.4535614133483
1746381241,200,POST,POST /pastes,13.700000,0.000000,41,44,46,48,53,57,63,66,70,70,70,5958,0,42,43.55325480025723,29.940599999463302,129.36919999992824,2872.0617656931854
1746381241,200,,Aggregated,286.700000,0.000000,38,40,42,44,49,53,58,61,130,130,130,112937,0,38,39.677207377561835,25.618700001359684,401.554700001725,1569.341296475026
1746381242,200,GET,GET /analytics/:slug,138.100000,0.000000,36,39,41,42,47,51,55,60,86,89,89,53618,0,36,38.156313458168086,25.618700001359684,146.61619999969844,87.09733671528218
1746381242,200,GET,GET /pastes/:slug,138.200000,0.000000,39,42,44,46,52,57,67,100,130,130,130,53622,0,39,40.79317699451155,26.439199999003904,401.554700001725,2906.4727910186116
1746381242,200,POST,POST /pastes,13.100000,0.000000,42,45,48,50,56,61,68,70,140,140,140,5971,0,42,43.582149037000576,29.940599999463302,138.54510000055598,2872.345838218054
1746381242,200,,Aggregated,289.400000,0.000000,38,40,43,44,50,55,62,72,130,140,140,113211,0,38,39.69142542420525,25.618700001359684,401.554700001725,1569.385006757294
1746381243,200,GET,GET /analytics/:slug,136.900000,0.000000,36,39,41,42,48,51,55,61,86,89,89,53758,0,36,38.15830448677523,25.618700001359684,146.61619999969844,87.09739945682503
1746381243,200,GET,GET /pastes/:slug,136.500000,0.000000,39,42,44,46,52,58,70,100,130,130,130,53761,0,39,40.7974664626719,26.439199999003904,401.554700001725,2905.92029538141
1746381243,200,POST,POST /pastes,14.100000,0.000000,42,46,49,52,57,61,68,70,140,140,140,5987,0,42,43.59319193250882,29.940599999463302,138.54510000055598,2873.052948054117
1746381243,200,,Aggregated,287.500000,0.000000,38,41,43,45,50,55,63,73,130,140,140,113506,0,38,39.6949867601687,25.618700001359684,401.554700001725,1569.15344563283
1746381244,200,GET,GET /analytics/:slug,136.200000,0.000000,36,39,41,42,48,52,56,61,86,89,89,53898,0,36,38.15741528813786,25.618700001359684,146.61619999969844,87.0974618724257
1746381244,200,GET,GET /pastes/:slug,135.900000,0.000000,39,42,44,47,53,59,73,100,130,130,130,53903,0,39,40.80107555052049,26.439199999003904,401.554700001725,2906.270430217242
1746381244,200,POST,POST /pastes,14.400000,0.000000,42,46,50,52,57,60,70,79,140,140,140,6003,0,42,43.59542738629553,29.940599999463302,138.54510000055598,2871.52057304681
1746381244,200,,Aggregated,286.500000,0.000000,38,41,43,45,51,56,65,76,130,140,140,113804,0,38,39.696426269724256,25.618700001359684,401.554700001725,1569.2665635654282
1746381245,200,GET,GET /analytics/:slug,138.500000,0.000000,36,39,41,42,47,52,56,61,86,89,89,54030,0,36,38.15463915787638,25.618700001359684,146.61619999969844,87.09757542106237
1746381245,200,GET,GET /pastes/:slug,138.700000,0.000000,39,42,44,47,53,60,73,100,130,130,130,54034,0,39,40.79883212421256,26.439199999003904,401.554700001725,2906.056038790391
1746381245,200,POST,POST /pastes,14.100000,0.000000,42,47,51,53,58,65,70,79,140,140,140,6018,0,42,43.60507906280008,29.940599999463302,138.54510000055598,2871.804420073114
1746381245,200,,Aggregated,291.300000,0.000000,38,41,43,45,51,56,65,76,130,140,140,114082,0,38,39.694558427269016,25.618700001359684,401.554700001725,1569.1715871040128
1746381246,200,GET,GET /analytics/:slug,137.100000,0.000000,36,39,41,43,48,52,58,61,86,89,89,54159,0,36,38.15232950940841,25.618700001359684,146.61619999969844,87.09765689913034
1746381246,200,GET,GET /pastes/:slug,137.000000,0.000000,39,42,44,47,53,60,74,100,130,130,130,54162,0,39,40.794254733940626,26.439199999003904,401.554700001725,2905.7593146486465
1746381246,200,POST,POST /pastes,15.000000,0.000000,42,46,51,53,57,65,68,79,140,140,140,6037,0,42,43.60319869139161,29.940599999463302,138.54510000055598,2873.072883882723
1746381246,200,,Aggregated,289.100000,0.000000,38,41,43,45,51,57,66,76,130,140,140,114358,0,38,39.691346030008305,25.618700001359684,401.554700001725,1569.1390108256528
1746381247,200,GET,GET /analytics/:slug,136.900000,0.000000,36,39,41,43,48,52,56,60,86,89,89,54301,0,36,38.148687267270454,25.618700001359684,146.61619999969844,87.09767775915729
1746381247,200,GET,GET /pastes/:slug,136.500000,0.000000,39,42,45,47,53,60,74,100,130,130,130,54305,0,39,40.79106877266713,26.439199999003904,401.554700001725,2906.024988490931
1746381247,200,POST,POST /pastes,14.900000,0.000000,42,45,50,52,57,64,66,79,140,140,140,6054,0,42,43.599129104712596,29.940599999463302,138.54510000055598,2874.137925338619
1746381247,200,,Aggregated,288.300000,0.000000,38,41,43,45,51,56,65,76,130,140,140,114660,0,38,39.6879468393484,25.618700001359684,401.554700001725,1569.3459706959707
1746381248,200,GET,GET /analytics/:slug,137.300000,0.000000,37,39,42,43,49,53,59,65,86,89,89,54430,0,36,38.1553225923213,25.618700001359684,146.61619999969844,87.0976851001286
1746381248,200,GET,GET /pastes/:slug,136.800000,0.000000,39,42,46,48,54,61,79,100,130,130,130,54436,0,39,40.80033161326493,26.439199999003904,401.554700001725,2905.7944926151813
1746381248,200,POST,POST /pastes,15.100000,0.000000,42,47,52,53,58,66,71,88,140,140,140,6070,0,42,43.61546771003773,29.940599999463302,138.54510000055598,2874.558978583196
1746381248,200,,Aggregated,289.200000,0.000000,38,41,44,46,52,58,68,83,130,140,140,114936,0,38,39.69641321604787,25.618700001359684,401.554700001725,1569.300558571727
1746381249,200,GET,GET /analytics/:slug,135.300000,0.000000,37,39,42,44,49,52,59,65,86,89,89,54562,0,36,38.15502566988107,25.618700001359684,146.61619999969844,87.09779700157618
1746381249,200,GET,GET /pastes/:slug,135.500000,0.000000,39,42,45,48,54,61,79,100,130,130,130,54567,0,39,40.80031256436493,26.439199999003904,401.554700001725,2905.2634742610003
1746381249,200,POST,POST /pastes,15.400000,0.000000,43,48,52,53,58,64,71,88,140,140,140,6091,0,42,43.63261797733277,29.940599999463302,138.54510000055598,2874.3408307338696
1746381249,200,,Aggregated,286.200000,0.000000,38,41,44,46,52,58,68,83,130,140,140,115220,0,38,39.697374087829324,25.618700001359684,401.554700001725,1569.0969623329283
1746381250,200,GET,GET /analytics/:slug,135.100000,0.000000,37,39,42,43,48,52,59,65,86,89,89,54694,0,36,38.15030231652581,25.618700001359684,146.61619999969844,87.09790836289173
1746381250,200,GET,GET /pastes/:slug,135.000000,0.000000,39,42,45,48,54,61,79,100,130,130,130,54700,0,39,40.796229442407444,26.439199999003904,401.554700001725,2905.016581352834
1746381250,200,POST,POST /pastes,15.600000,0.000000,43,48,52,53,58,64,71,88,140,140,140,6104,0,42,43.62728212646379,29.940599999463302,138.54510000055598,2873.5573394495414
1746381250,200,,Aggregated,285.700000,0.000000,38,41,44,46,52,58,68,83,130,140,140,115498,0,38,39.69287187223759,25.618700001359684,401.554700001725,1568.930492302897
1746381251,200,GET,GET /analytics/:slug,134.700000,0.000000,36,39,41,43,48,52,58,62,86,86,86,54833,0,36,38.14808368500832,25.618700001359684,146.61619999969844,87.09793372604089
1746381251,200,GET,GET /pastes/:slug,134.900000,0.000000,39,42,45,47,54,61,73,84,110,120,120,54840,0,39,40.796123242153634,26.439199999003904,401.554700001725,2904.7841903719914
1746381251,200,POST,POST /pastes,16.100000,0.000000,43,48,52,53,57,64,71,88,140,140,140,6122,0,42,43.628254067287536,29.940599999463302,138.54510000055598,2874.2556354132635
1746381251,200,,Aggregated,285.700000,0.000000,38,41,44,46,51,57,66,75,110,140,140,115795,0,38,39.69191625458542,25.618700001359684,401.554700001725,1568.8967485642731
1746381252,200,GET,GET /analytics/:slug,133.300000,0.000000,36,39,41,43,48,51,56,60,75,86,86,54947,0,36,38.14521627386499,25.618700001359684,146.61619999969844,87.09794893260779
1746381252,200,GET,GET /pastes/:slug,133.300000,0.000000,39,42,44,46,51,57,63,73,85,87,87,54949,0,39,40.793216599022806,26.439199999003904,401.554700001725,2905.1147791588564
1746381252,200,POST,POST /pastes,16.800000,0.000000,43,47,51,53,56,61,66,79,88,88,88,6144,0,42,43.63528613280258,29.940599999463302,138.54510000055598,2874.1236979166665
1746381252,200,,Aggregated,283.400000,0.000000,38,41,43,45,50,55,61,67,86,88,88,116040,0,38,39.689821229745945,25.618700001359684,401.554700001725,1569.0928903826266
1746381253,200,GET,GET /analytics/:slug,134.200000,0.000000,36,38,40,42,47,51,55,59,75,86,86,55086,0,36,38.14135326943415,25.618700001359684,146.61619999969844,87.09795592346512
1746381253,200,GET,GET /pastes/:slug,133.900000,0.000000,39,41,44,45,51,55,61,66,85,87,87,55088,0,39,40.788539413296895,26.439199999003904,401.554700001725,2904.957758495498
1746381253,200,POST,POST /pastes,16.300000,0.000000,43,46,49,52,56,61,66,79,88,88,88,6164,0,42,43.629262800120394,29.940599999463302,138.54510000055598,2873.3504218040234
1746381253,200,,Aggregated,284.400000,0.000000,38,40,43,44,50,54,60,64,86,88,88,116338,0,38,39.68560935635565,25.618700001359684,401.554700001725,1569.0275146555725
1746381254,200,GET,GET /analytics/:slug,134.900000,0.000000,36,38,40,42,47,50,55,59,75,86,86,55221,0,36,38.1351961971001,25.618700001359684,146.61619999969844,87.09802430234875
1746381254,200,GET,GET /pastes/:slug,134.900000,0.000000,38,41,43,45,50,54,61,66,85,87,87,55224,0,39,40.78228536505332,26.439199999003904,401.554700001725,2904.4799362595973
1746381254,200,POST,POST /pastes,16.300000,0.000000,43,46,51,53,56,64,66,71,88,88,88,6177,0,42,43.64380441961161,29.940599999463302,138.54510000055598,2873.8895904160595
1746381254,200,,Aggregated,286.100000,0.000000,37,40,42,44,49,54,59,64,86,88,88,116622,0,38,39.68044087821948,25.618700001359684,401.554700001725,1568.817684484917
1746381255,200,GET,GET /analytics/:slug,131.900000,0.000000,36,38,40,42,47,50,55,59,75,86,86,55346,0,36,38.130367699563855,25.618700001359684,146.61619999969844,87.09803779857623
1746381255,200,GET,GET /pastes/:slug,131.700000,0.000000,38,41,43,44,50,54,60,64,85,87,87,55354,0,39,40.777400343240025,26.439199999003904,401.554700001725,2904.72430176681
1746381255,200,POST,POST /pastes,17.400000,0.000000,43,46,50,52,56,59,66,71,88,88,88,6196,0,42,43.639952162676266,29.940599999463302,138.54510000055598,2875.5479341510654
1746381255,200,,Aggregated,281.000000,0.000000,37,40,42,44,49,53,59,63,86,88,88,116896,0,38,39.67585454506326,25.618700001359684,401.554700001725,1569.1343758554613
1746381256,200,GET,GET /analytics/:slug,132.100000,0.000000,36,38,40,42,46,50,54,58,75,86,86,55490,0,36,38.12898291764405,25.618700001359684,146.61619999969844,87.0979816183096
1746381256,200,GET,GET /pastes/:slug,131.900000,0.000000,38,41,43,44,50,54,60,63,85,87,87,55493,0,39,40.77392776565907,26.439199999003904,401.554700001725,2904.3033896167085
1746381256,200,POST,POST /pastes,17.800000,0.000000,43,47,50,52,56,59,66,71,88,88,88,6211,0,42,43.639744614384995,29.940599999463302,138.54510000055598,2874.7770085332477
1746381256,200,,Aggregated,281.800000,0.000000,37,40,42,44,49,53,58,63,86,88,88,117194,0,38,39.67345844838244,25.618700001359684,401.554700001725,1568.8244705360344
1746381257,200,GET,GET /analytics/:slug,131.400000,0.000000,36,38,40,42,46,50,55,58,75,86,86,55630,0,36,38.124582414166206,25.618700001359684,146.61619999969844,87.09793277008808
1746381257,200,GET,GET /pastes/:slug,131.700000,0.000000,38,41,43,44,50,54,60,64,85,87,87,55637,0,39,40.770237252183364,26.439199999003904,401.554700001725,2904.5187195571293
1746381257,200,POST,POST /pastes,17.300000,0.000000,43,47,50,52,57,59,66,71,88,88,88,6224,0,42,43.6366257872657,29.940599999463302,138.54510000055598,2875.5237789203084
1746381257,200,,Aggregated,280.400000,0.000000,37,40,42,44,49,53,58,63,86,88,88,117491,0,38,39.669409304540224,25.618700001359684,401.554700001725,1568.9816751921423
1746381258,200,GET,GET /analytics/:slug,131.300000,0.000000,35,38,40,41,46,49,53,57,61,66,66,55776,0,36,38.12107920790428,25.618700001359684,146.61619999969844,87.09792742398164
1746381258,200,GET,GET /pastes/:slug,131.400000,0.000000,38,40,42,44,48,53,56,60,68,68,68,55786,0,39,40.76350215286489,26.439199999003904,401.554700001725,2904.6621912307746
1746381258,200,POST,POST /pastes,17.900000,0.000000,43,46,50,51,56,58,62,66,70,70,70,6234,0,42,43.63632042026687,29.940599999463302,138.54510000055598,2876.0170035290344
1746381258,200,,Aggregated,280.600000,0.000000,37,39,42,43,48,52,56,59,68,70,70,117796,0,38,39.66435928639118,25.618700001359684,401.554700001725,1569.0392627933036
1746381259,200,GET,GET /analytics/:slug,132.200000,0.000000,35,38,40,41,46,49,53,57,66,67,67,55914,0,36,38.11913019637431,25.618700001359684,146.61619999969844,87.0978824623529
1746381259,200,GET,GET /pastes/:slug,131.900000,0.000000,38,40,42,44,48,53,56,60,68,68,68,55923,0,39,40.762228124380364,26.439199999003904,401.554700001725,2904.6294190225844
1746381259,200,POST,POST /pastes,17.300000,0.000000,42,45,49,50,56,58,62,66,70,70,70,6249,0,42,43.641742854847884,29.940599999463302,138.54510000055598,2876.1549047847657
1746381259,200,,Aggregated,281.400000,0.000000,37,39,42,43,48,52,56,60,68,70,70,118086,0,38,39.663096220548965,25.618700001359684,401.554700001725,1569.0147350236268
1746381260,200,GET,GET /analytics/:slug,132.800000,0.000000,36,38,40,41,46,50,53,57,66,67,67,56057,0,36,38.11717558556588,25.618700001359684,146.61619999969844,87.09795386838397
1746381260,200,GET,GET /pastes/:slug,133.000000,0.000000,38,40,42,44,48,52,55,60,68,68,68,56062,0,39,40.755973582814,26.439199999003904,401.554700001725,2904.1314259213013
1746381260,200,POST,POST /pastes,17.000000,0.000000,42,46,49,51,56,58,64,66,70,70,70,6266,0,42,43.64374067984957,29.940599999463302,138.54510000055598,2877.630386211299
1746381260,200,,Aggregated,282.800000,0.000000,37,39,42,43,48,52,56,59,68,70,70,118385,0,38,39.65931141529529,25.618700001359684,401.554700001725,1568.8228914136082
1746381261,200,GET,GET /analytics/:slug,134.500000,0.000000,35,37,39,41,46,49,52,55,66,67,67,56180,0,36,38.11090754361093,25.618700001359684,146.61619999969844,87.09809540761837
1746381261,200,GET,GET /pastes/:slug,134.600000,0.000000,38,40,42,43,48,52,55,59,68,68,68,56183,0,39,40.75050952778805,26.439199999003904,401.554700001725,2903.752167025613
1746381261,200,POST,POST /pastes,16.300000,0.000000,42,45,49,50,55,59,64,66,70,70,70,6280,0,42,43.63125578024522,29.940599999463302,138.54510000055598,2877.651433121019
1746381261,200,,Aggregated,285.400000,0.000000,37,39,41,43,47,51,55,59,68,70,70,118643,0,38,39.653084875633,25.618700001359684,401.554700001725,1568.6246133358056
1746381262,200,GET,GET /analytics/:slug,135.100000,0.000000,36,38,40,41,46,50,53,57,66,67,67,56320,0,36,38.11353661221726,25.618700001359684,146.61619999969844,87.09808238636364
1746381262,200,GET,GET /pastes/:slug,135.100000,0.000000,38,40,42,44,48,52,55,60,68,68,68,56322,0,39,40.75172434572129,26.439199999003904,401.554700001725,2903.191381698093
1746381262,200,POST,POST /pastes,15.800000,0.000000,42,45,48,50,55,57,65,66,70,70,70,6294,0,42,43.62983965680716,29.940599999463302,138.54510000055598,2877.7181442643787
1746381262,200,,Aggregated,286.000000,0.000000,37,39,41,43,48,52,55,59,68,70,70,118936,0,38,39.65476568406323,25.618700001359684,401.554700001725,1568.3331119257416
1746381263,200,GET,GET /analytics/:slug,135.900000,0.000000,36,38,40,42,46,50,52,57,66,67,67,56450,0,36,38.11027095482834,25.618700001359684,146.61619999969844,87.09805137289636
1746381263,200,GET,GET /pastes/:slug,136.100000,0.000000,38,40,42,44,48,53,56,60,67,68,68,56455,0,39,40.747645282078025,26.439199999003904,401.554700001725,2903.436453812771
1746381263,200,POST,POST /pastes,16.200000,0.000000,42,46,48,50,54,57,62,64,65,65,65,6310,0,42,43.634026624396405,29.940599999463302,138.54510000055598,2878.4179080824088
1746381263,200,,Aggregated,288.200000,0.000000,37,39,41,43,48,51,55,59,67,68,68,119215,0,38,39.65158593968653,25.618700001359684,401.554700001725,1568.5358973283564
1746381264,200,GET,GET /analytics/:slug,134.000000,0.000000,36,38,40,42,46,49,52,56,66,67,67,56588,0,36,38.10450056725906,25.618700001359684,146.61619999969844,87.09804198770057
1746381264,200,GET,GET /pastes/:slug,133.900000,0.000000,38,40,42,44,48,52,56,60,67,68,68,56590,0,39,40.74225472874555,26.439199999003904,401.554700001725,2903.477628556282
1746381264,200,POST,POST /pastes,15.800000,0.000000,42,44,47,48,54,57,62,64,65,65,65,6324,0,42,43.623362634399165,29.940599999463302,138.54510000055598,2878.279886148008
1746381264,200,,Aggregated,283.700000,0.000000,37,39,42,43,48,51,55,59,67,68,68,119502,0,38,39.64566131528945,25.618700001359684,401.554700001725,1568.4988117353685
1746381265,200,GET,GET /analytics/:slug,136.900000,0.000000,36,38,40,41,46,49,52,56,66,67,67,56716,0,36,38.099121032866364,25.618700001359684,146.61619999969844,87.09796177445519
1746381265,200,GET,GET /pastes/:slug,136.700000,0.000000,38,40,42,44,48,52,56,60,67,68,68,56718,0,39,40.737231695400354,26.439199999003904,401.554700001725,2903.3448816954055
1746381265,200,POST,POST /pastes,15.000000,0.000000,42,45,47,49,54,57,64,65,65,65,65,6336,0,42,43.6283624368593,29.940599999463302,138.54510000055598,2878.1494633838383
1746381265,200,,Aggregated,288.600000,0.000000,37,39,41,43,48,51,55,59,67,68,68,119770,0,38,39.64092310428091,25.618700001359684,401.554700001725,1568.4037572013026
1746381267,200,GET,GET /analytics/:slug,136.100000,0.000000,35,37,40,41,45,49,51,54,66,67,67,56859,0,36,38.09079967287593,25.618700001359684,146.61619999969844,87.09803197383
1746381267,200,GET,GET /pastes/:slug,136.100000,0.000000,38,40,42,44,48,52,55,58,65,67,67,56864,0,39,40.730153033548824,26.439199999003904,401.554700001725,2903.253323719752
1746381267,200,POST,POST /pastes,14.400000,0.000000,42,44,47,49,55,57,64,65,65,65,65,6347,0,42,43.626398865596634,29.940599999463302,138.54510000055598,2876.7515361588153
1746381267,200,,Aggregated,286.600000,0.000000,37,39,41,43,47,51,55,58,66,67,67,120070,0,38,39.63338847588687,25.618700001359684,401.554700001725,1568.2655617556425
1746381268,200,GET,GET /analytics/:slug,136.200000,0.000000,35,37,39,41,45,48,51,54,66,67,67,56993,0,36,38.08367104732257,25.618700001359684,146.61619999969844,87.09804712859474
1746381268,200,GET,GET /pastes/:slug,135.700000,0.000000,38,40,42,43,48,52,55,57,65,67,67,57000,0,39,40.721975663152826,26.439199999003904,401.554700001725,2903.6596140350875
1746381268,200,POST,POST /pastes,13.800000,0.000000,42,44,46,49,54,56,64,65,65,65,65,6359,0,42,43.623443843362665,29.940599999463302,138.54510000055598,2875.8724642239345
1746381268,200,,Aggregated,285.700000,0.000000,37,39,41,42,47,51,54,56,66,67,67,120352,0,38,39.625903650954925,25.618700001359684,401.554700001725,1568.4014391119383
1746381269,200,GET,GET /analytics/:slug,136.600000,0.000000,35,37,39,40,44,48,51,53,60,66,66,57143,0,36,38.07608603853606,25.618700001359684,146.61619999969844,87.09806975482562
1746381269,200,GET,GET /pastes/:slug,136.600000,0.000000,37,40,41,43,47,51,54,56,65,67,67,57149,0,39,40.71359515476561,26.439199999003904,401.554700001725,2903.474566484103
1746381269,200,POST,POST /pastes,13.600000,0.000000,41,43,46,47,54,56,62,64,65,65,65,6367,0,42,43.61995669859273,29.940599999463302,138.54510000055598,2875.410868540914
1746381269,200,,Aggregated,286.800000,0.000000,36,39,41,42,46,50,54,56,65,67,67,120659,0,38,39.61785940791591,25.618700001359684,401.554700001725,1568.1835088969742
1746381270,200,GET,GET /analytics/:slug,135.700000,0.000000,35,37,38,40,44,47,50,51,60,66,66,57283,0,36,38.068422397570885,25.618700001359684,146.61619999969844,87.09803955798404
1746381270,200,GET,GET /pastes/:slug,135.800000,0.000000,37,39,41,42,47,51,54,56,65,67,67,57290,0,39,40.7058555821208,26.439199999003904,401.554700001725,2903.3959504276486
1746381270,200,POST,POST /pastes,13.500000,0.000000,40,43,45,46,54,56,58,62,65,65,65,6375,0,42,43.6156234980299,29.940599999463302,138.54510000055598,2875.9669019607845
1746381270,200,,Aggregated,285.000000,0.000000,36,39,40,41,46,50,54,56,65,67,67,120948,0,38,39.610092819225784,25.618700001359684,401.554700001725,1568.1043092899429
1746381271,200,GET,GET /analytics/:slug,136.000000,0.000000,35,37,39,40,43,47,50,51,60,66,66,57406,0,36,38.06228570010207,25.618700001359684,146.61619999969844,87.09795143364805
1746381271,200,GET,GET /pastes/:slug,135.900000,0.000000,37,39,41,42,47,51,54,56,65,65,65,57412,0,39,40.69877112449848,26.439199999003904,401.554700001725,2903.4998780742703
1746381271,200,POST,POST /pastes,13.300000,0.000000,40,43,46,46,54,56,58,62,65,65,65,6393,0,42,43.60706635381442,29.940599999463302,138.54510000055598,2875.9416549350854
1746381271,200,,Aggregated,285.200000,0.000000,36,39,40,41,46,50,54,56,65,66,66,121211,0,38,39.60351284866667,25.618700001359684,401.554700001725,1568.1874994843702
1746381272,200,GET,GET /analytics/:slug,135.600000,0.000000,35,37,38,39,42,46,49,50,54,59,59,57550,0,36,38.05667780191236,25.618700001359684,146.61619999969844,87.09789748045178
1746381272,200,GET,GET /pastes/:slug,136.400000,0.000000,37,39,41,42,46,50,53,55,61,62,62,57553,0,39,40.69466142337845,26.439199999003904,401.554700001725,2902.9770124928327
1746381272,200,POST,POST /pastes,12.600000,0.000000,41,44,45,46,54,56,58,62,65,65,65,6409,0,42,43.6059605866651,29.940599999463302,138.54510000055598,2876.505539085661
1746381272,200,,Aggregated,284.600000,0.000000,36,38,40,41,45,49,52,54,62,65,65,121512,0,38,39.5988236371694,25.618700001359684,401.554700001725,1567.9360392389228
1746381273,200,GET,GET /analytics/:slug,134.100000,0.000000,35,37,38,39,42,46,49,50,54,54,54,57692,0,36,38.05281386154157,25.618700001359684,146.61619999969844,87.09789918879568
1746381273,200,GET,GET /pastes/:slug,134.600000,0.000000,37,39,41,42,46,50,52,54,56,57,57,57695,0,39,40.68972955541545,26.439199999003904,401.554700001725,2902.8965594938904
1746381273,200,POST,POST /pastes,12.600000,0.000000,40,43,45,46,51,55,56,58,65,65,65,6426,0,42,43.59775091813536,29.940599999463302,138.54510000055598,2876.239651416122
1746381273,200,,Aggregated,281.300000,0.000000,36,38,40,41,44,48,51,54,57,65,65,121813,0,38,39.5942635958373,25.618700001359684,401.554700001725,1567.8965709735414
1746381274,200,GET,GET /analytics/:slug,136.800000,0.000000,35,36,38,39,42,45,49,50,54,54,54,57825,0,36,38.04456697449321,25.618700001359684,146.61619999969844,87.09793341980112
1746381274,200,GET,GET /pastes/:slug,136.500000,0.000000,37,39,41,42,45,49,52,54,56,57,57,57829,0,39,40.68262740493,26.439199999003904,401.554700001725,2902.4841169655365
1746381274,200,POST,POST /pastes,12.900000,0.000000,41,43,45,46,51,55,56,58,65,65,65,6436,0,42,43.596893008069344,29.940599999463302,138.54510000055598,2875.8264449968924
1746381274,200,,Aggregated,286.200000,0.000000,36,38,40,41,44,48,51,54,57,65,65,122090,0,38,39.586799483166025,25.618700001359684,401.554700001725,1567.6387173396674
1746381275,200,GET,GET /analytics/:slug,136.500000,0.000000,35,36,38,38,41,45,49,50,54,54,54,57954,0,36,38.035793562136625,25.618700001359684,146.61619999969844,87.09797425544397
1746381275,200,GET,GET /pastes/:slug,136.800000,0.000000,37,39,40,42,44,49,52,54,56,57,57,57956,0,39,40.67368036785999,26.439199999003904,401.554700001725,2902.035630478294
1746381275,200,POST,POST /pastes,13.100000,0.000000,40,43,44,45,49,52,55,56,56,56,56,6457,0,42,43.58091468173063,29.940599999463302,138.54510000055598,2875.588663466006
1746381275,200,,Aggregated,286.400000,0.000000,36,38,39,40,44,47,51,53,56,57,57,122367,0,38,39.57776333161497,25.618700001359684,401.554700001725,1567.4628698913923
1746381276,200,GET,GET /analytics/:slug,137.000000,0.000000,35,37,38,39,41,45,49,50,58,61,61,58089,0,36,38.031373649056945,25.618700001359684,146.61619999969844,87.09812529050251
1746381276,200,GET,GET /pastes/:slug,137.100000,0.000000,37,39,41,42,44,48,51,54,57,59,59,58094,0,39,40.66737809067548,26.439199999003904,401.554700001725,2902.056322511791
1746381276,200,POST,POST /pastes,12.600000,0.000000,40,43,44,45,49,51,52,55,56,56,56,6474,0,42,43.57545108123815,29.940599999463302,138.54510000055598,2877.1399443929563
1746381276,200,,Aggregated,286.700000,0.000000,36,38,40,40,44,47,51,53,58,61,61,122657,0,38,39.572487481348304,25.618700001359684,401.554700001725,1567.6081022689289
1746381277,200,GET,GET /analytics/:slug,136.200000,0.000000,35,37,38,39,42,45,50,52,61,70,70,58227,0,36,38.029417084858785,25.618700001359684,146.61619999969844,87.09820186511412
1746381277,200,GET,GET /pastes/:slug,136.300000,0.000000,37,39,41,42,45,49,52,55,59,62,62,58233,0,39,40.66505226589198,26.439199999003904,401.554700001725,2902.3262067899645
1746381277,200,POST,POST /pastes,13.200000,0.000000,40,42,44,44,49,51,55,56,64,64,64,6483,0,42,43.574623029452134,29.940599999463302,138.54510000055598,2877.7592164121547
1746381277,200,,Aggregated,285.700000,0.000000,36,38,40,41,44,48,52,54,62,70,70,122943,0,38,39.570216590613,25.618700001359684,401.554700001725,1567.7113947113703
1746381278,200,GET,GET /analytics/:slug,136.600000,0.000000,35,37,38,39,42,45,50,52,61,70,70,58359,0,36,38.02453368632214,25.618700001359684,146.61619999969844,87.09813396391301
1746381278,200,GET,GET /pastes/:slug,137.200000,0.000000,37,39,41,42,45,49,52,55,59,62,62,58364,0,39,40.65848643855256,26.439199999003904,401.554700001725,2902.1218902062915
1746381278,200,POST,POST /pastes,13.600000,0.000000,40,43,44,46,49,51,55,56,64,64,64,6499,0,42,43.57171214032081,29.940599999463302,138.54510000055598,2877.509616864133
1746381278,200,,Aggregated,287.400000,0.000000,36,38,40,41,44,48,51,54,62,70,70,123222,0,38,39.56467368732645,25.618700001359684,401.554700001725,1567.6042995568973
1746381279,200,GET,GET /analytics/:slug,136.500000,0.000000,35,37,38,39,42,45,50,53,61,70,70,58484,0,36,38.01866378838767,25.618700001359684,146.61619999969844,87.09809520552629
1746381279,200,GET,GET /pastes/:slug,136.500000,0.000000,37,39,41,42,45,49,53,55,59,62,62,58489,0,39,40.651083299418346,26.439199999003904,401.554700001725,2901.784267127152
1746381279,200,POST,POST /pastes,13.600000,0.000000,40,43,44,46,49,51,55,56,64,64,64,6521,0,42,43.562472350858584,29.940599999463302,138.54510000055598,2877.99401932219
1746381279,200,,Aggregated,286.600000,0.000000,36,38,40,41,44,48,52,54,62,70,70,123494,0,38,39.558161743078514,25.618700001359684,401.554700001725,1567.5555411598943
1746381280,200,GET,GET /analytics/:slug,136.500000,0.000000,35,37,38,39,43,47,51,54,77,77,77,58609,0,36,38.020313385317365,25.618700001359684,146.61619999969844,87.09814192359535
1746381280,200,GET,GET /pastes/:slug,136.100000,0.000000,37,40,41,42,46,49,54,55,65,70,70,58613,0,39,40.650298483266276,26.439199999003904,401.554700001725,2901.6217392046133
1746381280,200,POST,POST /pastes,14.000000,0.000000,40,43,44,46,50,54,60,64,86,86,86,6538,0,42,43.569621443859,29.940599999463302,138.54510000055598,2877.6422453349646
1746381280,200,,Aggregated,286.600000,0.000000,36,39,40,42,45,49,53,56,77,86,86,123760,0,38,39.55903908532441,25.618700001359684,401.554700001725,1567.4815368455074
1746381281,200,GET,GET /analytics/:slug,133.700000,0.000000,35,37,39,40,43,47,52,55,77,77,77,58749,0,36,38.01450370389399,25.618700001359684,146.61619999969844,87.09807826516196
1746381281,200,GET,GET /pastes/:slug,133.500000,0.000000,37,40,41,42,46,50,55,57,65,70,70,58752,0,39,40.64707933176172,26.439199999003904,401.554700001725,2901.453822848584
1746381281,200,POST,POST /pastes,15.400000,0.000000,40,42,44,46,50,53,60,64,86,86,86,6556,0,42,43.56087612873023,29.940599999463302,138.54510000055598,2877.6749542403904
1746381281,200,,Aggregated,282.600000,0.000000,36,39,40,42,45,49,54,57,77,86,86,124057,0,38,39.554369256871716,25.618700001359684,401.554700001725,1567.4180175242027
1746381282,200,GET,GET /analytics/:slug,133.000000,0.000000,35,37,39,39,43,47,52,56,77,77,77,58876,0,36,38.01105092397721,25.618700001359684,146.61619999969844,87.0982063998913
1746381282,200,GET,GET /pastes/:slug,131.900000,0.000000,37,40,41,42,46,51,55,57,65,70,70,58877,0,39,40.64447388113636,26.439199999003904,401.554700001725,2901.395774241215
1746381282,200,POST,POST /pastes,16.000000,0.000000,40,43,46,46,52,57,59,64,86,86,86,6577,0,42,43.5637439105904,29.940599999463302,138.54510000055598,2878.4427550554965
1746381282,200,,Aggregated,280.900000,0.000000,36,39,40,42,45,49,54,57,77,86,86,124330,0,38,39.551854472771986,25.618700001359684,401.554700001725,1567.481629534304
1746381283,200,GET,GET /analytics/:slug,134.000000,0.000000,35,37,39,40,44,47,53,57,77,77,77,59009,0,36,38.007295644733446,25.618700001359684,146.61619999969844,87.09827314477452
1746381283,200,GET,GET /pastes/:slug,133.500000,0.000000,38,40,42,43,47,51,55,59,65,70,70,59010,0,39,40.641719591588945,26.439199999003904,401.554700001725,2901.149008642603
1746381283,200,POST,POST /pastes,16.200000,0.000000,40,43,45,46,52,57,60,64,86,86,86,6593,0,42,43.56373455179053,29.940599999463302,138.54510000055598,2878.6473532534505
1746381283,200,,Aggregated,283.700000,0.000000,37,39,41,42,46,50,55,58,77,86,86,124612,0,38,39.54880817015803,25.618700001359684,401.554700001725,1567.3876271948127
1746381284,200,GET,GET /analytics/:slug,132.200000,0.000000,35,37,39,40,44,47,52,57,77,77,77,59155,0,36,38.00168902882384,25.618700001359684,146.61619999969844,87.0983010734511
1746381284,200,GET,GET /pastes/:slug,132.300000,0.000000,38,40,42,43,47,51,56,59,65,70,70,59161,0,39,40.63499742735365,26.439199999003904,401.554700001725,2901.5411166139857
1746381284,200,POST,POST /pastes,16.700000,0.000000,41,43,46,47,53,57,60,64,86,86,86,6612,0,42,43.55679879007204,29.940599999463302,138.54510000055598,2878.4633998790077
1746381284,200,,Aggregated,281.200000,0.000000,37,39,41,42,46,50,55,58,77,86,86,124928,0,38,39.54273302141827,25.618700001359684,401.554700001725,1567.645155609631
1746381285,200,GET,GET /analytics/:slug,131.900000,0.000000,35,37,39,40,44,48,53,57,77,77,77,59292,0,36,37.99892482797124,25.618700001359684,146.61619999969844,87.09824259596573
1746381285,200,GET,GET /pastes/:slug,131.700000,0.000000,38,40,42,43,48,52,57,62,92,99,99,59296,0,39,40.636212980633864,26.439199999003904,401.554700001725,2901.890717754992
1746381285,200,POST,POST /pastes,16.700000,0.000000,41,44,46,47,53,57,60,64,86,86,86,6625,0,42,43.55574070942752,29.940599999463302,138.54510000055598,2877.7417358490566
1746381285,200,,Aggregated,280.300000,0.000000,37,39,41,42,47,51,57,61,86,99,99,125213,0,38,39.54185202814188,25.618700001359684,401.554700001725,1567.7268334757573
1746381286,200,GET,GET /analytics/:slug,132.700000,0.000000,35,37,39,40,44,47,51,57,77,77,77,59441,0,36,37.992738584480186,25.618700001359684,146.61619999969844,87.09824868356858
1746381286,200,GET,GET /pastes/:slug,132.600000,0.000000,38,40,42,43,47,51,57,62,92,99,99,59449,0,39,40.62814363403359,26.439199999003904,401.554700001725,2901.8549681239383
1746381286,200,POST,POST /pastes,17.600000,0.000000,41,44,46,48,53,57,59,63,86,86,86,6635,0,42,43.55651455914946,29.940599999463302,138.54510000055598,2878.0018085908064
1746381286,200,,Aggregated,282.900000,0.000000,37,39,41,42,46,50,57,60,86,99,99,125525,0,38,39.53496402469425,25.618700001359684,401.554700001725,1567.696673969329
1746381287,200,GET,GET /analytics/:slug,133.700000,0.000000,35,37,38,39,43,47,51,57,77,77,77,59572,0,36,37.98549774726527,25.618700001359684,146.61619999969844,87.09826764251662
1746381287,200,GET,GET /pastes/:slug,133.500000,0.000000,38,40,42,43,47,51,57,62,92,99,99,59579,0,39,40.62177962872245,26.439199999003904,401.554700001725,2901.966481478373
1746381287,200,POST,POST /pastes,16.800000,0.000000,40,43,45,46,53,57,59,63,86,86,86,6650,0,42,43.54271418044455,29.940599999463302,138.54510000055598,2877.8675187969925
1746381287,200,,Aggregated,284.000000,0.000000,37,39,41,42,46,50,57,60,86,99,99,125801,0,38,39.52779492690629,25.618700001359684,401.554700001725,1567.735534693683
1746381288,200,GET,GET /analytics/:slug,134.900000,0.000000,35,37,38,39,44,47,52,58,77,77,77,59714,0,36,37.981445731320726,25.618700001359684,146.61619999969844,87.09825166627591
1746381288,200,GET,GET /pastes/:slug,134.400000,0.000000,38,40,42,43,47,52,59,65,92,99,99,59720,0,39,40.620155735091245,26.439199999003904,401.554700001725,2901.622856664434
1746381288,200,POST,POST /pastes,16.200000,0.000000,41,43,45,47,54,57,63,68,86,86,86,6664,0,42,43.54401509603189,29.940599999463302,138.54510000055598,2879.2762605042017
1746381288,200,,Aggregated,285.500000,0.000000,37,39,41,42,46,50,57,62,86,99,99,126098,0,38,39.52510799140142,25.618700001359684,401.554700001725,1567.6172421449983
1746381289,200,GET,GET /analytics/:slug,134.300000,0.000000,35,37,38,39,43,47,51,56,68,71,71,59857,0,36,37.977925375479764,25.618700001359684,146.61619999969844,87.09826753763136
1746381289,200,GET,GET /pastes/:slug,134.000000,0.000000,38,40,42,43,47,51,58,64,92,99,99,59867,0,39,40.61640922544384,26.439199999003904,401.554700001725,2901.478276847011
1746381289,200,POST,POST /pastes,16.400000,0.000000,41,43,45,46,52,57,60,63,68,68,68,6676,0,42,43.54197615337882,29.940599999463302,138.54510000055598,2879.181995206711
1746381289,200,,Aggregated,284.700000,0.000000,37,39,41,42,46,50,57,60,78,99,99,126400,0,38,39.5214674295865,25.618700001359684,401.554700001725,1567.5447784810126
1746381290,200,GET,GET /analytics/:slug,134.500000,0.000000,35,37,39,40,43,48,54,59,74,77,77,60001,0,36,37.97921748804342,25.618700001359684,146.61619999969844,87.09828169530508
1746381290,200,GET,GET /pastes/:slug,134.800000,0.000000,38,40,42,43,48,53,61,67,92,99,99,60013,0,39,40.62082406811259,26.439199999003904,401.554700001725,2901.576308466499
1746381290,200,POST,POST /pastes,16.400000,0.000000,41,44,45,46,52,57,59,63,68,68,68,6686,0,42,43.53900809152887,29.940599999463302,138.54510000055598,2878.9437630870475
1746381290,200,,Aggregated,285.700000,0.000000,37,39,41,42,46,51,58,65,78,99,99,126700,0,38,39.523838606154094,25.618700001359684,401.554700001725,1567.5367087608524
1746381291,200,GET,GET /analytics/:slug,136.900000,0.000000,35,37,39,40,44,48,55,59,74,77,77,60135,0,36,37.97692551758699,25.618700001359684,146.61619999969844,87.0982456140351
1746381291,200,GET,GET /pastes/:slug,137.000000,0.000000,38,40,42,43,48,53,61,67,92,99,99,60140,0,39,40.6179001014238,26.439199999003904,401.554700001725,2901.677552377785
1746381291,200,POST,POST /pastes,15.400000,0.000000,41,43,45,46,51,54,60,63,68,68,68,6701,0,42,43.5374814654475,29.940599999463302,138.54510000055598,2878.5588718101776
1746381291,200,,Aggregated,289.300000,0.000000,37,39,41,42,46,51,58,65,78,99,99,126976,0,38,39.521229140937734,25.618700001359684,401.554700001725,1567.4912109375
1746381292,200,GET,GET /analytics/:slug,138.400000,0.000000,35,38,39,40,44,48,53,59,74,77,77,60286,0,36,37.97454616660748,25.618700001359684,146.61619999969844,87.09833128752945
1746381292,200,GET,GET /pastes/:slug,139.000000,0.000000,38,40,42,44,48,53,60,67,92,99,99,60298,0,39,40.616628501768346,26.439199999003904,401.554700001725,2901.89546916979
1746381292,200,POST,POST /pastes,15.000000,0.000000,41,43,45,47,52,57,59,60,68,68,68,6708,0,42,43.542938640423735,29.940599999463302,138.54510000055598,2878.2033392963626
1746381292,200,,Aggregated,292.400000,0.000000,37,39,41,42,46,51,58,65,78,99,99,127292,0,38,39.51953766143762,25.618700001359684,401.554700001725,1567.5477720516608
1746381293,200,GET,GET /analytics/:slug,138.600000,0.000000,36,38,39,40,44,48,53,59,74,77,77,60425,0,36,37.97145938270763,25.618700001359684,146.61619999969844,87.0982374844849
1746381293,200,GET,GET /pastes/:slug,138.500000,0.000000,38,41,43,44,49,54,60,67,92,99,99,60429,0,39,40.615740647696164,26.439199999003904,401.554700001725,2901.9180360422974
1746381293,200,POST,POST /pastes,14.500000,0.000000,41,44,46,47,52,57,59,60,68,68,68,6723,0,42,43.54443645693292,29.940599999463302,138.54510000055598,2878.3122118102037
1746381293,200,,Aggregated,291.600000,0.000000,37,39,41,43,47,51,58,65,78,99,99,127577,0,38,39.51765029041067,25.618700001359684,401.554700001725,1567.4753991706968
1746381294,200,GET,GET /analytics/:slug,140.400000,0.000000,36,38,39,40,44,48,53,57,74,77,77,60570,0,36,37.97095459633654,25.618700001359684,146.61619999969844,87.09826646854879
1746381294,200,GET,GET /pastes/:slug,140.700000,0.000000,38,41,43,44,48,52,58,65,75,78,78,60573,0,39,40.61489577203763,26.439199999003904,401.554700001725,2901.5306489690124
1746381294,200,POST,POST /pastes,13.100000,0.000000,42,44,46,47,52,56,59,60,68,68,68,6734,0,42,43.543763127407196,29.940599999463302,138.54510000055598,2878.2055242055244
1746381294,200,,Aggregated,294.200000,0.000000,37,40,41,43,47,51,57,60,75,78,78,127877,0,38,39.516805230023564,25.618700001359684,401.554700001725,1567.223144115048
1746381295,200,GET,GET /analytics/:slug,141.000000,0.000000,36,38,39,41,44,48,54,57,74,77,77,60704,0,36,37.96730436050508,25.618700001359684,146.61619999969844,87.0983131259884
1746381295,200,GET,GET /pastes/:slug,141.300000,0.000000,38,41,43,45,48,53,58,65,75,78,78,60708,0,39,40.61084303880249,26.439199999003904,401.554700001725,2901.807060025038
1746381295,200,POST,POST /pastes,12.900000,0.000000,41,44,46,47,52,56,57,60,68,68,68,6749,0,42,43.54091794339275,29.940599999463302,138.54510000055598,2877.621573566454
1746381295,200,,Aggregated,295.200000,0.000000,37,40,41,43,47,51,57,60,75,78,78,128161,0,38,39.5130184556901,25.618700001359684,401.554700001725,1567.3347352158612
1746381296,200,GET,GET /analytics/:slug,140.300000,0.000000,36,38,40,41,45,50,56,58,74,77,77,60832,0,36,37.96312163664021,25.618700001359684,146.61619999969844,87.09822133087849
1746381296,200,GET,GET /pastes/:slug,141.200000,0.000000,38,41,43,45,49,53,58,65,75,78,78,60832,0,39,40.60590997500715,26.439199999003904,401.554700001725,2901.2753978169385
1746381296,200,POST,POST /pastes,12.100000,0.000000,42,44,46,47,52,55,57,60,68,68,68,6768,0,42,43.53466867611728,29.940599999463302,138.54510000055598,2877.779550827423
1746381296,200,,Aggregated,293.600000,0.000000,37,40,42,43,48,52,57,61,75,78,78,128432,0,38,39.50848673694803,25.618700001359684,401.554700001725,1567.0981998255886
1746381297,200,GET,GET /analytics/:slug,140.600000,0.000000,36,38,40,41,44,49,55,58,74,77,77,60962,0,36,37.958648554838895,25.618700001359684,146.61619999969844,87.09822512384764
1746381297,200,GET,GET /pastes/:slug,140.800000,0.000000,38,41,43,45,49,52,57,60,74,75,75,60968,0,39,40.60241063016075,26.439199999003904,401.554700001725,2901.4702958929274
1746381297,200,POST,POST /pastes,12.400000,0.000000,42,44,46,48,52,55,57,57,60,60,60,6784,0,42,43.53438173643284,29.940599999463302,138.54510000055598,2878.7196344339623
1746381297,200,,Aggregated,293.800000,0.000000,37,40,42,43,48,51,57,59,74,77,77,128714,0,38,39.504794740274654,25.618700001359684,401.554700001725,1567.3179063660518
1746381298,200,GET,GET /analytics/:slug,139.200000,0.000000,36,38,40,41,45,49,54,58,74,77,77,61114,0,36,37.95791939981176,25.618700001359684,146.61619999969844,87.09819353994175
1746381298,200,GET,GET /pastes/:slug,139.100000,0.000000,39,41,43,45,49,52,58,61,74,75,75,61117,0,39,40.60133730549025,26.439199999003904,401.554700001725,2901.6070160511804
1746381298,200,POST,POST /pastes,13.200000,0.000000,42,44,46,48,52,55,57,57,60,60,60,6800,0,42,43.52441720587621,29.940599999463302,138.54510000055598,2878.486029411765
1746381298,200,,Aggregated,291.500000,0.000000,38,40,42,43,48,51,57,59,74,77,77,129031,0,38,39.50336163634879,25.618700001359684,401.554700001725,1567.3298664661982
1746381299,200,GET,GET /analytics/:slug,139.100000,0.000000,36,38,40,41,45,49,55,58,74,77,77,61244,0,36,37.95777871791663,25.618700001359684,146.61619999969844,87.09814839004638
1746381299,200,GET,GET /pastes/:slug,139.000000,0.000000,38,41,43,45,49,54,58,64,76,78,78,61246,0,39,40.60276048394422,26.439199999003904,401.554700001725,2902.0480194624956
1746381299,200,POST,POST /pastes,13.500000,0.000000,42,44,47,48,52,55,57,57,60,60,60,6813,0,42,43.52486973432563,29.940599999463302,138.54510000055598,2879.2655217965653
1746381299,200,,Aggregated,291.600000,0.000000,37,40,42,43,48,52,57,60,76,78,78,129303,0,38,39.50393885601813,25.618700001359684,401.554700001725,1567.5545656326613
1746381300,200,GET,GET /analytics/:slug,139.400000,0.000000,36,38,40,41,45,48,52,56,70,70,70,61381,0,36,37.95597639986474,25.618700001359684,146.61619999969844,87.09812482690083
1746381300,200,GET,GET /pastes/:slug,139.400000,0.000000,38,41,43,45,49,52,57,60,76,78,78,61384,0,39,40.60074529518525,26.439199999003904,401.554700001725,2902.0869770624267
1746381300,200,POST,POST /pastes,13.700000,0.000000,42,45,47,48,52,54,56,57,57,57,57,6827,0,42,43.52214499779775,29.940599999463302,138.54510000055598,2877.9354035447486
1746381300,200,,Aggregated,292.500000,0.000000,37,40,42,43,48,51,55,58,75,78,78,129592,0,38,39.50195706910706,25.618700001359684,401.554700001725,1567.5006327551084
1746381301,200,GET,GET /analytics/:slug,138.100000,0.000000,36,38,40,41,45,48,54,56,70,70,70,61508,0,36,37.953853375172216,25.618700001359684,146.61619999969844,87.09818235026339
1746381301,200,GET,GET /pastes/:slug,138.200000,0.000000,38,41,43,45,48,52,58,62,93,96,96,61512,0,39,40.60003603523943,26.439199999003904,401.554700001725,2902.576700481207
1746381301,200,POST,POST /pastes,13.600000,0.000000,41,44,47,48,51,55,57,80,89,89,89,6842,0,42,43.52806736333933,29.940599999463302,138.54510000055598,2878.030254311605
1746381301,200,,Aggregated,289.900000,0.000000,37,40,42,43,47,51,56,60,89,96,96,129862,0,38,39.50096307541622,25.618700001359684,401.554700001725,1567.7566647672145
1746381302,200,GET,GET /analytics/:slug,137.500000,0.000000,36,38,40,40,44,48,54,56,70,70,70,61642,0,36,37.94837947503473,25.618700001359684,146.61619999969844,87.09814736705493
1746381302,200,GET,GET /pastes/:slug,137.100000,0.000000,38,41,43,44,48,52,58,65,93,96,96,61649,0,39,40.597358296154795,26.439199999003904,401.554700001725,2902.539230157829
1746381302,200,POST,POST /pastes,14.200000,0.000000,41,44,46,47,51,55,63,80,89,89,89,6857,0,42,43.52478178503185,29.940599999463302,138.54510000055598,2879.085897622867
1746381302,200,,Aggregated,288.800000,0.000000,37,40,42,43,47,51,56,61,89,96,96,130148,0,38,39.49695714033018,25.618700001359684,401.554700001725,1567.8261440821218
1746381303,200,GET,GET /analytics/:slug,137.300000,0.000000,36,38,39,40,44,48,54,57,70,70,70,61784,0,36,37.94574269552139,25.618700001359684,146.61619999969844,87.09816457335232
1746381303,200,GET,GET /pastes/:slug,137.200000,0.000000,38,41,43,45,49,54,63,72,93,96,96,61786,0,39,40.60173526202778,26.439199999003904,401.554700001725,2902.5605638817856
1746381303,200,POST,POST /pastes,14.100000,0.000000,41,44,46,47,52,55,67,80,89,89,89,6863,0,42,43.528924245951664,29.940599999463302,138.54510000055598,2878.575987177619
1746381303,200,,Aggregated,288.600000,0.000000,37,40,42,43,47,51,58,65,89,96,96,130433,0,38,39.4976546479779,25.618700001359684,401.554700001725,1567.6596183481174
1746381304,200,GET,GET /analytics/:slug,135.200000,0.000000,36,38,39,40,44,47,54,57,70,70,70,61928,0,36,37.941577819404706,25.618700001359684,146.61619999969844,87.09806549541403
1746381304,200,GET,GET /pastes/:slug,135.000000,0.000000,38,41,43,45,50,55,65,74,93,96,96,61930,0,39,40.60109890682463,26.439199999003904,401.554700001725,2903.17460035524
1746381304,200,POST,POST /pastes,14.900000,0.000000,41,44,46,47,52,55,67,80,89,89,89,6870,0,42,43.5251059679719,29.940599999463302,138.54510000055598,2877.899272197962
1746381304,200,,Aggregated,285.100000,0.000000,37,40,41,43,47,52,59,67,89,96,96,130728,0,38,39.49490212119591,25.618700001359684,401.554700001725,1567.8246435346673
1746381305,200,GET,GET /analytics/:slug,134.800000,0.000000,36,38,39,40,44,47,51,55,70,70,70,62072,0,36,37.937981582679896,25.618700001359684,146.61619999969844,87.09804742879237
1746381305,200,GET,GET /pastes/:slug,134.600000,0.000000,38,41,43,44,49,54,64,74,93,96,96,62077,0,39,40.59481621050723,26.439199999003904,401.554700001725,2903.163941556454
1746381305,200,POST,POST /pastes,14.000000,0.000000,41,44,47,47,52,56,67,80,89,89,89,6883,0,42,43.52181131773504,29.940599999463302,138.54510000055598,2877.009443556589
1746381305,200,,Aggregated,283.400000,0.000000,37,40,41,43,47,51,58,66,89,96,96,131032,0,38,39.48998279809305,25.618700001359684,401.554700001725,1567.773627816106
1746381306,200,GET,GET /analytics/:slug,136.100000,0.000000,36,38,39,40,44,47,51,55,70,70,70,62206,0,36,37.9340977992493,25.618700001359684,146.61619999969844,87.09809343150178
1746381306,200,GET,GET /pastes/:slug,135.300000,0.000000,38,41,43,45,50,54,64,74,93,96,96,62217,0,39,40.592174857348574,26.439199999003904,401.554700001725,2903.233408875388
1746381306,200,POST,POST /pastes,13.600000,0.000000,41,43,47,47,51,56,67,80,89,89,89,6894,0,42,43.52029695386859,29.940599999463302,138.54510000055598,2877.9322599361763
1746381306,200,,Aggregated,285.000000,0.000000,37,40,41,43,47,51,58,66,89,96,96,131317,0,38,39.486743970694775,25.618700001359684,401.554700001725,1567.8774416107588
1746381307,200,GET,GET /analytics/:slug,136.400000,0.000000,36,38,39,40,44,48,53,57,70,70,70,62343,0,36,37.932183547472796,25.618700001359684,146.61619999969844,87.09807035272605
1746381307,200,GET,GET /pastes/:slug,136.500000,0.000000,38,41,43,44,50,54,64,74,93,96,96,62349,0,39,40.58864861184075,26.439199999003904,401.554700001725,2903.24590610916
1746381307,200,POST,POST /pastes,13.300000,0.000000,41,45,47,48,54,57,67,80,89,89,89,6906,0,42,43.524833174047465,29.940599999463302,138.54510000055598,2878.4357080799305
1746381307,200,,Aggregated,286.200000,0.000000,37,39,41,43,47,51,59,67,89,96,96,131598,0,38,39.484264723625905,25.618700001359684,401.554700001725,1567.8271022355964
1746381308,200,GET,GET /analytics/:slug,136.400000,0.000000,35,38,39,40,44,47,52,57,70,70,70,62484,0,36,37.92668660777312,25.618700001359684,146.61619999969844,87.09810511490942
1746381308,200,GET,GET /pastes/:slug,136.900000,0.000000,38,41,42,44,49,53,63,74,93,96,96,62489,0,39,40.584642737116255,26.439199999003904,401.554700001725,2903.1950423274498
1746381308,200,POST,POST /pastes,12.700000,0.000000,41,45,47,48,55,57,67,80,89,89,89,6921,0,42,43.52211667388666,29.940599999463302,138.54510000055598,2877.875018060974
1746381308,200,,Aggregated,286.000000,0.000000,37,39,41,42,47,51,58,66,89,96,96,131894,0,38,39.4795926691109,25.618700001359684,401.554700001725,1567.7571837991113
1746381309,200,GET,GET /analytics/:slug,137.200000,0.000000,35,38,39,40,44,48,55,60,80,87,87,62619,0,36,37.930923700476185,25.618700001359684,146.61619999969844,87.09813315447389
1746381309,200,GET,GET /pastes/:slug,137.400000,0.000000,38,41,43,44,49,55,69,75,93,96,96,62627,0,39,40.590551876980435,26.439199999003904,401.554700001725,2903.0450444696376
1746381309,200,POST,POST /pastes,12.300000,0.000000,41,45,47,49,55,62,67,80,89,89,89,6936,0,42,43.52886842560143,29.940599999463302,138.54510000055598,2877.242791234141
1746381309,200,,Aggregated,286.900000,0.000000,37,40,41,43,47,52,62,72,89,96,96,132182,0,38,39.48478034074028,25.618700001359684,401.554700001725,1567.6836180417909
1746381310,200,GET,GET /analytics/:slug,137.600000,0.000000,36,38,39,40,45,48,56,61,80,87,87,62765,0,36,37.928986162672096,25.618700001359684,146.61619999969844,87.09815980243766
1746381310,200,GET,GET /pastes/:slug,137.400000,0.000000,38,41,43,44,50,55,69,75,93,96,96,62770,0,39,40.588174049699916,26.439199999003904,401.554700001725,2903.402533057193
1746381310,200,POST,POST /pastes,12.000000,0.000000,42,45,47,49,55,62,67,80,89,89,89,6951,0,42,43.52910113652253,29.940599999463302,138.54510000055598,2876.5943029779887
1746381310,200,,Aggregated,287.000000,0.000000,37,40,41,43,47,52,62,72,89,96,96,132486,0,38,39.48268710354099,25.618700001359684,401.554700001725,1567.7769726612623
1746381311,200,GET,GET /analytics/:slug,136.900000,0.000000,36,38,40,40,45,49,57,62,80,87,87,62901,0,36,37.93008982687259,25.618700001359684,146.61619999969844,87.09823373237309
1746381311,200,GET,GET /pastes/:slug,136.600000,0.000000,38,41,43,44,50,55,67,74,87,88,88,62906,0,39,40.59128805200884,26.439199999003904,401.554700001725,2903.2843131020886
1746381311,200,POST,POST /pastes,12.500000,0.000000,43,45,48,49,55,56,62,65,67,67,67,6960,0,42,43.532568318960884,29.940599999463302,138.54510000055598,2877.1278735632186
1746381311,200,,Aggregated,286.000000,0.000000,37,40,42,43,48,53,61,69,87,88,88,132767,0,38,39.484682352540396,25.618700001359684,401.554700001725,1567.6891019605775
1746381312,200,GET,GET /analytics/:slug,138.100000,0.000000,36,38,40,41,46,49,57,63,80,87,87,63045,0,36,37.93056428265703,25.618700001359684,146.61619999969844,87.09827900705845
1746381312,200,GET,GET /pastes/:slug,138.600000,0.000000,39,41,43,44,50,55,67,74,87,88,88,63049,0,39,40.592838057695865,26.439199999003904,401.554700001725,2902.9034877634854
1746381312,200,POST,POST /pastes,12.200000,0.000000,43,46,49,49,54,57,62,65,87,87,87,6975,0,42,43.54401736200275,29.940599999463302,138.54510000055598,2877.288602150538
1746381312,200,,Aggregated,288.900000,0.000000,37,40,42,43,48,53,61,70,87,88,88,133069,0,38,39.486204848610356,25.618700001359684,401.554700001725,1567.4977718326581
1746381313,200,GET,GET /analytics/:slug,137.700000,0.000000,36,38,40,41,46,50,57,63,80,87,87,63178,0,36,37.930069076262455,25.618700001359684,146.61619999969844,87.0982937098357
1746381313,200,GET,GET /pastes/:slug,138.200000,0.000000,39,41,43,45,50,54,62,70,86,88,88,63182,0,39,40.59422849228672,26.439199999003904,401.554700001725,2903.0934601627046
1746381313,200,POST,POST /pastes,11.900000,0.000000,43,46,49,50,55,58,65,70,87,87,87,6991,0,42,43.55140161635951,29.940599999463302,138.54510000055598,2876.713059648119
1746381313,200,,Aggregated,287.800000,0.000000,37,40,42,44,48,53,60,68,87,88,88,133351,0,38,39.4870551956845,25.618700001359684,401.554700001725,1567.5701569542036
1746381314,200,GET,GET /analytics/:slug,140.200000,0.000000,36,38,40,42,46,49,57,63,80,87,87,63304,0,36,37.92848120024215,25.618700001359684,146.61619999969844,87.09831922153418
1746381314,200,GET,GET /pastes/:slug,140.500000,0.000000,39,42,44,45,50,55,62,70,86,88,88,63310,0,39,40.593695250350066,26.439199999003904,401.554700001725,2903.188706365503
1746381314,200,POST,POST /pastes,11.900000,0.000000,43,46,49,50,55,58,65,70,87,87,87,7006,0,42,43.54282968883378,29.940599999463302,138.54510000055598,2877.0717956037684
1746381314,200,,Aggregated,292.600000,0.000000,38,40,43,44,48,53,60,68,87,88,88,133620,0,38,39.48564949109227,25.618700001359684,401.554700001725,1567.6643765903307
1746381315,200,GET,GET /analytics/:slug,139.500000,0.000000,36,38,40,41,46,49,57,63,80,87,87,63451,0,36,37.92258638004328,25.618700001359684,146.61619999969844,87.09837512411151
1746381315,200,GET,GET /pastes/:slug,139.600000,0.000000,39,42,43,45,50,54,62,70,86,88,88,63455,0,39,40.58722922227775,26.439199999003904,401.554700001725,2903.62972185013
1746381315,200,POST,POST /pastes,12.800000,0.000000,43,46,49,50,55,59,65,70,87,87,87,7024,0,42,43.539271981772345,29.940599999463302,138.54510000055598,2877.06819476082
1746381315,200,,Aggregated,291.900000,0.000000,38,40,42,44,48,53,60,68,87,88,88,133930,0,38,39.479642388559085,25.618700001359684,401.554700001725,1567.8700067199284
1746381316,200,GET,GET /analytics/:slug,138.200000,0.000000,36,38,40,41,45,48,56,63,80,87,87,63593,0,36,37.92181362886056,25.618700001359684,146.61619999969844,87.09837560737817
1746381316,200,GET,GET /pastes/:slug,138.000000,0.000000,39,42,44,45,50,54,62,70,86,88,88,63599,0,39,40.585796575411976,26.439199999003904,401.554700001725,2904.0939951886035
1746381316,200,POST,POST /pastes,13.600000,0.000000,43,46,49,50,55,60,65,70,87,87,87,7039,0,42,43.54502467679634,29.940599999463302,138.54510000055598,2877.557181417815
1746381316,200,,Aggregated,289.800000,0.000000,38,40,42,44,48,53,61,68,87,88,88,134231,0,38,39.47889384121185,25.618700001359684,401.554700001725,1568.1284204095923
1746381317,200,GET,GET /analytics/:slug,137.700000,0.000000,36,38,40,41,45,49,56,63,80,87,87,63731,0,36,37.91595338846295,25.618700001359684,146.61619999969844,87.09844502675307
1746381317,200,GET,GET /pastes/:slug,137.600000,0.000000,39,41,43,45,50,55,62,70,86,88,88,63738,0,39,40.58087562991638,26.439199999003904,401.554700001725,2904.173726819166
1746381317,200,POST,POST /pastes,14.100000,0.000000,43,45,49,50,55,60,65,70,87,87,87,7048,0,42,43.53791634505833,29.940599999463302,138.54510000055598,2877.7563847900115
1746381317,200,,Aggregated,289.400000,0.000000,37,40,42,44,49,53,61,68,87,88,88,134517,0,38,39.47323171569165,25.618700001359684,401.554700001725,1568.1253893559922
1746381318,200,GET,GET /analytics/:slug,139.000000,0.000000,36,38,40,41,45,48,53,57,70,71,71,63870,0,36,37.91107960388513,25.618700001359684,146.61619999969844,87.09846563331767
1746381318,200,GET,GET /pastes/:slug,138.600000,0.000000,38,41,43,45,49,53,58,62,86,86,86,63872,0,39,40.575709072826875,26.439199999003904,401.554700001725,2904.3041238727455
1746381318,200,POST,POST /pastes,14.300000,0.000000,42,45,46,50,53,58,64,70,87,87,87,7061,0,42,43.53244650898886,29.940599999463302,138.54510000055598,2877.819713921541
1746381318,200,,Aggregated,291.900000,0.000000,37,40,42,43,47,52,57,61,86,87,87,134803,0,38,39.46807525796676,25.618700001359684,401.554700001725,1568.117749604979
1746381319,200,GET,GET /analytics/:slug,138.000000,0.000000,36,38,40,41,44,47,53,56,70,71,71,64022,0,36,37.907918465529505,25.618700001359684,146.61619999969844,87.09854425041392
1746381319,200,GET,GET /pastes/:slug,138.300000,0.000000,38,41,43,45,49,53,58,62,86,86,86,64027,0,39,40.57371282427101,26.439199999003904,401.554700001725,2903.981554656629
1746381319,200,POST,POST /pastes,14.100000,0.000000,42,45,47,50,53,59,64,70,87,87,87,7069,0,42,43.53089640684221,29.940599999463302,138.54510000055598,2878.0335266657235
1746381319,200,,Aggregated,290.400000,0.000000,37,40,42,43,47,51,57,61,86,87,87,135118,0,38,39.4653101267016,25.618700001359684,401.554700001725,1567.9204029070886
1746381320,200,GET,GET /analytics/:slug,138.100000,0.000000,36,38,39,40,44,46,51,54,63,71,71,64167,0,36,37.901718303802866,25.618700001359684,146.61619999969844,87.09850857917621
1746381320,200,GET,GET /pastes/:slug,138.100000,0.000000,38,41,43,44,48,52,56,60,68,86,86,64173,0,39,40.57048293830131,26.439199999003904,401.554700001725,2903.5140947127297
1746381320,200,POST,POST /pastes,14.000000,0.000000,42,44,47,50,53,58,64,70,87,87,87,7087,0,42,43.527110244104534,29.940599999463302,138.54510000055598,2878.541696063214
1746381320,200,,Aggregated,290.200000,0.000000,37,40,41,43,47,50,55,58,71,87,87,135427,0,38,39.460711603296744,25.618700001359684,401.554700001725,1567.7544728894534
1746381321,200,GET,GET /analytics/:slug,140.500000,0.000000,35,38,39,40,43,46,50,53,59,63,63,64298,0,36,37.89749607452993,25.618700001359684,146.61619999969844,87.09844785218824
1746381321,200,GET,GET /pastes/:slug,141.000000,0.000000,38,41,43,44,48,51,55,58,64,68,68,64301,0,39,40.56590070138292,26.439199999003904,401.554700001725,2903.4453118925057
1746381321,200,POST,POST /pastes,13.100000,0.000000,41,44,46,47,53,55,60,64,70,70,70,7097,0,42,43.53022887135004,29.940599999463302,138.54510000055598,2878.7408764266593
1746381321,200,,Aggregated,294.600000,0.000000,37,39,41,42,46,50,54,57,64,70,70,135696,0,38,39.45654417152823,25.618700001359684,401.554700001725,1567.659452010376
1746381322,200,GET,GET /analytics/:slug,138.900000,0.000000,35,37,39,40,43,46,50,53,62,63,63,64430,0,36,37.894457720008354,25.618700001359684,146.61619999969844,87.09847896942418
1746381322,200,GET,GET /pastes/:slug,139.000000,0.000000,38,40,42,44,48,51,55,58,66,67,67,64438,0,39,40.56299520779045,26.439199999003904,401.554700001725,2903.2707098296037
1746381322,200,POST,POST /pastes,13.700000,0.000000,41,43,45,46,52,55,60,60,64,64,64,7110,0,42,43.52416521799884,29.940599999463302,138.54510000055598,2878.465682137834
1746381322,200,,Aggregated,291.600000,0.000000,37,39,41,42,46,49,54,57,64,67,67,135978,0,38,39.45340430657665,25.618700001359684,401.554700001725,1567.5962582182412
1746381323,200,GET,GET /analytics/:slug,139.400000,0.000000,35,37,39,40,43,46,50,53,62,63,63,64579,0,36,37.891209479863996,25.618700001359684,146.61619999969844,87.09845305749548
1746381323,200,GET,GET /pastes/:slug,139.300000,0.000000,38,40,42,43,47,51,55,58,66,67,67,64584,0,39,40.55843007710254,26.439199999003904,401.554700001725,2903.5152204880465
1746381323,200,POST,POST /pastes,13.700000,0.000000,41,43,45,47,53,55,60,60,64,64,64,7128,0,42,43.520424887763184,29.940599999463302,138.54510000055598,2878.5638327721663
1746381323,200,,Aggregated,292.400000,0.000000,37,39,40,42,46,49,54,57,64,67,67,136291,0,38,39.44952824250812,25.618700001359684,401.554700001725,1567.702643608162
1746381324,200,GET,GET /analytics/:slug,137.400000,0.000000,35,37,39,40,43,45,50,53,62,63,63,64716,0,36,37.8848397815092,25.618700001359684,146.61619999969844,87.09836825514556
1746381324,200,GET,GET /pastes/:slug,137.600000,0.000000,38,40,42,43,47,51,55,58,66,67,67,64722,0,39,40.55287178084093,26.439199999003904,401.554700001725,2903.5099966008465
1746381324,200,POST,POST /pastes,13.400000,0.000000,41,43,45,47,52,55,58,60,60,60,60,7142,0,42,43.51271299355562,29.940599999463302,138.54510000055598,2878.0905908709046
1746381324,200,,Aggregated,288.400000,0.000000,37,39,40,42,45,49,54,57,64,67,67,136580,0,38,39.4434474659517,25.618700001359684,401.554700001725,1567.6742934543856
1746381325,200,GET,GET /analytics/:slug,139.900000,0.000000,35,37,38,39,43,45,50,52,62,63,63,64860,0,36,37.880457294174235,25.618700001359684,146.61619999969844,87.09838112858465
1746381325,200,GET,GET /pastes/:slug,139.800000,0.000000,38,40,41,43,47,50,54,57,66,67,67,64868,0,39,40.54807285563851,26.439199999003904,401.554700001725,2903.4838903619657
1746381325,200,POST,POST /pastes,13.600000,0.000000,41,43,45,46,51,54,56,57,58,58,58,7156,0,42,43.51085923699991,29.940599999463302,138.54510000055598,2878.8589994410286
1746381325,200,,Aggregated,293.300000,0.000000,37,39,40,42,45,49,53,56,64,67,67,136884,0,38,39.43895969433721,25.618700001359684,401.554700001725,1567.7033765816311
1746381326,200,GET,GET /analytics/:slug,140.000000,0.000000,35,37,38,39,42,45,49,51,62,63,63,65000,0,36,37.873671756925056,25.618700001359684,146.61619999969844,87.09841538461538
1746381326,200,GET,GET /pastes/:slug,139.900000,0.000000,38,40,41,42,46,49,54,57,66,67,67,65005,0,39,40.54089730789252,26.439199999003904,401.554700001725,2903.528528574725
1746381326,200,POST,POST /pastes,13.100000,0.000000,40,43,45,46,50,54,56,57,58,58,58,7167,0,42,43.50783271940376,29.940599999463302,138.54510000055598,2878.6369471187386
1746381326,200,,Aggregated,293.000000,0.000000,37,39,40,41,45,48,53,55,64,67,67,137172,0,38,39.43202935584249,25.618700001359684,401.554700001725,1567.641063773948
1746381327,200,GET,GET /analytics/:slug,140.500000,0.000000,35,37,38,39,42,45,49,51,62,63,63,65136,0,36,37.86564292557273,25.618700001359684,146.61619999969844,87.09845553917957
1746381327,200,GET,GET /pastes/:slug,140.400000,0.000000,37,40,41,42,46,49,54,57,66,67,67,65139,0,39,40.53231744729807,26.439199999003904,401.554700001725,2903.611722623927
1746381327,200,POST,POST /pastes,13.200000,0.000000,41,43,45,46,50,54,56,57,58,58,58,7182,0,42,43.50596435532819,29.940599999463302,138.54510000055598,2879.539125591757
1746381327,200,,Aggregated,294.100000,0.000000,36,38,40,41,45,48,53,55,63,67,67,137457,0,38,39.42404519085678,25.618700001359684,401.554700001725,1567.7081487301484
1746381328,200,GET,GET /analytics/:slug,140.100000,0.000000,35,37,38,39,43,46,50,52,62,63,63,65274,0,36,37.86627139289906,25.618700001359684,146.61619999969844,87.09843122836045
1746381328,200,GET,GET /pastes/:slug,140.400000,0.000000,37,40,41,42,47,50,56,59,67,69,69,65283,0,39,40.53387414180658,26.439199999003904,401.554700001725,2903.320144601198
1746381328,200,POST,POST /pastes,13.000000,0.000000,40,44,45,46,51,55,57,58,59,59,59,7192,0,42,43.505649416013135,29.940599999463302,138.54510000055598,2879.9824805339267
1746381328,200,,Aggregated,293.500000,0.000000,36,39,40,41,45,49,53,57,66,69,69,137749,0,38,39.42495796775001,25.618700001359684,401.554700001725,1567.6015506464657
1746381329,200,GET,GET /analytics/:slug,140.400000,0.000000,35,37,39,40,45,49,53,55,64,69,69,65420,0,36,37.874151945889274,25.618700001359684,146.61619999969844,87.09845612962397
1746381329,200,GET,GET /pastes/:slug,140.300000,0.000000,38,40,42,43,48,52,57,60,67,69,69,65425,0,39,40.53877758042875,26.439199999003904,401.554700001725,2903.6027206725257
1746381329,200,POST,POST /pastes,13.200000,0.000000,40,44,46,47,52,55,58,58,59,59,59,7209,0,42,43.509330073514185,29.940599999463302,138.54510000055598,2880.3094742682756
1746381329,200,,Aggregated,293.900000,0.000000,37,39,41,42,47,50,55,59,67,69,69,138054,0,38,39.431203036489926,25.618700001359684,401.554700001725,1567.7223405334144
1746381330,200,GET,GET /analytics/:slug,139.800000,0.000000,35,37,39,41,45,49,53,55,64,69,69,65549,0,36,37.872208215229506,25.618700001359684,146.61619999969844,87.09849120505271
1746381330,200,GET,GET /pastes/:slug,140.000000,0.000000,38,40,42,43,48,52,57,61,67,69,69,65553,0,39,40.535011515865804,26.439199999003904,401.554700001725,2903.4554482632375
1746381330,200,POST,POST /pastes,13.200000,0.000000,40,44,45,46,51,55,58,58,59,59,59,7221,0,42,43.50690866915467,29.940599999463302,138.54510000055598,2880.513086830079
1746381330,200,,Aggregated,293.000000,0.000000,37,39,41,42,47,51,56,59,67,69,69,138323,0,38,39.428297345340845,25.618700001359684,401.554700001725,1567.6324183252243
1746381331,200,GET,GET /analytics/:slug,139.100000,0.000000,35,38,40,41,45,50,53,59,84,90,90,65678,0,36,37.874606886630154,25.618700001359684,146.61619999969844,87.09852614269619
1746381331,200,GET,GET /pastes/:slug,139.100000,0.000000,38,40,42,43,48,53,60,66,87,91,91,65689,0,39,40.539786883641895,26.439199999003904,401.554700001725,2903.814306809359
1746381331,200,POST,POST /pastes,13.600000,0.000000,41,44,46,46,51,55,58,58,59,59,59,7240,0,42,43.50526853590708,29.940599999463302,138.54510000055598,2881.0613259668507
1746381331,200,,Aggregated,291.800000,0.000000,37,39,41,43,47,52,57,64,87,91,91,138607,0,38,39.43180817635187,25.618700001359684,401.554700001725,1567.9438917226403
1746381332,200,GET,GET /analytics/:slug,139.000000,0.000000,35,38,39,41,45,50,54,63,84,90,90,65823,0,36,37.86902332771352,25.618700001359684,146.61619999969844,87.09852179329414
1746381332,200,GET,GET /pastes/:slug,138.300000,0.000000,38,40,42,43,48,53,61,66,87,91,91,65831,0,39,40.533687094219424,26.439199999003904,401.554700001725,2903.5019823487414
1746381332,200,POST,POST /pastes,13.100000,0.000000,41,44,45,46,50,53,57,58,59,59,59,7248,0,42,43.49972918045886,29.940599999463302,138.54510000055598,2880.9188741721855
1746381332,200,,Aggregated,290.400000,0.000000,37,39,41,43,47,52,58,64,87,91,91,138902,0,38,39.42572399749179,25.618700001359684,401.554700001725,1567.6838706426113
1746381333,200,GET,GET /analytics/:slug,138.400000,0.000000,35,38,40,41,46,51,55,64,84,90,90,65963,0,36,37.86887397177361,25.618700001359684,146.61619999969844,87.09847945060109
1746381333,200,GET,GET /pastes/:slug,137.900000,0.000000,38,40,42,44,49,55,63,68,87,91,91,65969,0,39,40.533147363148906,26.439199999003904,401.554700001725,2903.2162379299366
1746381333,200,POST,POST /pastes,14.200000,0.000000,41,44,46,46,51,55,58,59,68,68,68,7263,0,42,43.49914462342973,29.940599999463302,138.54510000055598,2880.9507090733855
1746381333,200,,Aggregated,290.500000,0.000000,37,40,41,43,48,53,59,66,87,91,91,139195,0,38,39.4253386946344,25.618700001359684,401.554700001725,1567.5268077157943
1746381334,200,GET,GET /analytics/:slug,139.600000,0.000000,36,38,40,42,47,52,58,65,90,96,96,66086,0,36,37.8752504993508,25.618700001359684,146.61619999969844,87.09841721393336
1746381334,200,GET,GET /pastes/:slug,138.900000,0.000000,38,41,43,45,51,57,66,72,91,95,95,66090,0,39,40.5437290497741,26.439199999003904,401.554700001725,2903.552246935996
1746381334,200,POST,POST /pastes,13.600000,0.000000,43,46,48,50,56,61,69,91,96,96,96,7293,0,42,43.53346153845735,29.940599999463302,138.54510000055598,2880.8088578088577
1746381334,200,,Aggregated,292.100000,0.000000,37,40,42,44,50,55,64,69,95,96,96,139469,0,38,39.435633670562126,25.618700001359684,401.554700001725,1567.8143028199815
1746381335,200,GET,GET /analytics/:slug,138.800000,0.000000,36,39,41,43,48,53,58,66,90,96,96,66230,0,36,37.87558134682322,25.618700001359684,146.61619999969844,87.09844481352862
1746381335,200,GET,GET /pastes/:slug,138.800000,0.000000,38,41,44,46,52,59,67,77,93,95,95,66239,0,39,40.54697495885479,26.439199999003904,401.554700001725,2903.424523317079
1746381335,200,POST,POST /pastes,13.400000,0.000000,43,46,49,50,55,61,69,91,96,96,96,7301,0,42,43.53737048349094,29.940599999463302,138.54510000055598,2880.8283796740175
1746381335,200,,Aggregated,291.000000,0.000000,38,41,43,45,51,56,65,71,95,96,96,139770,0,38,39.43734112327145,25.618700001359684,401.554700001725,1567.7283751878085
1746381336,200,GET,GET /analytics/:slug,136.400000,0.000000,36,39,41,43,48,53,63,67,90,96,96,66384,0,36,37.87404493854097,25.618700001359684,146.61619999969844,87.09838214027477
1746381336,200,GET,GET /pastes/:slug,136.500000,0.000000,39,42,44,46,52,59,69,77,93,95,95,66389,0,39,40.54279043063739,26.439199999003904,401.554700001725,2903.4611004835137
1746381336,200,POST,POST /pastes,15.200000,0.000000,44,46,49,51,57,65,69,91,96,96,96,7312,0,42,43.54184952133024,29.940599999463302,138.54510000055598,2881.168216630197
1746381336,200,,Aggregated,288.100000,0.000000,38,41,43,45,51,57,66,73,95,96,96,140085,0,38,39.43465693542955,25.618700001359684,401.554700001725,1567.6690580718848
1746381337,200,GET,GET /analytics/:slug,136.500000,0.000000,36,39,41,43,48,53,63,67,90,96,96,66503,0,36,37.87102930695031,25.618700001359684,146.61619999969844,87.09837150203751
1746381337,200,GET,GET /pastes/:slug,136.500000,0.000000,39,42,44,46,52,59,68,77,93,95,95,66508,0,39,40.54150551511963,26.439199999003904,401.554700001725,2903.467492632465
1746381337,200,POST,POST /pastes,14.600000,0.000000,44,46,49,51,57,67,69,91,96,96,96,7326,0,42,43.54318547638122,29.940599999463302,138.54510000055598,2881.829647829648
1746381337,200,,Aggregated,287.600000,0.000000,38,41,43,45,51,57,67,73,95,96,96,140337,0,38,39.432714733816844,25.618700001359684,401.554700001725,1567.7148791836794
1746381338,200,GET,GET /analytics/:slug,137.500000,0.000000,36,38,41,42,47,52,60,66,90,96,96,66649,0,36,37.87142029287932,25.618700001359684,146.61619999969844,87.0983510630317
1746381338,200,GET,GET /pastes/:slug,137.300000,0.000000,39,41,44,46,52,58,69,77,93,95,95,66651,0,39,40.543914160321116,26.439199999003904,401.554700001725,2903.3751331562917
1746381338,200,POST,POST /pastes,14.400000,0.000000,43,46,48,50,55,65,69,91,96,96,96,7345,0,42,43.539924479233214,29.940599999463302,138.54510000055598,2881.8072157930565
1746381338,200,,Aggregated,289.200000,0.000000,37,40,43,45,50,56,66,73,95,96,96,140645,0,38,39.43393266095232,25.618700001359684,401.554700001725,1567.6685840236055
1746381339,200,GET,GET /analytics/:slug,136.400000,0.000000,36,38,40,42,47,51,62,66,90,96,96,66767,0,36,37.868225476659596,25.618700001359684,146.61619999969844,87.09835697275601
1746381339,200,GET,GET /pastes/:slug,136.200000,0.000000,38,41,44,46,52,58,69,77,93,95,95,66770,0,39,40.54042290848554,26.439199999003904,401.554700001725,2903.329354500524
1746381339,200,POST,POST /pastes,14.800000,0.000000,43,46,49,51,56,67,69,91,96,96,96,7352,0,42,43.5368168525527,29.940599999463302,138.54510000055598,2882.0871871599566
1746381339,200,,Aggregated,287.400000,0.000000,37,40,43,44,50,56,66,73,95,96,96,140889,0,38,39.430434778440286,25.618700001359684,401.554700001725,1567.6149450986238
1746381340,200,GET,GET /analytics/:slug,137.000000,0.000000,36,38,40,42,47,52,63,69,90,96,96,66922,0,36,37.87053185798616,25.618700001359684,146.61619999969844,87.09830847852724
1746381340,200,GET,GET /pastes/:slug,137.300000,0.000000,39,42,44,46,52,59,69,77,95,100,100,66924,0,39,40.544498162087976,26.439199999003904,401.554700001725,2902.8908612754767
1746381340,200,POST,POST /pastes,14.800000,0.000000,44,46,50,51,61,69,91,94,96,96,96,7365,0,42,43.55161751527075,29.940599999463302,138.54510000055598,2882.505363204345
1746381340,200,,Aggregated,289.100000,0.000000,38,40,43,45,50,57,67,74,96,100,100,141211,0,38,39.434104928084125,25.618700001359684,401.554700001725,1567.3815283511908
1746381341,200,GET,GET /analytics/:slug,134.400000,0.000000,36,38,40,42,47,51,58,65,89,96,96,67048,0,36,37.86581160064673,25.618700001359684,146.61619999969844,87.09834745257129
1746381341,200,GET,GET /pastes/:slug,134.200000,0.000000,38,41,44,46,51,57,67,73,95,100,100,67052,0,39,40.537430703030076,26.439199999003904,401.554700001725,2902.7791713893694
1746381341,200,POST,POST /pastes,14.800000,0.000000,43,46,49,51,61,69,91,94,96,96,96,7381,0,42,43.54189616582725,29.940599999463302,138.54510000055598,2883.3918168269884
1746381341,200,,Aggregated,283.400000,0.000000,37,40,42,44,50,55,65,70,96,100,100,141481,0,38,39.428089109489605,25.618700001359684,401.554700001725,1567.4135325591421
1746381342,200,GET,GET /analytics/:slug,136.800000,0.000000,36,38,40,41,46,50,57,65,89,96,96,67198,0,36,37.86245554778672,25.618700001359684,146.61619999969844,87.09848507396053
1746381342,200,GET,GET /pastes/:slug,136.800000,0.000000,39,41,44,45,50,56,67,73,95,100,100,67199,0,39,40.533815590999396,26.439199999003904,401.554700001725,2902.9775889522166
1746381342,200,POST,POST /pastes,14.800000,0.000000,44,46,50,51,59,69,91,94,96,96,96,7392,0,42,43.54030987553744,29.940599999463302,138.54510000055598,2883.5814393939395
1746381342,200,,Aggregated,288.400000,0.000000,37,40,42,44,49,55,63,70,96,100,100,141789,0,38,39.424519055778035,25.618700001359684,401.554700001725,1567.4380170535092
1746381343,200,GET,GET /analytics/:slug,136.700000,0.000000,36,38,40,41,46,50,56,62,89,89,89,67344,0,36,37.85885170616783,25.618700001359684,146.61619999969844,87.09856854359705
1746381343,200,GET,GET /pastes/:slug,137.000000,0.000000,38,41,43,45,50,55,61,69,93,100,100,67344,0,39,40.53011916131439,26.439199999003904,401.554700001725,2902.973256711808
1746381343,200,POST,POST /pastes,13.800000,0.000000,41,45,47,50,56,65,69,70,94,94,94,7407,0,42,43.53425299041061,29.940599999463302,138.54510000055598,2883.145132982314
1746381343,200,,Aggregated,287.500000,0.000000,37,40,42,43,48,53,60,67,93,100,100,142095,0,38,39.420704922760876,25.618700001359684,401.554700001725,1567.3940180864915
1746381344,200,GET,GET /analytics/:slug,135.900000,0.000000,36,38,40,41,45,49,55,60,77,89,89,67474,0,36,37.85852879035134,25.618700001359684,146.61619999969844,87.09861576310875
1746381344,200,GET,GET /pastes/:slug,136.300000,0.000000,38,41,42,44,49,54,58,63,82,100,100,67480,0,39,40.52815863810853,26.439199999003904,401.554700001725,2903.2957172495553
1746381344,200,POST,POST /pastes,14.400000,0.000000,41,44,46,47,51,61,69,70,94,94,94,7421,0,42,43.530549211692254,29.940599999463302,138.54510000055598,2883.035574720388
1746381344,200,,Aggregated,286.600000,0.000000,37,39,41,43,47,52,58,63,89,100,100,142375,0,38,39.419467759084824,25.618700001359684,401.554700001725,1567.5946900790166
1746381345,200,GET,GET /analytics/:slug,137.000000,0.000000,36,38,40,41,45,49,55,60,89,92,92,67608,0,36,37.85680223938236,25.618700001359684,146.61619999969844,87.09849426103419
1746381345,200,GET,GET /pastes/:slug,136.600000,0.000000,38,41,43,44,49,54,59,63,100,150,150,67614,0,39,40.527597537485676,26.439199999003904,401.554700001725,2903.200491022569
1746381345,200,POST,POST /pastes,14.400000,0.000000,41,44,45,47,51,59,70,74,94,94,94,7440,0,42,43.52888858870486,29.940599999463302,138.54510000055598,2882.507930107527
1746381345,200,,Aggregated,288.000000,0.000000,37,40,41,43,47,52,58,63,94,150,150,142662,0,38,39.41841973896123,25.618700001359684,401.554700001725,1567.5611725617193
1746381346,200,GET,GET /analytics/:slug,138.800000,0.000000,36,38,39,40,45,49,56,65,89,92,92,67755,0,36,37.856009881191966,25.618700001359684,146.61619999969844,87.0985167146336
1746381346,200,GET,GET /pastes/:slug,139.200000,0.000000,38,41,42,44,49,54,62,72,100,150,150,67763,0,39,40.5276762687534,26.439199999003904,401.554700001725,2903.345468766141
1746381346,200,POST,POST /pastes,12.900000,0.000000,40,44,45,47,53,59,74,87,94,94,94,7455,0,42,43.53203612340245,29.940599999463302,138.54510000055598,2881.564185110664
1746381346,200,,Aggregated,290.900000,0.000000,37,39,41,43,47,52,60,70,94,150,150,142973,0,38,39.41822725829116,25.618700001359684,401.554700001725,1567.588425786687
1746381347,200,GET,GET /analytics/:slug,137.000000,0.000000,35,38,39,40,45,49,56,65,89,92,92,67893,0,36,37.85301930979872,25.618700001359684,146.61619999969844,87.09853740444522
1746381347,200,GET,GET /pastes/:slug,137.300000,0.000000,38,40,42,43,48,54,63,72,100,150,150,67898,0,39,40.52449474357918,26.439199999003904,401.554700001725,2903.2956493563875
1746381347,200,POST,POST /pastes,13.700000,0.000000,41,45,47,48,53,59,74,87,94,94,94,7475,0,42,43.534772775914526,29.940599999463302,138.54510000055598,2881.0188628762544
1746381347,200,,Aggregated,288.000000,0.000000,37,39,41,42,47,52,60,70,94,150,150,143266,0,38,39.41555994164467,25.618700001359684,401.554700001725,1567.5524199740344
1746381348,200,GET,GET /analytics/:slug,135.700000,0.000000,36,38,40,41,47,55,71,74,89,92,92,68015,0,36,37.868584579874565,25.618700001359684,146.61619999969844,87.09850768212894
1746381348,200,GET,GET /pastes/:slug,135.900000,0.000000,38,41,43,44,51,60,87,110,120,150,150,68023,0,39,40.5530348676116,26.439199999003904,401.554700001725,2903.4787939373446
1746381348,200,POST,POST /pastes,14.300000,0.000000,42,45,48,50,61,78,94,97,110,110,110,7492,0,42,43.58318908168208,29.940599999463302,138.54510000055598,2881.61025093433
1746381348,200,,Aggregated,285.900000,0.000000,37,40,42,43,49,59,75,89,120,150,150,143530,0,38,39.43911463526561,25.618700001359684,401.554700001725,1567.7305580714833
1746381349,200,GET,GET /analytics/:slug,138.400000,0.000000,36,39,42,45,54,69,78,84,100,100,100,68154,0,36,37.91020146726789,25.618700001359684,146.61619999969844,87.09848284766852
1746381349,200,GET,GET /pastes/:slug,138.300000,0.000000,39,42,45,48,60,80,100,110,120,150,150,68162,0,39,40.60471266540802,26.439199999003904,401.554700001725,2903.538144420645
1746381349,200,POST,POST /pastes,14.100000,0.000000,43,47,51,57,74,89,110,110,110,110,110,7508,0,42,43.651232578578345,29.940599999463302,138.54510000055598,2882.120937666489
1746381349,200,,Aggregated,290.800000,0.000000,38,41,44,47,59,74,91,100,120,150,150,143824,0,38,39.4868989160341,25.618700001359684,401.554700001725,1567.7914743019246
1746381350,200,GET,GET /analytics/:slug,136.900000,0.000000,38,42,47,51,68,74,82,89,130,130,130,68295,0,36,37.96768951607263,25.618700001359684,146.61619999969844,87.09854308514532
1746381350,200,GET,GET /pastes/:slug,136.700000,0.000000,40,45,51,59,79,98,110,120,130,150,150,68299,0,39,40.68021514516397,26.439199999003904,401.554700001725,2903.5259959882283
1746381350,200,POST,POST /pastes,14.700000,0.000000,44,51,59,67,89,97,110,110,120,120,120,7523,0,42,43.72423389604775,29.940599999463302,138.54510000055598,2882.626478798352
1746381350,200,,Aggregated,288.300000,0.000000,39,44,50,56,73,85,100,110,130,150,150,144117,0,38,39.55368749904391,25.618700001359684,401.554700001725,1567.7700479471541
1746381351,200,GET,GET /analytics/:slug,138.000000,0.000000,39,47,56,63,71,78,84,92,130,130,130,68414,0,36,38.01331645277539,25.618700001359684,146.61619999969844,87.09848861344169
1746381351,200,GET,GET /pastes/:slug,139.100000,0.000000,42,51,63,70,89,100,110,120,130,150,150,68423,0,39,40.75094629875264,26.439199999003904,401.554700001725,2903.568259211084
1746381351,200,POST,POST /pastes,15.200000,0.000000,47,59,69,75,91,100,110,120,120,120,120,7536,0,42,43.79191665339313,29.940599999463302,138.54510000055598,2881.6402600849256
1746381351,200,,Aggregated,292.300000,0.000000,41,49,60,67,79,92,110,120,130,150,150,144373,0,38,39.61239923184883,25.618700001359684,401.554700001725,1567.7837822861616
1746381352,200,GET,GET /analytics/:slug,135.600000,0.000000,42,59,66,69,74,78,84,92,130,130,130,68552,0,36,38.07677933977396,25.618700001359684,146.61619999969844,87.09853833586183
1746381352,200,GET,GET /pastes/:slug,136.000000,0.000000,47,65,76,81,100,110,120,120,130,150,150,68560,0,39,40.84414919777629,26.439199999003904,401.554700001725,2903.68016336056
1746381352,200,POST,POST /pastes,15.300000,0.000000,51,67,76,84,93,110,120,120,120,120,120,7546,0,42,43.84998582029774,29.940599999463302,138.54510000055598,2880.598595282269
1746381352,200,,Aggregated,286.900000,0.000000,45,62,69,73,85,100,110,120,130,150,150,144658,0,38,39.68951761603024,25.618700001359684,401.554700001725,1567.7258637614234
1746381353,200,GET,GET /analytics/:slug,134.900000,0.000000,46,65,68,69,74,78,84,92,130,130,130,68692,0,36,38.111439335005294,25.618700001359684,146.61619999969844,87.09851219938275
1746381353,200,GET,GET /pastes/:slug,135.500000,0.000000,52,71,80,86,100,110,120,120,130,150,150,68693,0,39,40.89639134263367,26.439199999003904,401.554700001725,2903.7074519965645
1746381353,200,POST,POST /pastes,15.500000,0.000000,57,71,79,86,99,110,120,120,120,120,120,7563,0,42,43.90069198730135,29.940599999463302,138.54510000055598,2880.579267486447
1746381353,200,,Aggregated,285.900000,0.000000,49,67,71,75,89,100,110,120,130,150,150,144948,0,38,39.733337022930236,25.618700001359684,401.554700001725,1567.6875017247564
1746381354,200,GET,GET /analytics/:slug,134.600000,0.000000,47,65,68,69,74,78,84,92,130,130,130,68820,0,36,38.10857196890699,25.618700001359684,146.61619999969844,87.09854693403081
1746381354,200,GET,GET /pastes/:slug,134.900000,0.000000,51,71,80,86,100,110,120,120,130,150,150,68824,0,39,40.89213274147859,26.439199999003904,401.554700001725,2903.670187725212
1746381354,200,POST,POST /pastes,15.300000,0.000000,57,71,79,86,99,110,120,120,120,120,120,7583,0,42,43.900227799018964,29.940599999463302,138.54510000055598,2880.9341949096665
1746381354,200,,Aggregated,284.800000,0.000000,49,66,71,75,89,100,110,120,130,150,150,145227,0,38,39.73012934302631,25.618700001359684,401.554700001725,1567.7693748407664
1746381355,200,GET,GET /analytics/:slug,133.500000,0.000000,46,64,68,69,74,78,83,91,130,130,130,68959,0,36,38.10502361403411,25.618700001359684,146.61619999969844,87.09849330761757
1746381355,200,GET,GET /pastes/:slug,133.700000,0.000000,50,69,79,85,100,110,120,120,130,130,130,68960,0,39,40.88884481582858,26.439199999003904,401.554700001725,2903.7745794663574
1746381355,200,POST,POST /pastes,15.200000,0.000000,55,69,78,86,99,110,120,120,120,120,120,7599,0,42,43.89501771285161,29.940599999463302,138.54510000055598,2881.102381892354
1746381355,200,,Aggregated,282.400000,0.000000,48,66,71,75,89,100,110,120,130,130,130,145518,0,38,39.72661321279632,25.618700001359684,401.554700001725,1567.8061614370731
1746381356,200,GET,GET /analytics/:slug,133.400000,0.000000,47,64,68,69,74,78,83,91,130,130,130,69089,0,36,38.099946382205395,25.618700001359684,146.61619999969844,87.09853956490903
1746381356,200,GET,GET /pastes/:slug,132.900000,0.000000,50,70,80,85,100,110,120,120,130,130,130,69095,0,39,40.88252048049114,26.439199999003904,401.554700001725,2903.4097402127504
1746381356,200,POST,POST /pastes,15.800000,0.000000,55,68,78,86,99,110,120,120,120,120,120,7615,0,42,43.89008646092672,29.940599999463302,138.54510000055598,2883.1183191070254
1746381356,200,,Aggregated,282.100000,0.000000,49,66,71,75,89,100,110,120,130,130,130,145799,0,38,39.72104031303165,25.618700001359684,401.554700001725,1567.7994567863977
1746381357,200,GET,GET /analytics/:slug,133.600000,0.000000,46,64,68,69,74,78,83,91,130,130,130,69218,0,36,38.09531337802578,25.618700001359684,146.61619999969844,87.09854373139935
1746381357,200,GET,GET /pastes/:slug,133.300000,0.000000,50,69,80,85,100,110,120,120,130,130,130,69223,0,39,40.87728125911232,26.439199999003904,401.554700001725,2903.6680438582553
1746381357,200,POST,POST /pastes,15.500000,0.000000,52,68,78,86,99,110,120,120,120,120,120,7628,0,42,43.88668800471339,29.940599999463302,138.54510000055598,2883.290246460409
1746381357,200,,Aggregated,282.400000,0.000000,48,66,71,75,89,100,110,120,130,130,130,146069,0,38,39.71614167345363,25.618700001359684,401.554700001725,1567.9106312769993
1746381358,200,GET,GET /analytics/:slug,133.000000,0.000000,41,59,66,68,72,77,80,84,130,130,130,69352,0,36,38.09476359586146,25.618700001359684,146.61619999969844,87.09854077748298
1746381358,200,GET,GET /pastes/:slug,132.600000,0.000000,44,63,75,80,99,110,120,120,130,130,130,69355,0,39,40.876429299971605,26.439199999003904,401.554700001725,2903.9907721144837
1746381358,200,POST,POST /pastes,15.800000,0.000000,47,57,70,76,93,100,120,120,120,120,120,7649,0,42,43.88949999999473,29.940599999463302,138.54510000055598,2882.8968492613412
1746381358,200,,Aggregated,281.400000,0.000000,43,61,68,71,84,100,110,120,130,130,130,146356,0,38,39.71578605933269,25.618700001359684,401.554700001725,1568.080679985788
1746381359,200,GET,GET /analytics/:slug,132.300000,0.000000,39,45,59,66,70,74,78,79,98,110,110,69493,0,36,38.09373904422316,25.618700001359684,146.61619999969844,87.09855668916293
1746381359,200,GET,GET /pastes/:slug,132.200000,0.000000,41,49,63,73,92,110,110,120,120,120,120,69501,0,39,40.87628558725101,26.439199999003904,401.554700001725,2904.1622566581777
1746381359,200,POST,POST /pastes,15.600000,0.000000,44,51,58,67,87,99,120,120,120,120,120,7659,0,42,43.8849266875518,29.940599999463302,138.54510000055598,2881.4709492100797
1746381359,200,,Aggregated,280.100000,0.000000,40,48,62,67,77,93,110,110,120,120,120,146653,0,38,39.714875150864344,25.618700001359684,401.554700001725,1568.0832100263888
1746381360,200,GET,GET /analytics/:slug,131.700000,0.000000,38,41,47,62,69,72,77,78,84,85,85,69626,0,36,38.08865562002978,25.618700001359684,146.61619999969844,87.09852641254703
1746381360,200,GET,GET /pastes/:slug,131.700000,0.000000,40,44,50,60,87,100,110,120,120,120,120,69628,0,39,40.870192166937635,26.439199999003904,401.554700001725,2903.9169299707014
1746381360,200,POST,POST /pastes,15.300000,0.000000,43,48,51,55,84,99,120,120,120,120,120,7674,0,42,43.88221868646844,29.940599999463302,138.54510000055598,2880.1512900703674
1746381360,200,,Aggregated,278.700000,0.000000,39,43,49,60,73,88,110,110,120,120,120,146928,0,38,39.70939931530892,25.618700001359684,401.554700001725,1567.8463669280193
1746381361,200,GET,GET /analytics/:slug,131.700000,0.000000,36,39,41,44,58,69,73,77,78,78,78,69763,0,36,38.085462156159934,25.618700001359684,146.61619999969844,87.09846193540989
1746381361,200,GET,GET /pastes/:slug,131.100000,0.000000,39,42,44,47,60,89,110,110,120,120,120,69767,0,39,40.86672587325714,26.439199999003904,401.554700001725,2903.9263692003383
1746381361,200,POST,POST /pastes,15.300000,0.000000,42,45,49,50,56,78,94,100,120,120,120,7694,0,42,43.876607564330705,29.940599999463302,138.54510000055598,2880.2216012477256
1746381361,200,,Aggregated,278.100000,0.000000,38,41,43,45,59,73,94,110,120,120,120,147224,0,38,39.70610484024133,25.618700001359684,401.554700001725,1567.916277237407
1746381362,200,GET,GET /analytics/:slug,133.700000,0.000000,35,38,39,40,44,47,50,54,66,69,69,69894,0,36,38.08040240078102,25.618700001359684,146.61619999969844,87.09844908003548
1746381362,200,GET,GET /pastes/:slug,133.000000,0.000000,38,40,42,43,47,50,55,58,87,92,92,69901,0,39,40.861866443963976,26.439199999003904,401.554700001725,2904.1328736355704
1746381362,200,POST,POST /pastes,15.500000,0.000000,41,44,46,48,52,55,57,64,65,65,65,7710,0,42,43.872885291823735,29.940599999463302,138.54510000055598,2880.3570687418937
1746381362,200,,Aggregated,282.200000,0.000000,37,39,41,42,46,50,54,57,79,92,92,147505,0,38,39.70127736212123,25.618700001359684,401.554700001725,1568.0621267075692
1746381363,200,GET,GET /analytics/:slug,134.900000,0.000000,35,38,40,41,44,48,52,55,66,69,69,70022,0,36,38.08190703207834,25.618700001359684,146.61619999969844,87.09848333380937
1746381363,200,GET,GET /pastes/:slug,134.000000,0.000000,38,41,42,44,48,51,55,58,87,92,92,70025,0,39,40.862215645834155,26.439199999003904,401.554700001725,2904.5927454480543
1746381363,200,POST,POST /pastes,15.600000,0.000000,41,44,48,49,52,57,64,72,76,76,76,7728,0,42,43.88429571686913,29.940599999463302,138.54510000055598,2881.0276915113873
1746381363,200,,Aggregated,284.500000,0.000000,37,40,41,43,47,50,55,58,79,92,92,147775,0,38,39.70283053357948,25.618700001359684,401.554700001725,1568.3133073929962
1746381364,200,GET,GET /analytics/:slug,135.300000,0.000000,35,38,40,41,44,48,52,56,66,69,69,70159,0,36,38.078512344819664,25.618700001359684,146.61619999969844,87.09840505138328
1746381364,200,GET,GET /pastes/:slug,135.000000,0.000000,38,41,42,44,48,52,58,66,91,92,92,70165,0,39,40.863475264013815,26.439199999003904,401.554700001725,2904.539841801468
1746381364,200,POST,POST /pastes,16.100000,0.000000,41,44,48,50,54,57,72,72,76,76,76,7742,0,42,43.88442693102139,29.940599999463302,138.54510000055598,2880.4829501420822
1746381364,200,,Aggregated,286.400000,0.000000,37,40,41,43,47,51,57,61,87,92,92,148066,0,38,39.70181758675,25.618700001359684,401.554700001725,1568.2768089905853
1746381365,200,GET,GET /analytics/:slug,132.300000,0.000000,36,38,40,41,44,48,53,56,66,69,69,70309,0,36,38.07817432050215,25.618700001359684,146.61619999969844,87.09846534583055
1746381365,200,GET,GET /pastes/:slug,132.600000,0.000000,38,41,43,44,48,52,58,66,91,92,92,70315,0,39,40.86201644171977,26.439199999003904,401.554700001725,2904.3960321410796
1746381365,200,POST,POST /pastes,16.300000,0.000000,41,44,48,50,52,57,72,72,76,76,76,7756,0,42,43.88085277204253,29.940599999463302,138.54510000055598,2879.4753739040743
1746381365,200,,Aggregated,281.200000,0.000000,37,40,41,43,47,51,57,61,87,92,92,148380,0,38,39.70070722806104,25.618700001359684,401.554700001725,1568.1333333333334
1746381366,200,GET,GET /analytics/:slug,132.700000,0.000000,36,38,40,41,44,48,53,57,66,69,69,70439,0,36,38.0738337994604,25.618700001359684,146.61619999969844,87.0984255880975
1746381366,200,GET,GET /pastes/:slug,133.000000,0.000000,38,41,43,44,48,52,58,66,91,92,92,70445,0,39,40.858359348421146,26.439199999003904,401.554700001725,2903.779189438569
1746381366,200,POST,POST /pastes,16.300000,0.000000,41,44,48,50,54,57,72,72,76,76,76,7769,0,42,43.87829706525438,29.940599999463302,138.54510000055598,2879.6080576650793
1746381366,200,,Aggregated,282.000000,0.000000,38,40,41,43,47,51,57,61,87,92,92,148653,0,38,39.696746067685815,25.618700001359684,401.554700001725,1567.836007345967
1746381367,200,GET,GET /analytics/:slug,134.900000,0.000000,36,38,40,41,44,48,53,57,66,69,69,70598,0,36,38.07308205048561,25.618700001359684,146.61619999969844,87.09838805631888
1746381367,200,GET,GET /pastes/:slug,135.300000,0.000000,38,41,43,44,48,52,59,65,91,92,92,70602,0,39,40.85606411999013,26.439199999003904,401.554700001725,2903.8680632276705
1746381367,200,POST,POST /pastes,15.800000,0.000000,40,44,47,49,54,57,72,72,76,76,76,7783,0,42,43.87225880765251,29.940599999463302,138.54510000055598,2878.6597712964153
1746381367,200,,Aggregated,286.000000,0.000000,38,40,42,43,47,51,57,62,87,92,92,148983,0,38,39.694871736370644,25.618700001359684,401.554700001725,1567.7793708006955
1746381368,200,GET,GET /analytics/:slug,134.800000,0.000000,36,38,40,40,44,47,52,55,66,69,69,70708,0,36,38.06793099932379,25.618700001359684,146.61619999969844,87.0983198506534
1746381368,200,GET,GET /pastes/:slug,135.200000,0.000000,38,41,43,44,48,51,58,65,91,92,92,70715,0,39,40.85093747719078,26.439199999003904,401.554700001725,2903.980598175776
1746381368,200,POST,POST /pastes,15.400000,0.000000,40,43,47,49,54,57,72,72,76,76,76,7798,0,42,43.86707798152891,29.940599999463302,138.54510000055598,2879.3145678379074
1746381368,200,,Aggregated,285.400000,0.000000,37,40,41,42,47,51,55,61,87,92,92,149221,0,38,39.68983442611778,25.618700001359684,401.554700001725,1567.9189323218582
1746381369,200,GET,GET /analytics/:slug,135.000000,0.000000,36,38,40,41,44,49,54,58,69,77,77,70859,0,36,38.06906198930546,25.618700001359684,146.61619999969844,87.09833613231912
1746381369,200,GET,GET /pastes/:slug,135.100000,0.000000,38,41,43,44,48,53,60,68,91,92,92,70865,0,39,40.85145995907063,26.439199999003904,401.554700001725,2903.742453961758
1746381369,200,POST,POST /pastes,15.400000,0.000000,40,44,47,49,54,57,72,72,76,76,76,7810,0,42,43.86568565940645,29.940599999463302,138.54510000055598,2879.3741357234317
1746381369,200,,Aggregated,285.500000,0.000000,37,40,41,43,47,51,58,66,87,92,92,149534,0,38,39.690407388953176,25.618700001359684,401.554700001725,1567.759318950874
1746381370,200,GET,GET /analytics/:slug,136.700000,0.000000,36,38,40,40,44,49,54,58,69,77,77,70987,0,36,38.065171920213274,25.618700001359684,146.61619999969844,87.09835603702086
1746381370,200,GET,GET /pastes/:slug,136.400000,0.000000,38,41,43,44,48,53,60,68,91,92,92,70991,0,39,40.845828744482304,26.439199999003904,401.554700001725,2903.6216703525797
1746381370,200,POST,POST /pastes,15.500000,0.000000,40,44,46,48,51,57,72,72,76,76,76,7821,0,42,43.861414883002276,29.940599999463302,138.54510000055598,2880.209180411712
1746381370,200,,Aggregated,288.600000,0.000000,37,40,41,43,47,51,58,66,87,92,92,149799,0,38,39.68557008591316,25.618700001359684,401.554700001725,1567.7005387218874
1746381371,200,GET,GET /analytics/:slug,137.400000,0.000000,36,38,40,41,45,49,54,58,69,77,77,71138,0,36,38.06582404622223,25.618700001359684,146.61619999969844,87.09837217802018
1746381371,200,GET,GET /pastes/:slug,137.100000,0.000000,39,41,43,44,49,54,63,68,81,91,91,71145,0,39,40.847507335716415,26.439199999003904,401.554700001725,2903.54412818891
1746381371,200,POST,POST /pastes,15.100000,0.000000,41,45,48,50,54,61,72,72,76,76,76,7838,0,42,43.86941917580615,29.940599999463302,138.54510000055598,2879.580505230926
1746381371,200,,Aggregated,289.600000,0.000000,38,40,42,43,48,52,59,68,78,91,91,150121,0,38,39.6871257712092,25.618700001359684,401.554700001725,1567.660773642595
1746381372,200,GET,GET /analytics/:slug,135.400000,0.000000,36,38,40,41,45,49,55,59,69,77,77,71266,0,36,38.06627047400107,25.618700001359684,146.61619999969844,87.09839194005556
1746381372,200,GET,GET /pastes/:slug,136.000000,0.000000,38,41,43,44,49,53,63,68,81,91,91,71271,0,39,40.847227754620185,26.439199999003904,401.554700001725,2903.6014928933228
1746381372,200,POST,POST /pastes,14.400000,0.000000,42,45,47,49,51,61,71,72,76,76,76,7857,0,42,43.871601756391904,29.940599999463302,138.54510000055598,2879.570064910271
1746381372,200,,Aggregated,285.800000,0.000000,38,40,42,43,48,52,59,66,78,91,91,150394,0,38,39.68743949824919,25.618700001359684,401.554700001725,1567.712262457279
1746381373,200,GET,GET /analytics/:slug,137.500000,0.000000,36,38,40,41,45,48,53,57,69,77,77,71399,0,36,38.065123874286314,25.618700001359684,146.61619999969844,87.09837672796537
1746381373,200,GET,GET /pastes/:slug,137.900000,0.000000,38,41,43,44,49,52,59,64,78,81,81,71400,0,39,40.84709668206619,26.439199999003904,401.554700001725,2903.452212885154
1746381373,200,POST,POST /pastes,14.100000,0.000000,42,44,46,48,51,55,64,65,71,71,71,7870,0,42,43.87581612452003,29.940599999463302,138.54510000055598,2879.9367217280815
1746381373,200,,Aggregated,289.500000,0.000000,38,40,42,43,47,51,57,61,78,81,81,150669,0,38,39.68697711871514,25.618700001359684,401.554700001725,1567.6106365609382
1746381374,200,GET,GET /analytics/:slug,136.000000,0.000000,37,39,41,42,46,50,55,61,110,120,120,71536,0,36,38.075550939389565,25.618700001359684,146.61619999969844,87.09830015656453
1746381374,200,GET,GET /pastes/:slug,136.100000,0.000000,39,42,44,45,50,55,64,73,120,120,120,71540,0,39,40.858245847072084,26.439199999003904,401.554700001725,2903.482583170254
1746381374,200,POST,POST /pastes,15.200000,0.000000,43,46,48,50,55,62,71,88,130,130,130,7887,0,42,43.902821199438954,29.940599999463302,138.54510000055598,2880.1370609864334
1746381374,200,,Aggregated,287.300000,0.000000,38,41,43,44,49,53,60,69,120,130,130,150963,0,38,39.698688226252166,25.618700001359684,401.554700001725,1567.6784973801527
1746381375,200,GET,GET /analytics/:slug,138.200000,0.000000,37,39,41,42,47,50,55,66,110,120,120,71662,0,36,38.076207162794375,25.618700001359684,146.61619999969844,87.09825290949178
1746381375,200,GET,GET /pastes/:slug,138.300000,0.000000,39,42,44,45,50,55,64,73,120,120,120,71669,0,39,40.8578260461222,26.439199999003904,401.554700001725,2903.0156134451436
1746381375,200,POST,POST /pastes,14.600000,0.000000,43,47,49,51,57,62,77,88,130,130,130,7907,0,42,43.9112798279975,29.940599999463302,138.54510000055598,2879.9864676868597
1746381375,200,,Aggregated,291.100000,0.000000,38,41,43,44,49,53,61,69,120,130,130,151238,0,38,39.69943520940313,25.618700001359684,401.554700001725,1567.528756000476
1746381376,200,GET,GET /analytics/:slug,138.000000,0.000000,37,39,41,42,46,50,55,66,110,120,120,71802,0,36,38.07091646472474,25.618700001359684,146.61619999969844,87.09831202473468
1746381376,200,GET,GET /pastes/:slug,137.900000,0.000000,39,41,44,45,50,55,64,73,120,120,120,71812,0,39,40.85143967859887,26.439199999003904,401.554700001725,2902.86434022169
1746381376,200,POST,POST /pastes,14.300000,0.000000,44,47,49,51,57,62,77,88,130,130,130,7916,0,42,43.90874488377685,29.940599999463302,138.54510000055598,2880.665740272865
1746381376,200,,Aggregated,290.200000,0.000000,38,40,43,44,49,53,61,69,120,130,130,151530,0,38,39.69361284695914,25.618700001359684,401.554700001725,1567.4630568204316
1746381377,200,GET,GET /analytics/:slug,135.200000,0.000000,36,39,41,42,46,50,56,66,110,120,120,71940,0,36,38.066860708926214,25.618700001359684,146.61619999969844,87.09854045037531
1746381377,200,GET,GET /pastes/:slug,135.300000,0.000000,38,41,43,45,50,55,63,73,120,120,120,71942,0,39,40.8459665438762,26.439199999003904,401.554700001725,2902.624586472436
1746381377,200,POST,POST /pastes,15.300000,0.000000,44,47,50,52,57,62,77,88,130,130,130,7930,0,42,43.906705397223455,29.940599999463302,138.54510000055598,2880.364817150063
1746381377,200,,Aggregated,285.800000,0.000000,38,40,43,44,49,54,61,69,120,130,130,151812,0,38,39.688895860009175,25.618700001359684,401.554700001725,1567.2527863410007
1746381378,200,GET,GET /analytics/:slug,135.900000,0.000000,36,38,40,42,46,49,54,58,110,120,120,72077,0,36,38.06094041372631,25.618700001359684,146.61619999969844,87.0985612608738
1746381378,200,GET,GET /pastes/:slug,135.800000,0.000000,38,41,43,44,49,54,60,69,120,120,120,72083,0,39,40.838625324966195,26.439199999003904,401.554700001725,2902.553625681506
1746381378,200,POST,POST /pastes,15.000000,0.000000,44,47,50,52,57,62,77,88,130,130,130,7940,0,42,43.90071779596719,29.940599999463302,138.54510000055598,2879.736901763224
1746381378,200,,Aggregated,286.700000,0.000000,37,40,42,44,48,53,59,67,120,130,130,152100,0,38,39.6821875792223,25.618700001359684,401.554700001725,1567.1774293228139
1746381379,200,GET,GET /analytics/:slug,135.300000,0.000000,36,39,40,42,46,50,58,71,110,120,120,72229,0,36,38.064281622342264,25.618700001359684,146.61619999969844,87.09860305417492
1746381379,200,GET,GET /pastes/:slug,135.500000,0.000000,38,41,43,45,50,56,64,70,120,120,120,72235,0,39,40.84047713849996,26.439199999003904,401.554700001725,2902.4889181144877
1746381379,200,POST,POST /pastes,14.700000,0.000000,44,47,50,52,59,65,77,88,130,130,130,7954,0,42,43.89720856172688,29.940599999463302,138.54510000055598,2879.5072919285894
1746381379,200,,Aggregated,285.500000,0.000000,38,40,42,44,49,54,62,71,120,130,130,152418,0,38,39.68438937854933,25.618700001359684,401.554700001725,1567.1110564369037
1746381380,200,GET,GET /analytics/:slug,135.100000,0.000000,36,38,40,41,46,50,57,71,110,120,120,72359,0,36,38.059171259969965,25.618700001359684,146.61619999969844,87.09860556392432
1746381380,200,GET,GET /pastes/:slug,135.100000,0.000000,38,41,43,44,49,55,61,69,120,120,120,72365,0,39,40.83532309955841,26.439199999003904,401.554700001725,2902.432930283977
1746381380,200,POST,POST /pastes,14.200000,0.000000,43,46,49,51,55,61,77,88,130,130,130,7969,0,42,43.88888032375189,29.940599999463302,138.54510000055598,2879.621658928347
1746381380,200,,Aggregated,284.400000,0.000000,37,40,42,44,48,53,61,70,120,130,130,152693,0,38,39.679109170687205,25.618700001359684,401.554700001725,1567.0962781528951
1746381381,200,GET,GET /analytics/:slug,136.500000,0.000000,36,38,40,41,46,50,57,71,110,120,120,72492,0,36,38.06039292197976,25.618700001359684,146.61619999969844,87.0986315731391
1746381381,200,GET,GET /pastes/:slug,136.000000,0.000000,38,41,43,45,50,55,61,69,120,120,120,72497,0,39,40.83626264396526,26.439199999003904,401.554700001725,2902.8737602935294
1746381381,200,POST,POST /pastes,14.200000,0.000000,42,47,49,52,56,60,77,88,130,130,130,7978,0,42,43.89064019804153,29.940599999463302,138.54510000055598,2879.3915768363
1746381381,200,,Aggregated,286.700000,0.000000,37,40,42,44,49,54,60,70,120,130,130,152967,0,38,39.68006213169987,25.618700001359684,401.554700001725,1567.2359332405028
1746381382,200,GET,GET /analytics/:slug,136.200000,0.000000,36,39,41,42,46,50,58,71,110,120,120,72634,0,36,38.06188850125508,25.618700001359684,146.61619999969844,87.09865903020624
1746381382,200,GET,GET /pastes/:slug,136.300000,0.000000,39,41,43,44,50,55,61,69,120,120,120,72635,0,39,40.83689087766986,26.439199999003904,401.554700001725,2902.998788462862
1746381382,200,POST,POST /pastes,14.200000,0.000000,41,46,48,51,56,60,77,88,130,130,130,7997,0,42,43.88992457171154,29.940599999463302,138.54510000055598,2879.8888333124924
1746381382,200,,Aggregated,286.700000,0.000000,38,40,42,44,49,54,61,70,120,130,130,153266,0,38,39.6810936874437,25.618700001359684,401.554700001725,1567.315073140814
1746381383,200,GET,GET /analytics/:slug,134.800000,0.000000,36,38,40,41,44,49,56,62,74,74,74,72774,0,36,38.058009620196444,25.618700001359684,146.61619999969844,87.09867535108692
1746381383,200,GET,GET /pastes/:slug,134.400000,0.000000,38,40,42,44,49,53,58,61,70,70,70,72784,0,39,40.83325104280542,26.439199999003904,401.554700001725,2902.785488568916
1746381383,200,POST,POST /pastes,14.400000,0.000000,41,46,47,48,53,58,61,71,77,77,77,8013,0,42,43.89090884811897,29.940599999463302,138.54510000055598,2879.101210532884
1746381383,200,,Aggregated,283.600000,0.000000,37,40,41,43,47,52,57,61,74,77,77,153571,0,38,39.67766563087922,25.618700001359684,401.554700001725,1567.2561616451023
1746381384,200,GET,GET /analytics/:slug,136.700000,0.000000,36,38,39,40,44,48,56,62,74,74,74,72908,0,36,38.05486164618657,25.618700001359684,146.61619999969844,87.09864486750425
1746381384,200,GET,GET /pastes/:slug,136.200000,0.000000,38,40,42,43,48,52,58,61,70,70,70,72917,0,39,40.832353015065905,26.439199999003904,401.554700001725,2902.6119012027375
1746381384,200,POST,POST /pastes,13.600000,0.000000,41,44,46,47,51,53,58,60,71,71,71,8025,0,42,43.88872558255181,29.940599999463302,138.54510000055598,2879.3906542056075
1746381384,200,,Aggregated,286.500000,0.000000,37,39,41,42,47,51,57,61,73,74,74,153850,0,38,39.675551254467045,25.618700001359684,401.554700001725,1567.1566460838478
1746381385,200,GET,GET /analytics/:slug,135.200000,0.000000,36,38,39,41,44,48,56,61,74,74,74,73059,0,36,38.05110456343735,25.618700001359684,146.61619999969844,87.09868736226885
1746381385,200,GET,GET /pastes/:slug,135.500000,0.000000,38,40,42,44,49,53,57,61,70,70,70,73060,0,39,40.82696535723446,26.439199999003904,401.554700001725,2902.2933342458255
1746381385,200,POST,POST /pastes,14.600000,0.000000,41,44,46,47,51,53,58,61,71,71,71,8044,0,42,43.879337444055366,29.940599999463302,138.54510000055598,2878.555942317255
1746381385,200,,Aggregated,285.300000,0.000000,37,39,41,42,47,51,57,61,73,74,74,154163,0,38,39.670732456554035,25.618700001359684,401.554700001725,1566.9129298210337
1746381386,200,GET,GET /analytics/:slug,135.400000,0.000000,36,38,40,41,44,48,56,61,74,74,74,73194,0,36,38.05111677460119,25.618700001359684,146.61619999969844,87.0986966144766
1746381386,200,GET,GET /pastes/:slug,135.400000,0.000000,38,40,42,44,48,52,57,61,70,70,70,73199,0,39,40.82426760747462,26.439199999003904,401.554700001725,2902.3947868140276
1746381386,200,POST,POST /pastes,13.800000,0.000000,41,43,45,47,49,53,58,61,71,71,71,8058,0,42,43.876400186148274,29.940599999463302,138.54510000055598,2878.3217920079423
1746381386,200,,Aggregated,284.600000,0.000000,37,40,41,42,47,51,57,61,73,74,74,154451,0,38,39.66931284679097,25.618700001359684,401.554700001725,1566.9760312332066
1746381387,200,GET,GET /analytics/:slug,138.800000,0.000000,36,38,40,41,45,49,57,62,74,74,74,73324,0,36,38.0510602694911,25.618700001359684,146.61619999969844,87.09878075391414
1746381387,200,GET,GET /pastes/:slug,138.900000,0.000000,39,41,43,44,49,53,58,61,70,70,70,73331,0,39,40.82411967789261,26.439199999003904,401.554700001725,2902.6277017905113
1746381387,200,POST,POST /pastes,13.000000,0.000000,41,44,46,47,50,56,61,63,71,71,71,8074,0,42,43.87900387663954,29.940599999463302,138.54510000055598,2877.860911567996
1746381387,200,,Aggregated,290.700000,0.000000,38,40,42,43,47,52,58,61,73,74,74,154729,0,38,39.66941258975199,25.618700001359684,401.554700001725,1567.0938996568193
1746381388,200,GET,GET /analytics/:slug,138.700000,0.000000,36,38,40,41,44,48,53,56,63,64,64,73458,0,36,38.050920196577216,25.618700001359684,146.61619999969844,87.09876391951863
1746381388,200,GET,GET /pastes/:slug,138.800000,0.000000,39,41,43,44,48,52,56,59,67,69,69,73464,0,39,40.8232890844433,26.439199999003904,401.554700001725,2902.3774501796797
1746381388,200,POST,POST /pastes,13.800000,0.000000,41,44,46,47,50,53,58,61,63,63,63,8094,0,42,43.87657867556081,29.940599999463302,138.54510000055598,2877.8682975043243
1746381388,200,,Aggregated,291.300000,0.000000,38,40,42,43,47,51,55,58,65,69,69,155016,0,38,39.66896083565407,25.618700001359684,401.554700001725,1567.0113020591423
1746381389,200,GET,GET /analytics/:slug,137.000000,0.000000,37,39,40,41,45,50,55,58,64,69,69,73605,0,36,38.054641279806795,25.618700001359684,146.61619999969844,87.09867536172814
1746381389,200,GET,GET /pastes/:slug,137.100000,0.000000,39,42,44,45,49,53,58,60,69,69,69,73609,0,39,40.826267616725474,26.439199999003904,401.554700001725,2902.204635302748
1746381389,200,POST,POST /pastes,14.200000,0.000000,42,44,47,47,51,57,61,63,69,69,69,8107,0,42,43.878303293448674,29.940599999463302,138.54510000055598,2877.772172196867
1746381389,200,,Aggregated,288.300000,0.000000,38,40,42,44,48,52,58,60,69,69,69,155321,0,38,39.67212424076433,25.618700001359684,401.554700001725,1566.8800612924201
1746381390,200,GET,GET /analytics/:slug,137.900000,0.000000,37,39,41,41,45,51,56,61,69,72,72,73729,0,36,38.05567229313,25.618700001359684,146.61619999969844,87.09869929064547
1746381390,200,GET,GET /pastes/:slug,138.100000,0.000000,39,42,44,45,49,53,58,62,69,72,72,73736,0,39,40.82672253850943,26.439199999003904,401.554700001725,2902.060418248888
1746381390,200,POST,POST /pastes,14.500000,0.000000,42,45,47,48,52,58,59,63,69,69,69,8128,0,42,43.87645282972316,29.940599999463302,138.54510000055598,2877.0773868110236
1746381390,200,,Aggregated,290.500000,0.000000,38,41,43,44,48,52,58,61,69,72,72,155593,0,38,39.67295240916846,25.618700001359684,401.554700001725,1566.86298226784
1746381391,200,GET,GET /analytics/:slug,136.000000,0.000000,37,39,40,41,45,50,56,59,69,72,72,73864,0,36,38.05420427407359,25.618700001359684,146.61619999969844,87.09865428354814
1746381391,200,GET,GET /pastes/:slug,136.400000,0.000000,39,41,44,45,49,52,58,63,69,72,72,73867,0,39,40.8247209511625,26.439199999003904,401.554700001725,2901.7301636725465
1746381391,200,POST,POST /pastes,15.200000,0.000000,42,44,46,48,52,57,59,63,69,69,69,8144,0,42,43.87780519400735,29.940599999463302,138.54510000055598,2877.8945235756387
1746381391,200,,Aggregated,287.600000,0.000000,38,40,42,44,48,52,58,61,69,72,72,155875,0,38,39.67137932638157,25.618700001359684,401.554700001725,1566.7241700080192
1746381392,200,GET,GET /analytics/:slug,136.500000,0.000000,37,39,40,41,45,51,56,59,71,72,72,73993,0,36,38.056281705028525,25.618700001359684,146.61619999969844,87.09871204032814
1746381392,200,GET,GET /pastes/:slug,136.200000,0.000000,39,42,44,45,49,53,59,64,71,72,72,74002,0,39,40.82680498904771,26.439199999003904,401.554700001725,2901.8661928056
1746381392,200,POST,POST /pastes,16.100000,0.000000,42,44,46,48,52,57,61,63,69,69,69,8159,0,42,43.878130493932915,29.940599999463302,138.54510000055598,2878.510724353475
1746381392,200,,Aggregated,288.800000,0.000000,38,40,42,44,48,52,58,62,71,72,72,156154,0,38,39.67343354444786,25.618700001359684,401.554700001725,1566.878632631889
1746381393,200,GET,GET /analytics/:slug,136.100000,0.000000,37,39,41,42,46,51,58,62,71,72,72,74140,0,36,38.05937708659544,25.618700001359684,146.61619999969844,87.09877259239278
1746381393,200,GET,GET /pastes/:slug,136.700000,0.000000,39,42,44,45,50,55,60,65,71,72,72,74143,0,39,40.82827456131411,26.439199999003904,401.554700001725,2901.71034352535
1746381393,200,POST,POST /pastes,16.400000,0.000000,42,44,47,48,53,58,62,64,69,69,69,8174,0,42,43.88089352826019,29.940599999463302,138.54510000055598,2878.7920234891117
1746381393,200,,Aggregated,289.200000,0.000000,38,41,43,44,49,54,59,63,71,72,72,156457,0,38,39.67566425087869,25.618700001359684,401.554700001725,1566.7580165796353
1746381394,200,GET,GET /analytics/:slug,134.900000,0.000000,37,39,41,42,46,51,57,61,71,72,72,74268,0,36,38.05544027710701,25.618700001359684,146.61619999969844,87.0987774007648
1746381394,200,GET,GET /pastes/:slug,135.200000,0.000000,39,42,44,45,49,54,60,65,71,72,72,74274,0,39,40.82323663865574,26.439199999003904,401.554700001725,2901.797398820583
1746381394,200,POST,POST /pastes,16.300000,0.000000,42,45,47,48,53,58,62,64,69,69,69,8191,0,42,43.87764800390695,29.940599999463302,138.54510000055598,2879.0581125625686
1746381394,200,,Aggregated,286.400000,0.000000,38,41,43,44,49,53,59,63,71,72,72,156733,0,38,39.67134127082198,25.618700001359684,401.554700001725,1566.8628623199963
1746381395,200,GET,GET /analytics/:slug,137.300000,0.000000,37,39,41,42,46,52,57,61,71,72,72,74405,0,36,38.05762706269981,25.618700001359684,146.61619999969844,87.09878368389221
1746381395,200,GET,GET /pastes/:slug,137.000000,0.000000,40,42,44,46,50,56,61,66,71,72,72,74416,0,39,40.82617056143209,26.439199999003904,401.554700001725,2902.126263169211
1746381395,200,POST,POST /pastes,15.400000,0.000000,43,45,47,49,53,58,62,64,69,69,69,8205,0,42,43.88084312004904,29.940599999463302,138.54510000055598,2878.6364411943937
1746381395,200,,Aggregated,289.700000,0.000000,39,41,43,45,49,54,59,64,71,72,72,157026,0,38,39.67394169054646,25.618700001359684,401.554700001725,1567.0298230866226
1746381396,200,GET,GET /analytics/:slug,136.600000,0.000000,37,40,42,43,48,54,59,69,130,130,130,74545,0,36,38.06989436716319,25.618700001359684,146.61619999969844,87.09873230934335
1746381396,200,GET,GET /pastes/:slug,136.700000,0.000000,40,43,45,46,51,58,66,69,120,120,120,74554,0,39,40.8385086796084,26.439199999003904,401.554700001725,2902.3641789843605
1746381396,200,POST,POST /pastes,16.300000,0.000000,44,46,48,49,55,59,63,67,69,69,69,8218,0,42,43.88614721343449,29.940599999463302,138.54510000055598,2878.9907520077877
1746381396,200,,Aggregated,289.600000,0.000000,39,42,44,45,50,56,63,69,130,130,130,157317,0,38,39.68579879796676,25.618700001359684,401.554700001725,1567.1235785070908
1746381397,200,GET,GET /analytics/:slug,134.900000,0.000000,37,40,42,43,48,54,59,69,130,130,130,74675,0,36,38.072873214599085,25.618700001359684,146.61619999969844,87.09864077669903
1746381397,200,GET,GET /pastes/:slug,134.400000,0.000000,40,42,44,46,51,58,65,69,120,120,120,74680,0,39,40.83883002677475,26.439199999003904,401.554700001725,2902.679552758436
1746381397,200,POST,POST /pastes,16.800000,0.000000,43,46,48,49,55,59,64,67,69,69,69,8238,0,42,43.892667771304104,29.940599999463302,138.54510000055598,2878.561058509347
1746381397,200,,Aggregated,286.100000,0.000000,39,42,44,45,50,55,63,69,130,130,130,157593,0,38,39.68782516228362,25.618700001359684,401.554700001725,1567.2636855697906
1746381398,200,GET,GET /analytics/:slug,133.900000,0.000000,38,40,42,44,48,54,62,94,130,130,130,74808,0,36,38.08116514143109,25.618700001359684,146.61619999969844,87.09869265319217
1746381398,200,GET,GET /pastes/:slug,133.700000,0.000000,40,43,45,46,51,58,67,92,120,120,120,74813,0,39,40.84305797654862,26.439199999003904,401.554700001725,2902.821969443813
1746381398,200,POST,POST /pastes,16.000000,0.000000,44,47,49,50,55,59,66,69,69,69,69,8255,0,42,43.894816486978286,29.940599999463302,138.54510000055598,2878.5206541490006
1746381398,200,,Aggregated,283.600000,0.000000,39,42,44,45,50,56,67,92,130,130,130,157876,0,38,39.69393199979574,25.618700001359684,401.554700001725,1567.3483430033698
1746381399,200,GET,GET /analytics/:slug,136.000000,0.000000,38,40,42,44,48,53,61,94,130,130,130,74944,0,36,38.083225348262324,25.618700001359684,146.61619999969844,87.09863364645602
1746381399,200,GET,GET /pastes/:slug,136.200000,0.000000,40,43,45,46,51,57,67,92,120,120,120,74950,0,39,40.84372113408318,26.439199999003904,401.554700001725,2902.820533689126
1746381399,200,POST,POST /pastes,16.500000,0.000000,44,47,49,50,55,59,64,67,69,69,69,8274,0,42,43.89442449842926,29.940599999463302,138.54510000055598,2877.4404157602125
1746381399,200,,Aggregated,288.700000,0.000000,39,42,44,45,50,55,65,92,130,130,130,158168,0,38,39.69531515729949,25.618700001359684,401.554700001725,1567.3325893986141
1746381400,200,GET,GET /analytics/:slug,133.600000,0.000000,38,40,42,44,48,53,59,94,130,130,130,75087,0,36,38.08478223128062,25.618700001359684,146.61619999969844,87.09865888902206
1746381400,200,GET,GET /pastes/:slug,133.600000,0.000000,40,42,45,46,51,57,67,92,120,120,120,75093,0,39,40.84620476208885,26.439199999003904,401.554700001725,2903.0115190497118
1746381400,200,POST,POST /pastes,16.700000,0.000000,44,47,48,49,54,59,66,67,69,69,69,8282,0,42,43.890796655397864,29.940599999463302,138.54510000055598,2877.4514609997586
1746381400,200,,Aggregated,283.900000,0.000000,39,42,44,45,50,55,65,92,130,130,130,158462,0,38,39.696833786647616,25.618700001359684,401.554700001725,1567.3592028372732
1746381401,200,GET,GET /analytics/:slug,134.200000,0.000000,38,40,42,44,47,52,58,94,130,130,130,75232,0,36,38.08093215653138,25.618700001359684,146.61619999969844,87.0987079965972
1746381401,200,GET,GET /pastes/:slug,134.300000,0.000000,40,42,44,46,51,57,66,92,120,120,120,75236,0,39,40.84039137380442,26.439199999003904,401.554700001725,2903.2952841724705
1746381401,200,POST,POST /pastes,16.400000,0.000000,44,47,48,49,54,59,66,67,69,69,69,8292,0,42,43.89230940665749,29.940599999463302,138.54510000055598,2877.620477568741
1746381401,200,,Aggregated,284.900000,0.000000,39,42,44,45,49,55,63,92,130,130,130,158760,0,38,39.69216051272213,25.618700001359684,401.554700001725,1567.4361489040061
1746381402,200,GET,GET /analytics/:slug,134.400000,0.000000,38,40,42,43,47,51,56,94,130,130,130,75371,0,36,38.08410141168576,25.618700001359684,146.61619999969844,87.09876477690358
1746381402,200,GET,GET /pastes/:slug,134.600000,0.000000,40,42,44,45,50,55,65,92,120,120,120,75373,0,39,40.84365292610798,26.439199999003904,401.554700001725,2903.4159314343333
1746381402,200,POST,POST /pastes,15.700000,0.000000,44,47,49,50,55,59,66,67,69,69,69,8310,0,42,43.904580685920884,29.940599999463302,138.54510000055598,2877.242719614922
1746381402,200,,Aggregated,284.700000,0.000000,39,42,43,45,49,54,62,92,130,130,130,159054,0,38,39.695905321461574,25.618700001359684,401.554700001725,1567.4788248016398
1746381403,200,GET,GET /analytics/:slug,134.800000,0.000000,38,40,42,44,47,52,56,94,130,130,130,75512,0,36,38.08497374986969,25.618700001359684,146.61619999969844,87.09881873079776
1746381403,200,GET,GET /pastes/:slug,134.200000,0.000000,40,43,45,46,50,55,65,89,120,120,120,75517,0,39,40.84350760622849,26.439199999003904,401.554700001725,2903.6904140789493
1746381403,200,POST,POST /pastes,15.200000,0.000000,44,47,49,50,55,60,67,69,74,74,74,8323,0,42,43.90780696864172,29.940599999463302,138.54510000055598,2876.701189474949
1746381403,200,,Aggregated,284.200000,0.000000,39,42,44,45,49,54,62,92,130,130,130,159352,0,38,39.69637267872236,25.618700001359684,401.554700001725,1567.584837341232
1746381404,200,GET,GET /analytics/:slug,136.400000,0.000000,38,41,42,44,47,52,58,94,130,130,130,75643,0,36,38.086804571476094,25.618700001359684,146.61619999969844,87.09879301455521
1746381404,200,GET,GET /pastes/:slug,136.300000,0.000000,40,43,45,46,51,56,65,92,120,120,120,75645,0,39,40.844048989352494,26.439199999003904,401.554700001725,2903.4301011302796
1746381404,200,POST,POST /pastes,14.500000,0.000000,44,47,49,50,55,60,67,69,74,74,74,8337,0,42,43.90539009236039,29.940599999463302,138.54510000055598,2877.061532925513
1746381404,200,,Aggregated,287.200000,0.000000,39,42,44,45,50,54,62,92,130,130,130,159625,0,38,39.69733739201117,25.618700001359684,401.554700001725,1567.4515019577134
1746381405,200,GET,GET /analytics/:slug,135.200000,0.000000,38,40,42,43,47,51,56,60,99,110,110,75774,0,36,38.08819176366784,25.618700001359684,146.61619999969844,87.09880697864703
1746381405,200,GET,GET /pastes/:slug,135.300000,0.000000,40,43,44,45,50,53,58,62,110,110,110,75779,0,39,40.84334486862547,26.439199999003904,401.554700001725,2903.2019029018593
1746381405,200,POST,POST /pastes,15.100000,0.000000,44,47,49,50,55,60,66,69,74,74,74,8353,0,42,43.90648521489384,29.940599999463302,138.54510000055598,2876.7733748353885
1746381405,200,,Aggregated,285.600000,0.000000,39,42,44,45,49,53,58,62,110,110,110,159906,0,38,39.69778084937269,25.618700001359684,401.554700001725,1567.366140107313
1746381406,200,GET,GET /analytics/:slug,136.400000,0.000000,38,40,42,43,47,51,56,60,99,110,110,75910,0,36,38.08939622711326,25.618700001359684,146.61619999969844,87.09881438545646
1746381406,200,GET,GET /pastes/:slug,136.400000,0.000000,40,42,44,45,50,53,58,62,110,110,110,75915,0,39,40.84345797009251,26.439199999003904,401.554700001725,2902.926272805111
1746381406,200,POST,POST /pastes,14.400000,0.000000,43,47,48,50,55,60,66,69,74,74,74,8364,0,42,43.911693782880604,29.940599999463302,138.54510000055598,2876.0974414155908
1746381406,200,,Aggregated,287.200000,0.000000,39,42,44,45,49,53,58,62,110,110,110,160189,0,38,39.69857222530755,25.618700001359684,401.554700001725,1567.1675208659772
1746381407,200,GET,GET /analytics/:slug,135.400000,0.000000,38,40,42,44,47,51,57,60,99,110,110,76048,0,36,38.09349280454671,25.618700001359684,146.61619999969844,87.09879286766252
1746381407,200,GET,GET /pastes/:slug,135.600000,0.000000,40,43,44,46,50,54,60,67,110,110,110,76060,0,39,40.84866889034429,26.439199999003904,401.554700001725,2902.9242308703656
1746381407,200,POST,POST /pastes,14.500000,0.000000,43,47,50,52,57,62,74,76,79,79,79,8377,0,42,43.92317998090161,29.940599999463302,138.54510000055598,2876.198639130954
1746381407,200,,Aggregated,285.500000,0.000000,39,42,44,45,49,53,59,67,110,110,110,160485,0,38,39.70357463501139,25.618700001359684,401.554700001725,1567.2120260460479
1746381408,200,GET,GET /analytics/:slug,136.000000,0.000000,38,40,42,43,47,50,55,58,67,82,82,76187,0,36,38.09214650399891,25.618700001359684,146.61619999969844,87.0987832569861
1746381408,200,GET,GET /pastes/:slug,135.800000,0.000000,40,43,44,45,50,53,59,61,79,81,81,76191,0,39,40.84664848078651,26.439199999003904,401.554700001725,2902.695016471762
1746381408,200,POST,POST /pastes,14.500000,0.000000,43,46,49,51,57,61,74,76,79,79,79,8390,0,42,43.917876638857386,29.940599999463302,138.54510000055598,2875.3961859356377
1746381408,200,,Aggregated,286.300000,0.000000,39,42,44,45,48,53,58,61,79,82,82,160768,0,38,39.70158455102893,25.618700001359684,401.554700001725,1566.9760462281051
1746381409,200,GET,GET /analytics/:slug,136.000000,0.000000,37,40,41,42,46,50,54,58,67,82,82,76335,0,36,38.09027872535732,25.618700001359684,146.61619999969844,87.09880133621536
1746381409,200,GET,GET /pastes/:slug,135.900000,0.000000,40,42,44,45,49,53,58,61,79,81,81,76339,0,39,40.84429208136873,26.439199999003904,401.554700001725,2903.0909233812336
1746381409,200,POST,POST /pastes,13.900000,0.000000,43,46,49,51,57,61,74,76,79,79,79,8401,0,42,43.91645786216104,29.940599999463302,138.54510000055598,2875.019640518986
1746381409,200,,Aggregated,285.800000,0.000000,39,41,43,44,48,52,58,61,79,82,82,161075,0,38,39.69936987241845,25.618700001359684,401.554700001725,1567.1009467639299
1746381410,200,GET,GET /analytics/:slug,137.600000,0.000000,37,40,41,42,46,50,54,58,67,82,82,76468,0,36,38.087585694671596,25.618700001359684,146.61619999969844,87.09876026573207
1746381410,200,GET,GET /pastes/:slug,137.400000,0.000000,40,42,44,45,49,52,57,61,79,81,81,76473,0,39,40.84065420605428,26.439199999003904,401.554700001725,2903.118630104743
1746381410,200,POST,POST /pastes,13.300000,0.000000,43,46,49,50,55,61,74,76,79,79,79,8421,0,42,43.91601591260143,29.940599999463302,138.54510000055598,2875.4959030993946
1746381410,200,,Aggregated,288.300000,0.000000,39,41,43,44,48,52,57,61,79,82,82,161362,0,38,39.696493734583,25.618700001359684,401.554700001725,1567.1906024962507
1746381411,200,GET,GET /analytics/:slug,137.900000,0.000000,37,40,41,42,46,50,57,60,82,87,87,76609,0,36,38.09148285449692,25.618700001359684,146.61619999969844,87.09882650863476
1746381411,200,GET,GET /pastes/:slug,137.700000,0.000000,40,42,44,45,49,53,59,63,79,81,81,76612,0,39,40.8423807536626,26.439199999003904,401.554700001725,2903.2385266015767
1746381411,200,POST,POST /pastes,13.100000,0.000000,42,46,48,50,55,60,74,76,79,79,79,8437,0,42,43.911962735572295,29.940599999463302,138.54510000055598,2876.690648334716
1746381411,200,,Aggregated,288.700000,0.000000,39,42,43,44,48,53,58,62,81,87,87,161658,0,38,39.698945390267106,25.618700001359684,401.554700001725,1567.2970282943004
1746381412,200,GET,GET /analytics/:slug,138.000000,0.000000,38,40,42,43,47,51,57,60,82,87,87,76738,0,36,38.09461922255135,25.618700001359684,146.61619999969844,87.09881675310798
1746381412,200,GET,GET /pastes/:slug,137.800000,0.000000,40,42,44,45,50,53,61,64,80,81,81,76744,0,39,40.845784999473324,26.439199999003904,401.554700001725,2903.044185864693
1746381412,200,POST,POST /pastes,13.500000,0.000000,42,45,48,49,54,59,74,76,79,79,79,8455,0,42,43.91496840922757,29.940599999463302,138.54510000055598,2875.9925487876994
1746381412,200,,Aggregated,289.300000,0.000000,39,42,43,45,49,53,59,63,81,87,87,161937,0,38,39.70232171646856,25.618700001359684,401.554700001725,1567.2238524858433
1746381413,200,GET,GET /analytics/:slug,137.800000,0.000000,37,40,41,42,47,51,57,60,82,87,87,76867,0,36,38.09578781401827,25.618700001359684,146.61619999969844,87.09875499238944
1746381413,200,GET,GET /pastes/:slug,138.000000,0.000000,40,42,44,45,50,55,62,66,80,81,81,76871,0,39,40.84700509944709,26.439199999003904,401.554700001725,2902.90818384046
1746381413,200,POST,POST /pastes,13.800000,0.000000,42,45,48,50,54,58,68,76,79,79,79,8471,0,42,43.91963079919986,29.940599999463302,138.54510000055598,2875.7079447526858
1746381413,200,,Aggregated,289.600000,0.000000,39,41,43,44,49,53,60,63,81,87,87,162209,0,38,39.70372940712156,25.618700001359684,401.554700001725,1567.1423718782557
1746381414,200,GET,GET /analytics/:slug,136.800000,0.000000,37,40,41,42,47,51,57,61,77,87,87,77012,0,36,38.097490357348946,25.618700001359684,146.61619999969844,87.09875084402431
1746381414,200,GET,GET /pastes/:slug,137.200000,0.000000,40,42,44,45,50,55,62,67,80,81,81,77017,0,39,40.84790605320381,26.439199999003904,401.554700001725,2902.7511198826232
1746381414,200,POST,POST /pastes,14.400000,0.000000,42,47,49,50,54,58,68,76,79,79,79,8483,0,42,43.918900165037805,29.940599999463302,138.54510000055598,2874.657432512083
1746381414,200,,Aggregated,288.400000,0.000000,39,41,43,45,49,53,60,64,80,87,87,162512,0,38,39.704828800333395,25.618700001359684,401.554700001725,1566.9892131042632
1746381415,200,GET,GET /analytics/:slug,136.300000,0.000000,37,40,41,42,47,50,57,61,77,87,87,77143,0,36,38.09475768637664,25.618700001359684,146.61619999969844,87.09881648367318
1746381415,200,GET,GET /pastes/:slug,136.000000,0.000000,40,42,44,45,49,54,62,67,80,81,81,77149,0,39,40.843642787328214,26.439199999003904,401.554700001725,2902.8950861320304
1746381415,200,POST,POST /pastes,14.800000,0.000000,43,47,49,50,54,58,68,76,79,79,79,8493,0,42,43.91722198281155,29.940599999463302,138.54510000055598,2875.628517602732
1746381415,200,,Aggregated,287.100000,0.000000,39,41,43,44,49,53,60,64,80,87,87,162785,0,38,39.701318032372576,25.618700001359684,401.554700001725,1567.0806892526953
1746381416,200,GET,GET /analytics/:slug,136.200000,0.000000,37,40,41,42,46,50,57,61,77,87,87,77286,0,36,38.0972410488336,25.618700001359684,146.61619999969844,87.09877597495019
1746381416,200,GET,GET /pastes/:slug,136.000000,0.000000,40,42,44,45,50,55,62,67,80,81,81,77293,0,39,40.8444074107564,26.439199999003904,401.554700001725,2903.0094704565745
1746381416,200,POST,POST /pastes,15.100000,0.000000,42,45,48,49,52,58,68,76,79,79,79,8510,0,42,43.91596929494896,29.940599999463302,138.54510000055598,2876.103760282021
1746381416,200,,Aggregated,287.300000,0.000000,39,41,43,44,49,53,61,64,80,87,87,163089,0,38,39.70283129088894,25.618700001359684,401.554700001725,1567.1778599415043
1746381417,200,GET,GET /analytics/:slug,136.400000,0.000000,37,40,41,42,46,50,56,61,77,87,87,77410,0,36,38.09320361839739,25.618700001359684,146.61619999969844,87.09877276837618
1746381417,200,GET,GET /pastes/:slug,136.400000,0.000000,39,42,43,44,49,53,61,64,76,80,80,77418,0,39,40.838380536820644,26.439199999003904,401.554700001725,2902.969386964272
1746381417,200,POST,POST /pastes,14.100000,0.000000,42,45,47,48,51,54,58,59,68,68,68,8518,0,42,43.90942812867053,29.940599999463302,138.54510000055598,2875.8566564921343
1746381417,200,,Aggregated,286.900000,0.000000,38,41,42,43,48,52,58,63,77,87,87,163346,0,38,39.69758148531189,25.618700001359684,401.554700001725,1567.108756871916
1746381418,200,GET,GET /analytics/:slug,137.400000,0.000000,37,39,41,42,46,50,56,61,77,87,87,77558,0,36,38.092577579361695,25.618700001359684,146.61619999969844,87.09881636968463
1746381418,200,GET,GET /pastes/:slug,137.600000,0.000000,39,42,43,44,49,55,62,66,79,80,80,77562,0,39,40.84096416027929,26.439199999003904,401.554700001725,2902.961179443542
1746381418,200,POST,POST /pastes,14.100000,0.000000,42,45,47,49,52,55,61,68,82,82,82,8536,0,42,43.91204671977633,29.940599999463302,138.54510000055598,2876.4967197750702
1746381418,200,,Aggregated,289.100000,0.000000,38,41,42,44,48,53,60,63,80,87,87,163656,0,38,39.69866197939429,25.618700001359684,401.554700001725,1567.1192073617833
1746381419,200,GET,GET /analytics/:slug,136.100000,0.000000,37,40,41,42,47,51,56,61,77,87,87,77680,0,36,38.09402461766404,25.618700001359684,146.61619999969844,87.09885427394438
1746381419,200,GET,GET /pastes/:slug,135.900000,0.000000,39,42,43,45,50,55,63,67,79,80,80,77685,0,39,40.84118673745999,26.439199999003904,401.554700001725,2902.81938598185
1746381419,200,POST,POST /pastes,14.300000,0.000000,42,46,48,49,52,57,61,68,82,82,82,8555,0,42,43.91685133839945,29.940599999463302,138.54510000055598,2877.0723553477496
1746381419,200,,Aggregated,286.300000,0.000000,39,41,43,44,49,53,61,64,80,87,87,163920,0,38,39.69985411908099,25.618700001359684,401.554700001725,1567.1346815519767
1746381420,200,GET,GET /analytics/:slug,136.000000,0.000000,38,40,41,42,47,51,57,61,77,87,87,77821,0,36,38.09494047108296,25.618700001359684,146.61619999969844,87.0988679148302
1746381420,200,GET,GET /pastes/:slug,136.200000,0.000000,39,42,44,45,50,56,63,67,79,80,80,77825,0,39,40.841457472529214,26.439199999003904,401.554700001725,2902.4974108576935
1746381420,200,POST,POST /pastes,14.200000,0.000000,43,47,48,49,53,58,61,68,82,82,82,8567,0,42,43.91937805532976,29.940599999463302,138.54510000055598,2877.586903233337
1746381420,200,,Aggregated,286.400000,0.000000,39,41,43,45,49,54,61,64,80,87,87,164213,0,38,39.70045064641509,25.618700001359684,401.554700001725,1566.9725843873505
1746381421,200,GET,GET /analytics/:slug,134.900000,0.000000,37,40,41,42,47,50,55,59,73,77,77,77947,0,36,38.09549712112263,25.618700001359684,146.61619999969844,87.09893902266926
1746381421,200,GET,GET /pastes/:slug,134.900000,0.000000,39,42,44,45,50,55,62,67,130,130,130,77955,0,39,40.842654749529835,26.439199999003904,401.554700001725,2902.655621833109
1746381421,200,POST,POST /pastes,14.900000,0.000000,43,47,48,49,54,58,68,73,82,82,82,8586,0,42,43.917736349872875,29.940599999463302,138.54510000055598,2877.054623806196
1746381421,200,,Aggregated,284.700000,0.000000,39,41,43,44,49,53,59,63,85,130,130,164488,0,38,39.701355414375364,25.618700001359684,401.554700001725,1567.0931070959584
1746381422,200,GET,GET /analytics/:slug,134.200000,0.000000,37,39,41,42,46,49,53,57,73,77,77,78084,0,36,38.09256688950547,25.618700001359684,146.61619999969844,87.0989447261923
1746381422,200,GET,GET /pastes/:slug,134.700000,0.000000,39,42,43,45,49,54,60,65,130,130,130,78086,0,39,40.841785277765695,26.439199999003904,401.554700001725,2902.390927951233
1746381422,200,POST,POST /pastes,14.900000,0.000000,42,46,48,51,55,61,68,73,82,82,82,8603,0,42,43.92143717308011,29.940599999463302,138.54510000055598,2877.273625479484
1746381422,200,,Aggregated,283.800000,0.000000,38,41,42,44,48,52,58,63,85,130,130,164773,0,38,39.699755191686634,25.618700001359684,401.554700001725,1566.9455371935935
1746381423,200,GET,GET /analytics/:slug,133.800000,0.000000,37,39,41,42,46,50,54,62,77,92,92,78220,0,36,38.094696283561206,25.618700001359684,146.61619999969844,87.0989644592176
1746381423,200,GET,GET /pastes/:slug,134.000000,0.000000,39,42,44,45,50,55,61,67,130,130,130,78226,0,39,40.844596131715875,26.439199999003904,401.554700001725,2902.0038094751108
1746381423,200,POST,POST /pastes,15.100000,0.000000,42,46,48,51,56,61,67,73,82,82,82,8617,0,42,43.928524347221426,29.940599999463302,138.54510000055598,2876.911570152025
1746381423,200,,Aggregated,282.900000,0.000000,38,41,42,44,48,53,59,64,92,130,130,165063,0,38,39.70246884280424,25.618700001359684,401.554700001725,1566.7677068755565
1746381424,200,GET,GET /analytics/:slug,133.300000,0.000000,37,39,41,42,46,50,54,59,77,92,92,78355,0,36,38.09612842830907,25.618700001359684,146.61619999969844,87.09899814944802
1746381424,200,GET,GET /pastes/:slug,133.100000,0.000000,39,42,44,45,50,55,61,65,130,130,130,78361,0,39,40.845099904284204,26.439199999003904,401.554700001725,2901.900958384911
1746381424,200,POST,POST /pastes,14.800000,0.000000,42,46,48,51,56,61,68,73,82,82,82,8634,0,42,43.932720650915776,29.940599999463302,138.54510000055598,2877.470697243456
1746381424,200,,Aggregated,281.200000,0.000000,38,41,43,44,49,53,59,63,92,130,130,165350,0,38,39.70365967160452,25.618700001359684,401.554700001725,1566.7649531297247
1746381425,200,GET,GET /analytics/:slug,133.800000,0.000000,37,39,41,42,47,50,54,59,77,92,92,78496,0,36,38.09513244751525,25.618700001359684,146.61619999969844,87.09898593558907
1746381425,200,GET,GET /pastes/:slug,133.800000,0.000000,39,42,44,45,50,55,61,65,130,130,130,78501,0,39,40.84158060151585,26.439199999003904,401.554700001725,2901.93313460975
1746381425,200,POST,POST /pastes,14.400000,0.000000,43,46,49,51,57,63,68,73,82,82,82,8648,0,42,43.9334595975954,29.940599999463302,138.54510000055598,2877.7589037927846
1746381425,200,,Aggregated,282.000000,0.000000,38,41,43,44,49,53,59,63,92,130,130,165645,0,38,39.70151223399309,25.618700001359684,401.554700001725,1566.7749343475505
1746381426,200,GET,GET /analytics/:slug,133.200000,0.000000,37,39,41,42,46,49,54,58,77,92,92,78627,0,36,38.09451064520015,25.618700001359684,146.61619999969844,87.09896091673343
1746381426,200,GET,GET /pastes/:slug,133.600000,0.000000,39,42,44,46,50,55,60,63,130,130,130,78630,0,39,40.84126511254728,26.439199999003904,401.554700001725,2902.0441943278647
1746381426,200,POST,POST /pastes,14.500000,0.000000,43,46,49,51,56,63,68,73,82,82,82,8668,0,42,43.93578940932229,29.940599999463302,138.54510000055598,2877.880826026765
1746381426,200,,Aggregated,281.300000,0.000000,38,41,43,44,49,53,59,63,92,130,130,165925,0,38,39.70131798643832,25.618700001359684,401.554700001725,1566.86175079102
1746381427,200,GET,GET /analytics/:slug,134.600000,0.000000,37,39,41,42,46,49,54,58,77,92,92,78755,0,36,38.09174769348173,25.618700001359684,146.61619999969844,87.09892705225064
1746381427,200,GET,GET /pastes/:slug,134.100000,0.000000,39,42,44,45,49,53,58,61,130,130,130,78759,0,39,40.837160222953514,26.439199999003904,401.554700001725,2902.0443504869286
1746381427,200,POST,POST /pastes,15.000000,0.000000,43,46,48,51,56,63,67,73,73,73,73,8683,0,42,43.930259933202954,29.940599999463302,138.54510000055598,2878.8950823448117
1746381427,200,,Aggregated,283.700000,0.000000,38,41,43,44,48,52,58,62,92,130,130,166197,0,38,39.69780404339292,25.618700001359684,401.554700001725,1566.9298061938543
1746381428,200,GET,GET /analytics/:slug,133.600000,0.000000,37,40,41,42,46,50,56,63,86,92,92,78884,0,36,38.09626272121277,25.618700001359684,146.61619999969844,87.098892044014
1746381428,200,GET,GET /pastes/:slug,133.500000,0.000000,40,42,44,46,50,56,62,67,130,130,130,78894,0,39,40.84560288868083,26.439199999003904,401.554700001725,2902.259436712551
1746381428,200,POST,POST /pastes,15.300000,0.000000,43,46,49,51,57,63,67,73,73,73,73,8702,0,42,43.932875327511084,29.940599999463302,138.54510000055598,2878.0891749023212
1746381428,200,,Aggregated,282.400000,0.000000,39,41,43,45,49,54,61,66,92,130,130,166480,0,38,39.70424353615902,25.618700001359684,401.554700001725,1567.0753063431043
1746381429,200,GET,GET /analytics/:slug,132.800000,0.000000,37,39,41,42,46,49,56,63,86,92,92,79017,0,36,38.093247511296795,25.618700001359684,146.61619999969844,87.09889011225432
1746381429,200,GET,GET /pastes/:slug,133.200000,0.000000,39,42,44,45,50,55,62,67,130,130,130,79021,0,39,40.84133177256148,26.439199999003904,401.554700001725,2902.201984282659
1746381429,200,POST,POST /pastes,15.900000,0.000000,43,46,48,50,56,63,67,73,73,73,73,8719,0,42,43.931725805711174,29.940599999463302,138.54510000055598,2878.665787360936
1746381429,200,,Aggregated,281.900000,0.000000,39,41,43,44,49,53,61,66,92,130,130,166757,0,38,39.70074859765845,25.618700001359684,401.554700001725,1567.0483577900777
1746381430,200,GET,GET /analytics/:slug,132.900000,0.000000,37,39,41,42,46,49,56,63,86,92,92,79164,0,36,38.09316743595752,25.618700001359684,146.61619999969844,87.0989591228336
1746381430,200,GET,GET /pastes/:slug,132.900000,0.000000,39,42,44,45,50,55,62,69,130,130,130,79169,0,39,40.84125868079161,26.439199999003904,401.554700001725,2902.183897737751
1746381430,200,POST,POST /pastes,16.700000,0.000000,44,46,49,51,56,63,67,73,73,73,73,8732,0,42,43.93338984195977,29.940599999463302,138.54510000055598,2878.683692166743
1746381430,200,,Aggregated,282.500000,0.000000,38,41,43,44,49,54,62,67,92,130,130,167065,0,38,39.70068820818083,25.618700001359684,401.554700001725,1567.0234040642863
1746381431,200,GET,GET /analytics/:slug,133.600000,0.000000,37,39,41,42,46,49,56,63,86,92,92,79289,0,36,38.093355891739755,25.618700001359684,146.61619999969844,87.0989796819231
1746381431,200,GET,GET /pastes/:slug,133.600000,0.000000,39,42,44,46,51,56,64,68,74,90,90,79294,0,39,40.84275778620829,26.439199999003904,401.554700001725,2902.2284031578683
1746381431,200,POST,POST /pastes,16.100000,0.000000,44,46,49,50,56,63,67,68,73,73,73,8746,0,42,43.93456502401029,29.940599999463302,138.54510000055598,2878.5141779099017
1746381431,200,,Aggregated,283.300000,0.000000,38,41,43,44,49,55,62,67,86,92,92,167329,0,38,39.70155464324622,25.618700001359684,401.554700001725,1567.0372439923742
1746381432,200,GET,GET /analytics/:slug,133.800000,0.000000,37,39,41,42,46,49,56,60,72,86,86,79427,0,36,38.09159784330466,25.618700001359684,146.61619999969844,87.09899656288164
1746381432,200,GET,GET /pastes/:slug,133.300000,0.000000,39,42,44,46,50,55,62,67,74,90,90,79429,0,39,40.84096368328447,26.439199999003904,401.554700001725,2902.1038033967443
1746381432,200,POST,POST /pastes,16.200000,0.000000,43,45,47,49,52,62,66,68,73,73,73,8762,0,42,43.93404397397821,29.940599999463302,138.54510000055598,2878.761241725633
1746381432,200,,Aggregated,283.300000,0.000000,38,41,43,44,49,53,60,65,74,90,90,167618,0,38,39.69984333186027,25.618700001359684,401.554700001725,1566.9732427304943
1746381433,200,GET,GET /analytics/:slug,134.600000,0.000000,37,39,40,42,45,49,56,62,72,86,86,79569,0,36,38.08924515200848,25.618700001359684,146.61619999969844,87.09894556925435
1746381433,200,GET,GET /pastes/:slug,134.400000,0.000000,39,41,44,45,50,55,62,68,75,90,90,79574,0,39,40.83821201271247,26.439199999003904,401.554700001725,2902.4952245708396
1746381433,200,POST,POST /pastes,16.000000,0.000000,43,45,47,49,53,62,66,68,73,73,73,8777,0,42,43.93292355018753,29.940599999463302,138.54510000055598,2877.2579469066877
1746381433,200,,Aggregated,285.000000,0.000000,38,40,42,44,48,53,61,66,75,90,90,167920,0,38,39.6973695819422,25.618700001359684,401.554700001725,1567.0987613149118
1746381434,200,GET,GET /analytics/:slug,134.500000,0.000000,36,39,40,42,45,50,56,62,72,86,86,79694,0,36,38.088131682437464,25.618700001359684,146.61619999969844,87.09895349712652
1746381434,200,GET,GET /pastes/:slug,134.400000,0.000000,39,41,43,45,50,55,63,69,75,90,90,79703,0,39,40.83674482892222,26.439199999003904,401.554700001725,2902.3547545261786
1746381434,200,POST,POST /pastes,15.900000,0.000000,43,45,48,49,53,62,66,68,73,73,73,8796,0,42,43.93148440200081,29.940599999463302,138.54510000055598,2876.8955206912233
1746381434,200,,Aggregated,284.800000,0.000000,38,40,42,44,49,54,61,66,75,90,90,168193,0,38,39.696229784829015,25.618700001359684,401.554700001725,1567.0855386371609
1746381435,200,GET,GET /analytics/:slug,134.300000,0.000000,36,39,40,42,45,50,56,62,72,86,86,79840,0,36,38.0884565192908,25.618700001359684,146.61619999969844,87.09896042084168
1746381435,200,GET,GET /pastes/:slug,134.100000,0.000000,39,41,44,45,50,55,62,68,75,90,90,79848,0,39,40.837152255530505,26.439199999003904,401.554700001725,2902.04246818956
1746381435,200,POST,POST /pastes,15.900000,0.000000,43,45,47,49,52,62,66,68,73,73,73,8809,0,42,43.93255294585064,29.940599999463302,138.54510000055598,2876.5887160858215
1746381435,200,,Aggregated,284.300000,0.000000,38,41,42,44,49,54,61,66,75,90,90,168497,0,38,39.6965474797757,25.618700001359684,401.554700001725,1566.8892502537137
1746381436,200,GET,GET /analytics/:slug,135.100000,0.000000,37,39,41,42,46,52,59,63,72,86,86,79978,0,36,38.094978519094965,25.618700001359684,146.61619999969844,87.09895221185826
1746381436,200,GET,GET /pastes/:slug,134.600000,0.000000,39,42,45,46,52,56,64,69,78,90,90,79981,0,39,40.843075369145254,26.439199999003904,401.554700001725,2902.151323439317
1746381436,200,POST,POST /pastes,16.200000,0.000000,43,46,49,49,53,62,64,67,68,68,68,8823,0,42,43.93494260455629,29.940599999463302,138.54510000055598,2876.510030601836
1746381436,200,,Aggregated,285.900000,0.000000,38,41,43,45,50,55,62,66,78,90,90,168782,0,38,39.702505016528825,25.618700001359684,401.554700001725,1566.8875413254968
1746381437,200,GET,GET /analytics/:slug,132.700000,0.000000,37,39,41,42,47,52,59,63,72,86,86,80122,0,36,38.093201983227665,25.618700001359684,146.61619999969844,87.09901150745114
1746381437,200,GET,GET /pastes/:slug,133.100000,0.000000,39,42,45,47,52,56,64,69,78,90,90,80129,0,39,40.841815911837294,26.439199999003904,401.554700001725,2902.2015749603765
1746381437,200,POST,POST /pastes,16.300000,0.000000,44,46,49,51,54,62,66,67,68,68,68,8836,0,42,43.93828860344071,29.940599999463302,138.54510000055598,2876.8042100497964
1746381437,200,,Aggregated,282.100000,0.000000,38,41,43,45,50,55,62,66,78,90,90,169087,0,38,39.701195920441904,25.618700001359684,401.554700001725,1566.9359501321806
1746381438,200,GET,GET /analytics/:slug,134.100000,0.000000,37,39,41,42,46,51,56,60,68,68,68,80258,0,36,38.08945493035171,25.618700001359684,146.61619999969844,87.0990430860475
1746381438,200,GET,GET /pastes/:slug,134.400000,0.000000,39,42,44,46,51,54,60,64,75,78,78,80264,0,39,40.837324415673336,26.439199999003904,401.554700001725,2901.827058207914
1746381438,200,POST,POST /pastes,16.000000,0.000000,43,46,49,51,53,60,66,67,68,68,68,8850,0,42,43.93432902824916,29.940599999463302,138.54510000055598,2877.1169491525425
1746381438,200,,Aggregated,284.500000,0.000000,38,41,43,44,49,53,59,63,71,78,78,169372,0,38,39.697053188246926,25.618700001359684,401.554700001725,1566.7591278369507
1746381439,200,GET,GET /analytics/:slug,136.200000,0.000000,36,39,40,41,45,51,55,60,68,68,68,80410,0,36,38.08628069145823,25.618700001359684,146.61619999969844,87.09898022634
1746381439,200,GET,GET /pastes/:slug,136.000000,0.000000,39,41,44,45,50,54,59,62,75,78,78,80412,0,39,40.83395221981288,26.439199999003904,401.554700001725,2901.921914639606
1746381439,200,POST,POST /pastes,15.500000,0.000000,42,46,47,49,53,56,64,67,68,68,68,8865,0,42,43.9276486181623,29.940599999463302,138.54510000055598,2876.8296672306824
1746381439,200,,Aggregated,287.700000,0.000000,38,40,42,44,49,53,58,62,71,78,78,169687,0,38,39.6935310383219,25.618700001359684,401.554700001725,1566.7438813816027
1746381440,200,GET,GET /analytics/:slug,136.700000,0.000000,36,38,40,41,45,50,54,59,68,68,68,80536,0,36,38.08129597695633,25.618700001359684,146.61619999969844,87.09899920532433
1746381440,200,GET,GET /pastes/:slug,136.400000,0.000000,39,41,43,45,50,54,58,62,75,78,78,80544,0,39,40.82889944005235,26.439199999003904,401.554700001725,2901.6752085816447
1746381440,200,POST,POST /pastes,14.800000,0.000000,42,46,47,49,54,60,64,67,68,68,68,8874,0,42,43.92606019833312,29.940599999463302,138.54510000055598,2877.412215460897
1746381440,200,,Aggregated,287.900000,0.000000,38,40,42,43,49,53,57,62,71,78,78,169954,0,38,39.68860978558744,25.618700001359684,401.554700001725,1566.6667980747732
1746381441,200,GET,GET /analytics/:slug,136.300000,0.000000,36,38,40,41,45,49,54,59,68,68,68,80669,0,36,38.08142626535779,25.618700001359684,146.61619999969844,87.09904672178904
1746381441,200,GET,GET /pastes/:slug,136.100000,0.000000,39,41,43,44,49,52,57,61,75,78,78,80674,0,39,40.8281890968537,26.439199999003904,401.554700001725,2901.9129211394006
1746381441,200,POST,POST /pastes,14.800000,0.000000,42,45,47,49,53,58,63,64,67,67,67,8892,0,42,43.92497331309077,29.940599999463302,138.54510000055598,2877.4077822762033
1746381441,200,,Aggregated,287.200000,0.000000,38,40,42,43,48,52,56,61,70,78,78,170235,0,38,39.68834120656571,25.618700001359684,401.554700001725,1566.7813669339444
1746381442,200,GET,GET /analytics/:slug,137.500000,0.000000,37,39,41,42,46,51,55,61,74,82,82,80805,0,36,38.085836548482845,25.618700001359684,146.61619999969844,87.09902852546253
1746381442,200,GET,GET /pastes/:slug,137.400000,0.000000,39,42,43,45,50,53,58,61,80,84,84,80812,0,39,40.83113551081014,26.439199999003904,401.554700001725,2901.811191407217
1746381442,200,POST,POST /pastes,14.400000,0.000000,42,45,47,48,53,55,62,63,64,64,64,8902,0,42,43.924395326892785,29.940599999463302,138.54510000055598,2877.217703886767
1746381442,200,,Aggregated,289.300000,0.000000,38,41,42,44,49,52,57,62,80,84,84,170519,0,38,39.69168662964087,25.618700001359684,401.554700001725,1566.7004556676968
1746381443,200,GET,GET /analytics/:slug,136.900000,0.000000,37,39,41,42,46,50,55,61,74,82,82,80937,0,36,38.08567058947287,25.618700001359684,146.61619999969844,87.09903999406946
1746381443,200,GET,GET /pastes/:slug,137.100000,0.000000,39,42,43,45,49,52,57,61,80,84,84,80942,0,39,40.83043573545973,26.439199999003904,401.554700001725,2901.8712287811027
1746381443,200,POST,POST /pastes,14.600000,0.000000,42,45,47,49,54,57,63,63,64,64,64,8917,0,42,43.9292392732984,29.940599999463302,138.54510000055598,2876.865201300886
1746381443,200,,Aggregated,288.600000,0.000000,38,41,42,44,48,52,56,61,80,84,84,170796,0,38,39.69152718096288,25.618700001359684,401.554700001725,1566.6983008969764
1746381444,200,GET,GET /analytics/:slug,137.100000,0.000000,37,40,42,43,47,51,56,62,77,82,82,81095,0,36,38.09223816141768,25.618700001359684,146.61619999969844,87.0991059868056
1746381444,200,GET,GET /pastes/:slug,137.300000,0.000000,40,42,44,46,50,54,59,63,84,93,93,81101,0,39,40.838576380064154,26.439199999003904,401.554700001725,2901.897744787364
1746381444,200,POST,POST /pastes,14.500000,0.000000,43,46,49,52,55,60,64,64,67,67,67,8929,0,42,43.93774983760794,29.940599999463302,138.54510000055598,2877.2547877701872
1746381444,200,,Aggregated,288.900000,0.000000,39,41,43,45,49,53,59,64,82,93,93,171125,0,38,39.69881434623663,25.618700001359684,401.554700001725,1566.6975544192842
1746381445,200,GET,GET /analytics/:slug,138.000000,0.000000,37,40,41,42,46,50,55,61,77,82,82,81232,0,36,38.090402723066774,25.618700001359684,146.61619999969844,87.09913580854835
1746381445,200,GET,GET /pastes/:slug,138.200000,0.000000,40,42,44,45,50,54,59,64,84,93,93,81236,0,39,40.83851096557671,26.439199999003904,401.554700001725,2902.1023560982817
1746381445,200,POST,POST /pastes,14.000000,0.000000,42,45,48,51,55,58,63,64,67,67,67,8939,0,42,43.9342990379242,29.940599999463302,138.54510000055598,2877.2432039378004
1746381445,200,,Aggregated,290.200000,0.000000,38,41,43,44,49,52,57,64,82,93,93,171407,0,38,39.697594438382076,25.618700001359684,401.554700001725,1566.7394038749876
1746381446,200,GET,GET /analytics/:slug,137.700000,0.000000,37,40,41,43,46,50,57,66,80,82,82,81375,0,36,38.09716233732921,25.618700001359684,146.61619999969844,87.09914592933947
1746381446,200,GET,GET /pastes/:slug,138.200000,0.000000,40,42,44,46,51,55,70,80,110,110,110,81377,0,39,40.851640285333524,26.439199999003904,401.554700001725,2901.7524976344666
1746381446,200,POST,POST /pastes,13.900000,0.000000,43,46,48,51,56,60,67,74,81,81,81,8955,0,42,43.94610082635422,29.940599999463302,138.54510000055598,2877.2867671691793
1746381446,200,,Aggregated,289.800000,0.000000,38,41,43,45,49,54,62,74,110,110,110,171707,0,38,39.707628981927115,25.618700001359684,401.554700001725,1566.5622776007967
1746381447,200,GET,GET /analytics/:slug,138.900000,0.000000,37,40,42,43,47,51,57,66,80,82,82,81508,0,36,38.09768573391775,25.618700001359684,146.61619999969844,87.09918044854493
1746381447,200,GET,GET /pastes/:slug,138.900000,0.000000,40,42,44,46,51,55,70,80,110,110,110,81510,0,39,40.851088479936,26.439199999003904,401.554700001725,2901.7658937553674
1746381447,200,POST,POST /pastes,13.100000,0.000000,42,45,48,51,56,60,67,74,81,81,81,8966,0,42,43.94363314744607,29.940599999463302,138.54510000055598,2876.5121570376978
1746381447,200,,Aggregated,290.900000,0.000000,39,41,43,45,49,54,62,74,110,110,110,171984,0,38,39.70739723229929,25.618700001359684,401.554700001725,1566.5005233044935
1746381448,200,GET,GET /analytics/:slug,138.100000,0.000000,37,40,42,43,47,51,57,66,80,82,82,81639,0,36,38.09503827705114,25.618700001359684,146.61619999969844,87.09921728585603
1746381448,200,GET,GET /pastes/:slug,137.800000,0.000000,40,42,45,46,51,56,70,80,110,110,110,81645,0,39,40.84968951925523,26.439199999003904,401.554700001725,2901.695584542838
1746381448,200,POST,POST /pastes,13.200000,0.000000,42,45,48,51,55,59,67,74,81,81,81,8981,0,42,43.93742599933188,29.940599999463302,138.54510000055598,2876.4969379801805
1746381448,200,,Aggregated,289.100000,0.000000,39,42,43,45,49,54,62,74,110,110,110,172265,0,38,39.70519695585159,25.618700001359684,401.554700001725,1566.501889530665
1746381449,200,GET,GET /analytics/:slug,137.700000,0.000000,38,41,43,44,48,52,57,66,80,82,82,81777,0,36,38.1002701811044,25.618700001359684,146.61619999969844,87.09928219426
1746381449,200,GET,GET /pastes/:slug,137.500000,0.000000,40,43,45,47,52,57,70,80,110,110,110,81781,0,39,40.856713185209266,26.439199999003904,401.554700001725,2901.7200572260062
1746381449,200,POST,POST /pastes,13.000000,0.000000,43,47,50,51,56,62,67,74,81,81,81,9002,0,42,43.944512441679336,29.940599999463302,138.54510000055598,2877.5073317040656
1746381449,200,,Aggregated,288.200000,0.000000,39,42,44,46,50,55,63,74,110,110,110,172560,0,38,39.71150415275714,25.618700001359684,401.554700001725,1566.5948481687528
1746381450,200,GET,GET /analytics/:slug,137.200000,0.000000,38,41,43,44,48,52,57,66,80,82,82,81920,0,36,38.09814175659407,25.618700001359684,146.61619999969844,87.09923095703125
1746381450,200,GET,GET /pastes/:slug,137.500000,0.000000,41,43,45,47,52,58,70,80,110,110,110,81926,0,39,40.85332356150164,26.439199999003904,401.554700001725,2901.687559504919
1746381450,200,POST,POST /pastes,13.100000,0.000000,43,47,49,50,55,62,67,74,81,81,81,9023,0,42,43.93890374598281,29.940599999463302,138.54510000055598,2876.163914440873
1746381450,200,,Aggregated,287.800000,0.000000,39,42,44,46,50,55,63,74,110,110,110,172869,0,38,39.70873833538565,25.618700001359684,401.554700001725,1566.5645720169607
1746381451,200,GET,GET /analytics/:slug,136.900000,0.000000,38,40,42,44,48,52,58,68,80,82,82,82048,0,36,38.098945725675044,25.618700001359684,146.61619999969844,87.09923459438377
1746381451,200,GET,GET /pastes/:slug,137.900000,0.000000,41,43,45,47,52,58,71,80,110,110,110,82054,0,39,40.8554636873228,26.439199999003904,401.554700001725,2901.7545762546615
1746381451,200,POST,POST /pastes,13.300000,0.000000,43,47,48,50,55,61,67,74,81,81,81,9044,0,42,43.9378552299874,29.940599999463302,138.54510000055598,2876.1002874834144
1746381451,200,,Aggregated,288.100000,0.000000,40,42,44,46,50,56,64,74,110,110,110,173146,0,38,39.710247299965275,25.618700001359684,401.554700001725,1566.645137629515
1746381452,200,GET,GET /analytics/:slug,136.600000,0.000000,38,40,42,44,48,51,57,62,78,80,80,82194,0,36,38.09940225685801,25.618700001359684,146.61619999969844,87.09925298683602
1746381452,200,GET,GET /pastes/:slug,137.100000,0.000000,40,43,45,47,52,58,70,79,110,110,110,82195,0,39,40.855305351902295,26.439199999003904,401.554700001725,2901.7822008637995
1746381452,200,POST,POST /pastes,13.700000,0.000000,43,47,48,50,54,61,67,74,81,81,81,9056,0,42,43.9409008502653,29.940599999463302,138.54510000055598,2875.8382287985864
1746381452,200,,Aggregated,287.400000,0.000000,39,42,44,46,50,55,62,73,110,110,110,173445,0,38,39.71041477471139,25.618700001359684,401.554700001725,1566.5750814379198
1746381453,200,GET,GET /analytics/:slug,136.900000,0.000000,38,40,42,44,48,52,57,62,78,80,80,82316,0,36,38.10315235191456,25.618700001359684,146.61619999969844,87.09927596093105
1746381453,200,GET,GET /pastes/:slug,136.600000,0.000000,41,43,46,47,53,58,69,78,110,110,110,82328,0,39,40.85935355893023,26.439199999003904,401.554700001725,2902.0973787775724
1746381453,200,POST,POST /pastes,14.600000,0.000000,43,46,48,49,54,60,67,74,81,81,81,9070,0,42,43.9448252039691,29.940599999463302,138.54510000055598,2875.744432194046
1746381453,200,,Aggregated,288.100000,0.000000,39,42,44,46,50,55,62,73,110,110,110,173714,0,38,39.71440133437624,25.618700001359684,401.554700001725,1566.8083113623543
1746381454,200,GET,GET /analytics/:slug,136.900000,0.000000,38,40,42,44,48,52,57,62,78,80,80,82458,0,36,38.10840817022233,25.618700001359684,146.61619999969844,87.09928690969949
1746381454,200,GET,GET /pastes/:slug,136.800000,0.000000,41,44,46,47,52,58,67,77,110,110,110,82465,0,39,40.86386750863525,26.439199999003904,401.554700001725,2901.9421936579156
1746381454,200,POST,POST /pastes,15.200000,0.000000,43,47,49,50,54,61,65,74,81,81,81,9083,0,42,43.94951676758802,29.940599999463302,138.54510000055598,2875.7830012110535
1746381454,200,,Aggregated,288.900000,0.000000,40,42,45,46,50,55,62,70,110,110,110,174006,0,38,39.719178739812605,25.618700001359684,401.554700001725,1566.6783501718332
1746381455,200,GET,GET /analytics/:slug,136.000000,0.000000,38,41,43,44,48,52,57,62,78,80,80,82600,0,36,38.108185878936965,25.618700001359684,146.61619999969844,87.0993220338983
1746381455,200,GET,GET /pastes/:slug,135.800000,0.000000,41,44,46,47,52,58,66,77,110,110,110,82602,0,39,40.864330358824304,26.439199999003904,401.554700001725,2902.3038909469506
1746381455,200,POST,POST /pastes,15.000000,0.000000,44,47,49,50,56,62,65,74,81,81,81,9095,0,42,43.95387231445883,29.940599999463302,138.54510000055598,2875.1040131940626
1746381455,200,,Aggregated,286.800000,0.000000,40,43,45,46,50,55,62,70,110,110,110,174297,0,38,39.719398719426216,25.618700001359684,401.554700001725,1566.7486015249833
1746381456,200,GET,GET /analytics/:slug,135.700000,0.000000,38,40,42,44,47,51,56,59,70,71,71,82727,0,36,38.108947915434875,25.618700001359684,146.61619999969844,87.09938714083673
1746381456,200,GET,GET /pastes/:slug,135.600000,0.000000,41,43,45,47,51,55,60,62,74,79,79,82733,0,39,40.864521693878025,26.439199999003904,401.554700001725,2902.402983090182
1746381456,200,POST,POST /pastes,14.800000,0.000000,43,47,49,50,54,60,65,67,67,67,67,9118,0,42,43.959861735029385,29.940599999463302,138.54510000055598,2875.299078745339
1746381456,200,,Aggregated,286.100000,0.000000,39,42,44,46,50,54,59,62,71,79,79,174578,0,38,39.7204082232573,25.618700001359684,401.554700001725,1566.90392833003
1746381457,200,GET,GET /analytics/:slug,136.600000,0.000000,38,40,42,44,47,51,57,60,70,71,71,82868,0,36,38.11069102669518,25.618700001359684,146.61619999969844,87.09941111164744
1746381457,200,GET,GET /pastes/:slug,136.600000,0.000000,41,44,46,47,51,55,61,62,74,79,79,82872,0,39,40.86533687010824,26.439199999003904,401.554700001725,2902.4450115841296
1746381457,200,POST,POST /pastes,15.700000,0.000000,44,48,50,50,54,61,65,67,67,67,67,9134,0,42,43.961031475804184,29.940599999463302,138.54510000055598,2874.5002189621196
1746381457,200,,Aggregated,288.900000,0.000000,39,42,45,46,50,54,60,62,71,79,79,174874,0,38,39.72167962418546,25.618700001359684,401.554700001725,1566.8702151263194
1746381458,200,GET,GET /analytics/:slug,136.500000,0.000000,38,41,43,44,48,52,57,60,70,71,71,82997,0,36,38.11145345494646,25.618700001359684,146.61619999969844,87.09942528043182
1746381458,200,GET,GET /pastes/:slug,136.600000,0.000000,41,43,46,47,51,55,61,62,74,79,79,83004,0,39,40.863654035945416,26.439199999003904,401.554700001725,2902.760565755867
1746381458,200,POST,POST /pastes,15.600000,0.000000,45,48,50,51,54,61,65,67,67,67,67,9151,0,42,43.95803488143336,29.940599999463302,138.54510000055598,2873.7384985247513
1746381458,200,,Aggregated,288.700000,0.000000,40,42,45,46,50,54,60,62,71,79,79,175152,0,38,39.72117371882608,25.618700001359684,401.554700001725,1567.023556682196
1746381459,200,GET,GET /analytics/:slug,134.600000,0.000000,38,40,42,43,47,51,57,58,70,71,71,83135,0,36,38.11235438383589,25.618700001359684,146.61619999969844,87.09954892644494
1746381459,200,GET,GET /pastes/:slug,134.400000,0.000000,40,43,45,46,50,54,58,62,74,79,79,83139,0,39,40.863413475019144,26.439199999003904,401.554700001725,2903.0349414835396
1746381459,200,POST,POST /pastes,16.500000,0.000000,43,47,49,50,53,60,64,67,67,67,67,9166,0,42,43.95810970979652,29.940599999463302,138.54510000055598,2872.768492253982
1746381459,200,,Aggregated,285.500000,0.000000,39,42,44,45,50,53,58,62,71,79,79,175440,0,38,39.72146573301312,25.618700001359684,401.554700001725,1567.0784256725947
1746381460,200,GET,GET /analytics/:slug,134.500000,0.000000,38,41,42,44,47,51,57,58,70,71,71,83267,0,36,38.11235188970681,25.618700001359684,146.61619999969844,87.09958326828155
1746381460,200,GET,GET /pastes/:slug,134.300000,0.000000,41,43,45,47,51,54,58,62,74,79,79,83272,0,39,40.86384482898959,26.439199999003904,401.554700001725,2902.940808435008
1746381460,200,POST,POST /pastes,16.600000,0.000000,44,48,50,51,54,61,64,67,67,67,67,9182,0,42,43.96051585711117,29.940599999463302,138.54510000055598,2872.5422565889785
1746381460,200,,Aggregated,285.400000,0.000000,40,42,44,46,50,53,58,62,71,79,79,175721,0,38,39.72183602415098,25.618700001359684,401.554700001725,1567.0403139067043
1746381461,200,GET,GET /analytics/:slug,135.200000,0.000000,38,41,42,44,47,51,57,58,67,67,67,83402,0,36,38.11319179636232,25.618700001359684,146.61619999969844,87.09963789837174
1746381461,200,GET,GET /pastes/:slug,134.400000,0.000000,40,43,45,47,51,55,58,62,69,74,74,83405,0,39,40.86548251663133,26.439199999003904,401.554700001725,2903.076050596487
1746381461,200,POST,POST /pastes,16.700000,0.000000,44,48,50,51,55,61,67,67,69,69,69,9194,0,42,43.96372546225685,29.940599999463302,138.54510000055598,2872.0747226452036
1746381461,200,,Aggregated,286.300000,0.000000,39,42,44,46,50,53,58,62,69,74,74,176001,0,38,39.72309522900347,25.618700001359684,401.554700001725,1567.043352026409
1746381462,200,GET,GET /analytics/:slug,135.300000,0.000000,38,41,42,44,47,51,57,58,67,67,67,83532,0,36,38.11289735790144,25.618700001359684,146.61619999969844,87.09968634774697
1746381462,200,GET,GET /pastes/:slug,134.600000,0.000000,40,43,45,47,51,54,58,62,69,69,69,83535,0,39,40.8652515496454,26.439199999003904,401.554700001725,2902.809947926019
1746381462,200,POST,POST /pastes,16.400000,0.000000,44,48,50,51,54,60,65,67,69,69,69,9215,0,42,43.96376986435035,29.940599999463302,138.54510000055598,2872.522517634292
1746381462,200,,Aggregated,286.300000,0.000000,40,42,44,46,50,53,58,61,69,69,69,176282,0,38,39.72300898333266,25.618700001359684,401.554700001725,1566.9900216698245
1746381463,200,GET,GET /analytics/:slug,134.000000,0.000000,38,41,42,44,47,51,57,58,67,67,67,83649,0,36,38.11720131023935,25.618700001359684,146.61619999969844,87.0996305992899
1746381463,200,GET,GET /pastes/:slug,134.100000,0.000000,40,43,45,47,51,55,60,63,66,69,69,83652,0,39,40.871642486726266,26.439199999003904,401.554700001725,2903.138789269832
1746381463,200,POST,POST /pastes,15.300000,0.000000,44,48,50,52,56,61,66,67,69,69,69,9246,0,42,43.97787505948389,29.940599999463302,138.54510000055598,2873.128055375297
1746381463,200,,Aggregated,283.400000,0.000000,40,42,44,46,50,54,58,62,67,69,69,176547,0,38,39.729249675722855,25.618700001359684,401.554700001725,1567.31128254799
1746381464,200,GET,GET /analytics/:slug,134.600000,0.000000,38,41,42,43,47,51,56,58,67,67,67,83786,0,36,38.11937322106571,25.618700001359684,146.61619999969844,87.09961091351776
1746381464,200,GET,GET /pastes/:slug,134.900000,0.000000,40,43,45,47,51,54,60,63,66,66,66,83794,0,39,40.87274994390552,26.439199999003904,401.554700001725,2903.321598205122
1746381464,200,POST,POST /pastes,15.200000,0.000000,44,47,49,50,55,61,65,67,69,69,69,9258,0,42,43.981855616762054,29.940599999463302,138.54510000055598,2873.9694318427305
1746381464,200,,Aggregated,284.700000,0.000000,39,42,44,46,50,54,58,62,67,69,69,176838,0,38,39.73096864248539,25.618700001359684,401.554700001725,1567.4564686323076
1746381465,200,GET,GET /analytics/:slug,133.900000,0.000000,38,41,42,44,47,51,57,58,67,67,67,83922,0,36,38.11960775005611,25.618700001359684,146.61619999969844,87.09959247873024
1746381465,200,GET,GET /pastes/:slug,134.200000,0.000000,40,43,45,47,51,55,60,63,66,66,66,83929,0,39,40.87117532437667,26.439199999003904,401.554700001725,2903.3261685472244
1746381465,200,POST,POST /pastes,16.200000,0.000000,44,47,49,50,55,61,65,67,69,69,69,9267,0,42,43.97779756123695,29.940599999463302,138.54510000055598,2873.458616596525
1746381465,200,,Aggregated,284.300000,0.000000,39,42,44,46,50,54,59,62,67,69,69,177118,0,38,39.729970106933386,25.618700001359684,401.554700001725,1567.379797649025
1746381466,200,GET,GET /analytics/:slug,132.500000,0.000000,38,40,42,43,47,51,56,58,67,67,67,84064,0,36,38.11528454749007,25.618700001359684,146.61619999969844,87.09960268366959
1746381466,200,GET,GET /pastes/:slug,132.000000,0.000000,40,43,45,46,51,54,60,63,66,66,66,84068,0,39,40.86725542536538,26.439199999003904,401.554700001725,2903.6235904267974
1746381466,200,POST,POST /pastes,17.900000,0.000000,44,46,48,50,55,61,64,66,69,69,69,9280,0,42,43.97321837284308,29.940599999463302,138.54510000055598,2873.4391163793102
1746381466,200,,Aggregated,282.400000,0.000000,39,42,44,45,50,53,58,62,67,69,69,177412,0,38,39.72574107613826,25.618700001359684,401.554700001725,1567.4773070592744
1746381467,200,GET,GET /analytics/:slug,132.500000,0.000000,38,40,42,43,47,51,56,58,62,67,67,84192,0,36,38.11526783898952,25.618700001359684,146.61619999969844,87.09958190801976
1746381467,200,GET,GET /pastes/:slug,132.200000,0.000000,40,42,44,46,50,54,59,63,66,66,66,84198,0,39,40.86653162544985,26.439199999003904,401.554700001725,2903.473336658828
1746381467,200,POST,POST /pastes,17.100000,0.000000,44,46,48,50,55,61,65,69,74,74,74,9294,0,42,43.97608347320683,29.940599999463302,138.54510000055598,2873.8435549817086
1746381467,200,,Aggregated,281.800000,0.000000,39,42,44,45,49,53,58,61,67,74,74,177684,0,38,39.72554973717302,25.618700001359684,401.554700001725,1567.4412890299634
1746381468,200,GET,GET /analytics/:slug,131.600000,0.000000,37,40,41,43,47,51,56,59,67,70,70,84324,0,36,38.113028340688444,25.618700001359684,146.61619999969844,87.0995564726531
1746381468,200,GET,GET /pastes/:slug,131.700000,0.000000,40,42,44,46,51,55,61,64,74,86,86,84330,0,39,40.865477924814876,26.439199999003904,401.554700001725,2903.225566227914
1746381468,200,POST,POST /pastes,16.700000,0.000000,43,46,47,50,56,61,65,69,74,74,74,9312,0,42,43.97197075815915,29.940599999463302,138.54510000055598,2874.137886597938
1746381468,200,,Aggregated,280.000000,0.000000,39,41,43,45,49,54,59,63,74,86,86,177966,0,38,39.72385594383119,25.618700001359684,401.554700001725,1567.3643673510671
1746381469,200,GET,GET /analytics/:slug,133.500000,0.000000,38,40,42,44,48,53,57,60,69,70,70,84480,0,36,38.12319611861048,25.618700001359684,146.61619999969844,87.0995028409091
1746381469,200,GET,GET /pastes/:slug,134.200000,0.000000,40,43,46,47,52,56,63,65,77,86,86,84486,0,39,40.87621115450643,26.439199999003904,401.554700001725,2903.4822929242714
1746381469,200,POST,POST /pastes,16.100000,0.000000,44,46,48,51,56,61,65,69,74,74,74,9332,0,42,43.981324989281816,29.940599999463302,138.54510000055598,2873.33411915988
1746381469,200,,Aggregated,283.800000,0.000000,39,42,44,46,51,55,61,64,74,86,86,178298,0,38,39.7343150708357,25.618700001359684,401.554700001725,1567.4641611235122
1746381470,200,GET,GET /analytics/:slug,133.700000,0.000000,38,40,43,44,49,53,59,61,70,74,74,84607,0,36,38.126299925540465,25.618700001359684,146.61619999969844,87.0994598555675
1746381470,200,GET,GET /pastes/:slug,134.000000,0.000000,40,43,46,48,52,57,63,66,77,86,86,84609,0,39,40.87962606578075,26.439199999003904,401.554700001725,2903.6797622002387
1746381470,200,POST,POST /pastes,15.800000,0.000000,43,46,48,50,56,61,65,69,74,74,74,9350,0,42,43.97988894117418,29.940599999463302,138.54510000055598,2873.185882352941
1746381470,200,,Aggregated,283.500000,0.000000,39,42,45,46,51,56,62,65,74,86,86,178566,0,38,39.73739738359969,25.618700001359684,401.554700001725,1567.5489902893048
1746381471,200,GET,GET /analytics/:slug,133.300000,0.000000,38,40,42,44,48,53,59,62,70,74,74,84750,0,36,38.12726237876326,25.618700001359684,146.61619999969844,87.09942182890856
1746381471,200,GET,GET /pastes/:slug,133.300000,0.000000,40,43,46,47,52,57,63,66,77,86,86,84751,0,39,40.880480888717,26.439199999003904,401.554700001725,2903.676169012755
1746381471,200,POST,POST /pastes,16.300000,0.000000,44,46,49,50,56,61,65,66,74,74,74,9361,0,42,43.983477684005884,29.940599999463302,138.54510000055598,2873.1157995940603
1746381471,200,,Aggregated,282.900000,0.000000,39,42,45,46,51,56,62,65,74,86,86,178862,0,38,39.73832595520486,25.618700001359684,401.554700001725,1567.5010454987644
1746381472,200,GET,GET /analytics/:slug,133.000000,0.000000,38,40,42,44,48,53,60,63,74,78,78,84886,0,36,38.12696371840108,25.618700001359684,146.61619999969844,87.09946280894376
1746381472,200,GET,GET /pastes/:slug,133.700000,0.000000,40,43,46,47,52,57,64,68,77,86,86,84890,0,39,40.88070359170264,26.439199999003904,401.554700001725,2903.8382141595007
1746381472,200,POST,POST /pastes,16.900000,0.000000,44,46,48,50,56,61,64,66,74,74,74,9372,0,42,43.98443405889684,29.940599999463302,138.54510000055598,2872.9110115236876
1746381472,200,,Aggregated,283.600000,0.000000,39,42,44,46,51,56,62,66,77,86,86,179148,0,38,39.738263815950184,25.618700001359684,401.554700001725,1567.5601904570522
1746381473,200,GET,GET /analytics/:slug,133.400000,0.000000,37,40,42,43,48,53,59,63,74,78,78,85009,0,36,38.12897183474916,25.618700001359684,146.61619999969844,87.09944829371008
1746381473,200,GET,GET /pastes/:slug,133.600000,0.000000,40,43,45,47,52,56,63,68,77,86,86,85017,0,39,40.8824294493999,26.439199999003904,401.554700001725,2903.6630556241694
1746381473,200,POST,POST /pastes,17.000000,0.000000,43,45,47,49,54,59,64,66,74,74,74,9388,0,42,43.98007471239649,29.940599999463302,138.54510000055598,2872.1700042607586
1746381473,200,,Aggregated,284.000000,0.000000,39,42,44,46,50,55,61,66,77,86,86,179414,0,38,39.73988770441459,25.618700001359684,401.554700001725,1567.485764767521
1746381474,200,GET,GET /analytics/:slug,133.800000,0.000000,37,40,42,43,48,52,59,63,74,78,78,85151,0,36,38.12754378457306,25.618700001359684,146.61619999969844,87.09944686498103
1746381474,200,GET,GET /pastes/:slug,133.400000,0.000000,40,43,45,46,51,56,62,68,77,86,86,85155,0,39,40.88013015911742,26.439199999003904,401.554700001725,2903.6899771005815
1746381474,200,POST,POST /pastes,16.400000,0.000000,43,45,48,49,54,59,62,66,74,74,74,9403,0,42,43.98127562479811,29.940599999463302,138.54510000055598,2871.5156864830374
1746381474,200,,Aggregated,283.600000,0.000000,39,42,44,45,50,55,61,66,77,86,86,179709,0,38,39.73814277081191,25.618700001359684,401.554700001725,1567.429494349198
1746381475,200,GET,GET /analytics/:slug,134.400000,0.000000,37,40,42,43,47,52,59,63,74,78,78,85278,0,36,38.12658889749034,25.618700001359684,146.61619999969844,87.0994277539342
1746381475,200,GET,GET /pastes/:slug,134.400000,0.000000,40,43,45,46,51,56,63,68,77,86,86,85288,0,39,40.878177421203866,26.439199999003904,401.554700001725,2903.761173904887
1746381475,200,POST,POST /pastes,15.600000,0.000000,43,45,48,49,55,59,61,66,74,74,74,9424,0,42,43.980715439301264,29.940599999463302,138.54510000055598,2871.5240874363326
1746381475,200,,Aggregated,284.400000,0.000000,39,42,44,45,50,55,61,66,77,86,86,179990,0,38,39.73693819767667,25.618700001359684,401.554700001725,1567.5587032612923
1746381476,200,GET,GET /analytics/:slug,135.800000,0.000000,37,40,42,43,47,52,59,63,74,78,78,85416,0,36,38.123542054183936,25.618700001359684,146.61619999969844,87.09943101994942
1746381476,200,GET,GET /pastes/:slug,136.400000,0.000000,40,43,45,46,51,56,63,68,77,86,86,85420,0,39,40.87299847810383,26.439199999003904,401.554700001725,2903.596171856708
1746381476,200,POST,POST /pastes,14.000000,0.000000,43,45,48,49,54,59,61,66,74,74,74,9440,0,42,43.97819555084424,29.940599999463302,138.54510000055598,2872.1104872881356
1746381476,200,,Aggregated,286.200000,0.000000,39,42,44,45,50,55,61,66,77,86,86,180276,0,38,39.73288826077687,25.618700001359684,401.554700001725,1567.4720595087533
1746381477,200,GET,GET /analytics/:slug,134.700000,0.000000,37,40,42,43,47,51,59,63,74,78,78,85550,0,36,38.11892929281327,25.618700001359684,146.61619999969844,87.09942723553478
1746381477,200,GET,GET /pastes/:slug,135.200000,0.000000,39,42,45,46,51,56,63,68,77,86,86,85555,0,39,40.86740341417363,26.439199999003904,401.554700001725,2903.3759102331833
1746381477,200,POST,POST /pastes,14.900000,0.000000,43,45,48,49,54,59,61,62,66,66,66,9458,0,42,43.974251469652636,29.940599999463302,138.54510000055598,2871.761577500529
1746381477,200,,Aggregated,284.800000,0.000000,39,41,43,45,50,54,61,66,77,86,86,180563,0,38,39.727926377496026,25.618700001359684,401.554700001725,1567.3798231088317
1746381478,200,GET,GET /analytics/:slug,135.600000,0.000000,37,40,41,43,46,50,57,61,74,78,78,85692,0,36,38.117212213510825,25.618700001359684,146.61619999969844,87.09937917191803
1746381478,200,GET,GET /pastes/:slug,135.400000,0.000000,39,42,44,46,50,54,60,65,74,77,77,85697,0,39,40.864084612058896,26.439199999003904,401.554700001725,2903.1951876961853
1746381478,200,POST,POST /pastes,15.900000,0.000000,43,45,48,49,54,56,59,61,66,66,66,9471,0,42,43.97526160911962,29.940599999463302,138.54510000055598,2872.239679020167
1746381478,200,,Aggregated,286.900000,0.000000,38,41,43,44,49,53,59,64,74,78,78,180860,0,38,39.725529750634735,25.618700001359684,401.554700001725,1567.2996793099635
1746381479,200,GET,GET /analytics/:slug,135.100000,0.000000,37,39,41,42,46,50,57,64,74,78,78,85830,0,36,38.120434605617724,25.618700001359684,146.61619999969844,87.09939415122918
1746381479,200,GET,GET /pastes/:slug,134.600000,0.000000,39,41,44,45,49,54,59,65,74,85,85,85836,0,39,40.86580394589238,26.439199999003904,401.554700001725,2903.304184724358
1746381479,200,POST,POST /pastes,16.200000,0.000000,43,46,47,49,54,59,66,72,74,74,74,9492,0,42,43.98586125157655,29.940599999463302,138.54510000055598,2871.3773704171936
1746381479,200,,Aggregated,285.900000,0.000000,38,41,43,44,48,53,59,65,74,85,85,181158,0,38,39.7285675747127,25.618700001359684,401.554700001725,1567.3548670221574
1746381480,200,GET,GET /analytics/:slug,135.200000,0.000000,37,39,41,42,45,50,56,59,73,78,78,85967,0,36,38.12036564495866,25.618700001359684,146.61619999969844,87.09939860644201
1746381480,200,GET,GET /pastes/:slug,134.800000,0.000000,39,41,43,45,49,53,59,64,80,85,85,85973,0,39,40.865994969346595,26.439199999003904,401.554700001725,2903.037348935131
1746381480,200,POST,POST /pastes,16.600000,0.000000,43,46,48,49,54,59,66,72,74,74,74,9505,0,42,43.98735806417347,29.940599999463302,138.54510000055598,2871.5150973172013
1746381480,200,,Aggregated,286.600000,0.000000,38,40,42,44,48,52,58,63,78,85,85,181445,0,38,39.728653296039106,25.618700001359684,401.554700001725,1567.2201217999946
1746381481,200,GET,GET /analytics/:slug,136.200000,0.000000,37,39,41,42,45,50,55,58,78,82,82,86105,0,36,38.12168343766503,25.618700001359684,146.61619999969844,87.09942512049243
1746381481,200,GET,GET /pastes/:slug,136.000000,0.000000,39,41,43,44,49,53,60,67,100,110,110,86111,0,39,40.868697935219046,26.439199999003904,401.554700001725,2903.2828210100915
1746381481,200,POST,POST /pastes,15.600000,0.000000,43,46,47,49,55,59,71,74,100,100,100,9520,0,42,43.99542232142533,29.940599999463302,138.54510000055598,2871.209453781513
1746381481,200,,Aggregated,287.800000,0.000000,38,40,42,44,48,52,58,64,100,110,110,181736,0,38,39.7309747149701,25.618700001359684,401.554700001725,1567.3185114671833
1746381482,200,GET,GET /analytics/:slug,135.500000,0.000000,37,39,41,42,46,50,55,58,73,82,82,86234,0,36,38.12291502655736,25.618700001359684,146.61619999969844,87.09948512187768
1746381482,200,GET,GET /pastes/:slug,134.900000,0.000000,39,41,43,44,49,53,60,66,100,110,110,86242,0,39,40.8702347974264,26.439199999003904,401.554700001725,2903.410090211266
1746381482,200,POST,POST /pastes,15.600000,0.000000,43,46,48,49,55,59,71,74,100,100,100,9541,0,42,43.9976337281179,29.940599999463302,138.54510000055598,2870.573734409391
1746381482,200,,Aggregated,286.000000,0.000000,38,40,42,44,48,52,58,64,100,110,110,182017,0,38,39.73257260145926,25.618700001359684,401.554700001725,1567.4083959190625
1746381483,200,GET,GET /analytics/:slug,136.900000,0.000000,37,39,40,42,45,50,55,57,73,82,82,86365,0,36,38.122822954902425,25.618700001359684,146.61619999969844,87.09940369362589
1746381483,200,GET,GET /pastes/:slug,136.900000,0.000000,39,41,43,44,49,52,60,66,100,110,110,86368,0,39,40.86985391927146,26.439199999003904,401.554700001725,2903.233616617266
1746381483,200,POST,POST /pastes,15.300000,0.000000,44,46,48,50,56,60,71,74,100,100,100,9558,0,42,44.0021210504265,29.940599999463302,138.54510000055598,2870.434295877799
1746381483,200,,Aggregated,289.100000,0.000000,38,40,42,43,48,52,58,64,100,110,110,182291,0,38,39.73261115907974,25.618700001359684,401.554700001725,1567.298615949224
1746381484,200,GET,GET /analytics/:slug,135.200000,0.000000,37,39,40,42,46,50,55,58,73,82,82,86491,0,36,38.12281631152554,25.618700001359684,146.61619999969844,87.09938606328983
1746381484,200,GET,GET /pastes/:slug,135.300000,0.000000,39,41,43,44,49,53,60,66,100,110,110,86496,0,39,40.86875515052286,26.439199999003904,401.554700001725,2903.430112375139
1746381484,200,POST,POST /pastes,15.800000,0.000000,43,46,48,50,56,61,71,74,100,100,100,9575,0,42,44.00347025587214,29.940599999463302,138.54510000055598,2870.2830287206266
1746381484,200,,Aggregated,286.300000,0.000000,38,40,42,43,48,52,58,64,100,110,110,182562,0,38,39.73224208104536,25.618700001359684,401.554700001725,1567.4201860189962
1746381485,200,GET,GET /analytics/:slug,135.200000,0.000000,37,39,40,42,46,51,55,58,73,82,82,86635,0,36,38.12076317077574,25.618700001359684,146.61619999969844,87.0994401800658
1746381485,200,GET,GET /pastes/:slug,135.200000,0.000000,39,41,43,44,49,53,59,66,100,110,110,86640,0,39,40.86622686172238,26.439199999003904,401.554700001725,2903.0680055401663
1746381485,200,POST,POST /pastes,17.000000,0.000000,44,46,48,50,56,61,71,74,100,100,100,9591,0,42,44.00479936398448,29.940599999463302,138.54510000055598,2870.8054426024396
1746381485,200,,Aggregated,287.400000,0.000000,38,40,42,43,48,53,58,63,100,110,110,182866,0,38,39.73014252676719,25.618700001359684,401.554700001725,1567.276404580403
1746381486,200,GET,GET /analytics/:slug,134.400000,0.000000,37,39,41,42,46,51,55,58,73,82,82,86768,0,36,38.1215991863378,25.618700001359684,146.61619999969844,87.09950673059193
1746381486,200,GET,GET /pastes/:slug,133.900000,0.000000,39,41,43,45,49,54,60,66,100,110,110,86770,0,39,40.86702326149165,26.439199999003904,401.554700001725,2903.321839345396
1746381486,200,POST,POST /pastes,16.800000,0.000000,44,48,50,51,56,62,71,74,100,100,100,9608,0,42,44.01281296835746,29.940599999463302,138.54510000055598,2871.5622398001665
1746381486,200,,Aggregated,285.100000,0.000000,38,41,43,44,49,54,59,64,100,110,110,183146,0,38,39.73137078396375,25.618700001359684,401.554700001725,1567.4306618763173
1746381487,200,GET,GET /analytics/:slug,134.800000,0.000000,37,39,41,42,46,52,56,58,73,82,82,86899,0,36,38.12012231326223,25.618700001359684,146.61619999969844,87.09947180059609
1746381487,200,GET,GET /pastes/:slug,134.300000,0.000000,39,42,44,45,50,54,60,66,100,110,110,86906,0,39,40.864502781161434,26.439199999003904,401.554700001725,2903.4478747152098
1746381487,200,POST,POST /pastes,16.700000,0.000000,44,47,50,51,56,62,71,74,100,100,100,9626,0,42,44.00902564928138,29.940599999463302,138.54510000055598,2872.2822563889467
1746381487,200,,Aggregated,285.800000,0.000000,38,41,43,44,49,54,59,64,100,110,110,183431,0,38,39.729390716399244,25.618700001359684,401.554700001725,1567.5893769319252
1746381488,200,GET,GET /analytics/:slug,135.400000,0.000000,37,39,41,42,47,52,56,58,73,82,82,87025,0,36,38.1212019477183,25.618700001359684,146.61619999969844,87.09952312553864
1746381488,200,GET,GET /pastes/:slug,135.500000,0.000000,39,42,44,46,51,56,61,66,100,110,110,87031,0,39,40.866058772157196,26.439199999003904,401.554700001725,2903.33446702899
1746381488,200,POST,POST /pastes,16.600000,0.000000,44,48,50,52,58,62,71,74,100,100,100,9643,0,42,44.01364896816182,29.940599999463302,138.54510000055598,2871.932282484704
1746381488,200,,Aggregated,287.500000,0.000000,39,41,43,45,50,55,60,65,100,110,110,183699,0,38,39.73094669813031,25.618700001359684,401.554700001725,1567.531565223545
1746381489,200,GET,GET /analytics/:slug,134.500000,0.000000,37,39,41,42,47,51,56,58,72,82,82,87162,0,36,38.123520328815204,25.618700001359684,146.61619999969844,87.0994814253918
1746381489,200,GET,GET /pastes/:slug,134.400000,0.000000,39,42,44,46,50,54,59,65,100,110,110,87164,0,39,40.86646627391595,26.439199999003904,401.554700001725,2902.9804506447617
1746381489,200,POST,POST /pastes,16.700000,0.000000,44,46,49,50,55,60,66,69,100,100,100,9670,0,42,44.01132052740257,29.940599999463302,138.54510000055598,2873.5285418821095
1746381489,200,,Aggregated,285.600000,0.000000,39,41,43,45,49,54,58,63,100,110,110,183996,0,38,39.732366000890444,25.618700001359684,401.554700001725,1567.5024130959368
1746381490,200,GET,GET /analytics/:slug,134.000000,0.000000,37,39,41,42,46,51,55,59,72,82,82,87291,0,36,38.121307794620044,25.618700001359684,146.61619999969844,87.09944896953867
1746381490,200,GET,GET /pastes/:slug,134.100000,0.000000,39,42,44,46,50,54,61,66,100,110,110,87297,0,39,40.865930178581245,26.439199999003904,401.554700001725,2903.0387642187015
1746381490,200,POST,POST /pastes,16.900000,0.000000,44,47,49,50,55,60,66,69,100,100,100,9688,0,42,44.01423222543171,29.940599999463302,138.54510000055598,2873.1680429397193
1746381490,200,,Aggregated,285.000000,0.000000,39,41,43,45,49,54,58,63,100,110,110,184276,0,38,39.73132728787157,25.618700001359684,401.554700001725,1567.5661779070524
1746381491,200,GET,GET /analytics/:slug,132.100000,0.000000,37,39,41,42,46,50,55,57,63,63,63,87421,0,36,38.1208671326133,25.618700001359684,146.61619999969844,87.09949554454879
1746381491,200,GET,GET /pastes/:slug,132.200000,0.000000,39,42,44,46,50,54,58,63,75,77,77,87425,0,39,40.86628691906899,26.439199999003904,401.554700001725,2903.2105804975695
1746381491,200,POST,POST /pastes,17.700000,0.000000,44,47,50,51,55,60,65,67,69,69,69,9708,0,42,44.018230438811834,29.940599999463302,138.54510000055598,2873.3310671611043
1746381491,200,,Aggregated,282.000000,0.000000,39,41,43,45,49,53,57,61,71,77,77,184554,0,38,39.73161481517518,25.618700001359684,401.554700001725,1567.6810472815544
1746381492,200,GET,GET /analytics/:slug,132.000000,0.000000,37,39,41,42,47,51,55,58,65,69,69,87555,0,36,38.12445812575175,25.618700001359684,146.61619999969844,87.0995602763977
1746381492,200,GET,GET /pastes/:slug,132.400000,0.000000,40,42,44,46,50,54,59,63,76,77,77,87559,0,39,40.86952852932988,26.439199999003904,401.554700001725,2903.1218264256104
1746381492,200,POST,POST /pastes,17.800000,0.000000,44,47,49,50,55,60,64,67,69,69,69,9725,0,42,44.01929523907267,29.940599999463302,138.54510000055598,2873.7135218508997
1746381492,200,,Aggregated,282.200000,0.000000,39,41,43,45,49,53,58,63,75,77,77,184839,0,38,39.73495650755432,25.618700001359684,401.554700001725,1567.6740839325034
1746381493,200,GET,GET /analytics/:slug,130.800000,0.000000,37,40,41,42,47,51,57,60,71,75,75,87696,0,36,38.12667442186862,25.618700001359684,146.61619999969844,87.09962826126619
1746381493,200,GET,GET /pastes/:slug,130.500000,0.000000,40,42,44,46,50,54,61,64,77,77,77,87702,0,39,40.87000471254462,26.439199999003904,401.554700001725,2903.0891313767074
1746381493,200,POST,POST /pastes,18.400000,0.000000,44,47,49,50,55,60,65,69,73,73,73,9740,0,42,44.02384432238005,29.940599999463302,138.54510000055598,2874.3214579055443
1746381493,200,,Aggregated,279.700000,0.000000,39,41,43,45,49,54,59,63,76,77,77,185138,0,38,39.73646813241919,25.618700001359684,401.554700001725,1567.7003262431267
1746381494,200,GET,GET /analytics/:slug,131.200000,0.000000,37,39,41,42,46,50,56,60,71,75,75,87831,0,36,38.12421990299772,25.618700001359684,146.61619999969844,87.09964591089707
1746381494,200,GET,GET /pastes/:slug,131.600000,0.000000,40,42,44,46,50,54,60,64,77,77,77,87836,0,39,40.86704160708129,26.439199999003904,401.554700001725,2903.4155243863565
1746381494,200,POST,POST /pastes,18.800000,0.000000,44,46,49,50,55,57,65,69,73,73,73,9758,0,42,44.021781430619384,29.940599999463302,138.54510000055598,2873.39362574298
1746381494,200,,Aggregated,281.600000,0.000000,39,41,43,45,49,54,59,63,76,77,77,185425,0,38,39.733856643385934,25.618700001359684,401.554700001725,1567.8200350546042
1746381495,200,GET,GET /analytics/:slug,131.500000,0.000000,37,40,42,43,47,51,57,61,71,75,75,87975,0,36,38.127421102588144,25.618700001359684,146.61619999969844,87.09980107985223
1746381495,200,GET,GET /pastes/:slug,131.400000,0.000000,40,43,45,46,50,55,61,64,77,77,77,87981,0,39,40.87068774053013,26.439199999003904,401.554700001725,2903.3409486139053
1746381495,200,POST,POST /pastes,18.000000,0.000000,44,47,49,50,54,57,65,69,73,73,73,9775,0,42,44.02568689513874,29.940599999463302,138.54510000055598,2873.1919181585677
1746381495,200,,Aggregated,280.900000,0.000000,39,42,44,45,50,54,59,63,76,77,77,185731,0,38,39.737334849862535,25.618700001359684,401.554700001725,1567.7883390494856
1746381496,200,GET,GET /analytics/:slug,132.900000,0.000000,37,39,41,43,46,51,57,61,71,75,75,88097,0,36,38.12441043282061,25.618700001359684,146.61619999969844,87.0997309783534
1746381496,200,GET,GET /pastes/:slug,133.500000,0.000000,40,42,44,45,50,54,60,64,77,77,77,88102,0,39,40.86715477854737,26.439199999003904,401.554700001725,2903.213230119634
1746381496,200,POST,POST /pastes,18.200000,0.000000,43,46,48,49,54,57,64,67,73,73,73,9794,0,42,44.022277139062396,29.940599999463302,138.54510000055598,2873.1196651010823
1746381496,200,,Aggregated,284.600000,0.000000,39,41,43,45,49,53,59,63,76,77,77,185993,0,38,39.7341751490638,25.618700001359684,401.554700001725,1567.7549746495836
1746381497,200,GET,GET /analytics/:slug,132.900000,0.000000,37,39,41,43,46,51,57,61,71,75,75,88234,0,36,38.1232504726093,25.618700001359684,146.61619999969844,87.09980279710769
1746381497,200,GET,GET /pastes/:slug,132.800000,0.000000,40,42,44,45,50,54,60,64,77,77,77,88241,0,39,40.8653286862068,26.439199999003904,401.554700001725,2903.2916671388584
1746381497,200,POST,POST /pastes,18.400000,0.000000,44,46,48,50,55,58,64,67,73,73,73,9809,0,42,44.02200832908321,29.940599999463302,138.54510000055598,2873.8217963095117
1746381497,200,,Aggregated,284.100000,0.000000,39,41,43,45,49,53,59,63,76,77,77,186284,0,38,39.73275337924793,25.618700001359684,401.554700001725,1567.8418006914173
1746381498,200,GET,GET /analytics/:slug,132.700000,0.000000,37,40,41,43,46,51,58,63,97,100,100,88363,0,36,38.12865517467945,25.618700001359684,146.61619999969844,87.09977026583525
1746381498,200,GET,GET /pastes/:slug,132.900000,0.000000,40,42,44,45,50,55,63,75,100,110,110,88366,0,39,40.87414845980989,26.439199999003904,401.554700001725,2903.605119616142
1746381498,200,POST,POST /pastes,18.600000,0.000000,44,46,47,49,54,57,65,73,79,79,79,9824,0,42,44.02505245317311,29.940599999463302,138.54510000055598,2873.5447882736157
1746381498,200,,Aggregated,284.200000,0.000000,39,41,43,45,49,54,61,69,100,110,110,186553,0,38,39.739642221244345,25.618700001359684,401.554700001725,1567.9515794439114
1746381499,200,GET,GET /analytics/:slug,132.700000,0.000000,37,40,42,43,47,51,58,63,97,100,100,88498,0,36,38.13174592420393,25.618700001359684,146.61619999969844,87.0997762661303
1746381499,200,GET,GET /pastes/:slug,132.900000,0.000000,40,43,45,46,51,55,63,74,100,110,110,88509,0,39,40.87664665400744,26.439199999003904,401.554700001725,2903.506343987617
1746381499,200,POST,POST /pastes,18.200000,0.000000,45,47,49,50,56,59,64,73,79,79,79,9840,0,42,44.03533307926525,29.940599999463302,138.54510000055598,2873.306504065041
1746381499,200,,Aggregated,283.800000,0.000000,39,42,44,45,50,54,61,66,100,110,110,186847,0,38,39.74290219805389,25.618700001359684,401.554700001725,1567.9563225526767
1746381500,200,GET,GET /analytics/:slug,132.800000,0.000000,37,40,42,43,47,52,58,63,97,100,100,88631,0,36,38.12971655515788,25.618700001359684,146.61619999969844,87.09981834798208
1746381500,200,GET,GET /pastes/:slug,133.200000,0.000000,40,43,44,46,50,55,63,73,100,110,110,88635,0,39,40.8746138162074,26.439199999003904,401.554700001725,2903.481875105771
1746381500,200,POST,POST /pastes,18.200000,0.000000,44,46,48,50,56,59,63,73,79,79,79,9853,0,42,44.03150998680255,29.940599999463302,138.54510000055598,2873.1858317263777
1746381500,200,,Aggregated,284.200000,0.000000,39,42,44,45,50,54,61,65,100,110,110,187119,0,38,39.74069320325441,25.618700001359684,401.554700001725,1567.8758437144277
1746381501,200,GET,GET /analytics/:slug,133.000000,0.000000,38,40,42,43,48,53,59,65,97,100,100,88771,0,36,38.13474463056864,25.618700001359684,146.61619999969844,87.09985242928434
1746381501,200,GET,GET /pastes/:slug,133.000000,0.000000,40,43,45,47,51,57,65,76,100,110,110,88779,0,39,40.878997071374236,26.439199999003904,401.554700001725,2903.5831784543643
1746381501,200,POST,POST /pastes,17.400000,0.000000,45,47,49,50,57,59,64,73,79,79,79,9869,0,42,44.03920456986148,29.940599999463302,138.54510000055598,2874.1639477150675
1746381501,200,,Aggregated,283.400000,0.000000,39,42,44,46,50,55,63,73,100,110,110,187419,0,38,39.74559039638331,25.618700001359684,401.554700001725,1568.0068509596147
1746381502,200,GET,GET /analytics/:slug,134.200000,0.000000,37,40,42,43,48,52,58,63,97,100,100,88893,0,36,38.13429085417548,25.618700001359684,146.61619999969844,87.09985038191984
1746381502,200,GET,GET /pastes/:slug,133.800000,0.000000,40,43,45,46,51,56,62,75,100,110,110,88900,0,39,40.87967400111959,26.439199999003904,401.554700001725,2903.7043082114737
1746381502,200,POST,POST /pastes,16.900000,0.000000,45,47,49,51,56,59,63,73,79,79,79,9886,0,42,44.04039606513878,29.940599999463302,138.54510000055598,2874.7714950434956
1746381502,200,,Aggregated,284.900000,0.000000,39,42,44,45,50,55,61,72,100,110,110,187679,0,38,39.745831398823434,25.618700001359684,401.554700001725,1568.1129535003915
1746381503,200,GET,GET /analytics/:slug,133.500000,0.000000,37,40,42,43,47,52,57,61,97,100,100,89039,0,37,38.1330871303611,25.618700001359684,146.61619999969844,87.09987758173385
1746381503,200,GET,GET /pastes/:slug,133.900000,0.000000,40,43,45,46,51,55,62,74,100,110,110,89041,0,39,40.87823108792046,26.439199999003904,401.554700001725,2903.933873159556
1746381503,200,POST,POST /pastes,16.500000,0.000000,44,47,48,49,56,58,60,72,79,79,79,9903,0,42,44.03870456426947,29.940599999463302,138.54510000055598,2874.29041704534
1746381503,200,,Aggregated,283.900000,0.000000,39,41,44,45,50,54,60,70,100,110,110,187983,0,38,39.744475886648104,25.618700001359684,401.554700001725,1568.1660575690355
1746381504,200,GET,GET /analytics/:slug,134.700000,0.000000,37,40,42,43,47,52,57,61,97,100,100,89177,0,36,38.131417128858565,25.618700001359684,146.61619999969844,87.0998463729437
1746381504,200,GET,GET /pastes/:slug,134.000000,0.000000,40,43,45,46,51,56,62,74,100,110,110,89187,0,39,40.87575956136585,26.439199999003904,401.554700001725,2903.6579434222476
1746381504,200,POST,POST /pastes,16.100000,0.000000,44,47,48,50,56,59,60,72,79,79,79,9913,0,42,44.03737438716388,29.940599999463302,138.54510000055598,2873.88217492182
1746381504,200,,Aggregated,284.800000,0.000000,39,42,44,45,50,54,61,70,100,110,110,188277,0,38,39.74237026083779,25.618700001359684,401.554700001725,1568.033471958869
1746381505,200,GET,GET /analytics/:slug,133.300000,0.000000,37,40,41,43,46,51,56,61,97,100,100,89315,0,37,38.13086981022473,25.618700001359684,146.61619999969844,87.09982645692213
1746381505,200,GET,GET /pastes/:slug,133.600000,0.000000,39,42,44,46,51,55,62,74,100,110,110,89319,0,39,40.87429252678075,26.439199999003904,401.554700001725,2903.7724000492617
1746381505,200,POST,POST /pastes,16.200000,0.000000,44,47,48,50,56,59,63,72,79,79,79,9928,0,42,44.036360566071565,29.940599999463302,138.54510000055598,2873.608078162772
1746381505,200,,Aggregated,283.100000,0.000000,39,41,43,45,49,53,60,70,100,110,110,188562,0,38,39.7413188182123,25.618700001359684,401.554700001725,1568.0282824747298
1746381506,200,GET,GET /analytics/:slug,133.800000,0.000000,37,40,42,43,47,52,57,61,97,100,100,89446,0,37,38.132428915772955,25.618700001359684,146.61619999969844,87.09981441316549
1746381506,200,GET,GET /pastes/:slug,133.600000,0.000000,40,43,45,46,51,56,63,74,100,110,110,89451,0,39,40.8755051167627,26.439199999003904,401.554700001725,2903.9118735397033
1746381506,200,POST,POST /pastes,16.300000,0.000000,44,47,49,51,56,59,63,72,79,79,79,9938,0,42,44.03929635741161,29.940599999463302,138.54510000055598,2873.962668544979
1746381506,200,,Aggregated,283.700000,0.000000,39,42,44,45,50,54,61,70,100,110,110,188835,0,38,39.7426884433488,25.618700001359684,401.554700001725,1568.088500542802
1746381507,200,GET,GET /analytics/:slug,134.700000,0.000000,37,40,42,43,47,52,57,61,97,100,100,89580,0,37,38.13117714445437,25.618700001359684,146.61619999969844,87.09982138870284
1746381507,200,GET,GET /pastes/:slug,134.800000,0.000000,40,43,45,46,51,57,63,74,100,110,110,89588,0,39,40.87466270817016,26.439199999003904,401.554700001725,2904.08319194535
1746381507,200,POST,POST /pastes,15.500000,0.000000,44,47,49,51,56,59,63,72,79,79,79,9954,0,42,44.039090074337665,29.940599999463302,138.54510000055598,2873.0456098051036
1746381507,200,,Aggregated,285.000000,0.000000,39,42,44,45,50,55,61,70,100,110,110,189122,0,38,39.741728798869396,25.618700001359684,401.554700001725,1568.1502046298156
1746381508,200,GET,GET /analytics/:slug,133.600000,0.000000,37,39,41,43,47,51,55,59,76,78,78,89711,0,37,38.13114406594756,25.618700001359684,146.61619999969844,87.09982053482851
1746381508,200,GET,GET /pastes/:slug,133.400000,0.000000,39,42,44,46,51,54,60,62,79,81,81,89716,0,39,40.874371915818394,26.439199999003904,401.554700001725,2903.8712492754917
1746381508,200,POST,POST /pastes,15.000000,0.000000,44,47,49,51,54,57,60,63,72,72,72,9975,0,42,44.03593958896808,29.940599999463302,138.54510000055598,2872.7716290726817
1746381508,200,,Aggregated,282.000000,0.000000,38,41,43,45,50,53,59,61,78,81,81,189402,0,38,39.74153764743664,25.618700001359684,401.554700001725,1568.0585315888957
1746381509,200,GET,GET /analytics/:slug,134.500000,0.000000,37,39,40,42,46,51,55,59,76,78,78,89855,0,37,38.129079180905244,25.618700001359684,146.61619999969844,87.09980524177843
1746381509,200,GET,GET /pastes/:slug,134.300000,0.000000,39,42,44,45,50,54,59,62,79,81,81,89857,0,39,40.869371927613365,26.439199999003904,401.554700001725,2903.8944433933916
1746381509,200,POST,POST /pastes,14.500000,0.000000,43,45,48,49,53,55,59,60,72,72,72,9983,0,42,44.032845307017425,29.940599999463302,138.54510000055598,2872.505559451067
1746381509,200,,Aggregated,283.300000,0.000000,38,41,43,44,48,52,57,61,78,81,81,189695,0,38,39.73782892432484,25.618700001359684,401.554700001725,1567.9792245446638
1746381510,200,GET,GET /analytics/:slug,134.000000,0.000000,37,39,41,42,46,50,55,59,76,78,78,90003,0,37,38.127382243928054,25.618700001359684,146.61619999969844,87.09978556270346
1746381510,200,GET,GET /pastes/:slug,134.000000,0.000000,39,42,44,45,50,53,59,62,79,81,81,90008,0,39,40.867548410136344,26.439199999003904,401.554700001725,2904.079215180873
1746381510,200,POST,POST /pastes,14.300000,0.000000,43,46,48,49,53,55,59,60,72,72,72,9998,0,42,44.03246285256648,29.940599999463302,138.54510000055598,2871.9532906581317
1746381510,200,,Aggregated,282.300000,0.000000,38,41,43,44,48,52,57,61,78,81,81,190009,0,38,39.73612642032644,25.618700001359684,401.554700001725,1568.048845054708
1746381511,200,GET,GET /analytics/:slug,134.800000,0.000000,37,39,40,42,45,48,53,56,64,66,66,90119,0,37,38.127358940958736,25.618700001359684,146.61619999969844,87.09975698798256
1746381511,200,GET,GET /pastes/:slug,134.500000,0.000000,39,41,43,44,48,52,57,60,67,69,69,90122,0,39,40.86604225493849,26.439199999003904,401.554700001725,2904.3163378531326
1746381511,200,POST,POST /pastes,15.100000,0.000000,43,45,47,49,52,56,59,59,60,60,60,10015,0,42,44.03766762855306,29.940599999463302,138.54510000055598,2872.799700449326
1746381511,200,,Aggregated,284.400000,0.000000,38,41,42,44,47,51,56,59,66,69,69,190256,0,38,39.73575688440741,25.618700001359684,401.554700001725,1568.2198143553949
1746381512,200,GET,GET /analytics/:slug,134.500000,0.000000,37,39,40,42,45,49,53,56,66,71,71,90263,0,37,38.12853343230622,25.618700001359684,146.61619999969844,87.09969755049134
1746381512,200,GET,GET /pastes/:slug,134.400000,0.000000,39,41,43,44,49,52,57,60,70,71,71,90272,0,39,40.86785963199634,26.439199999003904,401.554700001725,2904.0879896313363
1746381512,200,POST,POST /pastes,14.400000,0.000000,43,45,47,50,52,56,59,59,60,60,60,10030,0,42,44.040420937184784,29.940599999463302,138.54510000055598,2873.2099700897306
1746381512,200,,Aggregated,283.300000,0.000000,38,41,42,44,47,52,56,59,70,71,71,190565,0,38,39.737331933460084,25.618700001359684,401.554700001725,1568.168378243644
1746381513,200,GET,GET /analytics/:slug,137.000000,0.000000,37,39,40,41,45,49,53,56,66,71,71,90400,0,37,38.125951048675454,25.618700001359684,146.61619999969844,87.09970132743364
1746381513,200,GET,GET /pastes/:slug,136.400000,0.000000,39,41,43,44,48,52,57,60,70,71,71,90402,0,39,40.86474434857175,26.439199999003904,401.554700001725,2903.9114510740915
1746381513,200,POST,POST /pastes,14.400000,0.000000,43,45,47,50,52,56,59,59,60,60,60,10046,0,42,44.037478588489755,29.940599999463302,138.54510000055598,2873.0356360740593
1746381513,200,,Aggregated,287.800000,0.000000,38,40,42,43,47,51,56,58,70,71,71,190848,0,38,39.73445413784708,25.618700001359684,401.554700001725,1568.0317949362843
1746381514,200,GET,GET /analytics/:slug,134.200000,0.000000,37,39,41,42,45,49,53,55,64,71,71,90521,0,37,38.12697767369184,25.618700001359684,146.61619999969844,87.09966748047414
1746381514,200,GET,GET /pastes/:slug,134.200000,0.000000,39,42,43,44,49,52,57,59,70,71,71,90530,0,39,40.86574278802155,26.439199999003904,401.554700001725,2904.1290953275156
1746381514,200,POST,POST /pastes,14.500000,0.000000,43,46,47,50,53,56,59,59,60,60,60,10061,0,42,44.038016658380855,29.940599999463302,138.54510000055598,2872.7956465560083
1746381514,200,,Aggregated,282.900000,0.000000,38,41,42,44,48,52,55,58,70,71,71,191112,0,38,39.73551805328733,25.618700001359684,401.554700001725,1568.1817625266858
1746381515,200,GET,GET /analytics/:slug,137.100000,0.000000,37,39,41,42,45,49,53,56,64,71,71,90675,0,37,38.12606714089073,25.618700001359684,146.61619999969844,87.09959746346843
1746381515,200,GET,GET /pastes/:slug,136.500000,0.000000,39,42,43,44,49,53,57,60,70,71,71,90680,0,39,40.86480900528866,26.439199999003904,401.554700001725,2904.070831495368
1746381515,200,POST,POST /pastes,14.400000,0.000000,43,45,47,50,53,56,59,59,60,60,60,10071,0,42,44.037990060566834,29.940599999463302,138.54510000055598,2872.8289147055903
1746381515,200,,Aggregated,288.000000,0.000000,38,41,42,44,48,52,56,58,70,71,71,191426,0,38,39.734459355050156,25.618700001359684,401.554700001725,1568.0793570361393
1746381516,200,GET,GET /analytics/:slug,135.600000,0.000000,37,39,40,42,45,49,52,54,64,71,71,90798,0,37,38.12462059957545,25.618700001359684,146.61619999969844,87.09963875856296
1746381516,200,GET,GET /pastes/:slug,135.100000,0.000000,39,41,43,44,48,52,57,58,70,71,71,90802,0,39,40.86280401092021,26.439199999003904,401.554700001725,2903.83603885377
1746381516,200,POST,POST /pastes,14.300000,0.000000,43,45,47,49,54,57,60,60,66,66,66,10088,0,42,44.03598947263755,29.940599999463302,138.54510000055598,2872.078013481364
1746381516,200,,Aggregated,285.000000,0.000000,38,40,42,43,47,52,56,58,70,71,71,191688,0,38,39.73278813905832,25.618700001359684,401.554700001725,1567.944347063979
1746381517,200,GET,GET /analytics/:slug,133.600000,0.000000,37,39,41,42,45,49,52,55,66,71,71,90942,0,37,38.125113829696595,25.618700001359684,146.61619999969844,87.09967891623232
1746381517,200,GET,GET /pastes/:slug,134.100000,0.000000,39,41,43,44,49,52,57,60,70,71,71,90948,0,39,40.862324504107605,26.439199999003904,401.554700001725,2903.749208338831
1746381517,200,POST,POST /pastes,14.700000,0.000000,43,45,46,48,53,56,59,60,66,66,66,10100,0,42,44.03400294059067,29.940599999463302,138.54510000055598,2871.911782178218
1746381517,200,,Aggregated,282.400000,0.000000,38,41,42,43,47,51,55,59,70,71,71,191990,0,38,39.7326122225107,25.618700001359684,401.554700001725,1567.8811969373405
1746381519,200,GET,GET /analytics/:slug,135.700000,0.000000,37,39,41,42,45,49,52,56,66,71,71,91072,0,37,38.12287340016984,25.618700001359684,146.61619999969844,87.09962447294448
1746381519,200,GET,GET /pastes/:slug,135.700000,0.000000,39,42,43,44,48,52,57,60,70,71,71,91074,0,39,40.85929264443836,26.439199999003904,401.554700001725,2903.978116696313
1746381519,200,POST,POST /pastes,14.400000,0.000000,43,45,47,48,53,57,60,60,66,66,66,10115,0,42,44.03202279782141,29.940599999463302,138.54510000055598,2871.295106277805
1746381519,200,,Aggregated,285.800000,0.000000,38,41,42,43,47,52,56,59,70,71,71,192261,0,38,39.729999610944624,25.618700001359684,401.554700001725,1567.933122162061
1746381520,200,GET,GET /analytics/:slug,135.500000,0.000000,37,39,41,42,46,49,53,56,66,71,71,91216,0,37,38.12381324110081,25.618700001359684,146.61619999969844,87.0996535695492
1746381520,200,GET,GET /pastes/:slug,135.400000,0.000000,39,41,43,44,49,52,57,60,70,71,71,91220,0,39,40.85904683292678,26.439199999003904,401.554700001725,2903.9328327121243
1746381520,200,POST,POST /pastes,14.600000,0.000000,43,46,48,50,54,57,60,66,71,71,71,10128,0,42,44.03621087084952,29.940599999463302,138.54510000055598,2871.8454778830965
1746381520,200,,Aggregated,285.500000,0.000000,38,41,42,44,48,52,56,59,71,71,71,192564,0,38,39.73049346918327,25.618700001359684,401.554700001725,1567.9342244656323
1746381521,200,GET,GET /analytics/:slug,135.300000,0.000000,37,39,40,41,45,49,53,57,66,71,71,91347,0,37,38.120434649197534,25.618700001359684,146.61619999969844,87.09962012983459
1746381521,200,GET,GET /pastes/:slug,135.400000,0.000000,39,41,43,44,49,52,57,60,70,71,71,91356,0,39,40.85501830859043,26.439199999003904,401.554700001725,2903.9688252550463
1746381521,200,POST,POST /pastes,14.000000,0.000000,43,45,46,48,53,56,60,66,71,71,71,10144,0,42,44.03238573540635,29.940599999463302,138.54510000055598,2872.539432176656
1746381521,200,,Aggregated,284.700000,0.000000,38,40,42,43,47,52,56,59,71,71,71,192847,0,38,39.726845205783846,25.618700001359684,401.554700001725,1568.0321965081127
1746381522,200,GET,GET /analytics/:slug,135.300000,0.000000,37,39,40,41,45,48,53,57,64,66,66,91496,0,37,38.12072422729128,25.618700001359684,146.61619999969844,87.09961091195244
1746381522,200,GET,GET /pastes/:slug,135.400000,0.000000,39,41,43,44,48,52,56,59,67,68,68,91498,0,39,40.85363452643311,26.439199999003904,401.554700001725,2903.8296028328486
1746381522,200,POST,POST /pastes,14.000000,0.000000,42,44,46,47,53,56,60,66,71,71,71,10156,0,42,44.0287360378061,29.940599999463302,138.54510000055598,2872.5350531705394
1746381522,200,,Aggregated,284.700000,0.000000,38,40,42,43,47,51,55,59,67,71,71,193150,0,38,39.72599264302239,25.618700001359684,401.554700001725,1567.8867874708776
1746381523,200,GET,GET /analytics/:slug,133.800000,0.000000,37,39,41,42,45,48,53,57,64,66,66,91621,0,37,38.11906809028781,25.618700001359684,146.61619999969844,87.09960598552733
1746381523,200,GET,GET /pastes/:slug,134.300000,0.000000,39,41,43,44,48,52,56,59,67,68,68,91628,0,39,40.850742429165486,26.439199999003904,401.554700001725,2903.913814554503
1746381523,200,POST,POST /pastes,14.600000,0.000000,42,45,47,48,53,56,60,66,71,71,71,10172,0,42,44.028282530471515,29.940599999463302,138.54510000055598,2872.402379079827
1746381523,200,,Aggregated,282.700000,0.000000,38,40,42,43,47,51,56,59,67,71,71,193421,0,38,39.723890656649424,25.618700001359684,401.554700001725,1567.9685504676327
1746381524,200,GET,GET /analytics/:slug,137.500000,0.000000,37,39,40,41,45,48,52,57,64,66,66,91753,0,37,38.1191205791664,25.618700001359684,146.61619999969844,87.09960437260906
1746381524,200,GET,GET /pastes/:slug,137.500000,0.000000,39,41,43,44,47,52,56,59,67,68,68,91761,0,39,40.85034599884021,26.439199999003904,401.554700001725,2903.6552456926147
1746381524,200,POST,POST /pastes,14.100000,0.000000,42,44,46,47,52,55,60,66,71,71,71,10193,0,42,44.02299920533276,29.940599999463302,138.54510000055598,2871.53811439223
1746381524,200,,Aggregated,289.100000,0.000000,38,40,42,43,46,51,55,59,67,71,71,193707,0,38,39.72359646579517,25.618700001359684,401.554700001725,1567.850139643895
1746381525,200,GET,GET /analytics/:slug,134.800000,0.000000,37,39,40,41,45,48,52,56,64,66,66,91900,0,37,38.116682797608924,25.618700001359684,146.61619999969844,87.099640914037
1746381525,200,GET,GET /pastes/:slug,135.200000,0.000000,39,41,42,44,47,51,55,58,66,67,67,91904,0,39,40.84687019715751,26.439199999003904,401.554700001725,2903.624205692897
1746381525,200,POST,POST /pastes,14.100000,0.000000,42,44,47,47,52,55,60,66,71,71,71,10206,0,42,44.02248629237286,29.940599999463302,138.54510000055598,2871.9099549284733
1746381525,200,,Aggregated,284.100000,0.000000,38,40,42,43,46,50,55,58,66,71,71,194010,0,38,39.72067111385896,25.618700001359684,401.554700001725,1567.8050048966547
1746381526,200,GET,GET /analytics/:slug,135.200000,0.000000,36,38,40,41,44,47,52,56,64,66,66,92027,0,37,38.11263059428508,25.618700001359684,146.61619999969844,87.09962293674683
1746381526,200,GET,GET /pastes/:slug,135.500000,0.000000,39,41,42,43,46,51,55,58,66,67,67,92034,0,39,40.84274384140179,26.439199999003904,401.554700001725,2903.657800378121
1746381526,200,POST,POST /pastes,14.700000,0.000000,42,44,47,47,52,55,60,62,71,71,71,10228,0,42,44.01991692412555,29.940599999463302,138.54510000055598,2871.298494329292
1746381526,200,,Aggregated,285.400000,0.000000,38,40,41,43,46,50,55,58,66,71,71,194289,0,38,39.7168540303352,25.618700001359684,401.554700001725,1567.862308210964
1746381527,200,GET,GET /analytics/:slug,137.100000,0.000000,36,39,40,41,45,48,53,55,65,73,73,92152,0,37,38.114065424518856,25.618700001359684,146.61619999969844,87.09962887403421
1746381527,200,GET,GET /pastes/:slug,136.700000,0.000000,39,41,42,43,46,50,55,58,62,64,64,92159,0,39,40.8430997222147,26.439199999003904,401.554700001725,2903.8006380277566
1746381527,200,POST,POST /pastes,14.500000,0.000000,42,44,47,48,52,55,60,62,71,71,71,10242,0,42,44.01940701034546,29.940599999463302,138.54510000055598,2871.6678383128296
1746381527,200,,Aggregated,288.300000,0.000000,38,40,42,43,46,50,55,57,65,73,73,194553,0,38,39.71767770684496,25.618700001359684,401.554700001725,1567.9500701608301
1746381528,200,GET,GET /analytics/:slug,135.000000,0.000000,37,39,40,42,45,48,54,57,71,73,73,92298,0,37,38.11501403822685,25.618700001359684,146.61619999969844,87.09961212593988
1746381528,200,GET,GET /pastes/:slug,135.000000,0.000000,39,41,43,44,47,51,57,60,66,72,72,92300,0,39,40.84460134344065,26.439199999003904,401.554700001725,2903.6051462621886
1746381528,200,POST,POST /pastes,15.600000,0.000000,42,45,47,49,53,57,61,62,71,71,71,10257,0,42,44.02432941405523,29.940599999463302,138.54510000055598,2871.6935751194305
1746381528,200,,Aggregated,285.600000,0.000000,38,40,42,43,47,51,56,60,71,73,73,194855,0,38,39.71904142310849,25.618700001359684,401.554700001725,1567.8162531112878
1746381529,200,GET,GET /analytics/:slug,134.400000,0.000000,37,39,40,42,45,48,53,56,71,73,73,92433,0,37,38.11537140090942,25.618700001359684,146.61619999969844,87.09958564581913
1746381529,200,GET,GET /pastes/:slug,135.000000,0.000000,39,41,43,44,47,51,56,61,66,72,72,92438,0,39,40.84484565005254,26.439199999003904,401.554700001725,2903.5536467686447
1746381529,200,POST,POST /pastes,15.400000,0.000000,42,45,46,48,52,55,61,61,62,62,62,10273,0,42,44.02256804243762,29.940599999463302,138.54510000055598,2871.300983159739
1746381529,200,,Aggregated,284.800000,0.000000,38,40,42,43,47,51,56,60,71,73,73,195144,0,38,39.719272990201034,25.618700001359684,401.554700001725,1567.798359160415
1746381530,200,GET,GET /analytics/:slug,135.100000,0.000000,37,39,41,43,47,53,64,87,120,120,120,92560,0,37,38.13137410868895,25.618700001359684,146.61619999969844,87.09957865168539
1746381530,200,GET,GET /pastes/:slug,135.000000,0.000000,39,42,44,45,49,54,62,72,110,110,110,92562,0,39,40.85476384584985,26.439199999003904,401.554700001725,2903.724368531363
1746381530,200,POST,POST /pastes,15.700000,0.000000,43,46,47,49,54,58,61,62,64,64,64,10290,0,42,44.03101148687674,29.940599999463302,138.54510000055598,2871.7114674441204
1746381530,200,,Aggregated,285.800000,0.000000,39,41,43,44,48,54,62,75,120,120,120,195412,0,38,39.73204177225439,25.618700001359684,401.554700001725,1567.899530223323
1746381531,200,GET,GET /analytics/:slug,135.500000,0.000000,37,39,41,43,47,53,64,87,120,120,120,92704,0,37,38.13031598313176,25.618700001359684,146.61619999969844,87.09962892647566
1746381531,200,GET,GET /pastes/:slug,135.900000,0.000000,39,42,44,45,50,54,62,72,110,110,110,92707,0,39,40.853594448095066,26.439199999003904,401.554700001725,2903.8383509335863
1746381531,200,POST,POST /pastes,15.700000,0.000000,44,46,48,49,54,59,61,62,64,64,64,10306,0,42,44.02911607800962,29.940599999463302,138.54510000055598,2870.1830001940616
1746381531,200,,Aggregated,287.100000,0.000000,38,41,43,44,49,54,62,75,120,120,120,195717,0,38,39.73089237879068,25.618700001359684,401.554700001725,1567.8798060464856
1746381532,200,GET,GET /analytics/:slug,134.400000,0.000000,37,40,42,43,48,53,65,87,120,120,120,92840,0,37,38.13435277143715,25.618700001359684,146.61619999969844,87.09967686342094
1746381532,200,GET,GET /pastes/:slug,134.300000,0.000000,40,42,44,45,50,54,63,72,110,110,110,92847,0,39,40.856803478836795,26.439199999003904,401.554700001725,2904.033646752184
1746381532,200,POST,POST /pastes,16.200000,0.000000,44,46,48,50,55,59,61,62,64,64,64,10324,0,42,44.03487746028382,29.940599999463302,138.54510000055598,2870.1492638512204
1746381532,200,,Aggregated,284.900000,0.000000,39,42,44,45,50,54,64,77,120,120,120,196011,0,38,39.73471396401105,25.618700001359684,401.554700001725,1568.0169327231636
1746381533,200,GET,GET /analytics/:slug,135.000000,0.000000,37,39,42,43,48,54,65,87,120,120,120,92965,0,37,38.13269498090905,25.618700001359684,146.61619999969844,87.09967191953962
1746381533,200,GET,GET /pastes/:slug,134.900000,0.000000,40,42,44,45,50,54,63,72,110,110,110,92969,0,39,40.8549445438755,26.439199999003904,401.554700001725,2903.7975669309126
1746381533,200,POST,POST /pastes,16.200000,0.000000,44,46,49,52,55,59,61,62,64,64,64,10337,0,42,44.035628460866064,29.940599999463302,138.54510000055598,2870.305697978137
1746381533,200,,Aggregated,286.100000,0.000000,39,41,43,45,50,55,64,77,120,120,120,196271,0,38,39.73305083073789,25.618700001359684,401.554700001725,1567.88688598927
1746381534,200,GET,GET /analytics/:slug,133.500000,0.000000,37,40,42,44,49,54,65,87,120,120,120,93102,0,37,38.133498809909504,25.618700001359684,146.61619999969844,87.0996756245838
1746381534,200,GET,GET /pastes/:slug,134.000000,0.000000,40,43,45,46,51,56,64,74,110,110,110,93113,0,39,40.85741615992991,26.439199999003904,401.554700001725,2903.8405700600347
1746381534,200,POST,POST /pastes,16.800000,0.000000,45,46,50,52,56,59,62,64,75,75,75,10354,0,42,44.04175643229403,29.940599999463302,138.54510000055598,2870.1172493722233
1746381534,200,,Aggregated,284.300000,0.000000,39,42,44,46,50,56,64,77,120,120,120,196569,0,38,39.73500370455022,25.618700001359684,401.554700001725,1567.956569957623
1746381535,200,GET,GET /analytics/:slug,133.800000,0.000000,38,40,43,44,49,55,65,87,120,120,120,93240,0,37,38.13523036894244,25.618700001359684,146.61619999969844,87.0996996996997
1746381535,200,GET,GET /pastes/:slug,133.700000,0.000000,40,43,45,47,51,57,64,74,110,110,110,93247,0,39,40.858658734324386,26.439199999003904,401.554700001725,2903.851276716677
1746381535,200,POST,POST /pastes,16.400000,0.000000,45,47,50,52,56,59,61,64,75,75,75,10371,0,42,44.04086346543029,29.940599999463302,138.54510000055598,2869.558962491563
1746381535,200,,Aggregated,283.900000,0.000000,39,42,45,46,51,56,64,77,120,120,120,196858,0,38,39.736378636376074,25.618700001359684,401.554700001725,1567.9159190888863
1746381536,200,GET,GET /analytics/:slug,134.100000,0.000000,38,40,43,44,49,56,69,93,120,120,120,93365,0,37,38.136221669792484,25.618700001359684,146.61619999969844,87.09967332512183
1746381536,200,GET,GET /pastes/:slug,134.300000,0.000000,40,44,45,47,52,59,72,85,110,110,110,93373,0,39,40.863424170793934,26.439199999003904,401.554700001725,2903.8673920726546
1746381536,200,POST,POST /pastes,15.900000,0.000000,45,48,51,52,58,59,64,75,75,75,75,10392,0,42,44.04487704965177,29.940599999463302,138.54510000055598,2869.879041570439
1746381536,200,,Aggregated,284.300000,0.000000,39,42,45,46,51,58,70,87,120,120,120,197130,0,38,39.739477520416514,25.618700001359684,401.554700001725,1567.9939836656015
1746381537,200,GET,GET /analytics/:slug,133.700000,0.000000,38,40,42,44,49,55,68,93,120,120,120,93500,0,37,38.135789174333496,25.618700001359684,146.61619999969844,87.09966844919786
1746381537,200,GET,GET /pastes/:slug,133.400000,0.000000,40,44,45,47,51,57,70,85,110,110,110,93501,0,39,40.86366473299252,26.439199999003904,401.554700001725,2903.6383888942364
1746381537,200,POST,POST /pastes,16.300000,0.000000,45,48,50,51,56,59,61,75,75,75,75,10408,0,42,44.04529705034455,29.940599999463302,138.54510000055598,2870.191967717141
1746381537,200,,Aggregated,283.400000,0.000000,39,42,45,46,51,57,70,87,120,120,120,197409,0,38,39.73939007694537,25.618700001359684,401.554700001725,1567.8609891139715
1746381538,200,GET,GET /analytics/:slug,133.500000,0.000000,38,40,42,43,48,55,68,93,120,120,120,93636,0,37,38.135043106286,25.618700001359684,146.61619999969844,87.09958776538939
1746381538,200,GET,GET /pastes/:slug,133.300000,0.000000,40,43,45,47,51,57,70,85,110,110,110,93643,0,39,40.86294610595064,26.439199999003904,401.554700001725,2903.6038144869344
1746381538,200,POST,POST /pastes,16.200000,0.000000,45,48,50,51,56,59,61,75,75,75,75,10427,0,42,44.043929078352654,29.940599999463302,138.54510000055598,2869.9815862664236
1746381538,200,,Aggregated,283.000000,0.000000,39,42,44,46,51,57,70,87,120,120,120,197706,0,38,39.73874241044643,25.618700001359684,401.554700001725,1567.8994415950958
1746381539,200,GET,GET /analytics/:slug,134.600000,0.000000,37,39,41,43,47,52,59,65,89,93,93,93777,0,37,38.13497332288509,25.618700001359684,146.61619999969844,87.09961930963883
1746381539,200,GET,GET /pastes/:slug,134.500000,0.000000,40,43,45,46,51,56,68,80,99,110,110,93780,0,39,40.866331276386475,26.439199999003904,401.554700001725,2903.625677116656
1746381539,200,POST,POST /pastes,16.200000,0.000000,44,46,49,51,56,59,75,110,120,120,120,10443,0,42,44.056882485874205,29.940599999463302,138.54510000055598,2869.930671263047
1746381539,200,,Aggregated,285.300000,0.000000,39,42,44,45,50,55,64,75,110,120,120,198000,0,38,39.74097961717028,25.618700001359684,401.554700001725,1567.8820353535355
1746381540,200,GET,GET /analytics/:slug,133.200000,0.000000,37,39,41,42,46,52,59,65,89,93,93,93907,0,37,38.133919905866314,25.618700001359684,146.61619999969844,87.09958789014664
1746381540,200,GET,GET /pastes/:slug,133.300000,0.000000,40,43,45,46,51,56,68,80,99,110,110,93908,0,39,40.86541560036963,26.439199999003904,401.554700001725,2903.673212079908
1746381540,200,POST,POST /pastes,16.900000,0.000000,44,46,50,51,56,59,75,110,120,120,120,10462,0,42,44.05485627986814,29.940599999463302,138.54510000055598,2870.7873255591667
1746381540,200,,Aggregated,283.400000,0.000000,39,42,44,45,50,55,64,75,110,120,120,198277,0,38,39.740027190242394,25.618700001359684,401.554700001725,1567.9659365433206
1746381541,200,GET,GET /analytics/:slug,133.700000,0.000000,37,39,41,42,46,51,59,66,89,93,93,94030,0,37,38.13323787940206,25.618700001359684,146.61619999969844,87.09958523875359
1746381541,200,GET,GET /pastes/:slug,133.800000,0.000000,40,43,45,46,51,57,72,85,99,110,110,94040,0,39,40.86722617715358,26.439199999003904,401.554700001725,2904.0268183751596
1746381541,200,POST,POST /pastes,17.000000,0.000000,43,47,50,51,54,59,75,110,120,120,120,10476,0,42,44.06019030164025,29.940599999463302,138.54510000055598,2870.865502100038
1746381541,200,,Aggregated,284.500000,0.000000,38,41,43,45,50,55,65,77,110,120,120,198546,0,38,39.740900653247586,25.618700001359684,401.554700001725,1568.200029212374
1746381542,200,GET,GET /analytics/:slug,133.700000,0.000000,37,39,41,42,46,50,59,64,89,93,93,94174,0,37,38.13229576953491,25.618700001359684,146.61619999969844,87.09957100685965
1746381542,200,GET,GET /pastes/:slug,134.300000,0.000000,40,43,45,46,51,57,71,85,99,110,110,94177,0,39,40.866817811137715,26.439199999003904,401.554700001725,2903.8891342896886
1746381542,200,POST,POST /pastes,17.100000,0.000000,43,47,50,51,56,60,75,110,120,120,120,10487,0,42,44.06277270906692,29.940599999463302,138.54510000055598,2870.9762563173454
1746381542,200,,Aggregated,285.100000,0.000000,38,41,43,45,50,55,64,77,110,120,120,198838,0,38,39.74024794153876,25.618700001359684,401.554700001725,1568.060481396916
1746381543,200,GET,GET /analytics/:slug,132.400000,0.000000,37,40,41,43,48,56,66,75,89,93,93,94314,0,37,38.1444463833596,25.618700001359684,146.61619999969844,87.09953983501919
1746381543,200,GET,GET /pastes/:slug,132.200000,0.000000,40,44,46,48,54,63,83,90,110,110,110,94317,0,39,40.88367220330937,26.439199999003904,401.554700001725,2903.951673611332
1746381543,200,POST,POST /pastes,16.800000,0.000000,44,48,50,52,58,68,100,110,120,120,120,10500,0,42,44.0775130476177,29.940599999463302,138.54510000055598,2871.6086666666665
1746381543,200,,Aggregated,281.400000,0.000000,39,42,44,46,52,59,75,85,110,120,120,199131,0,38,39.75470677292686,25.618700001359684,401.554700001725,1568.10645755809
1746381544,200,GET,GET /analytics/:slug,133.000000,0.000000,38,40,42,43,49,56,66,75,89,93,93,94453,0,37,38.15015659322821,25.618700001359684,146.61619999969844,87.09955215821626
1746381544,200,GET,GET /pastes/:slug,132.700000,0.000000,41,44,47,49,55,64,83,90,110,110,110,94459,0,39,40.89253711451018,26.439199999003904,401.554700001725,2903.6779025820724
1746381544,200,POST,POST /pastes,16.300000,0.000000,45,48,51,52,60,69,100,110,120,120,120,10510,0,42,44.08492894386184,29.940599999463302,138.54510000055598,2871.531969552807
1746381544,200,,Aggregated,282.000000,0.000000,39,42,45,47,53,61,76,85,110,120,120,199422,0,38,39.76189942533775,25.618700001359684,401.554700001725,1567.9570258045753
1746381545,200,GET,GET /analytics/:slug,134.200000,0.000000,38,40,42,43,48,54,64,71,82,85,85,94590,0,37,38.15039922613587,25.618700001359684,146.61619999969844,87.09949254678084
1746381545,200,GET,GET /pastes/:slug,134.300000,0.000000,41,44,47,48,55,62,76,89,110,110,110,94597,0,39,40.89427636393886,26.439199999003904,401.554700001725,2903.3335518039685
1746381545,200,POST,POST /pastes,16.300000,0.000000,44,48,50,52,61,69,100,110,120,120,120,10525,0,42,44.087845444179436,29.940599999463302,138.54510000055598,2871.167790973872
1746381545,200,,Aggregated,284.800000,0.000000,39,42,45,47,52,59,71,82,110,120,120,199712,0,38,39.762992195259756,25.618700001359684,401.554700001725,1567.779732815254
1746381546,200,GET,GET /analytics/:slug,134.400000,0.000000,38,41,43,44,50,56,65,71,82,85,85,94721,0,37,38.156733863664776,25.618700001359684,146.61619999969844,87.09950275018211
1746381546,200,GET,GET /pastes/:slug,134.300000,0.000000,41,45,47,49,56,64,76,89,110,110,110,94726,0,39,40.901501034557874,26.439199999003904,401.554700001725,2903.5009606654985
1746381546,200,POST,POST /pastes,15.800000,0.000000,45,48,52,53,62,69,100,110,120,120,120,10542,0,42,44.09274334092065,29.940599999463302,138.54510000055598,2871.5496110794916
1746381546,200,,Aggregated,284.500000,0.000000,40,43,45,47,54,60,71,82,110,120,120,199989,0,38,39.76971371225275,25.618700001359684,401.554700001725,1567.8815334843416
1746381547,200,GET,GET /analytics/:slug,133.400000,0.000000,38,41,43,45,50,57,66,71,82,85,85,94846,0,37,38.158297025706915,25.618700001359684,146.61619999969844,87.09957193766738
1746381547,200,GET,GET /pastes/:slug,134.100000,0.000000,41,45,48,50,57,65,76,89,110,110,110,94854,0,39,40.90393854554919,26.439199999003904,401.554700001725,2903.6174858203135
1746381547,200,POST,POST /pastes,15.400000,0.000000,44,48,52,54,63,69,100,110,120,120,120,10555,0,42,44.093108432021616,29.940599999463302,138.54510000055598,2872.1466603505446
1746381547,200,,Aggregated,282.900000,0.000000,40,43,46,48,54,62,72,82,110,120,120,200255,0,38,39.77162510798593,25.618700001359684,401.554700001725,1567.9822576215327
1746381548,200,GET,GET /analytics/:slug,135.200000,0.000000,38,41,43,45,50,55,64,71,82,85,85,94982,0,37,38.15585267629856,25.618700001359684,146.61619999969844,87.09957676191279
1746381548,200,GET,GET /pastes/:slug,135.200000,0.000000,41,45,47,49,56,63,73,84,110,110,110,94986,0,39,40.901126222806774,26.439199999003904,401.554700001725,2903.76514433706
1746381548,200,POST,POST /pastes,15.000000,0.000000,44,47,51,53,61,68,73,82,100,100,100,10576,0,42,44.0890105711032,29.940599999463302,138.54510000055598,2872.731089258699
1746381548,200,,Aggregated,285.400000,0.000000,40,43,46,47,53,59,70,79,110,110,110,200544,0,38,39.769023007917006,25.618700001359684,401.554700001725,1568.094443114728
1746381549,200,GET,GET /analytics/:slug,133.800000,0.000000,38,41,43,45,50,56,65,71,82,85,85,95124,0,37,38.155849232582675,25.618700001359684,146.61619999969844,87.09959631638704
1746381549,200,GET,GET /pastes/:slug,133.700000,0.000000,41,45,47,49,56,64,76,84,110,110,110,95125,0,39,40.90196428593472,26.439199999003904,401.554700001725,2903.574444152431
1746381549,200,POST,POST /pastes,14.800000,0.000000,45,47,52,53,61,68,73,82,100,100,100,10590,0,42,44.09033902738335,29.940599999463302,138.54510000055598,2872.0101983002833
1746381549,200,,Aggregated,282.300000,0.000000,40,43,46,47,54,60,71,80,110,110,110,200839,0,38,39.769432457838036,25.618700001359684,401.554700001725,1567.934360358297
1746381550,200,GET,GET /analytics/:slug,134.200000,0.000000,38,41,43,45,50,56,65,71,82,85,85,95264,0,37,38.15368391207802,25.618700001359684,146.61619999969844,87.09967038965401
1746381550,200,GET,GET /pastes/:slug,134.100000,0.000000,41,44,47,49,56,63,76,84,110,110,110,95270,0,39,40.898640626635206,26.439199999003904,401.554700001725,2903.5431090584652
1746381550,200,POST,POST /pastes,15.000000,0.000000,44,47,51,53,61,68,73,82,100,100,100,10600,0,42,44.086538566037085,29.940599999463302,138.54510000055598,2871.170283018868
1746381550,200,,Aggregated,283.300000,0.000000,40,43,45,47,54,60,70,79,110,110,110,201134,0,38,39.76654044318585,25.618700001359684,401.554700001725,1567.8722642616365
1746381551,200,GET,GET /analytics/:slug,133.900000,0.000000,38,41,43,45,50,55,65,71,82,85,85,95398,0,37,38.15237534854177,25.618700001359684,146.61619999969844,87.09967714207845
1746381551,200,GET,GET /pastes/:slug,133.800000,0.000000,41,44,47,49,55,62,72,80,110,110,110,95401,0,39,40.8966756700614,26.439199999003904,401.554700001725,2903.4300164568504
1746381551,200,POST,POST /pastes,14.800000,0.000000,43,46,49,51,61,68,73,73,82,82,82,10618,0,42,44.088063053305056,29.940599999463302,138.54510000055598,2872.015916368431
1746381551,200,,Aggregated,282.500000,0.000000,40,43,45,47,53,59,69,76,110,110,110,201417,0,38,39.765119689995004,25.618700001359684,401.554700001725,1567.8633233540365
1746381552,200,GET,GET /analytics/:slug,135.400000,0.000000,37,40,42,44,48,52,58,64,71,78,78,95522,0,37,38.15144901070116,25.618700001359684,146.61619999969844,87.09965243608802
1746381552,200,GET,GET /pastes/:slug,135.300000,0.000000,40,43,46,47,53,59,67,71,84,89,89,95525,0,39,40.89667171001864,26.439199999003904,401.554700001725,2903.277623658728
1746381552,200,POST,POST /pastes,13.800000,0.000000,43,46,47,49,54,62,73,73,82,82,82,10635,0,42,44.08495939821249,29.940599999463302,138.54510000055598,2871.652186177715
1746381552,200,,Aggregated,284.500000,0.000000,39,42,44,46,50,56,63,69,82,89,89,201682,0,38,39.76458395245847,25.618700001359684,401.554700001725,1567.7926091569898
1746381553,200,GET,GET /analytics/:slug,136.000000,0.000000,37,39,41,42,47,50,56,60,71,71,71,95672,0,37,38.15025304164455,25.618700001359684,146.61619999969844,87.09962162388159
1746381553,200,GET,GET /pastes/:slug,136.000000,0.000000,40,42,45,46,50,56,63,68,79,80,80,95678,0,39,40.895112807537004,26.439199999003904,401.554700001725,2903.608959217375
1746381553,200,POST,POST /pastes,14.100000,0.000000,43,45,46,48,52,60,73,73,73,73,73,10645,0,42,44.082810342882915,29.940599999463302,138.54510000055598,2871.607891028652
1746381553,200,,Aggregated,286.100000,0.000000,39,41,43,45,49,54,60,66,76,80,80,201995,0,38,39.763039324239415,25.618700001359684,401.554700001725,1567.9237555385034
1746381554,200,GET,GET /analytics/:slug,134.400000,0.000000,37,39,41,42,47,52,59,67,79,88,88,95801,0,37,38.1521818039501,25.618700001359684,146.61619999969844,87.0996440538199
1746381554,200,GET,GET /pastes/:slug,134.500000,0.000000,40,42,44,45,50,55,64,70,84,87,87,95808,0,39,40.8954258600486,26.439199999003904,401.554700001725,2903.364353707415
1746381554,200,POST,POST /pastes,14.600000,0.000000,43,45,46,48,52,56,73,73,73,73,73,10661,0,42,44.08380159459658,29.940599999463302,138.54510000055598,2871.1753118844385
1746381554,200,,Aggregated,283.500000,0.000000,38,41,43,44,49,54,63,69,84,88,88,202270,0,38,39.76419409007647,25.618700001359684,401.554700001725,1567.8022692440798
1746381555,200,GET,GET /analytics/:slug,135.500000,0.000000,37,39,40,42,45,49,56,65,79,88,88,95943,0,37,38.152595423326744,25.618700001359684,146.61619999969844,87.09968418748632
1746381555,200,GET,GET /pastes/:slug,135.300000,0.000000,39,42,43,45,48,53,60,68,84,87,87,95948,0,39,40.8948851596651,26.439199999003904,401.554700001725,2903.1575228248635
1746381555,200,POST,POST /pastes,14.300000,0.000000,43,45,46,47,50,53,65,73,73,73,73,10682,0,42,44.08359651750523,29.940599999463302,138.54510000055598,2869.279535667478
1746381555,200,,Aggregated,285.100000,0.000000,38,41,42,44,47,52,58,65,84,88,88,202573,0,38,39.76422268515443,25.618700001359684,401.554700001725,1567.6245452256717
1746381556,200,GET,GET /analytics/:slug,134.500000,0.000000,37,39,40,42,45,49,56,65,79,88,88,96068,0,37,38.15236505288172,25.618700001359684,146.61619999969844,87.09968980305617
1746381556,200,GET,GET /pastes/:slug,134.300000,0.000000,39,42,43,45,48,53,59,68,84,87,87,96075,0,39,40.895082926875276,26.439199999003904,401.554700001725,2903.091293260474
1746381556,200,POST,POST /pastes,14.800000,0.000000,43,45,46,47,50,53,60,73,73,73,73,10704,0,42,44.0792233464116,29.940599999463302,138.54510000055598,2869.6019245142
1746381556,200,,Aggregated,283.600000,0.000000,38,41,42,44,47,52,58,65,84,88,88,202847,0,38,39.76415971051967,25.618700001359684,401.554700001725,1567.675183759188
1746381557,200,GET,GET /analytics/:slug,134.500000,0.000000,37,39,41,42,45,49,55,61,79,88,88,96193,0,37,38.153552270957825,25.618700001359684,146.61619999969844,87.09971619556516
1746381557,200,GET,GET /pastes/:slug,134.500000,0.000000,39,42,44,45,49,53,57,62,84,87,87,96198,0,39,40.89580074429352,26.439199999003904,401.554700001725,2903.150959479407
1746381557,200,POST,POST /pastes,15.700000,0.000000,43,45,46,47,50,54,60,73,79,79,79,10728,0,42,44.07841470917095,29.940599999463302,138.54510000055598,2869.700596569724
1746381557,200,,Aggregated,284.700000,0.000000,38,41,43,44,47,52,57,62,84,88,88,203119,0,38,39.76522199597176,25.618700001359684,401.554700001725,1567.7600175266716
1746381558,200,GET,GET /analytics/:slug,133.400000,0.000000,37,39,40,42,45,49,54,60,79,88,88,96338,0,37,38.152422365009116,25.618700001359684,146.61619999969844,87.09969067242417
1746381558,200,GET,GET /pastes/:slug,133.800000,0.000000,39,42,44,45,48,52,57,59,84,87,87,96344,0,39,40.89424119508802,26.439199999003904,401.554700001725,2903.100732790833
1746381558,200,POST,POST /pastes,16.100000,0.000000,43,44,46,47,50,52,65,73,79,79,79,10740,0,42,44.07494879888136,29.940599999463302,138.54510000055598,2870.1141527001864
1746381558,200,,Aggregated,283.300000,0.000000,38,41,43,44,47,51,55,61,84,88,88,203422,0,38,39.76368234310843,25.618700001359684,401.554700001725,1567.7378700435547
1746381559,200,GET,GET /analytics/:slug,134.500000,0.000000,37,39,41,42,46,50,54,61,79,88,88,96473,0,37,38.152006790503634,25.618700001359684,146.61619999969844,87.09969628808061
1746381559,200,GET,GET /pastes/:slug,134.700000,0.000000,39,42,44,45,48,52,57,62,84,87,87,96477,0,39,40.893253028178385,26.439199999003904,401.554700001725,2903.19405661453
1746381559,200,POST,POST /pastes,17.400000,0.000000,43,45,46,47,50,52,54,73,79,79,79,10755,0,42,44.07395014411753,29.940599999463302,138.54510000055598,2870.594328219433
1746381559,200,,Aggregated,286.600000,0.000000,38,41,43,44,48,51,56,62,84,88,88,203705,0,38,39.762952589773484,25.618700001359684,401.554700001725,1567.7939373113081
1746381560,200,GET,GET /analytics/:slug,134.500000,0.000000,37,39,41,42,46,50,53,61,79,88,88,96595,0,37,38.150910819403286,25.618700001359684,146.61619999969844,87.09974636368342
1746381560,200,GET,GET /pastes/:slug,134.700000,0.000000,40,42,44,45,49,52,57,62,84,87,87,96602,0,39,40.893565409614425,26.439199999003904,401.554700001725,2903.1358149934786
1746381560,200,POST,POST /pastes,16.100000,0.000000,43,45,47,48,50,52,54,65,79,79,79,10776,0,42,44.07238525426774,29.940599999463302,138.54510000055598,2870.835838901262
1746381560,200,,Aggregated,285.300000,0.000000,39,41,43,44,48,51,56,62,84,88,88,203973,0,38,39.76267182323064,25.618700001359684,401.554700001725,1567.8460041279973
1746381561,200,GET,GET /analytics/:slug,135.000000,0.000000,37,39,41,42,46,50,53,61,79,88,88,96737,0,37,38.151349801009665,25.618700001359684,146.61619999969844,87.09970331930906
1746381561,200,GET,GET /pastes/:slug,135.100000,0.000000,40,42,44,45,49,53,58,63,84,87,87,96745,0,39,40.89427735696494,26.439199999003904,401.554700001725,2903.1912656984855
1746381561,200,POST,POST /pastes,16.300000,0.000000,43,45,46,47,50,53,54,65,79,79,79,10791,0,42,44.07084737280908,29.940599999463302,138.54510000055598,2871.1456769530164
1746381561,200,,Aggregated,286.400000,0.000000,39,41,43,44,48,52,57,62,84,88,88,204273,0,38,39.76312338194394,25.618700001359684,401.554700001725,1567.889716213107
1746381562,200,GET,GET /analytics/:slug,132.400000,0.000000,37,40,41,42,46,50,54,61,79,88,88,96872,0,37,38.15143482430697,25.618700001359684,146.61619999969844,87.09973986291189
1746381562,200,GET,GET /pastes/:slug,132.000000,0.000000,40,42,44,46,49,53,58,63,84,87,87,96878,0,39,40.894030997745446,26.439199999003904,401.554700001725,2903.131464315944
1746381562,200,POST,POST /pastes,17.300000,0.000000,43,45,47,48,50,54,60,65,79,79,79,10804,0,42,44.07531856719575,29.940599999463302,138.54510000055598,2871.7421325435025
1746381562,200,,Aggregated,281.700000,0.000000,39,41,43,45,48,52,57,62,84,88,88,204554,0,38,39.76322863938047,25.618700001359684,401.554700001725,1567.866666014842
1746381563,200,GET,GET /analytics/:slug,133.600000,0.000000,37,40,41,42,46,50,53,57,65,65,65,97030,0,37,38.152267294653775,25.618700001359684,146.61619999969844,87.09971142945481
1746381563,200,GET,GET /pastes/:slug,133.800000,0.000000,40,43,45,46,50,53,57,61,68,75,75,97036,0,39,40.89559761840543,26.439199999003904,401.554700001725,2903.119265015046
1746381563,200,POST,POST /pastes,17.200000,0.000000,43,46,47,48,54,56,60,65,79,79,79,10814,0,42,44.078638376177516,29.940599999463302,138.54510000055598,2871.3718328093214
1746381563,200,,Aggregated,284.700000,0.000000,39,41,43,45,48,52,56,59,68,79,79,204880,0,38,39.764379644181155,25.618700001359684,401.554700001725,1567.792761616556
1746381564,200,GET,GET /analytics/:slug,133.400000,0.000000,37,39,41,42,46,50,52,55,61,65,65,97161,0,37,38.150093863795796,25.618700001359684,146.61619999969844,87.0997210815039
1746381564,200,GET,GET /pastes/:slug,133.400000,0.000000,40,43,45,46,49,53,57,61,69,75,75,97164,0,39,40.89365715799666,26.439199999003904,401.554700001725,2902.9279980239594
1746381564,200,POST,POST /pastes,16.800000,0.000000,43,45,47,48,54,55,60,61,79,79,79,10829,0,42,44.07625201772861,29.940599999463302,138.54510000055598,2871.2783267153013
1746381564,200,,Aggregated,283.600000,0.000000,39,41,43,44,48,52,56,59,69,79,79,205154,0,38,39.762297138246566,25.618700001359684,401.554700001725,1567.6802060890843
1746381565,200,GET,GET /analytics/:slug,134.000000,0.000000,37,40,41,42,46,51,55,61,82,98,98,97304,0,37,38.1536512538053,25.618700001359684,146.61619999969844,87.09965674586861
1746381565,200,GET,GET /pastes/:slug,134.100000,0.000000,40,43,45,46,50,54,59,66,74,86,86,97306,0,39,40.89603977041081,26.439199999003904,401.554700001725,2902.851746038271
1746381565,200,POST,POST /pastes,16.800000,0.000000,43,46,47,48,55,60,76,79,84,84,84,10840,0,42,44.08555519372569,29.940599999463302,138.54510000055598,2871.0886531365313
1746381565,200,,Aggregated,284.900000,0.000000,39,41,43,45,49,52,58,64,84,98,98,205450,0,38,39.76549207008933,25.618700001359684,401.554700001725,1567.5961937211
1746381566,200,GET,GET /analytics/:slug,135.100000,0.000000,37,40,41,42,46,51,53,59,82,98,98,97437,0,37,38.153910790565,25.618700001359684,146.61619999969844,87.09966439853444
1746381566,200,GET,GET /pastes/:slug,135.400000,0.000000,40,42,45,46,49,53,58,66,74,86,86,97441,0,39,40.89526449543394,26.439199999003904,401.554700001725,2902.7366201085783
1746381566,200,POST,POST /pastes,16.600000,0.000000,43,47,48,50,55,60,63,76,84,84,84,10853,0,42,44.08747824564492,29.940599999463302,138.54510000055598,2871.1008016216715
1746381566,200,,Aggregated,287.100000,0.000000,39,41,43,45,48,52,57,63,84,98,98,205731,0,38,39.76532207008106,25.618700001359684,401.554700001725,1567.5437634581078
1746381567,200,GET,GET /analytics/:slug,136.000000,0.000000,37,39,41,42,46,50,53,59,82,98,98,97575,0,37,38.15089596618275,25.618700001359684,146.61619999969844,87.09965667435306
1746381567,200,GET,GET /pastes/:slug,135.700000,0.000000,40,42,44,46,49,52,57,66,74,86,86,97578,0,39,40.89249984217315,26.439199999003904,401.554700001725,2902.6380844042715
1746381567,200,POST,POST /pastes,16.000000,0.000000,44,47,48,50,55,60,63,76,84,84,84,10868,0,42,44.08531766654271,29.940599999463302,138.54510000055598,2872.075082811925
1746381567,200,,Aggregated,287.700000,0.000000,39,41,43,44,48,52,57,63,84,98,98,206021,0,38,39.762457496565155,25.618700001359684,401.554700001725,1567.5396197475015
1746381568,200,GET,GET /analytics/:slug,136.500000,0.000000,37,40,41,42,46,51,56,64,84,98,98,97712,0,37,38.15373568548656,25.618700001359684,146.61619999969844,87.09967046012773
1746381568,200,GET,GET /pastes/:slug,136.700000,0.000000,40,42,45,46,50,54,59,67,74,86,86,97718,0,39,40.894580079407845,26.439199999003904,401.554700001725,2902.6655273337565
1746381568,200,POST,POST /pastes,15.000000,0.000000,44,47,48,50,55,60,63,76,84,84,84,10879,0,42,44.08300980788553,29.940599999463302,138.54510000055598,2872.548763673132
1746381568,200,,Aggregated,288.200000,0.000000,39,41,43,45,49,53,59,65,84,98,98,206309,0,38,39.7645932130922,25.618700001359684,401.554700001725,1567.5700575350565
1746381569,200,GET,GET /analytics/:slug,138.000000,0.000000,38,40,42,43,47,51,58,64,84,98,98,97835,0,37,38.15743629069626,25.618700001359684,146.61619999969844,87.09967802933511
1746381569,200,GET,GET /pastes/:slug,137.500000,0.000000,40,42,45,46,51,55,61,67,81,86,86,97844,0,39,40.8988261242343,26.439199999003904,401.554700001725,2902.59330158211
1746381569,200,POST,POST /pastes,14.000000,0.000000,44,47,48,51,55,59,63,76,84,84,84,10895,0,42,44.08300259752054,29.940599999463302,138.54510000055598,2871.668288205599
1746381569,200,,Aggregated,289.500000,0.000000,39,41,43,45,49,54,61,66,84,98,98,206574,0,38,39.768421176429996,25.618700001359684,401.554700001725,1567.5233185202396
1746381570,200,GET,GET /analytics/:slug,137.000000,0.000000,38,40,42,43,47,53,63,67,98,100,100,97975,0,37,38.162152944121125,25.618700001359684,146.61619999969844,87.09962745598366
1746381570,200,GET,GET /pastes/:slug,136.800000,0.000000,40,43,45,47,52,58,68,80,88,91,91,97980,0,39,40.90635787098968,26.439199999003904,401.554700001725,2902.693121045111
1746381570,200,POST,POST /pastes,14.100000,0.000000,44,47,51,53,59,75,84,84,90,90,90,10915,0,42,44.10200557031457,29.940599999463302,138.54510000055598,2871.5989922125514
1746381570,200,,Aggregated,287.900000,0.000000,39,42,44,45,51,57,65,76,91,100,100,206870,0,38,39.77529496640325,25.618700001359684,401.554700001725,1567.568816164741
1746381571,200,GET,GET /analytics/:slug,135.200000,0.000000,37,40,41,43,47,52,63,67,98,100,100,98090,0,37,38.15970965134323,25.618700001359684,146.61619999969844,87.09955143235804
1746381571,200,GET,GET /pastes/:slug,135.200000,0.000000,40,42,45,46,51,58,68,80,88,91,91,98098,0,39,40.90383026564837,26.439199999003904,401.554700001725,2902.678301290546
1746381571,200,POST,POST /pastes,13.700000,0.000000,43,46,48,51,58,75,84,84,90,90,90,10936,0,42,44.09424889356157,29.940599999463302,138.54510000055598,2870.491770299927
1746381571,200,,Aggregated,284.100000,0.000000,39,41,43,45,50,56,65,76,91,100,100,207124,0,38,39.77271859851991,25.618700001359684,401.554700001725,1567.5741536470907
1746381572,200,GET,GET /analytics/:slug,137.500000,0.000000,37,40,42,43,47,52,63,67,98,100,100,98245,0,37,38.157985021123224,25.618700001359684,146.61619999969844,87.09955722937553
1746381572,200,GET,GET /pastes/:slug,137.900000,0.000000,40,42,45,46,51,57,69,80,88,91,91,98248,0,39,40.90110386877666,26.439199999003904,401.554700001725,2902.615310235323
1746381572,200,POST,POST /pastes,13.900000,0.000000,44,46,48,50,58,75,84,84,90,90,90,10946,0,42,44.0955604969842,29.940599999463302,138.54510000055598,2870.292801023205
1746381572,200,,Aggregated,289.300000,0.000000,39,41,43,45,50,56,65,76,91,100,100,207439,0,38,39.77050070864121,25.618700001359684,401.554700001725,1567.4558303886927
1746381573,200,GET,GET /analytics/:slug,134.700000,0.000000,37,40,41,43,47,52,63,67,98,100,100,98375,0,37,38.15656334434809,25.618700001359684,146.61619999969844,87.0995578144854
1746381573,200,GET,GET /pastes/:slug,134.400000,0.000000,39,42,44,46,51,58,68,80,88,91,91,98379,0,39,40.898810655725015,26.439199999003904,401.554700001725,2902.966954329684
1746381573,200,POST,POST /pastes,14.100000,0.000000,43,46,48,51,59,75,84,84,90,90,90,10958,0,42,44.09694141266588,29.940599999463302,138.54510000055598,2869.8768023361927
1746381573,200,,Aggregated,283.100000,0.000000,38,41,43,45,50,56,65,76,91,100,100,207712,0,38,39.76876779627473,25.618700001359684,401.554700001725,1567.5912561623786
1746381574,200,GET,GET /analytics/:slug,136.800000,0.000000,37,39,41,42,46,51,59,64,88,100,100,98520,0,37,38.15395393219892,25.618700001359684,146.61619999969844,87.09960414129111
1746381574,200,GET,GET /pastes/:slug,136.700000,0.000000,39,41,44,45,50,56,67,77,88,91,91,98523,0,39,40.895994815419456,26.439199999003904,401.554700001725,2903.1117404057936
1746381574,200,POST,POST /pastes,14.200000,0.000000,43,45,47,50,56,63,84,84,90,90,90,10972,0,42,44.09675288005767,29.940599999463302,138.54510000055598,2869.9910681735328
1746381574,200,,Aggregated,287.700000,0.000000,38,41,42,44,49,55,64,72,90,100,100,208015,0,38,39.7661380727342,25.618700001359684,401.554700001725,1567.645953416821
1746381575,200,GET,GET /analytics/:slug,134.200000,0.000000,37,39,41,42,45,50,59,64,88,100,100,98655,0,37,38.15380021286536,25.618700001359684,146.61619999969844,87.0996198874867
1746381575,200,GET,GET /pastes/:slug,134.500000,0.000000,39,42,43,45,50,57,67,77,88,91,91,98661,0,39,40.89499342495586,26.439199999003904,401.554700001725,2903.1775473591388
1746381575,200,POST,POST /pastes,14.400000,0.000000,43,45,47,47,55,63,84,84,90,90,90,10987,0,42,44.09590601620006,29.940599999463302,138.54510000055598,2869.4749249112588
1746381575,200,,Aggregated,283.100000,0.000000,38,41,42,44,48,55,64,72,90,100,100,208303,0,38,39.765561829161385,25.618700001359684,401.554700001725,1567.6688957912272
1746381576,200,GET,GET /analytics/:slug,134.500000,0.000000,37,40,42,43,47,51,61,64,88,100,100,98796,0,37,38.15873336167706,25.618700001359684,146.61619999969844,87.09963966152476
1746381576,200,GET,GET /pastes/:slug,134.600000,0.000000,40,42,44,47,53,59,68,77,88,91,91,98799,0,39,40.90120898996502,26.439199999003904,401.554700001725,2903.208382675938
1746381576,200,POST,POST /pastes,14.400000,0.000000,44,46,49,51,59,66,84,84,90,90,90,11012,0,42,44.10977737014047,29.940599999463302,138.54510000055598,2870.3695059934616
1746381576,200,,Aggregated,283.500000,0.000000,39,41,43,45,50,57,64,72,90,100,100,208607,0,38,39.77175088371822,25.618700001359684,401.554700001725,1567.7694899979388
1746381577,200,GET,GET /analytics/:slug,134.800000,0.000000,37,40,41,43,47,51,59,63,88,100,100,98931,0,37,38.157677505536505,25.618700001359684,146.61619999969844,87.09965531532077
1746381577,200,GET,GET /pastes/:slug,135.100000,0.000000,39,42,44,46,51,57,65,77,88,91,91,98935,0,39,40.89800440692934,26.439199999003904,401.554700001725,2903.159882751301
1746381577,200,POST,POST /pastes,14.400000,0.000000,43,46,49,51,59,66,84,84,90,90,90,11024,0,42,44.11038037010001,29.940599999463302,138.54510000055598,2870.187681422351
1746381577,200,,Aggregated,284.300000,0.000000,39,41,43,45,49,56,63,72,90,100,100,208890,0,38,39.76970698692989,25.618700001359684,401.554700001725,1567.7242950835368
1746381578,200,GET,GET /analytics/:slug,133.800000,0.000000,37,39,41,42,46,50,57,63,88,100,100,99064,0,37,38.155299547769395,25.618700001359684,146.61619999969844,87.0997436000969
1746381578,200,GET,GET /pastes/:slug,133.700000,0.000000,39,42,43,45,50,56,64,77,88,91,91,99070,0,39,40.89473722216157,26.439199999003904,401.554700001725,2903.213303724639
1746381578,200,POST,POST /pastes,15.700000,0.000000,43,46,48,50,59,66,84,84,90,90,90,11036,0,42,44.106770197533486,29.940599999463302,138.54510000055598,2869.796031170714
1746381578,200,,Aggregated,283.200000,0.000000,38,41,43,44,49,55,63,70,90,100,100,209170,0,38,39.76679508007734,25.618700001359684,401.554700001725,1567.7241478223455
1746381579,200,GET,GET /analytics/:slug,133.700000,0.000000,36,39,40,41,45,48,53,57,64,64,64,99202,0,37,38.15168118485758,25.618700001359684,146.61619999969844,87.09975605330537
1746381579,200,GET,GET /pastes/:slug,133.700000,0.000000,38,41,43,44,48,53,58,62,70,72,72,99207,0,39,40.891242560500295,26.439199999003904,401.554700001725,2903.290231536081
1746381579,200,POST,POST /pastes,15.500000,0.000000,43,46,47,50,58,61,66,67,68,68,68,11046,0,42,44.107014321924645,29.940599999463302,138.54510000055598,2869.463154082926
1746381579,200,,Aggregated,282.900000,0.000000,38,40,42,43,47,51,57,62,68,72,72,209455,0,38,39.7633222305497,25.618700001359684,401.554700001725,1567.703201164928
1746381580,200,GET,GET /analytics/:slug,134.100000,0.000000,36,39,40,41,45,49,53,57,64,64,64,99340,0,37,38.14983008556698,25.618700001359684,146.61619999969844,87.09973827259915
1746381580,200,GET,GET /pastes/:slug,133.900000,0.000000,38,41,43,44,48,52,57,62,70,72,72,99348,0,39,40.88885190239921,26.439199999003904,401.554700001725,2903.388019889681
1746381580,200,POST,POST /pastes,15.400000,0.000000,43,46,47,50,58,61,66,67,68,68,68,11059,0,42,44.10309082195352,29.940599999463302,138.54510000055598,2869.9307351478433
1746381580,200,,Aggregated,283.400000,0.000000,38,40,42,43,47,51,57,62,68,72,72,209747,0,38,39.76107339270542,25.618700001359684,401.554700001725,1567.778537952867
1746381581,200,GET,GET /analytics/:slug,136.000000,0.000000,36,38,40,41,45,49,53,59,64,71,71,99471,0,37,38.14691056187451,25.618700001359684,146.61619999969844,87.0997677715113
1746381581,200,GET,GET /pastes/:slug,135.600000,0.000000,39,41,43,44,48,53,59,63,70,72,72,99473,0,39,40.885943451987615,26.439199999003904,401.554700001725,2903.5695816955354
1746381581,200,POST,POST /pastes,15.500000,0.000000,43,46,47,50,58,61,66,67,68,68,68,11071,0,42,44.100027142984615,29.940599999463302,138.54510000055598,2869.8354258874538
1746381581,200,,Aggregated,287.100000,0.000000,38,40,42,43,47,51,58,62,70,72,72,210015,0,38,39.75806582386866,25.618700001359684,401.554700001725,1567.805280575197
1746381582,200,GET,GET /analytics/:slug,135.100000,0.000000,36,38,40,41,44,49,54,59,64,71,71,99614,0,37,38.14408770654947,25.618700001359684,146.61619999969844,87.09980524825828
1746381582,200,GET,GET /pastes/:slug,135.100000,0.000000,38,41,43,44,48,53,59,63,70,72,72,99615,0,39,40.88228414595756,26.439199999003904,401.554700001725,2903.485820408573
1746381582,200,POST,POST /pastes,14.800000,0.000000,43,45,47,49,55,61,66,67,68,68,68,11081,0,42,44.098669912461304,29.940599999463302,138.54510000055598,2869.5722407724934
1746381582,200,,Aggregated,285.000000,0.000000,37,40,42,43,47,51,57,62,70,72,72,210310,0,38,39.754796487564896,25.618700001359684,401.554700001725,1567.7087632542436
1746381583,200,GET,GET /analytics/:slug,136.800000,0.000000,36,38,40,41,45,49,53,59,64,71,71,99738,0,37,38.142830303397226,25.618700001359684,146.61619999969844,87.09980147987727
1746381583,200,GET,GET /pastes/:slug,137.200000,0.000000,38,41,43,44,48,52,57,62,66,70,70,99741,0,39,40.88042967986664,26.439199999003904,401.554700001725,2903.484344452131
1746381583,200,POST,POST /pastes,14.000000,0.000000,43,45,47,47,53,58,63,66,67,67,67,11101,0,42,44.09276622826691,29.940599999463302,138.54510000055598,2869.8689307269615
1746381583,200,,Aggregated,288.000000,0.000000,38,40,42,43,47,50,57,61,67,71,71,210580,0,38,39.753150077879255,25.618700001359684,401.554700001725,1567.7747506885744
1746381584,200,GET,GET /analytics/:slug,135.400000,0.000000,36,38,40,41,45,49,55,60,73,74,74,99855,0,37,38.1410806849956,25.618700001359684,146.61619999969844,87.09980471683942
1746381584,200,GET,GET /pastes/:slug,135.600000,0.000000,38,41,42,43,47,51,57,62,66,70,70,99857,0,39,40.87714232251695,26.439199999003904,401.554700001725,2903.640866439008
1746381584,200,POST,POST /pastes,13.800000,0.000000,43,44,47,47,53,58,63,66,67,67,67,11127,0,42,44.085990132109586,29.940599999463302,138.54510000055598,2869.85584614002
1746381584,200,,Aggregated,284.800000,0.000000,37,40,42,43,47,51,57,61,71,74,74,210839,0,38,39.750668637679944,25.618700001359684,401.554700001725,1567.9219831245643
1746381585,200,GET,GET /analytics/:slug,136.400000,0.000000,36,38,39,40,44,48,53,57,73,74,74,99986,0,37,38.13939460724735,25.618700001359684,146.61619999969844,87.09981397395636
1746381585,200,GET,GET /pastes/:slug,136.200000,0.000000,38,40,42,43,46,50,54,57,65,75,75,99990,0,39,40.87508172316799,26.439199999003904,401.554700001725,2903.6716471647164
1746381585,200,POST,POST /pastes,14.200000,0.000000,42,43,45,46,49,53,60,61,62,62,62,11152,0,42,44.08308853120422,29.940599999463302,138.54510000055598,2870.2992288378764
1746381585,200,,Aggregated,286.800000,0.000000,37,39,41,42,45,49,54,58,73,75,75,211128,0,38,39.748965243832174,25.618700001359684,401.554700001725,1568.03676916373
1746381586,200,GET,GET /analytics/:slug,134.500000,0.000000,35,37,39,40,43,47,51,56,73,74,74,100119,0,37,38.136314365906955,25.618700001359684,146.61619999969844,87.09987115332754
1746381586,200,GET,GET /pastes/:slug,134.000000,0.000000,38,40,41,43,46,50,54,58,65,75,75,100126,0,39,40.87205409183998,26.439199999003904,401.554700001725,2903.9140882488064
1746381586,200,POST,POST /pastes,15.100000,0.000000,42,43,44,45,48,51,59,60,62,62,62,11169,0,42,44.07783576864415,29.940599999463302,138.54510000055598,2870.8479720655387
1746381586,200,,Aggregated,283.600000,0.000000,37,39,41,42,45,49,54,58,73,75,75,211414,0,38,39.74585549537778,25.618700001359684,401.554700001725,1568.2128666975698
1746381587,200,GET,GET /analytics/:slug,132.500000,0.000000,36,38,39,40,44,47,51,56,73,74,74,100253,0,37,38.1343735648831,25.618700001359684,146.61619999969844,87.09982743658544
1746381587,200,GET,GET /pastes/:slug,132.100000,0.000000,38,40,42,43,46,50,54,58,71,75,75,100257,0,39,40.869850081286806,26.439199999003904,401.554700001725,2903.723091654448
1746381587,200,POST,POST /pastes,16.300000,0.000000,42,43,45,45,48,52,54,60,62,62,62,11190,0,42,44.072319356566794,29.940599999463302,138.54510000055598,2870.4689008042897
1746381587,200,,Aggregated,280.900000,0.000000,37,39,41,42,45,49,53,58,73,75,75,211700,0,38,39.74370886254035,25.618700001359684,401.554700001725,1568.1206046291923
1746381588,200,GET,GET /analytics/:slug,133.200000,0.000000,36,38,39,40,44,48,52,57,73,74,74,100381,0,37,38.133997572252014,25.618700001359684,146.61619999969844,87.09985953517099
1746381588,200,GET,GET /pastes/:slug,132.900000,0.000000,38,40,42,43,47,51,55,58,71,75,75,100388,0,39,40.86920264473413,26.439199999003904,401.554700001725,2903.7890783759017
1746381588,200,POST,POST /pastes,15.300000,0.000000,42,43,45,45,47,51,53,59,60,60,60,11201,0,42,44.07158143022787,29.940599999463302,138.54510000055598,2870.828318900098
1746381588,200,,Aggregated,281.400000,0.000000,37,39,41,42,46,50,54,58,73,75,75,211970,0,38,39.74313397650511,25.618700001359684,401.554700001725,1568.1695381421898
1746381589,200,GET,GET /analytics/:slug,132.700000,0.000000,36,38,39,40,44,48,53,57,73,74,74,100522,0,37,38.13241423967135,25.618700001359684,146.61619999969844,87.09986868546189
1746381589,200,GET,GET /pastes/:slug,133.000000,0.000000,38,40,42,43,47,52,56,59,71,75,75,100531,0,39,40.86842468690827,26.439199999003904,401.554700001725,2903.9236653370604
1746381589,200,POST,POST /pastes,16.400000,0.000000,42,43,45,45,47,51,53,59,60,60,60,11214,0,42,44.06698533975246,29.940599999463302,138.54510000055598,2870.8231674692347
1746381589,200,,Aggregated,282.100000,0.000000,37,39,41,42,46,50,55,59,73,75,75,212267,0,38,39.74172772969804,25.618700001359684,401.554700001725,1568.2287590628785
1746381590,200,GET,GET /analytics/:slug,132.100000,0.000000,36,38,39,40,44,47,51,55,73,74,74,100652,0,37,38.12873457855032,25.618700001359684,146.61619999969844,87.09985891984263
1746381590,200,GET,GET /pastes/:slug,132.000000,0.000000,38,40,42,43,47,51,55,57,71,75,75,100656,0,39,40.86323761325271,26.439199999003904,401.554700001725,2903.907824670164
1746381590,200,POST,POST /pastes,16.600000,0.000000,41,43,45,45,47,51,52,59,60,60,60,11233,0,42,44.060056271697974,29.940599999463302,138.54510000055598,2869.983619691979
1746381590,200,,Aggregated,280.700000,0.000000,37,39,41,42,46,49,54,57,73,75,75,212541,0,38,39.737227406005424,25.618700001359684,401.554700001725,1568.1729501602044
1746381591,200,GET,GET /analytics/:slug,132.300000,0.000000,36,38,39,40,44,47,51,56,73,74,74,100784,0,37,38.127181279768934,25.618700001359684,146.61619999969844,87.09983727575806
1746381591,200,GET,GET /pastes/:slug,132.300000,0.000000,38,40,42,43,47,51,55,57,71,75,75,100791,0,39,40.86145131608527,26.439199999003904,401.554700001725,2903.685259596591
1746381591,200,POST,POST /pastes,16.400000,0.000000,42,43,45,45,48,51,54,60,61,61,61,11248,0,42,44.05991883001313,29.940599999463302,138.54510000055598,2869.728929587482
1746381591,200,,Aggregated,281.000000,0.000000,37,39,41,42,46,50,54,57,73,75,75,212823,0,38,39.7356598896726,25.618700001359684,401.554700001725,1568.0745126231657
1746381592,200,GET,GET /analytics/:slug,131.800000,0.000000,36,38,39,40,44,47,52,56,73,74,74,100929,0,37,38.1240988467163,25.618700001359684,146.61619999969844,87.09979292373848
1746381592,200,GET,GET /pastes/:slug,131.600000,0.000000,38,40,42,43,47,52,56,58,71,75,75,100933,0,39,40.858935016293515,26.439199999003904,401.554700001725,2903.8785630071434
1746381592,200,POST,POST /pastes,16.900000,0.000000,42,44,45,46,49,51,54,60,61,61,61,11258,0,42,44.059214656243164,29.940599999463302,138.54510000055598,2869.9228104459053
1746381592,200,,Aggregated,280.300000,0.000000,37,39,41,42,46,50,55,57,73,75,75,213120,0,38,39.73282985688722,25.618700001359684,401.554700001725,1568.119655593093
1746381593,200,GET,GET /analytics/:slug,131.800000,0.000000,36,38,39,41,44,48,54,58,97,100,100,101051,0,37,38.12821826107819,25.618700001359684,146.61619999969844,87.09978129855222
1746381593,200,GET,GET /pastes/:slug,131.500000,0.000000,38,40,42,44,48,53,57,62,100,100,100,101058,0,39,40.86325576599145,26.439199999003904,401.554700001725,2903.7580102515385
1746381593,200,POST,POST /pastes,17.300000,0.000000,42,45,46,46,50,52,60,65,70,70,70,11276,0,42,44.062683087972935,29.940599999463302,138.54510000055598,2869.5407059240865
1746381593,200,,Aggregated,280.600000,0.000000,37,40,41,43,47,51,56,60,100,100,100,213385,0,38,39.73711506994303,25.618700001359684,401.554700001725,1568.0879068350634
1746381594,200,GET,GET /analytics/:slug,132.700000,0.000000,36,38,40,42,46,50,57,60,97,100,100,101194,0,37,38.132506033956666,25.618700001359684,146.61619999969844,87.09975887898491
1746381594,200,GET,GET /pastes/:slug,132.400000,0.000000,38,41,43,44,49,54,59,64,100,100,100,101196,0,39,40.86494164986319,26.439199999003904,401.554700001725,2903.4549586940198
1746381594,200,POST,POST /pastes,17.300000,0.000000,42,45,46,48,53,63,110,110,110,110,110,11297,0,42,44.08641202974128,29.940599999463302,138.54510000055598,2869.658847481632
1746381594,200,,Aggregated,282.400000,0.000000,38,40,42,43,48,53,59,64,110,110,110,213687,0,38,39.74127414161726,25.618700001359684,401.554700001725,1567.950025036619
1746381595,200,GET,GET /analytics/:slug,131.300000,0.000000,36,39,40,42,46,50,57,60,97,100,100,101335,0,37,38.13072913504911,25.618700001359684,146.61619999969844,87.0997286228845
1746381595,200,GET,GET /pastes/:slug,131.400000,0.000000,39,41,43,44,49,53,59,64,100,100,100,101336,0,39,40.86189581490826,26.439199999003904,401.554700001725,2903.4941284439883
1746381595,200,POST,POST /pastes,17.600000,0.000000,42,45,47,48,52,63,70,110,110,110,110,11314,0,42,44.08436020859009,29.940599999463302,138.54510000055598,2869.7383772317485
1746381595,200,,Aggregated,280.300000,0.000000,38,40,42,44,48,53,58,64,110,110,110,213985,0,38,39.73890208472436,25.618700001359684,401.554700001725,1567.9741664135336
1746381596,200,GET,GET /analytics/:slug,132.600000,0.000000,36,39,40,42,46,50,57,61,97,100,100,101463,0,37,38.130590875493596,25.618700001359684,146.61619999969844,87.09971122478144
1746381596,200,GET,GET /pastes/:slug,132.700000,0.000000,39,41,43,44,50,55,60,64,100,100,100,101471,0,39,40.86262258970087,26.439199999003904,401.554700001725,2903.528298725744
1746381596,200,POST,POST /pastes,17.500000,0.000000,43,46,48,49,58,63,110,110,110,110,110,11332,0,42,44.08738773384985,29.940599999463302,138.54510000055598,2869.9887927991526
1746381596,200,,Aggregated,282.800000,0.000000,38,40,42,44,48,53,60,64,110,110,110,214266,0,38,39.739452813791004,25.618700001359684,401.554700001725,1568.0697404161183
1746381597,200,GET,GET /analytics/:slug,133.700000,0.000000,36,39,41,42,46,51,57,61,97,100,100,101600,0,37,38.13070674508085,25.618700001359684,146.61619999969844,87.09970472440945
1746381597,200,GET,GET /pastes/:slug,134.100000,0.000000,39,41,43,44,49,55,60,65,100,100,100,101607,0,39,40.861746645403755,26.439199999003904,401.554700001725,2903.4551654905667
1746381597,200,POST,POST /pastes,16.400000,0.000000,42,46,48,49,58,63,110,110,110,110,110,11342,0,42,44.08650797919131,29.940599999463302,138.54510000055598,2869.838740962793
1746381597,200,,Aggregated,284.200000,0.000000,38,40,42,44,48,54,60,65,110,110,110,214549,0,38,39.738933624485526,25.618700001359684,401.554700001725,1567.9887112035012
1746381598,200,GET,GET /analytics/:slug,133.500000,0.000000,37,39,41,42,47,52,58,62,97,100,100,101738,0,37,38.13397762783049,25.618700001359684,146.61619999969844,87.09968743242446
1746381598,200,GET,GET /pastes/:slug,133.400000,0.000000,39,42,44,45,50,55,60,65,100,100,100,101746,0,39,40.86407685805373,26.439199999003904,401.554700001725,2903.3577339649714
1746381598,200,POST,POST /pastes,16.400000,0.000000,43,46,48,51,60,65,110,110,110,110,110,11358,0,42,44.09282179080725,29.940599999463302,138.54510000055598,2870.570787110407
1746381598,200,,Aggregated,283.300000,0.000000,38,41,43,44,49,55,61,65,110,110,110,214842,0,38,39.74193709702831,25.618700001359684,401.554700001725,1567.9910213086825
1746381599,200,GET,GET /analytics/:slug,133.900000,0.000000,37,39,41,43,47,53,57,63,97,100,100,101870,0,37,38.13392946108001,25.618700001359684,146.61619999969844,87.0996466084225
1746381599,200,GET,GET /pastes/:slug,133.400000,0.000000,39,42,44,45,50,55,62,65,100,100,100,101872,0,39,40.862229393744414,26.439199999003904,401.554700001725,2903.3939846081357
1746381599,200,POST,POST /pastes,15.500000,0.000000,44,47,50,51,60,65,110,110,110,110,110,11374,0,42,44.09014718656477,29.940599999463302,138.54510000055598,2870.3695269913837
1746381599,200,,Aggregated,282.800000,0.000000,38,41,43,44,49,55,61,65,110,110,110,215116,0,38,39.74089217491844,25.618700001359684,401.554700001725,1567.9678684988564
1746381600,200,GET,GET /analytics/:slug,134.300000,0.000000,37,40,42,43,47,53,58,63,97,100,100,102010,0,37,38.134737869818835,25.618700001359684,146.61619999969844,87.09972551710617
1746381600,200,GET,GET /pastes/:slug,134.400000,0.000000,39,42,44,46,50,56,62,65,100,100,100,102012,0,39,40.8624838254279,26.439199999003904,401.554700001725,2903.425675410736
1746381600,200,POST,POST /pastes,15.400000,0.000000,44,48,50,52,60,65,110,110,110,110,110,11383,0,42,44.08759305982485,29.940599999463302,138.54510000055598,2870.7720284634984
1746381600,200,,Aggregated,284.100000,0.000000,39,41,43,45,50,55,62,65,110,110,110,215405,0,38,39.74112663076426,25.618700001359684,401.554700001725,1567.964072328869
1746381601,200,GET,GET /analytics/:slug,131.900000,0.000000,38,40,42,43,47,53,59,64,97,100,100,102151,0,37,38.134563874071,25.618700001359684,146.61619999969844,87.09972491703459
1746381601,200,GET,GET /pastes/:slug,132.200000,0.000000,39,42,44,46,51,57,64,76,130,140,140,102153,0,39,40.866530203709644,26.439199999003904,401.554700001725,2903.3816921676307
1746381601,200,POST,POST /pastes,15.600000,0.000000,44,48,51,54,63,68,110,140,150,150,150,11395,0,42,44.10934449319753,29.940599999463302,147.90179999909014,2870.6739798157087
1746381601,200,,Aggregated,279.700000,0.000000,39,41,43,45,50,56,64,70,140,150,150,215699,0,38,39.74403439376069,25.618700001359684,401.554700001725,1567.9154933495288
1746381602,200,GET,GET /analytics/:slug,132.700000,0.000000,38,40,42,43,47,53,58,64,97,100,100,102277,0,37,38.134613443884966,25.618700001359684,146.61619999969844,87.09975849897826
1746381602,200,GET,GET /pastes/:slug,132.700000,0.000000,40,43,44,46,52,58,65,77,130,140,140,102280,0,39,40.86922094837254,26.439199999003904,401.554700001725,2903.327317168557
1746381602,200,POST,POST /pastes,15.100000,0.000000,43,48,51,55,64,73,110,140,150,150,150,11419,0,42,44.11759534109649,29.940599999463302,147.90179999909014,2870.2304054645765
1746381602,200,,Aggregated,280.500000,0.000000,39,42,44,45,50,57,65,73,140,150,150,215976,0,38,39.745974548096875,25.618700001359684,401.554700001725,1567.932460088158
1746381603,200,GET,GET /analytics/:slug,134.700000,0.000000,37,40,42,43,47,51,57,63,84,85,85,102423,0,37,38.13858154125754,25.618700001359684,146.61619999969844,87.09973345830527
1746381603,200,GET,GET /pastes/:slug,134.800000,0.000000,40,43,45,46,51,57,64,69,130,140,140,102428,0,39,40.87347297418223,26.439199999003904,401.554700001725,2903.349601671418
1746381603,200,POST,POST /pastes,14.600000,0.000000,44,48,51,54,61,73,88,140,150,150,150,11433,0,42,44.12419936149589,29.940599999463302,147.90179999909014,2870.181142307356
1746381603,200,,Aggregated,284.100000,0.000000,39,42,43,45,50,55,63,68,140,150,150,216284,0,38,39.750180310609046,25.618700001359684,401.554700001725,1567.9388674150655
1746381604,200,GET,GET /analytics/:slug,133.200000,0.000000,38,41,43,44,49,57,110,160,290,320,320,102555,0,37,38.17599275705941,25.618700001359684,317.69939999867347,87.0997318512018
1746381604,200,GET,GET /pastes/:slug,134.000000,0.000000,40,43,46,47,54,63,110,160,220,220,220,102566,0,39,40.906000891129025,26.439199999003904,401.554700001725,2903.180927402843
1746381604,200,POST,POST /pastes,15.600000,0.000000,44,48,52,55,64,76,140,140,150,150,150,11442,0,42,44.13997704072559,29.940599999463302,147.90179999909014,2870.463467925188
1746381604,200,,Aggregated,282.800000,0.000000,39,42,44,46,53,62,110,160,250,320,320,216563,0,38,39.78405102395039,25.618700001359684,401.554700001725,1567.8763731570027
1746381605,200,GET,GET /analytics/:slug,134.000000,0.000000,38,41,43,45,51,63,120,170,320,340,340,102704,0,37,38.19040675728533,25.618700001359684,338.25160000014876,87.09974295061537
1746381605,200,GET,GET /pastes/:slug,134.000000,0.000000,41,44,47,49,57,67,120,160,220,220,220,102711,0,39,40.91655868017593,26.439199999003904,401.554700001725,2902.949411455443
1746381605,200,POST,POST /pastes,15.900000,0.000000,46,50,55,57,73,95,140,140,150,150,150,11461,0,42,44.17021327109163,29.940599999463302,147.90179999909014,2871.109589041096
1746381605,200,,Aggregated,283.900000,0.000000,40,43,45,47,55,66,120,160,290,340,340,216876,0,38,39.79750183745452,25.618700001359684,401.554700001725,1567.7904240210996
1746381606,200,GET,GET /analytics/:slug,134.300000,0.000000,39,42,44,46,53,63,120,170,320,340,340,102851,0,37,38.198027390110425,25.618700001359684,338.25160000014876,87.09977540325325
1746381606,200,GET,GET /pastes/:slug,135.100000,0.000000,41,45,47,49,58,68,120,160,220,220,220,102856,0,39,40.92352887434409,26.439199999003904,401.554700001725,2903.175118612429
1746381606,200,POST,POST /pastes,14.300000,0.000000,46,51,56,59,73,88,140,140,150,150,150,11482,0,42,44.18211730534591,29.940599999463302,147.90179999909014,2871.125152412472
1746381606,200,,Aggregated,283.700000,0.000000,40,44,46,48,56,67,120,160,290,340,340,217189,0,38,39.80512305825704,25.618700001359684,401.554700001725,1567.9133749867626
1746381607,200,GET,GET /analytics/:slug,134.700000,0.000000,38,41,44,46,52,63,120,170,320,340,340,102975,0,37,38.196453553777616,25.618700001359684,338.25160000014876,87.09977178926924
1746381607,200,GET,GET /pastes/:slug,134.600000,0.000000,41,44,47,49,57,68,120,160,220,220,220,102981,0,39,40.921494766020324,26.439199999003904,401.554700001725,2903.290840057875
1746381607,200,POST,POST /pastes,14.300000,0.000000,46,50,56,59,73,88,140,140,150,150,150,11495,0,42,44.18238219225607,29.940599999463302,147.90179999909014,2870.8391474554155
1746381607,200,,Aggregated,283.600000,0.000000,40,43,46,48,56,67,120,160,290,340,340,217451,0,38,39.803416588103964,25.618700001359684,401.554700001725,1567.9541092016132
1746381608,200,GET,GET /analytics/:slug,136.500000,0.000000,38,41,44,45,52,65,120,170,320,340,340,103103,0,37,38.19685098978937,25.618700001359684,338.25160000014876,87.09972551720125
1746381608,200,GET,GET /pastes/:slug,136.600000,0.000000,41,44,47,49,58,70,120,160,220,220,220,103113,0,39,40.92386925314485,26.439199999003904,401.554700001725,2903.6212019822915
1746381608,200,POST,POST /pastes,15.000000,0.000000,46,50,56,59,74,88,140,140,150,150,150,11506,0,42,44.183556405352434,29.940599999463302,147.90179999909014,2871.448461672171
1746381608,200,,Aggregated,288.100000,0.000000,40,43,46,48,56,69,120,160,290,340,340,217722,0,38,39.80474576707822,25.618700001359684,401.554700001725,1568.1475551391225
1746381609,200,GET,GET /analytics/:slug,135.900000,0.000000,38,41,44,46,52,65,120,170,320,340,340,103243,0,37,38.19637102079806,25.618700001359684,338.25160000014876,87.09971620351985
1746381609,200,GET,GET /pastes/:slug,135.700000,0.000000,41,44,47,49,58,69,120,150,220,220,220,103250,0,39,40.92225100629076,26.439199999003904,401.554700001725,2903.6105569007264
1746381609,200,POST,POST /pastes,14.900000,0.000000,45,49,56,59,74,88,140,140,150,150,150,11523,0,42,44.176679640717396,29.940599999463302,147.90179999909014,2871.2445543695217
1746381609,200,,Aggregated,286.500000,0.000000,40,43,46,48,56,69,120,160,290,340,340,218016,0,38,39.803400801775076,25.618700001359684,401.554700001725,1568.121500256862
1746381610,200,GET,GET /analytics/:slug,136.800000,0.000000,38,41,43,45,52,65,120,170,320,340,340,103374,0,37,38.19368267553005,25.618700001359684,338.25160000014876,87.09969624857314
1746381610,200,GET,GET /pastes/:slug,137.400000,0.000000,41,44,47,49,58,70,120,160,220,220,220,103379,0,39,40.919301821448556,26.439199999003904,401.554700001725,2903.970622660308
1746381610,200,POST,POST /pastes,14.800000,0.000000,44,48,54,58,73,88,110,140,150,150,150,11541,0,42,44.170037076508585,29.940599999463302,147.90179999909014,2871.8692487652715
1746381610,200,,Aggregated,289.000000,0.000000,40,43,46,48,56,69,120,160,290,340,340,218294,0,38,39.80043727175183,25.618700001359684,401.554700001725,1568.3329179913328
1746381611,200,GET,GET /analytics/:slug,137.900000,0.000000,38,41,43,45,51,63,120,170,320,340,340,103508,0,37,38.19197559802379,25.618700001359684,338.25160000014876,87.09966379410287
1746381611,200,GET,GET /pastes/:slug,137.800000,0.000000,41,44,46,48,56,67,110,160,220,220,220,103511,0,39,40.917675002652224,26.439199999003904,401.554700001725,2904.0313879684286
1746381611,200,POST,POST /pastes,14.800000,0.000000,44,47,51,54,71,81,99,110,140,140,140,11556,0,42,44.16619678089173,29.940599999463302,147.90179999909014,2871.758913118726
1746381611,200,,Aggregated,290.500000,0.000000,39,43,45,47,54,67,110,160,290,340,340,218575,0,38,39.798645944869314,25.618700001359684,401.554700001725,1568.3438224865606
1746381612,200,GET,GET /analytics/:slug,137.500000,0.000000,38,41,43,45,52,65,120,170,320,340,340,103652,0,37,38.19629320804462,25.618700001359684,338.25160000014876,87.0995928684444
1746381612,200,GET,GET /pastes/:slug,137.700000,0.000000,41,44,46,48,56,66,100,150,220,220,220,103660,0,39,40.9203497964454,26.439199999003904,401.554700001725,2904.0726895620296
1746381612,200,POST,POST /pastes,15.500000,0.000000,44,47,51,53,64,81,99,110,140,140,140,11570,0,42,44.17098706136402,29.940599999463302,147.90179999909014,2871.3057044079515
1746381612,200,,Aggregated,290.700000,0.000000,39,43,45,47,54,66,110,160,290,340,340,218882,0,38,39.80219462449997,25.618700001359684,401.554700001725,1568.3575122668835
1746381613,200,GET,GET /analytics/:slug,135.600000,0.000000,38,41,43,45,51,63,120,170,320,340,340,103786,0,37,38.19712757886652,25.618700001359684,338.25160000014876,87.09957990480412
1746381613,200,GET,GET /pastes/:slug,135.400000,0.000000,40,43,46,47,54,64,94,160,220,220,220,103788,0,39,40.91999307337574,26.439199999003904,401.554700001725,2903.9230257833274
1746381613,200,POST,POST /pastes,16.200000,0.000000,44,47,51,53,62,80,99,110,140,140,140,11583,0,42,44.17355004748172,29.940599999463302,147.90179999909014,2871.0511957178624
1746381613,200,,Aggregated,287.200000,0.000000,39,43,45,47,53,65,100,160,290,340,340,219157,0,38,39.80248659271574,25.618700001359684,401.554700001725,1568.224907258267
1746381614,200,GET,GET /analytics/:slug,136.500000,0.000000,38,40,42,43,48,52,58,63,75,84,84,103915,0,37,38.1963066207981,25.618700001359684,338.25160000014876,87.09961025838426
1746381614,200,GET,GET /pastes/:slug,136.100000,0.000000,40,43,45,46,51,56,62,68,82,83,83,103922,0,39,40.91995246626818,26.439199999003904,401.554700001725,2903.717942302881
1746381614,200,POST,POST /pastes,15.700000,0.000000,44,47,50,52,55,60,70,79,84,84,84,11602,0,42,44.18140724012912,29.940599999463302,147.90179999909014,2871.1570418893293
1746381614,200,,Aggregated,288.300000,0.000000,39,42,44,46,50,54,61,66,83,84,84,219439,0,38,39.80261115617456,25.618700001359684,401.554700001725,1568.191141957446
1746381615,200,GET,GET /analytics/:slug,136.700000,0.000000,37,40,41,43,47,51,56,63,75,84,84,104051,0,37,38.194025747952765,25.618700001359684,338.25160000014876,87.0996626654237
1746381615,200,GET,GET /pastes/:slug,136.500000,0.000000,39,42,44,45,50,54,62,67,82,83,83,104065,0,39,40.917406850521424,26.439199999003904,401.554700001725,2903.931485129486
1746381615,200,POST,POST /pastes,14.700000,0.000000,43,47,49,51,54,59,70,79,84,84,84,11616,0,42,44.180543001031346,29.940599999463302,147.90179999909014,2872.2899449035813
1746381615,200,,Aggregated,287.900000,0.000000,38,41,43,45,49,53,61,66,83,84,84,219732,0,38,39.800291739481665,25.618700001359684,401.554700001725,1568.3876586022973
1746381616,200,GET,GET /analytics/:slug,136.100000,0.000000,37,39,41,42,46,49,55,61,75,84,84,104193,0,37,38.19281209006587,25.618700001359684,338.25160000014876,87.09965160807347
1746381616,200,GET,GET /pastes/:slug,135.300000,0.000000,39,42,44,45,49,53,60,64,82,83,83,104198,0,39,40.91505696366062,26.439199999003904,401.554700001725,2903.804449221674
1746381616,200,POST,POST /pastes,16.000000,0.000000,43,46,48,50,53,57,62,64,84,84,84,11627,0,42,44.17792432269524,29.940599999463302,147.90179999909014,2871.491786359336
1746381616,200,,Aggregated,287.400000,0.000000,38,41,43,44,48,52,58,62,83,84,84,220018,0,38,39.79832332672678,25.618700001359684,401.554700001725,1568.201806215855
1746381617,200,GET,GET /analytics/:slug,137.000000,0.000000,37,39,41,42,46,49,55,61,75,84,84,104342,0,37,38.191440869450666,25.618700001359684,338.25160000014876,87.0996722316996
1746381617,200,GET,GET /pastes/:slug,136.800000,0.000000,39,41,44,45,49,53,59,63,82,83,83,104346,0,39,40.91298917255579,26.439199999003904,401.554700001725,2903.738370421482
1746381617,200,POST,POST /pastes,15.300000,0.000000,43,45,48,50,53,55,62,62,84,84,84,11639,0,42,44.176107938824536,29.940599999463302,147.90179999909014,2871.94286450726
1746381617,200,,Aggregated,289.100000,0.000000,38,41,42,44,48,52,58,62,83,84,84,220327,0,38,39.7965016166868,25.618700001359684,401.554700001725,1568.1608745183296
1746381618,200,GET,GET /analytics/:slug,134.300000,0.000000,37,39,40,41,45,49,53,58,71,71,71,104454,0,37,38.189155633103795,25.618700001359684,338.25160000014876,87.09968981561262
1746381618,200,GET,GET /pastes/:slug,133.900000,0.000000,39,41,43,45,48,52,56,61,66,69,69,104460,0,39,40.90974054853055,26.439199999003904,401.554700001725,2903.5457591422555
1746381618,200,POST,POST /pastes,14.500000,0.000000,42,45,47,49,53,55,60,62,62,62,62,11653,0,42,44.170853797303415,29.940599999463302,147.90179999909014,2871.2996653222344
1746381618,200,,Aggregated,282.700000,0.000000,38,40,42,43,47,51,55,60,70,71,71,220567,0,38,39.79364328979284,25.618700001359684,401.554700001725,1568.0566721223029
1746381619,200,GET,GET /analytics/:slug,135.300000,0.000000,37,39,41,42,45,49,53,58,71,71,71,104601,0,37,38.18780614621493,25.618700001359684,338.25160000014876,87.09977916081108
1746381619,200,GET,GET /pastes/:slug,135.700000,0.000000,39,41,43,45,48,52,56,61,66,69,69,104605,0,39,40.90820907508724,26.439199999003904,401.554700001725,2903.5158453228814
1746381619,200,POST,POST /pastes,14.400000,0.000000,42,45,48,50,53,55,60,62,62,62,62,11668,0,42,44.166935130268435,29.940599999463302,147.90179999909014,2871.0362529996573
1746381619,200,,Aggregated,285.400000,0.000000,38,40,42,43,47,51,55,60,70,71,71,220874,0,38,39.7920340107923,25.618700001359684,401.554700001725,1568.0082309370953
1746381620,200,GET,GET /analytics/:slug,134.500000,0.000000,37,39,40,41,45,49,53,58,71,71,71,104743,0,37,38.18628371824592,25.618700001359684,338.25160000014876,87.09976800358974
1746381620,200,GET,GET /pastes/:slug,134.000000,0.000000,39,41,43,45,48,52,56,61,66,69,69,104748,0,39,40.90537438423177,26.439199999003904,401.554700001725,2903.754582426395
1746381620,200,POST,POST /pastes,14.500000,0.000000,43,45,48,50,53,55,60,62,62,62,62,11687,0,42,44.16346457602175,29.940599999463302,147.90179999909014,2871.1775477025753
1746381620,200,,Aggregated,283.000000,0.000000,38,40,42,43,47,51,55,60,70,71,71,221178,0,38,39.789854696216366,25.618700001359684,401.554700001725,1568.1533787266364
1746381621,200,GET,GET /analytics/:slug,135.400000,0.000000,37,39,40,41,45,48,52,55,60,70,70,104890,0,37,38.18599288492914,25.618700001359684,338.25160000014876,87.09976165506721
1746381621,200,GET,GET /pastes/:slug,135.100000,0.000000,38,41,43,44,47,51,54,56,64,65,65,104898,0,39,40.90205835191799,26.439199999003904,401.554700001725,2903.7238364887794
1746381621,200,POST,POST /pastes,15.100000,0.000000,42,45,48,49,53,55,60,62,62,62,62,11699,0,42,44.161727010852765,29.940599999463302,147.90179999909014,2870.9336695444053
1746381621,200,,Aggregated,285.600000,0.000000,38,40,42,43,47,50,54,56,64,70,70,221487,0,38,39.78798283872052,25.618700001359684,401.554700001725,1568.1180836798549
1746381622,200,GET,GET /analytics/:slug,134.500000,0.000000,37,39,40,41,45,48,52,55,66,70,70,105027,0,37,38.18640276786183,25.618700001359684,338.25160000014876,87.09975530101784
1746381622,200,GET,GET /pastes/:slug,134.300000,0.000000,38,41,43,44,47,51,55,57,64,65,65,105030,0,39,40.90089475673131,26.439199999003904,401.554700001725,2903.784318766067
1746381622,200,POST,POST /pastes,14.700000,0.000000,42,45,47,49,53,57,60,62,62,62,62,11711,0,42,44.16512498505392,29.940599999463302,147.90179999909014,2870.356587823414
1746381622,200,,Aggregated,283.500000,0.000000,38,40,42,43,47,50,54,57,65,70,70,221768,0,38,39.78771544361547,25.618700001359684,401.554700001725,1568.066804047473
1746381623,200,GET,GET /analytics/:slug,136.800000,0.000000,37,39,40,41,44,48,51,55,60,66,66,105165,0,37,38.18572264822151,25.618700001359684,338.25160000014876,87.09982408596015
1746381623,200,GET,GET /pastes/:slug,137.100000,0.000000,38,41,42,44,47,50,54,57,63,65,65,105171,0,39,40.89998581167342,26.439199999003904,401.554700001725,2903.746251343051
1746381623,200,POST,POST /pastes,14.200000,0.000000,42,44,47,48,52,55,59,60,62,62,62,11725,0,42,44.16487379957062,29.940599999463302,147.90179999909014,2870.959317697228
1746381623,200,,Aggregated,288.100000,0.000000,38,40,41,43,46,49,54,56,63,66,66,222061,0,38,39.786937262282564,25.618700001359684,401.554700001725,1568.0905156691178
1746381624,200,GET,GET /analytics/:slug,137.300000,0.000000,37,39,40,41,45,48,51,54,60,66,66,105306,0,37,38.185872354853544,25.618700001359684,338.25160000014876,87.09988034869808
1746381624,200,GET,GET /pastes/:slug,137.200000,0.000000,38,41,43,44,47,51,55,57,63,65,65,105312,0,39,40.90022186265103,26.439199999003904,401.554700001725,2903.6805112427833
1746381624,200,POST,POST /pastes,14.000000,0.000000,42,44,46,48,51,55,57,60,62,62,62,11736,0,42,44.16539464894073,29.940599999463302,147.90179999909014,2870.9418882072255
1746381624,200,,Aggregated,288.500000,0.000000,38,40,42,43,47,49,54,56,63,66,66,222354,0,38,39.78705447439547,25.618700001359684,401.554700001725,1568.0307797476096
1746381625,200,GET,GET /analytics/:slug,136.600000,0.000000,37,39,40,41,45,48,51,53,58,66,66,105444,0,37,38.18306938849253,25.618700001359684,338.25160000014876,87.09987291832631
1746381625,200,GET,GET /pastes/:slug,136.700000,0.000000,38,41,43,44,47,50,54,57,63,63,63,105454,0,39,40.89666309670106,26.439199999003904,401.554700001725,2903.6809604187606
1746381625,200,POST,POST /pastes,14.300000,0.000000,42,44,46,48,51,55,57,60,62,62,62,11749,0,42,44.16400272363341,29.940599999463302,147.90179999909014,2870.313218146225
1746381625,200,,Aggregated,287.600000,0.000000,38,40,42,43,46,49,53,56,63,66,66,222647,0,38,39.783941157077024,25.618700001359684,401.554700001725,1568.0078375185833
1746381626,200,GET,GET /analytics/:slug,137.200000,0.000000,37,39,40,41,45,48,50,52,58,66,66,105586,0,37,38.18094518307546,25.618700001359684,338.25160000014876,87.0998711950448
1746381626,200,GET,GET /pastes/:slug,137.700000,0.000000,38,41,43,44,47,50,55,57,63,63,63,105588,0,39,40.89535393699587,26.439199999003904,401.554700001725,2903.85508769936
1746381626,200,POST,POST /pastes,13.400000,0.000000,42,45,46,48,51,55,57,60,62,62,62,11768,0,42,44.163481373212846,29.940599999463302,147.90179999909014,2871.068150917743
1746381626,200,,Aggregated,288.300000,0.000000,38,40,42,43,46,49,53,56,63,66,66,222942,0,38,39.782310010674195,25.618700001359684,401.554700001725,1568.1007078074117
1746381627,200,GET,GET /analytics/:slug,137.900000,0.000000,37,39,40,41,45,48,51,53,59,66,66,105725,0,37,38.17833219484695,25.618700001359684,338.25160000014876,87.09987231023882
1746381627,200,GET,GET /pastes/:slug,137.900000,0.000000,38,41,43,44,47,50,55,57,63,63,63,105729,0,39,40.89250304646328,26.439199999003904,401.554700001725,2904.0984971010794
1746381627,200,POST,POST /pastes,13.300000,0.000000,43,45,47,48,52,55,57,60,62,62,62,11785,0,42,44.16147992362886,29.940599999463302,147.90179999909014,2871.072210436996
1746381627,200,,Aggregated,289.100000,0.000000,38,40,42,43,46,50,54,56,63,66,66,223239,0,38,39.779656183730076,25.618700001359684,401.554700001725,1568.2369568041427
1746381628,200,GET,GET /analytics/:slug,139.600000,0.000000,36,39,40,41,45,48,51,53,59,66,66,105867,0,37,38.17558093079239,25.618700001359684,338.25160000014876,87.099870592347
1746381628,200,GET,GET /pastes/:slug,139.800000,0.000000,38,41,42,44,47,51,55,57,63,63,63,105875,0,39,40.89003272443452,26.439199999003904,401.554700001725,2904.2449964580874
1746381628,200,POST,POST /pastes,13.500000,0.000000,43,45,47,48,52,55,57,60,62,62,62,11797,0,42,44.157708264810196,29.940599999463302,147.90179999909014,2871.7629905908284
1746381628,200,,Aggregated,292.900000,0.000000,38,40,42,43,46,50,54,57,63,66,66,223539,0,38,39.776928972124324,25.618700001359684,401.554700001725,1568.3443560184128
1746381629,200,GET,GET /analytics/:slug,137.900000,0.000000,36,39,40,41,45,48,50,53,59,66,66,105999,0,37,38.17312419928682,25.618700001359684,338.25160000014876,87.09984999858489
1746381629,200,GET,GET /pastes/:slug,137.900000,0.000000,38,41,43,44,47,51,55,57,63,63,63,106008,0,39,40.88738768488711,26.439199999003904,401.554700001725,2904.298128443136
1746381629,200,POST,POST /pastes,14.200000,0.000000,43,45,46,48,51,55,57,60,62,62,62,11813,0,42,44.15412069753413,29.940599999463302,147.90179999909014,2871.2723270972656
1746381629,200,,Aggregated,290.000000,0.000000,38,40,42,43,47,50,54,56,63,66,66,223820,0,38,39.774353558661886,25.618700001359684,401.554700001725,1568.3570413725315
1746381630,200,GET,GET /analytics/:slug,138.700000,0.000000,36,39,40,41,46,48,52,55,66,80,80,106139,0,37,38.174989527885266,25.618700001359684,338.25160000014876,87.09982193161797
1746381630,200,GET,GET /pastes/:slug,138.500000,0.000000,39,41,43,44,48,51,56,59,74,78,78,106141,0,39,40.88882246633737,26.439199999003904,401.554700001725,2904.504734268567
1746381630,200,POST,POST /pastes,14.500000,0.000000,43,45,46,48,51,55,57,62,81,81,81,11825,0,42,44.158361860462485,29.940599999463302,147.90179999909014,2871.9433403805497
1746381630,200,,Aggregated,291.700000,0.000000,38,40,42,44,47,50,55,58,78,81,81,224105,0,38,39.77603510809534,25.618700001359684,401.554700001725,1568.4275451239375
1746381631,200,GET,GET /analytics/:slug,138.500000,0.000000,36,39,40,42,46,49,54,58,66,80,80,106272,0,37,38.17961368940266,25.618700001359684,338.25160000014876,87.0998475609756
1746381631,200,GET,GET /pastes/:slug,138.800000,0.000000,39,42,43,45,49,53,57,60,74,78,78,106274,0,39,40.89189442007937,26.439199999003904,401.554700001725,2904.2246363174436
1746381631,200,POST,POST /pastes,13.800000,0.000000,44,45,48,49,52,55,64,65,81,81,81,11841,0,42,44.16550062494491,29.940599999463302,147.90179999909014,2872.188244236129
1746381631,200,,Aggregated,291.100000,0.000000,38,41,42,44,48,52,56,60,78,81,81,224387,0,38,39.78007989099051,25.618700001359684,401.554700001725,1568.3146750925855
1746381632,200,GET,GET /analytics/:slug,140.500000,0.000000,37,39,41,42,46,50,55,59,66,80,80,106396,0,37,38.179885351894946,25.618700001359684,338.25160000014876,87.09990977104403
1746381632,200,GET,GET /pastes/:slug,140.300000,0.000000,39,42,43,45,50,54,59,60,74,78,78,106406,0,39,40.892137240376606,26.439199999003904,401.554700001725,2904.1244948593126
1746381632,200,POST,POST /pastes,13.400000,0.000000,44,45,48,50,53,56,64,65,81,81,81,11863,0,42,44.17068768439451,29.940599999463302,147.90179999909014,2872.2589564191185
1746381632,200,,Aggregated,294.200000,0.000000,38,41,43,44,49,53,57,61,78,81,81,224665,0,38,39.780796764514754,25.618700001359684,401.554700001725,1568.3660605790844
1746381633,200,GET,GET /analytics/:slug,138.400000,0.000000,36,39,41,42,46,50,55,59,66,80,80,106533,0,37,38.178513134899326,25.618700001359684,338.25160000014876,87.0998939295805
1746381633,200,GET,GET /pastes/:slug,138.100000,0.000000,39,42,43,45,49,54,58,60,74,78,78,106537,0,39,40.8900116879537,26.439199999003904,401.554700001725,2904.1301707388043
1746381633,200,POST,POST /pastes,14.000000,0.000000,43,45,48,49,53,59,64,65,81,81,81,11884,0,42,44.165460560414495,29.940599999463302,147.90179999909014,2873.0307135644566
1746381633,200,,Aggregated,290.500000,0.000000,38,41,43,44,49,53,57,60,78,81,81,224954,0,38,39.77894613254138,25.618700001359684,401.554700001725,1568.4069898734851
1746381634,200,GET,GET /analytics/:slug,137.600000,0.000000,37,39,41,43,47,51,56,60,66,80,80,106663,0,37,38.181083832258956,25.618700001359684,338.25160000014876,87.09988468353599
1746381634,200,GET,GET /pastes/:slug,137.300000,0.000000,39,42,44,45,50,54,58,60,74,78,78,106670,0,39,40.89224988937401,26.439199999003904,401.554700001725,2904.1615918252555
1746381634,200,POST,POST /pastes,14.300000,0.000000,43,45,48,50,54,59,64,65,81,81,81,11899,0,42,44.166627767036175,29.940599999463302,147.90179999909014,2873.332717035045
1746381634,200,,Aggregated,289.200000,0.000000,38,41,43,45,49,53,58,60,78,81,81,225232,0,38,39.7813096908952,25.618700001359684,401.554700001725,1568.4584694892378
1746381635,200,GET,GET /analytics/:slug,137.100000,0.000000,37,39,41,43,48,51,57,61,68,80,80,106807,0,37,38.18027484341126,25.618700001359684,338.25160000014876,87.09983428052469
1746381635,200,GET,GET /pastes/:slug,137.400000,0.000000,39,42,44,46,50,54,59,60,74,78,78,106811,0,39,40.89063076274474,26.439199999003904,401.554700001725,2904.102817125577
1746381635,200,POST,POST /pastes,15.100000,0.000000,43,45,48,50,55,60,64,65,81,81,81,11911,0,42,44.16444292670342,29.940599999463302,147.90179999909014,2872.9347661825204
1746381635,200,,Aggregated,289.600000,0.000000,38,41,43,45,49,54,58,61,78,81,81,225529,0,38,39.779950504368394,25.618700001359684,401.554700001725,1568.368254193474
1746381636,200,GET,GET /analytics/:slug,136.700000,0.000000,37,40,42,44,49,55,61,120,160,160,160,106926,0,37,38.19671145184744,25.618700001359684,338.25160000014876,87.09986345697024
1746381636,200,GET,GET /pastes/:slug,136.100000,0.000000,40,43,46,47,54,68,110,150,170,170,170,106945,0,39,40.93206309784967,26.439199999003904,401.554700001725,2904.1821964561223
1746381636,200,POST,POST /pastes,16.000000,0.000000,43,48,50,52,60,70,100,120,140,140,140,11926,0,42,44.20086235954737,29.940599999463302,147.90179999909014,2872.799345966795
1746381636,200,,Aggregated,288.800000,0.000000,39,42,44,46,53,60,84,140,170,170,170,225797,0,38,39.80938870401163,25.618700001359684,401.554700001725,1568.4974113916483
1746381637,200,GET,GET /analytics/:slug,134.200000,0.000000,38,42,44,47,54,62,96,140,160,160,160,107071,0,37,38.22372699423964,25.618700001359684,338.25160000014876,87.09984963248685
1746381637,200,GET,GET /pastes/:slug,134.300000,0.000000,41,45,49,52,67,96,150,160,170,190,190,107078,0,39,40.97625755243423,26.439199999003904,401.554700001725,2904.26658137059
1746381637,200,POST,POST /pastes,16.000000,0.000000,44,49,52,55,63,81,110,130,140,140,140,11941,0,42,44.22463827149817,29.940599999463302,147.90179999909014,2872.497027049661
1746381637,200,,Aggregated,284.500000,0.000000,40,44,47,49,59,79,130,150,170,190,190,226090,0,38,39.84428672121593,25.618700001359684,401.554700001725,1568.4435932593215
1746381638,200,GET,GET /analytics/:slug,133.000000,0.000000,39,43,46,49,57,69,130,150,180,180,180,107203,0,37,38.24402373814382,25.618700001359684,338.25160000014876,87.09982929582195
1746381638,200,GET,GET /pastes/:slug,133.200000,0.000000,42,47,52,55,78,120,160,160,190,190,190,107206,0,39,41.011707764486765,26.439199999003904,401.554700001725,2904.3990355017445
1746381638,200,POST,POST /pastes,16.000000,0.000000,46,50,55,57,66,110,120,140,150,150,150,11955,0,42,44.25256698452201,29.940599999463302,147.90179999909014,2871.9489753241323
1746381638,200,,Aggregated,282.200000,0.000000,41,45,49,52,66,97,140,160,180,190,190,226364,0,38,39.8721292153334,25.618700001359684,401.554700001725,1568.4495591171742
1746381639,200,GET,GET /analytics/:slug,133.000000,0.000000,40,44,48,51,65,86,130,150,180,180,180,107322,0,37,38.26957174298122,25.618700001359684,338.25160000014876,87.09979314586012
1746381639,200,GET,GET /pastes/:slug,134.700000,0.000000,43,50,55,62,92,130,160,160,190,190,190,107345,0,39,41.04366053751523,26.439199999003904,401.554700001725,2904.2704178117287
1746381639,200,POST,POST /pastes,15.400000,0.000000,48,52,57,63,81,110,130,150,150,150,150,11970,0,42,44.286375480364306,29.940599999463302,149.18890000080864,2872.8109440267335
1746381639,200,,Aggregated,283.100000,0.000000,42,47,52,56,76,110,150,160,180,190,190,226637,0,38,39.90128105075402,25.618700001359684,401.554700001725,1568.5619691400786
1746381640,200,GET,GET /analytics/:slug,133.600000,0.000000,40,45,49,52,68,97,140,150,180,180,180,107446,0,37,38.28438530797074,25.618700001359684,338.25160000014876,87.09978035478287
1746381640,200,GET,GET /pastes/:slug,133.500000,0.000000,44,52,60,70,100,140,160,170,190,190,190,107452,0,39,41.07460665692193,26.439199999003904,401.554700001725,2904.415301716115
1746381640,200,POST,POST /pastes,15.500000,0.000000,49,55,62,64,91,120,150,150,170,170,170,11983,0,42,44.320902987562086,29.940599999463302,171.39179999867338,2872.8098139030294
1746381640,200,,Aggregated,282.600000,0.000000,43,48,54,60,84,120,150,160,180,190,190,226881,0,38,39.92467451571413,25.618700001359684,401.554700001725,1568.525508967256
1746381641,200,GET,GET /analytics/:slug,132.900000,0.000000,40,44,48,51,67,97,140,150,180,180,180,107602,0,37,38.28313950763212,25.618700001359684,338.25160000014876,87.09981227114737
1746381641,200,GET,GET /pastes/:slug,133.600000,0.000000,44,52,61,71,110,140,160,170,190,190,190,107608,0,39,41.08307695431157,26.439199999003904,401.554700001725,2904.48513121701
1746381641,200,POST,POST /pastes,15.900000,0.000000,49,55,63,70,110,130,150,150,170,170,170,11998,0,42,44.34400828471017,29.940599999463302,171.39179999867338,2872.87122853809
1746381641,200,,Aggregated,282.400000,0.000000,42,48,54,60,87,130,150,160,180,190,190,227208,0,38,39.929269803878945,25.618700001359684,401.554700001725,1568.5480220766874
1746381642,200,GET,GET /analytics/:slug,131.300000,0.000000,40,44,48,51,67,97,140,150,180,180,180,107727,0,37,38.285102237138624,25.618700001359684,338.25160000014876,87.09979856489088
1746381642,200,GET,GET /pastes/:slug,132.300000,0.000000,44,53,61,71,110,140,160,170,190,190,190,107731,0,39,41.085047280722954,26.439199999003904,401.554700001725,2904.5457296414215
1746381642,200,POST,POST /pastes,16.200000,0.000000,49,55,63,70,110,130,150,150,170,170,170,12018,0,42,44.346987610247,29.940599999463302,171.39179999867338,2872.5274588117823
1746381642,200,,Aggregated,279.800000,0.000000,42,48,54,60,87,130,150,160,180,190,190,227476,0,38,39.93139730960512,25.618700001359684,401.554700001725,1568.5815250839648
1746381643,200,GET,GET /analytics/:slug,131.000000,0.000000,40,44,48,51,68,97,140,150,180,180,180,107872,0,37,38.28726194193331,25.618700001359684,338.25160000014876,87.09984982201128
1746381643,200,GET,GET /pastes/:slug,131.200000,0.000000,44,53,62,71,110,140,160,170,190,190,190,107881,0,39,41.08832446028097,26.439199999003904,401.554700001725,2904.4458523743756
1746381643,200,POST,POST /pastes,16.300000,0.000000,49,55,64,72,110,140,150,150,170,170,170,12031,0,42,44.345490424731516,29.940599999463302,171.39179999867338,2872.014462638185
1746381643,200,,Aggregated,278.500000,0.000000,42,48,54,60,86,130,150,160,180,190,190,227784,0,38,39.93385684069011,25.618700001359684,401.554700001725,1568.5182629157448
1746381644,200,GET,GET /analytics/:slug,132.800000,0.000000,40,44,48,51,67,97,140,150,180,180,180,108006,0,37,38.28769393830181,25.618700001359684,338.25160000014876,87.09982778734515
1746381644,200,GET,GET /pastes/:slug,132.800000,0.000000,44,53,62,71,110,140,160,170,190,190,190,108013,0,39,41.088183950076086,26.439199999003904,401.554700001725,2904.630442631905
1746381644,200,POST,POST /pastes,15.700000,0.000000,49,54,63,71,110,130,150,150,170,170,170,12049,0,42,44.34581747032476,29.940599999463302,171.39179999867338,2872.4303261681466
1746381644,200,,Aggregated,281.300000,0.000000,42,48,54,60,86,130,150,160,180,190,190,228068,0,38,39.93406106599678,25.618700001359684,401.554700001725,1568.6333242717085
1746381645,200,GET,GET /analytics/:slug,132.900000,0.000000,40,44,48,51,67,97,140,150,180,180,180,108134,0,37,38.286888479111376,25.618700001359684,338.25160000014876,87.0998575841086
1746381645,200,GET,GET /pastes/:slug,132.500000,0.000000,44,52,61,71,110,140,160,170,190,190,190,108138,0,39,41.08713359965566,26.439199999003904,401.554700001725,2904.842423569883
1746381645,200,POST,POST /pastes,15.000000,0.000000,49,53,61,67,100,130,150,150,170,170,170,12071,0,42,44.34644923369569,29.940599999463302,171.39179999867338,2872.8029989230386
1746381645,200,,Aggregated,280.400000,0.000000,42,48,53,60,86,130,150,160,180,190,190,228343,0,38,39.933349569287195,25.618700001359684,401.554700001725,1568.7799100476038
1746381646,200,GET,GET /analytics/:slug,133.500000,0.000000,39,42,46,48,59,75,120,140,180,180,180,108274,0,37,38.28699361435078,25.618700001359684,338.25160000014876,87.09985776825461
1746381646,200,GET,GET /pastes/:slug,133.500000,0.000000,43,48,53,58,80,120,140,150,180,190,190,108278,0,39,41.087780941646045,26.439199999003904,401.554700001725,2905.040322133767
1746381646,200,POST,POST /pastes,14.800000,0.000000,48,51,55,58,85,120,150,150,170,170,170,12090,0,42,44.347947915627906,29.940599999463302,171.39179999867338,2872.5776674937965
1746381646,200,,Aggregated,281.800000,0.000000,41,45,50,52,71,110,140,150,180,190,190,228642,0,38,39.93385021868126,25.618700001359684,401.554700001725,1568.8809142677198
1746381647,200,GET,GET /analytics/:slug,133.700000,0.000000,38,42,44,47,53,71,120,140,160,160,160,108401,0,37,38.288456543760795,25.618700001359684,338.25160000014876,87.0998145773563
1746381647,200,GET,GET /pastes/:slug,133.600000,0.000000,42,46,50,53,69,100,140,140,170,170,170,108408,0,39,41.08855384934278,26.439199999003904,401.554700001725,2905.0930558630357
1746381647,200,POST,POST /pastes,15.800000,0.000000,46,50,52,56,74,96,150,150,170,170,170,12106,0,42,44.347117511972414,29.940599999463302,171.39179999867338,2872.6558731207665
1746381647,200,,Aggregated,283.100000,0.000000,40,44,48,50,62,84,130,140,170,170,170,228915,0,38,39.934915265927124,25.618700001359684,401.554700001725,1568.9378459253435
1746381648,200,GET,GET /analytics/:slug,133.600000,0.000000,38,41,43,45,51,60,77,120,160,160,160,108542,0,37,38.28696604908888,25.618700001359684,338.25160000014876,87.0997862578541
1746381648,200,GET,GET /pastes/:slug,133.600000,0.000000,41,45,48,50,59,85,130,140,170,170,170,108544,0,39,41.08732716041,26.439199999003904,401.554700001725,2905.369380159198
1746381648,200,POST,POST /pastes,16.600000,0.000000,45,49,51,52,67,85,150,150,170,170,170,12117,0,42,44.3455514071086,29.940599999463302,171.39179999867338,2872.3448048196747
1746381648,200,,Aggregated,283.800000,0.000000,40,43,46,48,55,72,120,140,170,170,170,229203,0,38,39.93342912003639,25.618700001359684,401.554700001725,1568.9960471721574
1746381649,200,GET,GET /analytics/:slug,134.000000,0.000000,38,40,42,43,48,51,58,63,150,160,160,108681,0,37,38.28639237585418,25.618700001359684,338.25160000014876,87.0998058538291
1746381649,200,GET,GET /pastes/:slug,132.400000,0.000000,40,43,46,48,54,61,92,140,170,170,170,108685,0,39,41.08830267285785,26.439199999003904,401.554700001725,2905.3186364263697
1746381649,200,POST,POST /pastes,16.800000,0.000000,44,48,50,51,56,74,140,150,170,170,170,12132,0,42,44.343944122974925,29.940599999463302,171.39179999867338,2872.5334652159577
1746381649,200,,Aggregated,283.200000,0.000000,39,42,44,46,51,56,70,120,170,170,170,229498,0,38,39.93353456631304,25.618700001359684,401.554700001725,1568.9906927293484
1746381650,200,GET,GET /analytics/:slug,133.800000,0.000000,37,39,41,42,47,50,53,59,71,72,72,108814,0,37,38.283595043838176,25.618700001359684,338.25160000014876,87.0998033341298
1746381650,200,GET,GET /pastes/:slug,134.200000,0.000000,40,42,45,47,51,54,59,65,72,74,74,108818,0,39,41.084693818114246,26.439199999003904,401.554700001725,2905.4270065614146
1746381650,200,POST,POST /pastes,16.200000,0.000000,43,46,48,49,52,56,58,72,79,79,79,12150,0,42,44.3424409135743,29.940599999463302,171.39179999867338,2872.8693827160496
1746381650,200,,Aggregated,284.200000,0.000000,39,41,43,45,49,53,58,62,72,79,79,229782,0,38,39.930481848446355,25.618700001359684,401.554700001725,1569.0776344535254
1746381651,200,GET,GET /analytics/:slug,133.600000,0.000000,37,39,41,42,47,50,53,59,71,72,72,108951,0,37,38.282067604704956,25.618700001359684,338.25160000014876,87.09977879964387
1746381651,200,GET,GET /pastes/:slug,133.000000,0.000000,39,42,45,47,51,54,60,65,72,74,74,108960,0,39,41.08125782855692,26.439199999003904,401.554700001725,2905.321540014684
1746381651,200,POST,POST /pastes,16.400000,0.000000,43,46,48,50,52,56,60,72,79,79,79,12160,0,42,44.3404384128231,29.940599999463302,171.39179999867338,2872.9154605263157
1746381651,200,,Aggregated,283.000000,0.000000,39,41,43,45,50,53,58,62,72,79,79,230071,0,38,39.927948901424934,25.618700001359684,401.554700001725,1569.0291040591817
1746381652,200,GET,GET /analytics/:slug,134.000000,0.000000,37,39,41,42,47,50,56,60,77,79,79,109098,0,37,38.28205650516228,25.618700001359684,338.25160000014876,87.09978184751324
1746381652,200,GET,GET /pastes/:slug,133.600000,0.000000,39,42,44,46,50,54,59,65,89,95,95,109104,0,39,41.07957654531051,26.439199999003904,401.554700001725,2905.293930561666
1746381652,200,POST,POST /pastes,16.500000,0.000000,43,45,47,49,51,54,71,72,79,79,79,12169,0,42,44.33780894074525,29.940599999463302,171.39179999867338,2872.4937957104116
1746381652,200,,Aggregated,284.100000,0.000000,38,41,43,44,49,52,58,63,79,95,95,230371,0,38,39.926851543812944,25.618700001359684,401.554700001725,1568.9343623980449
1746381653,200,GET,GET /analytics/:slug,134.300000,0.000000,36,39,40,41,46,49,53,56,77,79,79,109224,0,37,38.27916417637333,25.618700001359684,338.25160000014876,87.09979491686809
1746381653,200,GET,GET /pastes/:slug,134.600000,0.000000,39,41,43,45,49,52,58,62,89,95,95,109227,0,39,41.07595427137575,26.439199999003904,401.554700001725,2905.0903988940463
1746381653,200,POST,POST /pastes,16.100000,0.000000,42,44,46,48,51,53,60,71,79,79,79,12188,0,42,44.33389366589548,29.940599999463302,171.39179999867338,2872.1192976698394
1746381653,200,,Aggregated,285.000000,0.000000,38,40,42,44,48,51,56,60,79,95,95,230639,0,38,39.92363902548896,25.618700001359684,401.554700001725,1568.8287193406145
1746381654,200,GET,GET /analytics/:slug,134.700000,0.000000,37,39,40,42,46,50,55,59,80,80,80,109366,0,37,38.28183581917791,25.618700001359684,338.25160000014876,87.09980249803412
1746381654,200,GET,GET /pastes/:slug,135.000000,0.000000,39,42,44,45,50,54,61,67,89,95,95,109370,0,39,41.079526875738836,26.439199999003904,401.554700001725,2905.0609399286823
1746381654,200,POST,POST /pastes,15.400000,0.000000,42,44,47,48,51,54,60,71,79,79,79,12201,0,42,44.33243332513187,29.940599999463302,171.39179999867338,2871.982214572576
1746381654,200,,Aggregated,285.100000,0.000000,38,40,43,44,49,52,58,65,82,95,95,230937,0,38,39.92646968480476,25.618700001359684,401.554700001725,1568.7972347436746
1746381655,200,GET,GET /analytics/:slug,136.000000,0.000000,36,39,40,42,46,50,56,63,80,80,80,109511,0,37,38.2799839029888,25.618700001359684,338.25160000014876,87.0998164567943
1746381655,200,GET,GET /pastes/:slug,135.700000,0.000000,39,41,43,45,50,54,62,67,89,95,95,109516,0,39,41.07803018097405,26.439199999003904,401.554700001725,2904.9610193944263
1746381655,200,POST,POST /pastes,15.500000,0.000000,42,44,46,47,51,54,56,60,71,71,71,12207,0,42,44.3314168018296,29.940599999463302,171.39179999867338,2872.2455967887277
1746381655,200,,Aggregated,287.200000,0.000000,38,40,42,44,48,52,58,65,82,95,95,231234,0,38,39.92464116609033,25.618700001359684,401.554700001725,1568.7122179264295
1746381656,200,GET,GET /analytics/:slug,134.600000,0.000000,36,39,40,42,46,50,56,63,80,80,80,109641,0,37,38.2782927317354,25.618700001359684,338.25160000014876,87.09985315712188
1746381656,200,GET,GET /pastes/:slug,134.700000,0.000000,39,41,43,45,50,54,62,67,89,95,95,109648,0,39,41.07499322832661,26.439199999003904,401.554700001725,2904.9472220195535
1746381656,200,POST,POST /pastes,15.400000,0.000000,41,43,45,46,50,54,56,60,71,71,71,12224,0,42,44.324812663607354,29.940599999463302,171.39179999867338,2872.1751472513088
1746381656,200,,Aggregated,284.700000,0.000000,38,40,42,43,48,52,58,65,82,95,95,231513,0,38,39.922110900466684,25.618700001359684,401.554700001725,1568.7276178875484
1746381657,200,GET,GET /analytics/:slug,135.800000,0.000000,36,38,40,41,45,49,56,63,80,80,80,109784,0,37,38.276515770059326,25.618700001359684,338.25160000014876,87.09984150695912
1746381657,200,GET,GET /pastes/:slug,135.800000,0.000000,38,41,43,44,49,53,62,67,89,95,95,109789,0,39,41.0728096567011,26.439199999003904,401.554700001725,2904.8810445490894
1746381657,200,POST,POST /pastes,14.500000,0.000000,41,43,45,46,50,54,56,60,71,71,71,12238,0,42,44.32071830363908,29.940599999463302,171.39179999867338,2872.3342866481453
1746381657,200,,Aggregated,286.100000,0.000000,37,40,42,43,47,52,58,65,82,95,95,231811,0,38,39.91997212082139,25.618700001359684,401.554700001725,1568.6821634866335
1746381658,200,GET,GET /analytics/:slug,137.300000,0.000000,36,38,40,41,45,49,56,63,80,80,80,109919,0,37,38.27422154859655,25.618700001359684,338.25160000014876,87.09984625042077
1746381658,200,GET,GET /pastes/:slug,137.300000,0.000000,38,40,42,44,48,53,61,67,89,95,95,109927,0,39,41.069532978245284,26.439199999003904,401.554700001725,2904.8949666596923
1746381658,200,POST,POST /pastes,13.400000,0.000000,41,43,45,46,50,54,56,56,71,71,71,12248,0,42,44.31986483507015,29.940599999463302,171.39179999867338,2872.256368386675
1746381658,200,,Aggregated,288.000000,0.000000,37,39,41,42,47,52,58,65,82,95,95,232094,0,38,39.91720774599828,25.618700001359684,401.554700001725,1568.6735245202374
1746381659,200,GET,GET /analytics/:slug,137.900000,0.000000,36,38,40,41,45,49,56,63,80,80,80,110073,0,37,38.27136295367798,25.618700001359684,338.25160000014876,87.09981557693531
1746381659,200,GET,GET /pastes/:slug,137.900000,0.000000,38,40,42,43,48,53,60,67,89,95,95,110076,0,39,41.06633226588514,26.439199999003904,401.554700001725,2904.8868236491153
1746381659,200,POST,POST /pastes,13.000000,0.000000,40,43,44,46,51,54,56,56,71,71,71,12268,0,42,44.31389556569399,29.940599999463302,171.39179999867338,2871.7603521356373
1746381659,200,,Aggregated,288.800000,0.000000,37,39,41,42,47,51,57,64,82,95,95,232417,0,38,39.91405187959457,25.618700001359684,401.554700001725,1568.6305907054991
1746381660,200,GET,GET /analytics/:slug,136.100000,0.000000,36,38,40,41,45,50,56,63,80,80,80,110200,0,37,38.26963001815048,25.618700001359684,338.25160000014876,87.09979128856624
1746381660,200,GET,GET /pastes/:slug,136.500000,0.000000,38,40,42,44,49,53,60,67,89,95,95,110206,0,39,41.064518776650786,26.439199999003904,401.554700001725,2904.899134348402
1746381660,200,POST,POST /pastes,13.100000,0.000000,40,43,46,46,51,55,59,63,71,71,71,12278,0,42,44.31776170385511,29.940599999463302,171.39179999867338,2872.2183580387687
1746381660,200,,Aggregated,285.700000,0.000000,37,39,41,43,47,52,57,64,82,95,95,232684,0,38,39.91251251697466,25.618700001359684,401.554700001725,1568.6545185745474
1746381661,200,GET,GET /analytics/:slug,137.200000,0.000000,36,38,40,41,45,49,54,58,80,80,80,110341,0,37,38.27024843711927,25.618700001359684,338.25160000014876,87.09975439773068
1746381661,200,GET,GET /pastes/:slug,137.200000,0.000000,38,41,43,44,49,53,59,65,80,82,82,110344,0,39,41.066617184437504,26.439199999003904,401.554700001725,2904.8677861958963
1746381661,200,POST,POST /pastes,12.700000,0.000000,41,43,46,47,51,55,56,59,63,63,63,12286,0,42,44.31701265667724,29.940599999463302,171.39179999867338,2872.9610939280483
1746381661,200,,Aggregated,287.100000,0.000000,37,40,41,43,47,52,56,63,80,82,82,232971,0,38,39.91359914710303,25.618700001359684,401.554700001725,1568.618433195548
1746381662,200,GET,GET /analytics/:slug,137.800000,0.000000,36,38,40,41,46,51,56,63,80,96,96,110461,0,37,38.27233826690123,25.618700001359684,338.25160000014876,87.09974561157331
1746381662,200,GET,GET /pastes/:slug,137.700000,0.000000,38,41,43,45,50,55,66,79,200,210,210,110474,0,39,41.07998846243977,26.439199999003904,401.554700001725,2904.950440827706
1746381662,200,POST,POST /pastes,12.800000,0.000000,41,44,46,48,55,59,150,170,180,180,180,12301,0,42,44.35271672221271,29.940599999463302,181.42540000008012,2873.2930656044223
1746381662,200,,Aggregated,288.300000,0.000000,38,40,42,43,49,54,63,74,190,210,210,233236,0,38,39.92288570846582,25.618700001359684,401.554700001725,1568.7415236069903
1746381663,200,GET,GET /analytics/:slug,138.400000,0.000000,37,39,41,42,48,53,60,76,120,150,150,110586,0,37,38.28146706816579,25.618700001359684,338.25160000014876,87.09972329227931
1746381663,200,GET,GET /pastes/:slug,138.200000,0.000000,39,42,44,46,53,66,170,250,370,370,370,110591,0,39,41.139869932449955,26.439199999003904,401.554700001725,2904.873289869881
1746381663,200,POST,POST /pastes,12.400000,0.000000,42,46,50,55,72,150,290,300,390,390,390,12324,0,42,44.47102144595409,29.940599999463302,388.00909999918076,2873.2853781239855
1746381663,200,,Aggregated,289.000000,0.000000,38,41,43,45,51,59,120,180,370,390,390,233501,0,38,39.961946806222485,25.618700001359684,401.554700001725,1568.7094316512564
1746381664,200,GET,GET /analytics/:slug,136.000000,0.000000,36,39,41,42,47,52,58,68,120,150,150,110724,0,37,38.27971879628786,25.618700001359684,338.25160000014876,87.09975253784184
1746381664,200,GET,GET /pastes/:slug,135.900000,0.000000,39,41,44,46,52,62,170,250,370,370,370,110726,0,39,41.138003922290814,26.439199999003904,401.554700001725,2904.811625092571
1746381664,200,POST,POST /pastes,13.100000,0.000000,42,46,50,55,72,150,290,300,390,390,390,12337,0,42,44.46939987840959,29.940599999463302,388.00909999918076,2873.5811785685337
1746381664,200,,Aggregated,285.000000,0.000000,38,40,43,44,51,56,120,180,370,390,390,233787,0,38,39.96008842493275,25.618700001359684,401.554700001725,1568.6653920021215
1746381665,200,GET,GET /analytics/:slug,135.100000,0.000000,37,39,41,42,47,52,56,68,120,150,150,110861,0,37,38.27912987976099,25.618700001359684,338.25160000014876,87.09975554974247
1746381665,200,GET,GET /pastes/:slug,135.900000,0.000000,39,42,44,46,52,61,170,250,370,370,370,110868,0,39,41.13662794133183,26.439199999003904,401.554700001725,2904.8623408016742
1746381665,200,POST,POST /pastes,12.700000,0.000000,42,46,49,52,68,140,290,300,390,390,390,12356,0,42,44.46675704920213,29.940599999463302,388.00909999918076,2873.54596956944
1746381665,200,,Aggregated,283.700000,0.000000,38,41,43,44,50,56,120,180,370,390,390,234085,0,38,39.959115425165,25.618700001359684,401.554700001725,1568.7369032616357
1746381666,200,GET,GET /analytics/:slug,134.900000,0.000000,36,39,41,42,47,52,56,68,120,150,150,111006,0,37,38.27817041781687,25.618700001359684,338.25160000014876,87.09973334774696
1746381666,200,GET,GET /pastes/:slug,135.300000,0.000000,39,42,44,46,51,61,170,250,370,370,370,111009,0,39,41.13480423298638,26.439199999003904,401.554700001725,2904.8240503022275
1746381666,200,POST,POST /pastes,13.300000,0.000000,43,46,49,52,68,140,290,300,390,390,390,12370,0,42,44.46426233629317,29.940599999463302,388.00909999918076,2873.8505254648344
1746381666,200,,Aggregated,283.500000,0.000000,38,41,43,44,50,56,120,180,370,390,390,234385,0,38,39.957603914925194,25.618700001359684,401.554700001725,1568.6999466689422
1746381667,200,GET,GET /analytics/:slug,134.500000,0.000000,37,39,41,43,48,53,59,68,120,150,150,111135,0,37,38.278632285060354,25.618700001359684,338.25160000014876,87.0997795473973
1746381667,200,GET,GET /pastes/:slug,134.500000,0.000000,39,42,45,46,53,62,170,250,370,370,370,111138,0,39,41.135853740391006,26.439199999003904,401.554700001725,2904.9729255520165
1746381667,200,POST,POST /pastes,14.100000,0.000000,43,46,49,52,67,140,210,300,390,390,390,12394,0,42,44.461096546711886,29.940599999463302,388.00909999918076,2874.4617556882363
1746381667,200,,Aggregated,283.100000,0.000000,38,41,43,45,51,57,120,180,370,390,390,234667,0,38,39.958337314576575,25.618700001359684,401.554700001725,1568.856268670073
1746381668,200,GET,GET /analytics/:slug,133.700000,0.000000,37,39,41,42,48,52,58,67,120,150,150,111266,0,37,38.27458096813201,25.618700001359684,338.25160000014876,87.09981485808783
1746381668,200,GET,GET /pastes/:slug,133.600000,0.000000,39,42,44,46,52,61,170,250,370,370,370,111271,0,39,41.13140044575487,26.439199999003904,401.554700001725,2904.9865373727207
1746381668,200,POST,POST /pastes,14.600000,0.000000,42,46,48,51,65,130,210,300,390,390,390,12415,0,42,44.45413269431734,29.940599999463302,388.00909999918076,2875.2681433749494
1746381668,200,,Aggregated,281.900000,0.000000,38,41,43,45,51,57,120,180,370,390,390,234952,0,38,39.95407420409173,25.618700001359684,401.554700001725,1568.9522072593552
1746381669,200,GET,GET /analytics/:slug,134.000000,0.000000,37,39,41,42,48,52,58,67,120,150,150,111402,0,37,38.27308199134821,25.618700001359684,338.25160000014876,87.0997827687115
1746381669,200,GET,GET /pastes/:slug,133.700000,0.000000,39,42,44,46,52,61,170,250,370,370,370,111409,0,39,41.12862549524351,26.439199999003904,401.554700001725,2905.0999649938517
1746381669,200,POST,POST /pastes,14.900000,0.000000,43,46,49,51,67,140,210,300,390,390,390,12428,0,42,44.452264330539464,29.940599999463302,388.00909999918076,2874.7113775345993
1746381669,200,,Aggregated,282.600000,0.000000,38,41,43,45,51,57,120,180,370,390,390,235239,0,38,39.95191978753422,25.618700001359684,401.554700001725,1568.9757438179893
1746381670,200,GET,GET /analytics/:slug,134.600000,0.000000,36,39,40,42,46,52,58,67,120,150,150,111554,0,37,38.26958043548582,25.618700001359684,338.25160000014876,87.09976334331355
1746381670,200,GET,GET /pastes/:slug,134.100000,0.000000,39,41,44,45,51,60,170,250,370,370,370,111556,0,39,41.123920534077875,26.439199999003904,401.554700001725,2904.9155043206997
1746381670,200,POST,POST /pastes,16.000000,0.000000,42,45,48,50,67,140,210,300,390,390,390,12439,0,42,44.44812471259277,29.940599999463302,388.00909999918076,2873.9557038347134
1746381670,200,,Aggregated,284.700000,0.000000,38,40,43,44,50,56,120,180,370,390,390,235549,0,38,39.94767576300372,25.618700001359684,401.554700001725,1568.787029450348
1746381671,200,GET,GET /analytics/:slug,134.400000,0.000000,36,39,40,42,46,52,58,67,120,150,150,111681,0,37,38.265972842293635,25.618700001359684,338.25160000014876,87.09980211495241
1746381671,200,GET,GET /pastes/:slug,134.000000,0.000000,39,41,43,45,50,59,170,250,370,370,370,111688,0,39,41.11923510403625,26.439199999003904,401.554700001725,2904.9433869350332
1746381671,200,POST,POST /pastes,16.600000,0.000000,42,45,48,49,65,130,210,300,390,390,390,12454,0,42,44.44183924039978,29.940599999463302,388.00909999918076,2873.8320218403724
1746381671,200,,Aggregated,285.000000,0.000000,38,40,42,44,49,56,120,180,370,390,390,235823,0,38,39.94345720815941,25.618700001359684,401.554700001725,1568.8266793315327
1746381672,200,GET,GET /analytics/:slug,134.300000,0.000000,36,38,40,41,45,49,54,57,120,150,150,111814,0,37,38.26481962992287,25.618700001359684,338.25160000014876,87.09979966730464
1746381672,200,GET,GET /pastes/:slug,133.900000,0.000000,38,41,43,44,49,55,110,250,370,370,370,111818,0,39,41.119292290146404,26.439199999003904,401.554700001725,2904.9125901017724
1746381672,200,POST,POST /pastes,15.900000,0.000000,42,45,48,49,55,93,210,300,390,390,390,12467,0,42,44.44299356701188,29.940599999463302,388.00909999918076,2873.406192347798
1746381672,200,,Aggregated,284.100000,0.000000,37,40,42,43,48,53,62,140,370,390,390,236099,0,38,39.942949221300225,25.618700001359684,401.554700001725,1568.7624598155858
1746381673,200,GET,GET /analytics/:slug,134.000000,0.000000,36,38,40,41,44,48,52,55,60,68,68,111959,0,37,38.26558301699886,25.618700001359684,338.25160000014876,87.0997775971561
1746381673,200,GET,GET /pastes/:slug,133.900000,0.000000,38,41,43,44,47,51,55,58,65,72,72,111964,0,39,41.11859599781695,26.439199999003904,401.554700001725,2904.764361759137
1746381673,200,POST,POST /pastes,16.400000,0.000000,41,44,46,47,49,53,55,63,67,67,67,12480,0,42,44.44132763621302,29.940599999463302,388.00909999918076,2873.741426282051
1746381673,200,,Aggregated,284.300000,0.000000,37,40,42,43,46,50,54,57,67,72,72,236403,0,38,39.942837697490084,25.618700001359684,401.554700001725,1568.698087587721
1746381674,200,GET,GET /analytics/:slug,134.200000,0.000000,36,38,40,41,44,48,52,55,60,60,60,112089,0,37,38.26442532095202,25.618700001359684,338.25160000014876,87.09975109065118
1746381674,200,GET,GET /pastes/:slug,134.200000,0.000000,38,41,43,44,47,50,55,58,66,72,72,112093,0,39,41.116755956211016,26.439199999003904,401.554700001725,2904.6625123781146
1746381674,200,POST,POST /pastes,16.400000,0.000000,41,43,45,47,49,53,58,63,67,67,67,12491,0,42,44.43677924905452,29.940599999463302,388.00909999918076,2872.9598911216076
1746381674,200,,Aggregated,284.800000,0.000000,37,40,42,43,46,49,54,57,66,72,72,236673,0,38,39.94110652588064,25.618700001359684,401.554700001725,1568.583661845669
1746381675,200,GET,GET /analytics/:slug,134.300000,0.000000,36,38,40,41,44,48,52,55,60,60,60,112223,0,37,38.262447887689596,25.618700001359684,338.25160000014876,87.09969435855395
1746381675,200,GET,GET /pastes/:slug,134.000000,0.000000,38,41,43,44,47,51,56,58,66,72,72,112232,0,39,41.11458455609424,26.439199999003904,401.554700001725,2904.7332757145914
1746381675,200,POST,POST /pastes,16.900000,0.000000,41,43,46,47,49,53,58,63,67,67,67,12504,0,42,44.434821137230934,29.940599999463302,388.00909999918076,2873.040227127319
1746381675,200,,Aggregated,285.200000,0.000000,37,40,42,43,46,50,55,57,66,72,72,236959,0,38,39.939026357723264,25.618700001359684,401.554700001725,1568.6389164370207
1746381676,200,GET,GET /analytics/:slug,136.100000,0.000000,36,38,40,41,44,48,51,55,60,60,60,112354,0,37,38.260889163716286,25.618700001359684,338.25160000014876,87.09972942663367
1746381676,200,GET,GET /pastes/:slug,135.700000,0.000000,38,41,43,44,47,50,55,58,66,72,72,112362,0,39,41.112614075039346,26.439199999003904,401.554700001725,2904.7621704846833
1746381676,200,POST,POST /pastes,15.700000,0.000000,41,43,45,47,50,54,58,63,67,67,67,12517,0,42,44.43169550211186,29.940599999463302,388.00909999918076,2872.49516657346
1746381676,200,,Aggregated,287.500000,0.000000,37,40,42,43,46,49,54,58,66,72,72,237233,0,38,39.937154680840095,25.618700001359684,401.554700001725,1568.6093924538322
1746381677,200,GET,GET /analytics/:slug,135.900000,0.000000,36,38,39,41,44,47,51,53,60,61,61,112502,0,37,38.25857676930352,25.618700001359684,338.25160000014876,87.09970489413521
1746381677,200,GET,GET /pastes/:slug,135.800000,0.000000,38,41,43,44,47,49,53,56,65,66,66,112506,0,39,41.108961889139785,26.439199999003904,401.554700001725,2904.6428457148954
1746381677,200,POST,POST /pastes,14.800000,0.000000,41,43,45,46,50,53,55,55,58,58,58,12532,0,42,44.42847111394292,29.940599999463302,388.00909999918076,2873.3767156080435
1746381677,200,,Aggregated,286.500000,0.000000,37,40,41,43,46,49,53,56,64,66,66,237540,0,38,39.9341116022553,25.618700001359684,401.554700001725,1568.5686452807947
1746381678,200,GET,GET /analytics/:slug,136.100000,0.000000,36,38,39,41,44,47,51,54,60,61,61,112643,0,37,38.255474808911245,25.618700001359684,338.25160000014876,87.09965998774891
1746381678,200,GET,GET /pastes/:slug,136.500000,0.000000,38,41,43,44,47,50,54,57,65,66,66,112643,0,39,41.10583727705719,26.439199999003904,401.554700001725,2904.3125804532906
1746381678,200,POST,POST /pastes,14.500000,0.000000,41,44,45,47,50,53,55,55,58,58,58,12544,0,42,44.426333043680785,29.940599999463302,388.00909999918076,2873.526068239796
1746381678,200,,Aggregated,287.100000,0.000000,37,39,41,43,46,49,53,56,65,66,66,237830,0,38,39.93095992515548,25.618700001359684,401.554700001725,1568.3772442500947
1746381679,200,GET,GET /analytics/:slug,135.600000,0.000000,36,38,39,41,44,48,51,54,60,61,61,112782,0,37,38.253579818589714,25.618700001359684,338.25160000014876,87.09969676012129
1746381679,200,GET,GET /pastes/:slug,135.900000,0.000000,38,41,43,44,47,50,54,57,65,66,66,112788,0,39,41.103284951409364,26.439199999003904,401.554700001725,2904.162455225733
1746381679,200,POST,POST /pastes,14.600000,0.000000,42,44,45,47,50,53,55,55,55,55,55,12556,0,42,44.426279794515054,29.940599999463302,388.00909999918076,2873.654268875438
1746381679,200,,Aggregated,286.100000,0.000000,37,40,41,43,46,49,53,56,65,66,66,238126,0,38,39.92881462460931,25.618700001359684,401.554700001725,1568.3275072860586
1746381680,200,GET,GET /analytics/:slug,136.000000,0.000000,36,38,39,41,44,48,52,54,60,61,61,112926,0,37,38.25043958610236,25.618700001359684,338.25160000014876,87.0997644475143
1746381680,200,GET,GET /pastes/:slug,136.500000,0.000000,38,41,43,44,47,50,54,57,65,66,66,112931,0,39,41.0998233381407,26.439199999003904,401.554700001725,2904.423506388857
1746381680,200,POST,POST /pastes,13.400000,0.000000,42,44,46,47,51,53,55,55,58,58,58,12573,0,42,44.42348629602525,29.940599999463302,388.00909999918076,2872.8341684562156
1746381680,200,,Aggregated,285.900000,0.000000,37,40,42,43,46,49,53,56,65,66,66,238430,0,38,39.92555376127048,25.618700001359684,401.554700001725,1568.407595520698
1746381681,200,GET,GET /analytics/:slug,136.100000,0.000000,36,38,39,41,44,48,51,54,60,61,61,113059,0,37,38.247157363856125,25.618700001359684,338.25160000014876,87.09977091607037
1746381681,200,GET,GET /pastes/:slug,136.200000,0.000000,38,41,43,44,47,50,54,57,65,66,66,113063,0,39,41.09548652167004,26.439199999003904,401.554700001725,2904.5803666982124
1746381681,200,POST,POST /pastes,12.600000,0.000000,42,44,46,47,50,53,55,55,58,58,58,12588,0,42,44.41843232442969,29.940599999463302,388.00909999918076,2872.8374642516683
1746381681,200,,Aggregated,284.900000,0.000000,37,40,42,43,46,49,53,56,65,66,66,238710,0,38,39.92167727828635,25.618700001359684,401.554700001725,1568.47748732772
1746381682,200,GET,GET /analytics/:slug,138.000000,0.000000,36,38,39,40,43,48,51,54,60,61,61,113200,0,37,38.24368335954241,25.618700001359684,338.25160000014876,87.09975265017668
1746381682,200,GET,GET /pastes/:slug,137.900000,0.000000,38,41,42,43,46,49,53,56,65,66,66,113209,0,39,41.09086136967524,26.439199999003904,401.554700001725,2904.514367232287
1746381682,200,POST,POST /pastes,13.000000,0.000000,41,44,45,46,50,52,55,55,58,58,58,12600,0,42,44.41529758729526,29.940599999463302,388.00909999918076,2873.1966666666667
1746381682,200,,Aggregated,288.900000,0.000000,37,39,41,42,46,49,53,55,65,66,66,239009,0,38,39.917630845280826,25.618700001359684,401.554700001725,1568.4728901422122
1746381683,200,GET,GET /analytics/:slug,136.800000,0.000000,35,37,39,40,42,47,51,54,60,61,61,113337,0,37,38.23978002947141,25.618700001359684,338.25160000014876,87.09972030316666
1746381683,200,GET,GET /pastes/:slug,137.100000,0.000000,38,40,42,43,46,49,53,56,65,66,66,113343,0,39,41.08607722929126,26.439199999003904,401.554700001725,2904.599807663464
1746381683,200,POST,POST /pastes,13.200000,0.000000,41,43,45,46,50,52,55,55,58,58,58,12617,0,42,44.40991867321197,29.940599999463302,388.00909999918076,2872.636125861932
1746381683,200,,Aggregated,287.100000,0.000000,37,39,40,42,45,49,52,55,61,66,66,239297,0,38,39.91325066548979,25.618700001359684,401.554700001725,1568.4765249877767
1746381684,200,GET,GET /analytics/:slug,137.800000,0.000000,35,37,38,39,42,46,50,53,60,61,61,113480,0,37,38.23577971448896,25.618700001359684,338.25160000014876,87.09969157560803
1746381684,200,GET,GET /pastes/:slug,137.800000,0.000000,38,39,41,42,45,49,52,55,61,65,65,113480,0,39,41.08127220567107,26.14030000040657,401.554700001725,2904.423801550934
1746381684,200,POST,POST /pastes,13.600000,0.000000,41,44,45,46,50,52,55,55,58,58,58,12630,0,42,44.407424742669164,29.940599999463302,388.00909999918076,2873.012351543943
1746381684,200,,Aggregated,289.200000,0.000000,37,39,40,41,45,48,52,54,61,65,65,239590,0,38,39.90886442004961,25.618700001359684,401.554700001725,1568.363587795818
1746381685,200,GET,GET /analytics/:slug,139.300000,0.000000,35,37,38,39,42,46,50,53,63,68,68,113605,0,37,38.23404622507987,25.618700001359684,338.25160000014876,87.09966110646539
1746381685,200,GET,GET /pastes/:slug,139.100000,0.000000,37,39,41,42,45,49,53,55,65,65,65,113613,0,39,41.07885931803191,26.14030000040657,401.554700001725,2904.4959643702746
1746381685,200,POST,POST /pastes,12.900000,0.000000,41,44,46,46,50,52,55,58,73,73,73,12645,0,42,44.40739135626039,29.940599999463302,388.00909999918076,2873.551443258205
1746381685,200,,Aggregated,291.300000,0.000000,36,39,40,41,44,48,52,55,65,73,73,239863,0,38,39.90695825867129,25.618700001359684,401.554700001725,1568.4766512550914
1746381686,200,GET,GET /analytics/:slug,138.300000,0.000000,35,37,39,40,43,47,52,54,63,68,68,113749,0,37,38.23545342816375,25.618700001359684,338.25160000014876,87.09970197540198
1746381686,200,GET,GET /pastes/:slug,138.600000,0.000000,38,40,41,43,46,50,55,63,72,72,72,113751,0,39,41.08158006522642,26.14030000040657,401.554700001725,2904.3919613893504
1746381686,200,POST,POST /pastes,13.600000,0.000000,41,44,46,47,51,53,62,72,73,73,73,12657,0,42,44.410698008999844,29.940599999463302,388.00909999918076,2873.3200600458244
1746381686,200,,Aggregated,290.500000,0.000000,37,39,40,42,45,49,54,59,72,73,73,240157,0,38,39.90898291825632,25.618700001359684,401.554700001725,1568.3598895722382
1746381687,200,GET,GET /analytics/:slug,138.100000,0.000000,35,38,39,40,43,47,53,54,64,68,68,113882,0,37,38.235930512286345,25.618700001359684,338.25160000014876,87.09973481322773
1746381687,200,GET,GET /pastes/:slug,137.900000,0.000000,38,40,42,43,47,51,58,64,74,76,76,113886,0,39,41.082089860031566,26.14030000040657,401.554700001725,2904.5361414045624
1746381687,200,POST,POST /pastes,14.200000,0.000000,41,44,46,47,51,55,62,72,73,73,73,12670,0,42,44.40859088397078,29.940599999463302,388.00909999918076,2873.79044988161
1746381687,200,,Aggregated,290.200000,0.000000,37,39,41,42,46,50,55,60,73,76,76,240438,0,38,39.90931537818343,25.618700001359684,401.554700001725,1568.4543208644225
1746381688,200,GET,GET /analytics/:slug,137.300000,0.000000,36,38,39,40,44,48,53,55,68,68,68,114023,0,37,38.23581454794391,25.618700001359684,338.25160000014876,87.09977811494173
1746381688,200,GET,GET /pastes/:slug,137.200000,0.000000,38,40,42,43,48,52,58,64,74,76,76,114029,0,39,41.080726838782674,26.14030000040657,401.554700001725,2904.6388550281067
1746381688,200,POST,POST /pastes,14.300000,0.000000,41,44,46,47,52,58,64,72,73,73,73,12684,0,42,44.409503863127235,29.940599999463302,388.00909999918076,2873.7241406496373
1746381688,200,,Aggregated,288.800000,0.000000,37,39,41,42,46,51,55,63,73,76,76,240736,0,38,39.90864112513153,25.618700001359684,401.554700001725,1568.5014247972883
1746381689,200,GET,GET /analytics/:slug,139.100000,0.000000,35,38,39,40,44,48,53,57,68,68,68,114162,0,37,38.23282441355453,25.618700001359684,338.25160000014876,87.09979678001437
1746381689,200,GET,GET /pastes/:slug,138.700000,0.000000,38,40,42,43,48,52,58,64,74,76,76,114164,0,39,41.07677353893996,26.14030000040657,401.554700001725,2904.638537542483
1746381689,200,POST,POST /pastes,13.700000,0.000000,41,44,47,47,52,58,67,72,73,73,73,12697,0,42,44.41142338346879,29.940599999463302,388.00909999918076,2874.5157123730014
1746381689,200,,Aggregated,291.500000,0.000000,37,39,41,42,46,51,56,63,73,76,76,241023,0,38,39.90538794098355,25.618700001359684,401.554700001725,1568.5074329005945
1746381690,200,GET,GET /analytics/:slug,137.700000,0.000000,35,38,39,40,44,48,53,57,68,68,68,114292,0,37,38.23015099307233,25.618700001359684,338.25160000014876,87.09976201308928
1746381690,200,GET,GET /pastes/:slug,137.300000,0.000000,38,40,42,43,47,52,58,64,74,76,76,114297,0,39,41.07353334207844,26.14030000040657,401.554700001725,2904.624915789566
1746381690,200,POST,POST /pastes,13.900000,0.000000,41,45,47,47,52,58,67,72,73,73,73,12715,0,42,44.407387345646654,29.940599999463302,388.00909999918076,2874.757766417617
1746381690,200,,Aggregated,288.900000,0.000000,37,39,41,42,46,50,56,63,73,76,76,241304,0,38,39.90245494396979,25.618700001359684,401.554700001725,1568.5494852965553
1746381691,200,GET,GET /analytics/:slug,138.100000,0.000000,35,38,39,40,44,48,53,57,68,68,68,114439,0,37,38.225934027737175,25.618700001359684,338.25160000014876,87.0997387254345
1746381691,200,GET,GET /pastes/:slug,138.100000,0.000000,38,40,42,43,47,52,58,64,74,76,76,114447,0,39,41.0687681433287,26.14030000040657,401.554700001725,2904.511712845247
1746381691,200,POST,POST /pastes,14.300000,0.000000,41,45,47,47,52,58,67,72,73,73,73,12725,0,42,44.40530435362642,29.940599999463302,388.00909999918076,2874.6367779960706
1746381691,200,,Aggregated,290.500000,0.000000,37,39,41,42,46,51,56,63,73,76,76,241611,0,38,39.8979867216298,25.618700001359684,401.554700001725,1568.4716838223426
1746381692,200,GET,GET /analytics/:slug,136.600000,0.000000,36,38,40,41,44,48,53,57,68,68,68,114577,0,37,38.22524108852747,25.618700001359684,338.25160000014876,87.09974951342765
1746381692,200,GET,GET /pastes/:slug,136.900000,0.000000,38,40,42,43,48,53,60,64,74,76,76,114585,0,39,41.0683089243753,26.14030000040657,401.554700001725,2904.5356634812583
1746381692,200,POST,POST /pastes,13.800000,0.000000,42,46,47,49,53,60,72,73,76,76,76,12740,0,42,44.40623883829608,29.940599999463302,388.00909999918076,2874.994819466248
1746381692,200,,Aggregated,287.300000,0.000000,37,39,41,43,47,51,57,63,74,76,76,241902,0,38,39.89748372936018,25.618700001359684,401.554700001725,1568.4999751965672
1746381693,200,GET,GET /analytics/:slug,136.800000,0.000000,36,38,40,41,45,49,53,57,68,68,68,114709,0,37,38.22336866680232,25.618700001359684,338.25160000014876,87.0997480581297
1746381693,200,GET,GET /pastes/:slug,136.400000,0.000000,38,40,42,43,48,53,60,64,74,76,76,114713,0,39,41.06394858821182,26.14030000040657,401.554700001725,2904.475159746498
1746381693,200,POST,POST /pastes,14.100000,0.000000,41,46,47,49,53,62,72,73,76,76,76,12757,0,42,44.402085843057975,29.940599999463302,388.00909999918076,2874.7696950693735
1746381693,200,,Aggregated,287.300000,0.000000,37,39,42,43,47,52,58,63,74,76,76,242179,0,38,39.89433658533436,25.618700001359684,401.554700001725,1568.44986972446
1746381694,200,GET,GET /analytics/:slug,137.800000,0.000000,36,38,40,42,45,50,54,57,66,68,68,114854,0,37,38.22293146429586,25.618700001359684,338.25160000014876,87.09978755637592
1746381694,200,GET,GET /pastes/:slug,138.000000,0.000000,38,41,42,44,49,54,60,65,74,76,76,114858,0,39,41.06414923731505,26.14030000040657,401.554700001725,2904.494967699246
1746381694,200,POST,POST /pastes,13.300000,0.000000,42,46,47,49,53,60,67,72,76,76,76,12771,0,42,44.40161931719455,29.940599999463302,388.00909999918076,2874.6486571137734
1746381694,200,,Aggregated,289.100000,0.000000,37,40,42,43,48,52,58,64,74,76,76,242483,0,38,39.894160431039246,25.618700001359684,401.554700001725,1568.441416511673
1746381695,200,GET,GET /analytics/:slug,136.300000,0.000000,36,38,40,42,46,50,54,58,66,68,68,114979,0,37,38.22243319736853,25.618700001359684,338.25160000014876,87.09980083319563
1746381695,200,GET,GET /pastes/:slug,136.600000,0.000000,38,41,43,44,49,54,62,67,76,89,89,114983,0,39,41.064554259321206,26.14030000040657,401.554700001725,2904.607750710975
1746381695,200,POST,POST /pastes,14.100000,0.000000,43,46,48,50,53,58,67,72,76,76,76,12791,0,42,44.40019928073578,29.940599999463302,388.00909999918076,2874.6915800171996
1746381695,200,,Aggregated,287.000000,0.000000,37,40,42,43,48,53,58,64,76,89,89,242753,0,38,39.89415470869436,25.618700001359684,401.554700001725,1568.5299090021545
1746381696,200,GET,GET /analytics/:slug,136.500000,0.000000,36,38,40,41,45,48,53,56,66,68,68,115122,0,37,38.22087022202754,25.618700001359684,338.25160000014876,87.09980716109867
1746381696,200,GET,GET /pastes/:slug,136.200000,0.000000,38,40,42,43,48,52,58,61,72,89,89,115126,0,39,41.06197160328251,26.14030000040657,401.554700001725,2904.545689071105
1746381696,200,POST,POST /pastes,14.200000,0.000000,42,45,47,48,51,56,64,67,76,76,76,12804,0,42,44.396692939697616,29.940599999463302,388.00909999918076,2874.935957513277
1746381696,200,,Aggregated,286.900000,0.000000,37,40,42,43,47,51,56,60,72,89,89,243052,0,38,39.891952425405556,25.618700001359684,401.554700001725,1568.4977329954083
1746381697,200,GET,GET /analytics/:slug,137.200000,0.000000,35,38,39,41,44,48,52,55,66,68,68,115250,0,37,38.21709147071805,25.618700001359684,338.25160000014876,87.09980911062907
1746381697,200,GET,GET /pastes/:slug,137.200000,0.000000,38,40,42,43,47,52,58,61,72,89,89,115253,0,39,41.058187636759875,26.14030000040657,401.554700001725,2904.738627194086
1746381697,200,POST,POST /pastes,13.900000,0.000000,42,45,46,47,51,56,64,67,76,76,76,12817,0,42,44.391767496285134,29.940599999463302,388.00909999918076,2874.5318717328546
1746381697,200,,Aggregated,288.300000,0.000000,37,39,41,42,46,50,56,60,72,89,89,243320,0,38,39.88808308277026,25.618700001359684,401.554700001725,1568.555683873089
1746381698,200,GET,GET /analytics/:slug,136.900000,0.000000,35,37,39,40,44,47,51,54,65,66,66,115396,0,37,38.213479973311614,25.618700001359684,338.25160000014876,87.09978682103366
1746381698,200,GET,GET /pastes/:slug,137.200000,0.000000,38,40,42,43,46,51,57,60,72,89,89,115401,0,39,41.053540433787155,26.14030000040657,401.554700001725,2904.583868424017
1746381698,200,POST,POST /pastes,14.500000,0.000000,41,44,46,47,50,53,57,63,76,76,76,12830,0,42,44.38776544815973,29.940599999463302,388.00909999918076,2875.3622759158225
1746381698,200,,Aggregated,288.600000,0.000000,37,39,41,42,46,49,54,58,72,89,89,243627,0,38,39.88391017949427,25.618700001359684,401.554700001725,1568.5196960927976
1746381699,200,GET,GET /analytics/:slug,136.300000,0.000000,35,38,39,41,44,47,51,54,65,66,66,115518,0,37,38.21276546079631,25.618700001359684,338.25160000014876,87.09981128482141
1746381699,200,GET,GET /pastes/:slug,136.600000,0.000000,38,40,42,43,47,51,57,61,72,89,89,115523,0,39,41.05280703928636,26.14030000040657,401.554700001725,2904.589951784493
1746381699,200,POST,POST /pastes,14.500000,0.000000,41,44,45,46,50,54,57,63,76,76,76,12855,0,42,44.38257819524633,29.940599999463302,388.00909999918076,2875.199066511085
1746381699,200,,Aggregated,287.400000,0.000000,37,39,41,42,46,50,55,58,72,89,89,243896,0,38,39.88316212975887,25.618700001359684,401.554700001725,1568.5752328861481
1746381700,200,GET,GET /analytics/:slug,136.100000,0.000000,36,38,40,41,44,48,52,55,65,66,66,115652,0,37,38.211500008648784,25.618700001359684,338.25160000014876,87.09980804482413
1746381700,200,GET,GET /pastes/:slug,136.500000,0.000000,38,40,42,43,47,52,58,61,72,89,89,115656,0,39,41.050710988616856,26.14030000040657,401.554700001725,2904.675364875147
1746381700,200,POST,POST /pastes,14.600000,0.000000,42,44,46,47,50,55,62,63,76,76,76,12871,0,42,44.381394965417506,29.940599999463302,388.00909999918076,2875.92292751146
1746381700,200,,Aggregated,287.200000,0.000000,37,40,41,43,46,50,55,58,72,89,89,244179,0,38,39.88152283242895,25.618700001359684,401.554700001725,1568.6541635439576
1746381701,200,GET,GET /analytics/:slug,136.800000,0.000000,36,38,40,41,45,48,53,55,65,66,66,115796,0,37,38.21001846868864,25.618700001359684,338.25160000014876,87.09982210093612
1746381701,200,GET,GET /pastes/:slug,136.900000,0.000000,38,41,42,43,47,52,58,61,72,89,89,115800,0,39,41.04800546027163,26.14030000040657,401.554700001725,2904.743359240069
1746381701,200,POST,POST /pastes,14.600000,0.000000,41,44,45,46,50,54,62,63,76,76,76,12878,0,42,44.38044756172441,29.940599999463302,388.00909999918076,2875.6628358440753
1746381701,200,,Aggregated,288.300000,0.000000,37,40,42,43,46,51,55,58,72,89,89,244474,0,38,39.87932350515657,25.618700001359684,401.554700001725,1568.624385415218
1746381702,200,GET,GET /analytics/:slug,134.800000,0.000000,36,38,40,42,45,49,54,57,65,66,66,115933,0,37,38.21244286614062,25.618700001359684,338.25160000014876,87.09987665289434
1746381702,200,GET,GET /pastes/:slug,134.700000,0.000000,38,41,42,44,48,53,58,62,72,89,89,115944,0,39,41.0495502742656,26.14030000040657,401.554700001725,2904.8688849789555
1746381702,200,POST,POST /pastes,16.200000,0.000000,42,44,45,46,50,55,63,63,66,66,66,12890,0,42,44.38202806826132,29.940599999463302,388.00909999918076,2876.118308766486
1746381702,200,,Aggregated,285.700000,0.000000,37,40,42,43,47,52,57,60,68,89,89,244767,0,38,39.881260699357554,25.618700001359684,401.554700001725,1568.7287624557232
1746381703,200,GET,GET /analytics/:slug,135.400000,0.000000,36,39,40,42,46,49,54,57,65,66,66,116077,0,37,38.21329555984617,25.618700001359684,338.25160000014876,87.09988197489598
1746381703,200,GET,GET /pastes/:slug,135.600000,0.000000,39,41,43,44,49,54,59,62,72,89,89,116085,0,39,41.05070707067624,26.14030000040657,401.554700001725,2905.007632338373
1746381703,200,POST,POST /pastes,15.500000,0.000000,42,45,46,46,50,55,62,63,66,66,66,12908,0,42,44.38227617755581,29.940599999463302,388.00909999918076,2875.889370932755
1746381703,200,,Aggregated,286.500000,0.000000,38,40,42,44,48,52,57,61,68,89,89,245070,0,38,39.88224776553488,25.618700001359684,401.554700001725,1568.7766107642715
1746381704,200,GET,GET /analytics/:slug,134.400000,0.000000,36,39,41,42,46,49,54,58,72,73,73,116207,0,37,38.21431047011161,25.618700001359684,338.25160000014876,87.09981326426119
1746381704,200,GET,GET /pastes/:slug,134.500000,0.000000,39,41,43,45,49,53,59,63,76,89,89,116215,0,39,41.05154505528078,26.14030000040657,401.554700001725,2905.119227294239
1746381704,200,POST,POST /pastes,15.400000,0.000000,42,44,46,46,50,54,63,66,69,69,69,12921,0,42,44.380430229850056,29.940599999463302,388.00909999918076,2875.6460026313753
1746381704,200,,Aggregated,284.300000,0.000000,38,40,42,44,48,52,57,62,73,89,89,245343,0,38,39.88300144858279,25.618700001359684,401.554700001725,1568.808814598338
1746381705,200,GET,GET /analytics/:slug,135.900000,0.000000,36,39,41,42,46,49,54,58,72,73,73,116349,0,37,38.21484394795181,25.618700001359684,338.25160000014876,87.09987193701708
1746381705,200,GET,GET /pastes/:slug,135.500000,0.000000,39,41,43,45,49,53,59,62,71,76,76,116354,0,39,41.05224134881015,26.14030000040657,401.554700001725,2905.21644292418
1746381705,200,POST,POST /pastes,14.800000,0.000000,42,44,45,46,51,55,66,69,73,73,73,12943,0,42,44.38157950242494,29.940599999463302,388.00909999918076,2875.6000927142086
1746381705,200,,Aggregated,286.200000,0.000000,38,41,42,44,48,52,57,62,73,76,76,245646,0,38,39.883743891207814,25.618700001359684,401.554700001725,1568.869140958941
1746381706,200,GET,GET /analytics/:slug,136.300000,0.000000,36,39,41,42,46,49,54,58,72,73,73,116477,0,37,38.21249550383544,25.618700001359684,338.25160000014876,87.0998051117388
1746381706,200,GET,GET /pastes/:slug,136.400000,0.000000,39,41,43,45,49,54,59,62,71,76,76,116483,0,39,41.050145690782855,26.14030000040657,401.554700001725,2905.332314586678
1746381706,200,POST,POST /pastes,14.900000,0.000000,42,44,46,46,51,55,66,69,73,73,73,12953,0,42,44.37861679918829,29.940599999463302,388.00909999918076,2875.7952597853778
1746381706,200,,Aggregated,287.600000,0.000000,38,40,42,44,48,52,57,62,73,76,76,245913,0,38,39.881410021835435,25.618700001359684,401.554700001725,1568.9171536275023
1746381707,200,GET,GET /analytics/:slug,135.500000,0.000000,37,39,41,42,46,49,54,58,72,73,73,116618,0,37,38.21117897494599,25.618700001359684,338.25160000014876,87.09976161484505
1746381707,200,GET,GET /pastes/:slug,136.100000,0.000000,39,42,44,45,49,53,59,62,71,76,76,116621,0,39,41.0485013925405,26.14030000040657,401.554700001725,2905.4187496248533
1746381707,200,POST,POST /pastes,14.900000,0.000000,43,45,46,48,52,55,63,69,73,73,73,12970,0,42,44.38044002312187,29.940599999463302,388.00909999918076,2875.7806476484193
1746381707,200,,Aggregated,286.500000,0.000000,38,41,43,44,48,52,57,62,73,76,76,246209,0,38,39.880113471479994,25.618700001359684,401.554700001725,1568.9479872791003
1746381708,200,GET,GET /analytics/:slug,136.100000,0.000000,37,39,41,42,46,50,55,58,72,73,73,116741,0,37,38.211405452242516,25.618700001359684,338.25160000014876,87.0997849941323
1746381708,200,GET,GET /pastes/:slug,135.800000,0.000000,39,42,44,46,50,54,59,62,71,76,76,116752,0,39,41.04848033780558,26.14030000040657,401.554700001725,2905.595467315335
1746381708,200,POST,POST /pastes,14.900000,0.000000,43,45,47,48,53,55,66,69,73,73,73,12982,0,42,44.37878668925337,29.940599999463302,388.00909999918076,2875.8259898320753
1746381708,200,,Aggregated,286.800000,0.000000,38,41,43,45,49,53,57,62,73,76,76,246475,0,38,39.88013092240432,25.618700001359684,401.554700001725,1569.0685505629374
1746381709,200,GET,GET /analytics/:slug,134.600000,0.000000,37,39,41,43,46,50,54,59,72,73,73,116893,0,37,38.212069750115525,25.618700001359684,338.25160000014876,87.09980067240981
1746381709,200,GET,GET /pastes/:slug,135.000000,0.000000,39,42,44,46,50,54,59,62,71,76,76,116896,0,39,41.04773124571814,26.14030000040657,401.554700001725,2905.272156446756
1746381709,200,POST,POST /pastes,15.200000,0.000000,43,45,47,48,53,55,66,69,73,73,73,12995,0,42,44.37688182376977,29.940599999463302,388.00909999918076,2875.7188149288186
1746381709,200,,Aggregated,284.800000,0.000000,39,41,43,45,49,53,57,61,73,76,76,246784,0,38,39.87988135494847,25.618700001359684,401.554700001725,1568.8456990728735
1746381710,200,GET,GET /analytics/:slug,136.400000,0.000000,37,40,41,42,46,50,54,59,72,73,73,117031,0,37,38.21025417282806,25.618700001359684,338.25160000014876,87.09977698216711
1746381710,200,GET,GET /pastes/:slug,135.900000,0.000000,39,42,44,46,50,54,59,62,71,76,76,117035,0,39,41.044826760366256,26.14030000040657,401.554700001725,2905.371640962105
1746381710,200,POST,POST /pastes,15.400000,0.000000,43,44,46,48,52,55,66,69,73,73,73,13017,0,42,44.37153831143056,29.940599999463302,388.00909999918076,2876.493892601982
1746381710,200,,Aggregated,287.700000,0.000000,39,41,43,44,49,52,57,61,73,76,76,247083,0,38,39.877490034521145,25.618700001359684,401.554700001725,1568.9742515672872
1746381711,200,GET,GET /analytics/:slug,134.700000,0.000000,37,39,41,42,46,50,54,58,72,73,73,117158,0,37,38.209575385378805,25.618700001359684,338.25160000014876,87.09977124908244
1746381711,200,GET,GET /pastes/:slug,135.000000,0.000000,39,42,44,45,49,53,60,62,71,76,76,117160,0,39,41.0429830172368,26.14030000040657,401.554700001725,2905.5454335950835
1746381711,200,POST,POST /pastes,14.900000,0.000000,43,44,46,47,51,55,62,69,73,73,73,13033,0,42,44.370534857660765,29.940599999463302,388.00909999918076,2876.398757001458
1746381711,200,,Aggregated,284.600000,0.000000,38,41,43,44,48,52,57,61,73,76,76,247351,0,38,39.87626694090409,25.618700001359684,401.554700001725,1569.050632501991
1746381712,200,GET,GET /analytics/:slug,136.100000,0.000000,37,40,41,42,46,50,54,58,72,73,73,117301,0,37,38.210461382257684,25.618700001359684,338.25160000014876,87.09977749550302
1746381712,200,GET,GET /pastes/:slug,136.300000,0.000000,39,42,44,45,49,53,58,61,71,76,76,117306,0,39,41.043087172859614,26.14030000040657,401.554700001725,2905.5433225921947
1746381712,200,POST,POST /pastes,13.800000,0.000000,43,44,46,47,50,55,57,69,73,73,73,13045,0,42,44.36881408201562,29.940599999463302,388.00909999918076,2876.400536604063
1746381712,200,,Aggregated,286.200000,0.000000,39,41,43,44,48,52,56,60,73,76,76,247652,0,38,39.87658849595223,25.618700001359684,401.554700001725,1569.0452772438746
1746381713,200,GET,GET /analytics/:slug,136.700000,0.000000,38,40,43,44,50,58,72,82,110,110,110,117432,0,37,38.232962036755076,25.618700001359684,338.25160000014876,87.09980243885823
1746381713,200,GET,GET /pastes/:slug,136.200000,0.000000,40,43,46,48,54,63,78,87,110,130,130,117441,0,39,41.06766892311437,26.14030000040657,401.554700001725,2905.52884427074
1746381713,200,POST,POST /pastes,14.800000,0.000000,43,45,47,48,56,73,92,100,110,110,110,13058,0,42,44.39795843160459,29.940599999463302,388.00909999918076,2876.1604380456424
1746381713,200,,Aggregated,287.700000,0.000000,39,42,44,46,52,61,76,87,110,130,130,247931,0,38,39.90041521673198,25.618700001359684,401.554700001725,1569.0390471542485
1746381714,200,GET,GET /analytics/:slug,135.300000,0.000000,38,41,43,45,51,58,71,82,110,110,110,117565,0,37,38.23765376345199,25.618700001359684,338.25160000014876,87.0998171224429
1746381714,200,GET,GET /pastes/:slug,134.800000,0.000000,40,43,46,48,54,62,81,87,110,130,130,117570,0,39,41.071314784379254,26.14030000040657,401.554700001725,2905.540716169091
1746381714,200,POST,POST /pastes,15.400000,0.000000,43,45,47,49,57,66,92,100,110,110,110,13072,0,42,44.40113779068986,29.940599999463302,388.00909999918076,2875.578411872705
1746381714,200,,Aggregated,285.500000,0.000000,39,42,45,47,52,60,77,87,110,130,130,248207,0,38,39.90449873331362,25.618700001359684,401.554700001725,1568.9882759148613
1746381715,200,GET,GET /analytics/:slug,135.300000,0.000000,38,41,43,45,51,57,71,82,110,110,110,117710,0,37,38.236352707503514,25.618700001359684,338.25160000014876,87.09977911817178
1746381715,200,GET,GET /pastes/:slug,135.300000,0.000000,40,43,46,48,54,64,81,87,110,130,130,117715,0,39,41.07154505457657,26.14030000040657,401.554700001725,2905.6471477721616
1746381715,200,POST,POST /pastes,15.400000,0.000000,43,46,47,50,58,84,92,100,110,110,110,13086,0,42,44.40848037596648,29.940599999463302,388.00909999918076,2875.67621885985
1746381715,200,,Aggregated,286.000000,0.000000,39,42,45,47,53,61,80,87,110,130,130,248511,0,38,39.90433975759462,25.618700001359684,401.554700001725,1569.0326303463428
1746381716,200,GET,GET /analytics/:slug,134.700000,0.000000,38,40,43,45,51,57,71,82,110,110,110,117846,0,37,38.23393113385461,25.618700001359684,338.25160000014876,87.09974882473738
1746381716,200,GET,GET /pastes/:slug,134.800000,0.000000,40,43,46,48,54,64,81,87,110,130,130,117851,0,39,41.068015061386596,26.14030000040657,401.554700001725,2905.910225623881
1746381716,200,POST,POST /pastes,14.900000,0.000000,43,46,48,50,58,84,92,100,110,110,110,13099,0,42,44.40906216504294,29.940599999463302,388.00909999918076,2876.1894037712805
1746381716,200,,Aggregated,284.400000,0.000000,39,42,45,47,53,61,80,87,110,130,130,248796,0,38,39.901512872793695,25.618700001359684,401.554700001725,1569.1730895995113
1746381717,200,GET,GET /analytics/:slug,134.300000,0.000000,38,40,43,45,51,57,71,82,110,110,110,117987,0,37,38.232980871623454,25.618700001359684,338.25160000014876,87.09973980184257
1746381717,200,GET,GET /pastes/:slug,134.300000,0.000000,40,43,46,48,54,64,81,87,110,130,130,117989,0,39,41.06637890057097,26.14030000040657,401.554700001725,2905.942503114697
1746381717,200,POST,POST /pastes,15.100000,0.000000,43,46,47,49,61,84,92,100,110,110,110,13115,0,42,44.408633816233575,29.940599999463302,388.00909999918076,2875.7073579870375
1746381717,200,,Aggregated,283.700000,0.000000,39,42,45,47,53,61,80,87,110,130,130,249091,0,38,39.9002570414009,25.618700001359684,401.554700001725,1569.1485802377445
1746381718,200,GET,GET /analytics/:slug,135.400000,0.000000,38,40,43,45,50,57,71,82,110,110,110,118121,0,37,38.233102381458245,25.618700001359684,338.25160000014876,87.09972824476596
1746381718,200,GET,GET /pastes/:slug,135.300000,0.000000,40,43,46,48,54,63,81,87,110,130,130,118133,0,39,41.06603015160407,26.14030000040657,401.554700001725,2905.8588032133275
1746381718,200,POST,POST /pastes,14.400000,0.000000,43,46,48,51,63,84,92,100,110,110,110,13132,0,42,44.412529904043744,29.940599999463302,388.00909999918076,2876.25571123972
1746381718,200,,Aggregated,285.100000,0.000000,39,42,45,47,53,61,80,87,110,130,130,249386,0,38,39.900439355054274,25.618700001359684,401.554700001725,1569.2024211463354
1746381719,200,GET,GET /analytics/:slug,135.900000,0.000000,38,41,43,45,51,57,71,82,110,110,110,118257,0,37,38.23354141826904,25.618700001359684,338.25160000014876,87.09980804518972
1746381719,200,GET,GET /pastes/:slug,135.800000,0.000000,40,43,46,48,54,64,81,87,110,130,130,118265,0,39,41.06509006045269,26.14030000040657,401.554700001725,2905.9376569568344
1746381719,200,POST,POST /pastes,14.500000,0.000000,44,47,49,51,63,84,92,100,110,110,110,13145,0,42,44.412269950544605,29.940599999463302,388.00909999918076,2876.62137694941
1746381719,200,,Aggregated,286.200000,0.000000,39,42,45,47,53,61,80,87,110,130,130,249667,0,38,39.9001312628404,25.618700001359684,401.554700001725,1569.2264776682541
1746381720,200,GET,GET /analytics/:slug,135.900000,0.000000,38,41,43,45,51,57,71,82,110,110,110,118383,0,37,38.2304710710173,25.618700001359684,338.25160000014876,87.0998031812
1746381720,200,GET,GET /pastes/:slug,136.100000,0.000000,40,43,46,48,54,63,81,87,110,130,130,118393,0,39,41.061747490978746,26.14030000040657,401.554700001725,2905.936795249719
1746381720,200,POST,POST /pastes,14.500000,0.000000,44,47,49,53,63,84,92,100,110,110,110,13164,0,42,44.40587465815172,29.940599999463302,388.00909999918076,2876.849817684594
1746381720,200,,Aggregated,286.500000,0.000000,39,42,45,47,53,61,80,87,110,130,130,249940,0,38,39.89685629150831,25.618700001359684,401.554700001725,1569.2748739697527
1746381721,200,GET,GET /analytics/:slug,136.600000,0.000000,37,41,43,45,50,57,71,82,110,110,110,118534,0,37,38.22900829804295,25.618700001359684,338.25160000014876,87.09978571549091
1746381721,200,GET,GET /pastes/:slug,136.700000,0.000000,40,43,46,48,54,64,81,87,110,130,130,118537,0,39,41.06019657574807,26.14030000040657,401.554700001725,2905.855294127572
1746381721,200,POST,POST /pastes,15.000000,0.000000,44,47,49,53,64,86,100,110,110,110,110,13174,0,42,44.408084530128264,29.940599999463302,388.00909999918076,2876.93168361925
1746381721,200,,Aggregated,288.300000,0.000000,39,42,45,47,53,62,80,87,110,130,130,250245,0,38,39.89539010449597,25.618700001359684,401.554700001725,1569.1676277248296
1746381722,200,GET,GET /analytics/:slug,136.300000,0.000000,37,40,42,44,50,57,71,82,110,110,110,118674,0,37,38.2279565414517,25.618700001359684,338.25160000014876,87.09978596828286
1746381722,200,GET,GET /pastes/:slug,136.500000,0.000000,40,43,45,47,54,64,81,87,110,130,130,118680,0,39,41.05838237529028,26.14030000040657,401.554700001725,2905.814812942366
1746381722,200,POST,POST /pastes,14.800000,0.000000,44,48,50,55,65,86,100,110,110,110,110,13192,0,42,44.41391957246124,29.940599999463302,388.00909999918076,2876.5300939963613
1746381722,200,,Aggregated,287.600000,0.000000,39,42,44,47,53,61,80,87,110,130,130,250546,0,38,39.89439768305864,25.618700001359684,401.554700001725,1569.1560312277984
1746381724,200,GET,GET /analytics/:slug,135.100000,0.000000,36,38,40,41,45,48,53,56,61,63,63,118803,0,37,38.226862464754724,25.618700001359684,338.25160000014876,87.0998207115982
1746381724,200,GET,GET /pastes/:slug,135.800000,0.000000,39,41,43,44,48,52,58,65,86,87,87,118811,0,39,41.05737117101487,26.14030000040657,401.554700001725,2905.6680778715777
1746381724,200,POST,POST /pastes,14.500000,0.000000,43,46,48,49,58,65,86,86,110,110,110,13201,0,42,44.41077517611606,29.940599999463302,388.00909999918076,2875.95757897129
1746381724,200,,Aggregated,285.400000,0.000000,38,40,42,43,47,51,57,62,86,110,110,250815,0,38,39.89314798038242,25.618700001359684,401.554700001725,1569.0391962203219
1746381725,200,GET,GET /analytics/:slug,137.200000,0.000000,36,38,40,41,45,48,52,55,61,63,63,118944,0,37,38.22476908125041,25.618700001359684,338.25160000014876,87.09981167608287
1746381725,200,GET,GET /pastes/:slug,137.000000,0.000000,38,41,43,44,48,51,55,58,75,77,77,118945,0,39,41.054770797422655,26.14030000040657,401.554700001725,2905.827743915255
1746381725,200,POST,POST /pastes,14.100000,0.000000,42,45,47,48,55,62,65,78,110,110,110,13220,0,42,44.406864432671085,29.940599999463302,388.00909999918076,2875.252571860817
1746381725,200,,Aggregated,288.300000,0.000000,37,40,42,43,47,50,55,58,77,110,110,251109,0,38,39.89074622534275,25.618700001359684,401.554700001725,1569.0577398659545
1746381726,200,GET,GET /analytics/:slug,136.100000,0.000000,36,39,40,41,45,48,53,55,61,63,63,119081,0,37,38.22335395571278,25.618700001359684,338.25160000014876,87.09987319555597
1746381726,200,GET,GET /pastes/:slug,136.400000,0.000000,38,41,43,44,48,52,56,59,75,77,77,119090,0,39,41.05302086656663,26.14030000040657,401.554700001725,2905.8675287597616
1746381726,200,POST,POST /pastes,14.200000,0.000000,42,45,47,48,56,62,65,78,110,110,110,13230,0,42,44.40694524564726,29.940599999463302,388.00909999918076,2875.518140589569
1746381726,200,,Aggregated,286.700000,0.000000,38,40,42,43,47,50,55,59,77,110,110,251401,0,38,39.88919436676686,25.618700001359684,401.554700001725,1569.105966165608
1746381727,200,GET,GET /analytics/:slug,137.300000,0.000000,36,39,41,42,45,48,52,55,61,63,63,119215,0,37,38.223757423983926,25.618700001359684,338.25160000014876,87.0999119238351
1746381727,200,GET,GET /pastes/:slug,136.700000,0.000000,39,41,43,44,48,52,57,60,75,77,77,119223,0,39,41.052320428939126,26.14030000040657,401.554700001725,2905.8345872860104
1746381727,200,POST,POST /pastes,14.700000,0.000000,42,45,47,48,55,61,65,78,110,110,110,13248,0,42,44.40654205162388,29.940599999463302,388.00909999918076,2875.727657004831
1746381727,200,,Aggregated,288.700000,0.000000,38,40,42,43,47,50,56,59,77,110,110,251686,0,38,39.889083655425964,25.618700001359684,401.554700001725,1569.1121993277338
1746381728,200,GET,GET /analytics/:slug,136.500000,0.000000,36,39,40,41,44,47,51,55,61,61,61,119348,0,37,38.22166474930677,25.618700001359684,338.25160000014876,87.0999765391963
1746381728,200,GET,GET /pastes/:slug,136.900000,0.000000,38,41,42,44,48,51,56,59,75,77,77,119351,0,39,41.04935578419457,26.14030000040657,401.554700001725,2905.6702499350654
1746381728,200,POST,POST /pastes,14.200000,0.000000,42,44,46,48,54,58,62,78,110,110,110,13262,0,42,44.40122357863937,29.940599999463302,388.00909999918076,2875.8609561152166
1746381728,200,,Aggregated,287.600000,0.000000,37,40,41,43,46,50,55,58,77,110,110,251961,0,38,39.88637104075451,25.618700001359684,401.554700001725,1569.0107834148935
1746381729,200,GET,GET /analytics/:slug,136.400000,0.000000,36,38,40,41,44,47,50,53,61,61,61,119489,0,37,38.22039114730439,25.618700001359684,338.25160000014876,87.10000083689712
1746381729,200,GET,GET /pastes/:slug,136.600000,0.000000,38,41,42,44,47,51,55,58,75,77,77,119495,0,39,41.04707694547405,26.14030000040657,401.554700001725,2905.724306456337
1746381729,200,POST,POST /pastes,14.700000,0.000000,41,44,46,47,54,61,63,78,110,110,110,13279,0,42,44.39881457940492,29.940599999463302,388.00909999918076,2875.8974320355446
1746381729,200,,Aggregated,287.700000,0.000000,37,40,41,43,46,50,54,58,77,110,110,252263,0,38,39.88459915326285,25.618700001359684,401.554700001725,1569.0610989324634
1746381730,200,GET,GET /analytics/:slug,135.700000,0.000000,36,39,40,41,44,47,51,53,69,71,71,119619,0,37,38.21927010006976,25.618700001359684,338.25160000014876,87.10001755573947
1746381730,200,GET,GET /pastes/:slug,135.500000,0.000000,39,41,42,44,48,51,56,61,75,77,77,119624,0,39,41.046802032196084,26.14030000040657,401.554700001725,2905.7300708887847
1746381730,200,POST,POST /pastes,14.600000,0.000000,41,45,47,48,54,61,70,78,110,110,110,13296,0,42,44.39761769704574,29.940599999463302,388.00909999918076,2875.3131016847174
1746381730,200,,Aggregated,285.800000,0.000000,38,40,41,43,46,50,55,61,77,110,110,252539,0,38,39.88391591516379,25.618700001359684,401.554700001725,1569.0409560503526
1746381731,200,GET,GET /analytics/:slug,135.400000,0.000000,36,39,40,41,45,47,51,55,69,71,71,119754,0,37,38.218993975151065,25.618700001359684,338.25160000014876,87.10007181388514
1746381731,200,GET,GET /pastes/:slug,135.500000,0.000000,39,41,43,44,48,51,55,59,72,73,73,119759,0,39,41.047206563176005,26.14030000040657,401.554700001725,2905.762406165716
1746381731,200,POST,POST /pastes,14.700000,0.000000,42,45,47,48,55,62,68,70,78,78,78,13310,0,42,44.40163976708641,29.940599999463302,388.00909999918076,2875.3287002253946
1746381731,200,,Aggregated,285.600000,0.000000,38,40,42,43,47,50,55,60,72,78,78,252823,0,38,39.88417050901033,25.618700001359684,401.554700001725,1569.0518940128075
1746381732,200,GET,GET /analytics/:slug,135.100000,0.000000,37,39,41,41,45,47,51,55,69,71,71,119885,0,37,38.21946148976313,25.618700001359684,338.25160000014876,87.10004587729908
1746381732,200,GET,GET /pastes/:slug,135.000000,0.000000,39,41,43,44,48,52,55,59,72,73,73,119890,0,39,41.047778960708975,26.14030000040657,401.554700001725,2905.911335390775
1746381732,200,POST,POST /pastes,15.100000,0.000000,42,44,46,47,54,61,64,68,70,70,70,13329,0,42,44.401678828113,29.83239999957732,388.00909999918076,2875.6470853027236
1746381732,200,,Aggregated,285.200000,0.000000,38,40,42,43,47,50,55,59,72,73,73,253104,0,38,39.88474436357984,25.618700001359684,401.554700001725,1569.162079619445
