Timestamp,User Count,Type,Name,Requests/s,Failures/s,50%,66%,75%,80%,90%,95%,98%,99%,99.9%,99.99%,100%,Total Request Count,Total Failure Count,Total Median Response Time,Total Average Response Time,Total Min Response Time,Total Max Response Time,Total Average Content Size
1746378426,0,,Aggregated,0.000000,0.000000,N/A,N/A,N/A,N/A,N/A,N/A,N/A,N/A,N/A,N/A,N/A,0,0,0,0.0,0,0,0
1746378427,100,GET,GET /pastes/:slug,0.000000,0.000000,0,0,0,0,0,0,0,0,0,0,0,93,0,260.0,250.94999784954368,31.59320000122534,324.4429999995191,2912.2150537634407
1746378427,100,POST,POST /pastes,0.000000,0.000000,0,0,0,0,0,0,0,0,0,0,0,15,0,320.0,274.07512666674546,34.16370000013558,337.7733999986958,3139.266666666667
1746378427,100,,Aggregated,0.000000,0.000000,0,0,0,0,0,0,0,0,0,0,0,108,0,270.0,254.16182129637727,31.59320000122534,337.7733999986958,2943.75
1746378428,200,GET,GET /pastes/:slug,0.000000,0.000000,210,240,260,270,280,300,310,320,320,320,320,265,0,210.0,175.76722188689087,30.70050000133051,324.4429999995191,2872.109433962264
1746378428,200,POST,POST /pastes,0.000000,0.000000,0,0,0,0,0,0,0,0,0,0,0,29,0,220.0,202.36395172419023,34.16370000013558,337.7733999986958,3221.7241379310344
1746378428,200,,Aggregated,0.000000,0.000000,210,250,260,270,290,310,320,330,340,340,340,294,0,210.0,178.39070884363127,30.70050000133051,337.7733999986958,2906.595238095238
1746378429,300,GET,GET /pastes/:slug,12.000000,0.000000,160,200,220,240,270,280,300,310,320,320,320,499,0,160.0,139.90621342695712,30.60840000034659,324.4429999995191,2898.9759519038075
1746378429,300,POST,POST /pastes,0.000000,0.000000,50,77,170,180,220,240,250,250,250,250,250,64,0,79,146.23117343754188,34.16370000013558,337.7733999986958,3018.6875
1746378429,300,,Aggregated,12.000000,0.000000,160,200,220,240,270,290,320,320,340,340,340,563,0,160.0,140.6252142096879,30.60840000034659,337.7733999986958,2912.5843694493783
1746378430,333,GET,GET /pastes/:slug,87.000000,0.000000,54,160,180,210,260,280,300,300,320,320,320,748,0,54,113.17762967922422,28.848400001152186,324.4429999995191,2892.76871657754
1746378430,333,POST,POST /pastes,10.500000,0.000000,48,53,74,160,190,230,240,250,250,250,250,95,0,51,116.86726526319322,33.53150000111782,337.7733999986958,2851.642105263158
1746378430,333,,Aggregated,97.500000,0.000000,54,160,190,210,260,280,300,320,340,340,340,843,0,54,113.59342491110685,28.848400001152186,337.7733999986958,2888.1340450771054
1746378431,333,GET,GET /pastes/:slug,123.333333,0.000000,47,69,160,180,240,270,290,300,320,320,320,970,0,48,97.22862711346774,28.848400001152186,324.4429999995191,2928.6484536082476
1746378431,333,POST,POST /pastes,14.333333,0.000000,45,51,55,77,180,220,240,250,250,250,250,118,0,49,102.87105847460919,33.53150000111782,337.7733999986958,2788.9491525423728
1746378431,333,,Aggregated,137.666667,0.000000,48,69,160,180,240,270,300,320,330,340,340,1088,0,48,97.84058198535624,28.848400001152186,337.7733999986958,2913.497242647059
1746378432,333,GET,GET /pastes/:slug,146.000000,0.000000,44,54,98,160,220,260,280,300,320,320,320,1190,0,45,86.82518621853811,28.652099999817437,324.4429999995191,2903.1075630252103
1746378432,333,POST,POST /pastes,17.500000,0.000000,45,50,55,58,170,190,240,240,250,250,250,143,0,47,93.03545594406756,33.53150000111782,337.7733999986958,2775.7342657342656
1746378432,333,,Aggregated,163.500000,0.000000,45,54,94,170,220,260,290,310,330,340,340,1333,0,45,87.49140420109678,28.652099999817437,337.7733999986958,2889.44336084021
1746378433,333,GET,GET /pastes/:slug,160.400000,0.000000,43,50,60,140,210,260,280,300,320,320,320,1429,0,43,78.83756850949946,28.442099999665515,324.4429999995191,2895.17144856543
1746378433,333,POST,POST /pastes,20.000000,0.000000,44,50,53,56,150,190,230,240,250,250,250,173,0,46,84.45993815029517,32.08189999895694,337.7733999986958,2772.28323699422
1746378433,333,,Aggregated,180.400000,0.000000,43,50,60,150,210,260,290,310,330,340,340,1602,0,43,79.44472827720087,28.442099999665515,337.7733999986958,2881.9007490636704
1746378434,333,GET,GET /pastes/:slug,169.500000,0.000000,42,48,55,71,200,250,280,290,320,320,320,1641,0,42,74.04587903721071,28.442099999665515,324.4429999995191,2897.7702620353443
1746378434,333,POST,POST /pastes,20.833333,0.000000,44,49,52,55,84,180,230,240,250,250,250,199,0,45,79.34000100501532,32.08189999895694,337.7733999986958,2775.608040201005
1746378434,333,,Aggregated,190.333333,0.000000,42,49,55,71,200,260,280,300,330,340,340,1840,0,43,74.61844983698964,28.442099999665515,337.7733999986958,2884.558152173913
1746378435,333,GET,GET /pastes/:slug,178.285714,0.000000,43,50,63,160,230,280,340,380,490,490,490,1830,0,43,85.12041748636761,28.442099999665515,486.4420000012615,2888.7715846994533
1746378435,333,POST,POST /pastes,21.571429,0.000000,45,50,54,57,170,240,360,420,430,430,430,218,0,46,88.35734908253146,32.08189999895694,432.771199999479,2804.954128440367
1746378435,333,,Aggregated,199.857143,0.000000,43,51,63,150,230,280,340,380,480,490,490,2048,0,43,85.4649736816624,28.442099999665515,486.4420000012615,2879.849609375
1746378436,333,GET,GET /pastes/:slug,184.375000,0.000000,43,52,77,150,220,270,330,370,480,490,490,2093,0,43,85.19311677020997,28.057200001057936,486.4420000012615,2901.1213569039655
1746378436,333,POST,POST /pastes,22.250000,0.000000,46,51,56,65,180,250,320,410,430,430,430,235,0,47,89.7952936169957,31.98080000038317,432.771199999479,2779.2255319148935
1746378436,333,,Aggregated,206.625000,0.000000,43,52,76,150,230,280,330,370,480,490,490,2328,0,44,85.65768359108401,28.057200001057936,486.4420000012615,2888.8165807560135
1746378437,333,GET,GET /pastes/:slug,189.000000,0.000000,42,48,54,61,170,240,330,370,480,490,490,2326,0,43,80.94966113501069,28.057200001057936,486.4420000012615,2903.779879621668
1746378437,333,POST,POST /pastes,22.888889,0.000000,46,51,56,61,170,240,320,410,430,430,430,258,0,47,86.04452170540696,31.98080000038317,432.771199999479,2811.4418604651164
1746378437,333,,Aggregated,211.888889,0.000000,42,48,54,61,170,240,330,370,480,490,490,2584,0,43,81.45835851394351,28.057200001057936,486.4420000012615,2894.5603715170278
1746378438,333,GET,GET /pastes/:slug,192.300000,0.000000,42,47,52,57,170,290,360,390,480,490,490,2492,0,43,86.36034341895908,28.057200001057936,486.4420000012615,2902.150481540931
1746378438,333,POST,POST /pastes,22.400000,0.000000,45,50,54,56,150,280,360,420,430,430,430,274,0,47,89.6687459853837,31.98080000038317,432.771199999479,2819.697080291971
1746378438,333,,Aggregated,214.700000,0.000000,42,47,53,57,170,290,360,390,480,490,490,2766,0,44,86.68807382503303,28.057200001057936,486.4420000012615,2893.9826464208245
1746378439,333,GET,GET /pastes/:slug,213.100000,0.000000,43,51,74,170,340,450,580,650,680,690,690,2732,0,45,116.83728711568696,28.057200001057936,685.5855000012525,2906.8202781844802
1746378439,333,POST,POST /pastes,23.700000,0.000000,46,53,59,69,310,430,570,680,690,690,690,292,0,48,111.84069417807733,31.98080000038317,686.8025000003399,2815.9828767123286
1746378439,333,,Aggregated,236.800000,0.000000,43,51,69,170,340,440,580,650,690,690,690,3024,0,45,116.35481187171152,28.057200001057936,686.8025000003399,2898.048941798942
1746378440,333,GET,GET /pastes/:slug,220.300000,0.000000,43,51,99,180,350,460,580,650,680,690,690,2942,0,44,112.29568487425576,28.057200001057936,685.5855000012525,2906.1101291638342
1746378440,333,POST,POST /pastes,24.300000,0.000000,46,55,67,150,310,430,570,680,690,690,690,320,0,48,108.94908999998734,31.98080000038317,686.8025000003399,2813.903125
1746378440,333,,Aggregated,244.600000,0.000000,43,52,93,180,340,450,580,650,690,690,690,3262,0,45,111.96738617414373,28.057200001057936,686.8025000003399,2897.064684242796
1746378441,333,GET,GET /pastes/:slug,216.300000,0.000000,43,51,89,170,340,450,580,650,680,690,690,3194,0,44,106.69390579213216,28.057200001057936,685.5855000012525,2914.12147777082
1746378441,333,POST,POST /pastes,23.600000,0.000000,47,56,91,150,310,430,570,680,690,690,690,339,0,47,105.73384454276501,31.98080000038317,686.8025000003399,2825.6430678466077
1746378441,333,,Aggregated,239.900000,0.000000,43,52,89,170,340,440,580,650,690,690,690,3533,0,44,106.60178556469513,28.057200001057936,686.8025000003399,2905.6317577129917
1746378442,333,GET,GET /pastes/:slug,220.700000,0.000000,42,50,87,170,340,440,580,650,680,690,690,3436,0,43,101.85205317230708,28.057200001057936,685.5855000012525,2913.96565774156
1746378442,333,POST,POST /pastes,23.300000,0.000000,45,55,91,150,310,430,570,680,690,690,690,362,0,46,101.5992988950278,31.98080000038317,686.8025000003399,2817.814917127072
1746378442,333,,Aggregated,244.000000,0.000000,42,51,88,170,340,440,580,650,690,690,690,3798,0,43,101.8279623222874,28.057200001057936,686.8025000003399,2904.8012111637704
1746378443,333,GET,GET /pastes/:slug,218.800000,0.000000,42,51,86,170,340,440,580,650,680,690,690,3673,0,42,97.80492142664465,28.057200001057936,685.5855000012525,2916.2491151647155
1746378443,333,POST,POST /pastes,22.200000,0.000000,45,56,95,150,310,430,570,680,690,690,690,379,0,45,98.93773693931752,31.98080000038317,686.8025000003399,2816.337730870712
1746378443,333,,Aggregated,241.000000,0.000000,42,51,88,170,340,440,580,650,690,690,690,4052,0,43,97.9108782576672,28.057200001057936,686.8025000003399,2906.903998025666
1746378444,333,GET,GET /pastes/:slug,221.100000,0.000000,41,50,79,170,340,440,570,650,680,690,690,3910,0,42,94.18524884912806,28.057200001057936,685.5855000012525,2916.0631713554985
1746378444,333,POST,POST /pastes,21.700000,0.000000,45,60,110,190,320,440,650,690,690,690,690,400,0,45,96.12528274999931,31.98080000038317,686.8025000003399,2820.3125
1746378444,333,,Aggregated,242.800000,0.000000,42,50,88,170,340,440,570,650,690,690,690,4310,0,42,94.36529839909308,28.057200001057936,686.8025000003399,2907.1767981438516
1746378445,333,GET,GET /pastes/:slug,222.300000,0.000000,41,47,53,62,320,440,570,650,680,690,690,4153,0,42,91.44144064533607,28.057200001057936,685.5855000012525,2912.725018059234
1746378445,333,POST,POST /pastes,21.500000,0.000000,43,52,63,92,290,440,650,690,690,690,690,424,0,45,93.34166674527279,31.12210000108462,686.8025000003399,2794.816037735849
1746378445,333,,Aggregated,243.800000,0.000000,41,47,54,65,320,440,570,650,690,690,690,4577,0,42,91.617472077797,28.057200001057936,686.8025000003399,2901.8022722307187
1746378446,333,GET,GET /pastes/:slug,224.200000,0.000000,41,46,52,58,320,440,570,650,680,690,690,4399,0,42,88.76973746307561,28.057200001057936,685.5855000012525,2922.3682655148896
1746378446,333,POST,POST /pastes,20.400000,0.000000,43,48,56,68,250,430,570,680,690,690,690,445,0,45,91.02469325842097,31.12210000108462,686.8025000003399,2811.611235955056
1746378446,333,,Aggregated,244.600000,0.000000,41,46,52,58,310,430,570,650,690,690,690,4844,0,42,88.97689174237561,28.057200001057936,686.8025000003399,2912.1934351775394
1746378447,333,GET,GET /pastes/:slug,225.800000,0.000000,40,46,51,58,320,440,570,650,680,690,690,4616,0,42,86.55170227470924,28.057200001057936,685.5855000012525,2922.1925909878682
1746378447,333,POST,POST /pastes,19.900000,0.000000,42,48,61,70,250,430,570,680,690,690,690,468,0,44,88.86107799144078,31.12210000108462,686.8025000003399,2815.1431623931626
1746378447,333,,Aggregated,245.700000,0.000000,41,46,52,59,310,440,570,650,690,690,690,5084,0,42,86.76428839497497,28.057200001057936,686.8025000003399,2912.338316286389
1746378448,333,GET,GET /pastes/:slug,227.700000,0.000000,40,44,48,51,86,420,560,640,680,690,690,4857,0,42,84.31321058267258,28.057200001057936,685.5855000012525,2919.854231006794
1746378448,333,POST,POST /pastes,20.300000,0.000000,42,46,51,56,110,240,570,680,690,690,690,500,0,44,86.07268719999047,31.12210000108462,686.8025000003399,2836.732
1746378448,333,,Aggregated,248.000000,0.000000,40,44,48,51,92,420,570,650,690,690,690,5357,0,42,84.47743277954758,28.057200001057936,686.8025000003399,2912.095949225313
1746378449,333,GET,GET /pastes/:slug,229.400000,0.000000,39,42,45,47,52,58,70,78,94,100,100,5104,0,41,82.31073048590218,28.057200001057936,685.5855000012525,2922.42868338558
1746378449,333,POST,POST /pastes,21.200000,0.000000,42,45,47,49,61,69,100,110,110,110,110,520,0,44,84.71606288460931,31.12210000108462,686.8025000003399,2822.8903846153844
1746378449,333,,Aggregated,250.600000,0.000000,39,42,45,47,52,60,70,83,110,110,110,5624,0,42,82.5331296408325,28.057200001057936,686.8025000003399,2913.2252844950212
1746378450,333,GET,GET /pastes/:slug,228.100000,0.000000,39,42,45,47,53,59,71,83,100,110,110,5340,0,41,80.64665872660031,28.057200001057936,685.5855000012525,2919.2159176029963
1746378450,333,POST,POST /pastes,20.500000,0.000000,42,45,48,50,60,68,99,100,110,110,110,544,0,44,82.98726654410703,31.12210000108462,686.8025000003399,2838.251838235294
1746378450,333,,Aggregated,248.600000,0.000000,40,43,45,47,53,61,72,84,110,110,110,5884,0,42,80.86305754589405,28.057200001057936,686.8025000003399,2911.730455472468
1746378451,333,GET,GET /pastes/:slug,236.600000,0.000000,40,43,45,47,52,59,72,84,100,110,110,5559,0,41,79.14069411765733,28.057200001057936,685.5855000012525,2919.789350602626
1746378451,333,POST,POST /pastes,22.600000,0.000000,42,45,48,50,58,68,75,99,110,110,110,577,0,44,80.74505927209428,31.12210000108462,686.8025000003399,2848.675909878683
1746378451,333,,Aggregated,259.200000,0.000000,40,43,46,47,53,60,72,84,110,110,110,6136,0,42,79.29156091917477,28.057200001057936,686.8025000003399,2913.102183833116
1746378452,333,GET,GET /pastes/:slug,233.400000,0.000000,40,43,46,48,53,60,72,84,100,110,110,5810,0,41,77.53910619622472,28.057200001057936,685.5855000012525,2917.4834767641996
1746378452,333,POST,POST /pastes,22.200000,0.000000,43,46,49,52,59,68,78,99,110,110,110,598,0,44,79.6119585284184,31.12210000108462,686.8025000003399,2841.849498327759
1746378452,333,,Aggregated,255.600000,0.000000,40,43,46,48,54,61,72,84,110,110,110,6408,0,42,77.73254653558998,28.057200001057936,686.8025000003399,2910.4252496878903
1746378453,333,GET,GET /pastes/:slug,237.800000,0.000000,40,44,46,48,55,63,79,85,100,110,110,6031,0,41,76.35964287847102,28.057200001057936,685.5855000012525,2912.5433593102307
1746378453,333,POST,POST /pastes,22.600000,0.000000,43,46,50,53,59,68,82,99,110,110,110,620,0,44,78.44804758063131,31.12210000108462,686.8025000003399,2834.8129032258066
1746378453,333,,Aggregated,260.400000,0.000000,41,44,46,49,55,63,79,85,110,110,110,6651,0,42,76.55432201173522,28.057200001057936,686.8025000003399,2905.2973988873855
1746378454,333,GET,GET /pastes/:slug,236.900000,0.000000,41,44,47,49,55,62,79,85,100,110,110,6291,0,41,74.90636183437572,28.057200001057936,685.5855000012525,2910.49674137657
1746378454,333,POST,POST /pastes,23.700000,0.000000,43,46,50,53,59,68,80,92,110,110,110,639,0,44,77.45404679184267,31.12210000108462,686.8025000003399,2830.2065727699533
1746378454,333,,Aggregated,260.600000,0.000000,41,44,47,49,56,63,79,85,110,110,110,6930,0,42,75.14127823954483,28.057200001057936,686.8025000003399,2903.0933621933623
1746378455,333,GET,GET /pastes/:slug,236.200000,0.000000,40,43,46,48,53,60,71,82,100,110,110,6513,0,41,73.75229828037037,28.057200001057936,685.5855000012525,2907.1123906034086
1746378455,333,POST,POST /pastes,23.700000,0.000000,43,46,50,52,58,65,78,82,110,110,110,669,0,44,75.9472236173143,31.12210000108462,686.8025000003399,2831.9103139013455
1746378455,333,,Aggregated,259.900000,0.000000,41,44,46,48,54,61,71,82,110,110,110,7182,0,41,73.95675456697808,28.057200001057936,686.8025000003399,2900.1073517126147
1746378456,333,GET,GET /pastes/:slug,234.400000,0.000000,40,43,46,47,52,58,70,82,100,110,110,6736,0,41,72.66396423694479,28.057200001057936,685.5855000012525,2908.2796912114013
1746378456,333,POST,POST /pastes,23.900000,0.000000,43,46,50,51,58,62,78,82,110,110,110,691,0,44,74.89172981183181,31.12210000108462,686.8025000003399,2829.761215629522
1746378456,333,,Aggregated,258.300000,0.000000,41,43,46,48,53,59,70,82,110,110,110,7427,0,41,72.8712331223961,28.057200001057936,686.8025000003399,2900.9744176652753
1746378457,333,GET,GET /pastes/:slug,235.000000,0.000000,40,43,46,47,52,58,69,81,100,110,110,6973,0,41,71.54843654095285,28.057200001057936,685.5855000012525,2907.998135666141
1746378457,333,POST,POST /pastes,23.700000,0.000000,43,46,50,52,57,61,78,82,110,110,110,713,0,44,73.93616479659707,31.12210000108462,686.8025000003399,2823.969144460028
1746378457,333,,Aggregated,258.700000,0.000000,40,43,46,48,53,59,69,82,110,110,110,7686,0,41,71.76993670310151,28.057200001057936,686.8025000003399,2900.2030965391623
1746378458,333,GET,GET /pastes/:slug,233.700000,0.000000,40,43,45,47,52,58,68,81,100,110,110,7217,0,41,70.5383509353001,28.057200001057936,685.5855000012525,2907.518636552584
1746378458,333,POST,POST /pastes,24.300000,0.000000,42,46,50,52,58,61,78,82,110,110,110,740,0,44,72.99935675671902,31.12210000108462,686.8025000003399,2827.610810810811
1746378458,333,,Aggregated,258.000000,0.000000,40,43,46,47,53,59,69,81,110,110,110,7957,0,41,70.76722416740392,28.057200001057936,686.8025000003399,2900.0872188010558
1746378459,333,GET,GET /pastes/:slug,231.800000,0.000000,39,42,45,47,52,57,68,81,100,110,110,7473,0,41,69.42608744815242,28.057200001057936,685.5855000012525,2910.532450153887
1746378459,333,POST,POST /pastes,24.600000,0.000000,42,46,50,51,57,61,76,80,96,96,96,759,0,43,72.2171744400216,31.12210000108462,686.8025000003399,2833.2911725955205
1746378459,333,,Aggregated,256.400000,0.000000,40,43,45,47,52,58,69,81,100,110,110,8232,0,41,69.68342892371464,28.057200001057936,686.8025000003399,2903.410714285714
1746378460,333,GET,GET /pastes/:slug,233.900000,0.000000,39,42,45,46,52,57,64,74,89,93,93,7690,0,41,68.63931894669362,28.057200001057936,685.5855000012525,2908.082834850455
1746378460,333,POST,POST /pastes,24.600000,0.000000,42,46,50,52,57,64,76,80,96,96,96,781,0,43,71.55018565938285,31.12210000108462,686.8025000003399,2836.663252240717
1746378460,333,,Aggregated,258.500000,0.000000,40,42,45,47,52,58,66,75,89,96,96,8471,0,41,68.90769185456875,28.057200001057936,686.8025000003399,2901.498170227836
1746378461,333,GET,GET /pastes/:slug,233.800000,0.000000,39,42,44,46,52,56,65,75,89,93,93,7934,0,41,67.7940375976893,28.057200001057936,685.5855000012525,2912.111293168641
1746378461,333,POST,POST /pastes,23.600000,0.000000,43,48,50,52,58,62,76,80,96,96,96,799,0,43,70.9800667083552,31.12210000108462,686.8025000003399,2844.1126408010014
1746378461,333,,Aggregated,257.400000,0.000000,39,42,45,47,52,57,67,75,89,96,96,8733,0,41,68.08553390587916,28.057200001057936,686.8025000003399,2905.889957631971
1746378462,333,GET,GET /pastes/:slug,237.100000,0.000000,39,41,44,46,51,56,64,75,89,93,93,8167,0,40,66.95791719114321,28.057200001057936,685.5855000012525,2912.9220031835434
1746378462,333,POST,POST /pastes,23.700000,0.000000,42,47,50,51,57,61,74,80,96,96,96,825,0,43,70.10810521209902,31.12210000108462,686.8025000003399,2850.907878787879
1746378462,333,,Aggregated,260.800000,0.000000,39,42,45,47,52,57,66,75,89,96,96,8992,0,41,67.2469413367491,28.057200001057936,686.8025000003399,2907.2323176156583
1746378463,333,GET,GET /pastes/:slug,234.700000,0.000000,39,41,43,45,50,54,59,64,79,93,93,8396,0,40,66.18963571939948,28.057200001057936,685.5855000012525,2915.566817532158
1746378463,333,POST,POST /pastes,23.600000,0.000000,42,46,50,50,56,60,68,74,96,96,96,844,0,43,69.47653104263038,31.12210000108462,686.8025000003399,2842.754739336493
1746378463,333,,Aggregated,258.300000,0.000000,39,41,44,46,51,55,60,66,82,96,96,9240,0,41,66.48986728355601,28.057200001057936,686.8025000003399,2908.916017316017
1746378464,333,GET,GET /pastes/:slug,235.900000,0.000000,38,41,43,45,50,54,59,66,82,93,93,8632,0,40,65.45418990964694,28.057200001057936,685.5855000012525,2913.0812094531975
1746378464,333,POST,POST /pastes,22.100000,0.000000,42,46,49,50,56,59,68,74,96,96,96,867,0,43,68.77252768163456,31.12210000108462,686.8025000003399,2848.5190311418687
1746378464,333,,Aggregated,258.000000,0.000000,39,41,44,45,50,54,60,68,85,96,96,9499,0,41,65.7570637751394,28.057200001057936,686.8025000003399,2907.1884408885144
1746378465,333,GET,GET /pastes/:slug,235.700000,0.000000,38,41,43,45,50,53,58,66,82,93,93,8873,0,40,64.74739963936493,28.057200001057936,685.5855000012525,2908.5711709681054
1746378465,333,POST,POST /pastes,22.700000,0.000000,42,46,49,50,56,59,68,74,96,96,96,884,0,43,68.22749773753013,31.12210000108462,686.8025000003399,2849.4242081447965
1746378465,333,,Aggregated,258.400000,0.000000,38,41,43,45,50,54,59,68,85,96,96,9757,0,41,65.06270216255625,28.057200001057936,686.8025000003399,2903.212360356667
1746378466,333,GET,GET /pastes/:slug,235.600000,0.000000,38,40,43,44,49,53,59,66,82,93,93,9111,0,40,64.07181431237787,28.057200001057936,685.5855000012525,2905.3309186697397
1746378466,333,POST,POST /pastes,22.300000,0.000000,42,45,49,50,56,59,68,74,96,96,96,912,0,43,67.47836271927099,31.12210000108462,686.8025000003399,2853.996710526316
1746378466,333,,Aggregated,257.900000,0.000000,38,41,43,45,50,54,60,68,85,96,96,10023,0,40,64.38177860920378,28.057200001057936,686.8025000003399,2900.659982041305
1746378467,333,GET,GET /pastes/:slug,234.900000,0.000000,38,40,42,44,49,53,58,65,82,93,93,9353,0,40,63.396511750248536,28.057200001057936,685.5855000012525,2905.1252004704374
1746378467,333,POST,POST /pastes,22.700000,0.000000,42,44,49,50,56,59,68,74,96,96,96,925,0,43,67.0745331891659,31.12210000108462,686.8025000003399,2848.5610810810813
1746378467,333,,Aggregated,257.600000,0.000000,38,41,43,44,50,53,59,67,85,96,96,10278,0,40,63.72752652267489,28.057200001057936,686.8025000003399,2900.034539793734
1746378468,333,GET,GET /pastes/:slug,235.500000,0.000000,38,40,42,44,48,52,55,59,78,85,85,9576,0,40,62.804802485386496,28.057200001057936,685.5855000012525,2903.840434419382
1746378468,333,POST,POST /pastes,21.500000,0.000000,41,44,47,49,56,59,66,68,76,76,76,949,0,43,66.42961285561404,31.12210000108462,686.8025000003399,2844.377239199157
1746378468,333,,Aggregated,257.000000,0.000000,38,40,42,44,49,52,57,61,78,85,85,10525,0,40,63.13163811876846,28.057200001057936,686.8025000003399,2898.4788598574823
1746378469,333,GET,GET /pastes/:slug,236.700000,0.000000,38,40,43,44,49,52,56,61,78,85,85,9827,0,40,62.231377093727275,28.057200001057936,685.5855000012525,2902.300396865778
1746378469,333,POST,POST /pastes,21.700000,0.000000,41,44,48,50,56,59,66,68,71,71,71,978,0,43,65.79889028627937,31.12210000108462,686.8025000003399,2844.812883435583
1746378469,333,,Aggregated,258.400000,0.000000,38,41,43,45,49,52,58,62,78,85,85,10805,0,40,62.55428573808775,28.057200001057936,686.8025000003399,2897.0969921332717
1746378470,333,GET,GET /pastes/:slug,236.900000,0.000000,38,40,42,44,48,51,55,59,72,85,85,10066,0,40,61.70735328830206,28.057200001057936,685.5855000012525,2903.901351082853
1746378470,333,POST,POST /pastes,21.100000,0.000000,41,44,47,49,55,57,60,61,71,71,71,1004,0,43,65.21876165337005,31.12210000108462,686.8025000003399,2847.422310756972
1746378470,333,,Aggregated,258.000000,0.000000,38,41,43,44,49,52,56,59,72,85,85,11070,0,40,62.025822484194286,28.057200001057936,686.8025000003399,2898.7789521228547
1746378471,333,GET,GET /pastes/:slug,235.500000,0.000000,38,40,42,44,48,51,55,58,72,85,85,10298,0,40,61.20994409594641,28.057200001057936,685.5855000012525,2902.7064478539523
1746378471,333,POST,POST /pastes,21.000000,0.000000,42,44,46,48,54,57,61,63,71,71,71,1028,0,43,64.7558922178779,31.12210000108462,686.8025000003399,2858.2490272373543
1746378471,333,,Aggregated,256.500000,0.000000,38,40,43,44,49,52,56,59,72,85,85,11326,0,40,61.5317907028106,28.057200001057936,686.8025000003399,2898.6712873035494
1746378472,333,GET,GET /pastes/:slug,234.600000,0.000000,38,41,43,44,49,52,55,59,72,85,85,10538,0,40,60.75689297780014,28.057200001057936,685.5855000012525,2900.886031505029
1746378472,333,POST,POST /pastes,21.700000,0.000000,42,44,46,47,53,57,61,63,71,71,71,1053,0,43,64.25842421650631,31.12210000108462,686.8025000003399,2851.189933523267
1746378472,333,,Aggregated,256.300000,0.000000,38,41,43,45,49,52,57,60,72,85,85,11591,0,40,61.07499429730292,28.057200001057936,686.8025000003399,2896.371322577862
1746378473,333,GET,GET /pastes/:slug,236.200000,0.000000,38,41,43,45,49,52,56,60,72,85,85,10767,0,40,60.33260699359768,28.057200001057936,685.5855000012525,2897.9798458252067
1746378473,333,POST,POST /pastes,22.000000,0.000000,42,44,47,49,54,59,62,65,71,71,71,1076,0,43,63.894021375445845,31.12210000108462,686.8025000003399,2856.953531598513
1746378473,333,,Aggregated,258.200000,0.000000,38,41,43,45,50,53,58,62,72,85,85,11843,0,40,60.656180570805134,28.057200001057936,686.8025000003399,2894.2523853753273
1746378474,333,GET,GET /pastes/:slug,235.500000,0.000000,38,41,43,45,49,53,56,60,65,65,65,11015,0,40,59.92658111666505,28.057200001057936,685.5855000012525,2894.4441216522923
1746378474,333,POST,POST /pastes,22.800000,0.000000,42,45,47,49,54,60,63,66,71,71,71,1102,0,43,63.44632958256338,31.12210000108462,686.8025000003399,2848.953720508167
1746378474,333,,Aggregated,258.300000,0.000000,39,41,44,45,50,53,58,61,66,71,71,12117,0,40,60.246690286378595,28.057200001057936,686.8025000003399,2890.3069241561443
1746378475,333,GET,GET /pastes/:slug,236.000000,0.000000,39,41,44,45,50,53,57,60,65,65,65,11251,0,40,59.538297333577674,28.057200001057936,685.5855000012525,2893.612656652742
1746378475,333,POST,POST /pastes,22.400000,0.000000,43,45,47,49,54,60,65,66,71,71,71,1125,0,43,63.07895191110018,31.12210000108462,686.8025000003399,2854.929777777778
1746378475,333,,Aggregated,258.400000,0.000000,39,42,44,46,50,54,58,61,66,71,71,12376,0,40,59.860149014226714,28.057200001057936,686.8025000003399,2890.0963154492565
1746378476,333,GET,GET /pastes/:slug,236.200000,0.000000,39,42,44,46,50,54,58,60,65,66,66,11481,0,40,59.18626382720102,27.776799999628565,685.5855000012525,2890.309990418953
1746378476,333,POST,POST /pastes,23.400000,0.000000,43,46,47,50,54,60,65,66,71,71,71,1150,0,43,62.687429565209996,31.12210000108462,686.8025000003399,2846.7069565217394
1746378476,333,,Aggregated,259.600000,0.000000,39,42,44,46,51,54,59,62,66,71,71,12631,0,40,59.50503040140025,27.776799999628565,686.8025000003399,2886.3401155886313
1746378477,333,GET,GET /pastes/:slug,237.200000,0.000000,40,43,45,47,53,57,66,89,140,150,150,11715,0,40,59.087661613324606,27.776799999628565,685.5855000012525,2886.8188647033717
1746378477,333,POST,POST /pastes,23.500000,0.000000,44,47,49,51,55,61,71,91,110,110,110,1172,0,43,62.55562773037,31.12210000108462,686.8025000003399,2843.5170648464164
1746378477,333,,Aggregated,260.700000,0.000000,40,43,46,48,53,58,66,90,140,150,150,12887,0,40,59.40305358113535,27.776799999628565,686.8025000003399,2882.880810118724
1746378478,333,GET,GET /pastes/:slug,236.700000,0.000000,40,43,46,48,54,60,80,100,140,150,150,11963,0,40,58.848920304281776,27.776799999628565,685.5855000012525,2887.8549694892586
1746378478,333,POST,POST /pastes,24.200000,0.000000,44,47,50,52,59,65,91,100,140,140,140,1198,0,43,62.34552921535872,31.12210000108462,686.8025000003399,2841.7988313856426
1746378478,333,,Aggregated,260.900000,0.000000,41,44,46,49,54,60,80,100,140,150,150,13161,0,40,59.16720443736208,27.776799999628565,686.8025000003399,2883.6626396170504
1746378479,333,GET,GET /pastes/:slug,236.500000,0.000000,40,43,46,48,54,60,80,100,140,150,150,12187,0,40,58.48563543120729,27.776799999628565,685.5855000012525,2890.035201444162
1746378479,333,POST,POST /pastes,23.900000,0.000000,44,46,49,52,57,65,91,100,140,140,140,1220,0,43,61.969152459012726,31.12210000108462,686.8025000003399,2846.468032786885
1746378479,333,,Aggregated,260.400000,0.000000,40,44,46,48,54,60,81,100,140,150,150,13407,0,40,58.80262586709319,27.776799999628565,686.8025000003399,2886.0707093309466
1746378480,333,GET,GET /pastes/:slug,236.000000,0.000000,40,44,46,48,54,61,80,100,140,150,150,12421,0,40,58.17577797279745,27.776799999628565,685.5855000012525,2889.9702117381853
1746378480,333,POST,POST /pastes,24.700000,0.000000,44,46,50,52,59,65,91,100,140,140,140,1241,0,43,61.677114987904424,31.12210000108462,686.8025000003399,2846.6124093473004
1746378480,333,,Aggregated,260.700000,0.000000,41,44,46,48,54,61,81,100,140,150,150,13662,0,40,58.49382505490458,27.776799999628565,686.8025000003399,2886.0317669448104
1746378481,333,GET,GET /pastes/:slug,237.700000,0.000000,40,44,47,49,55,64,86,100,140,150,150,12656,0,40,57.942097368845985,27.776799999628565,685.5855000012525,2889.340154867257
1746378481,333,POST,POST /pastes,24.700000,0.000000,44,47,50,52,59,66,95,110,140,140,140,1263,0,43,61.467011243066324,31.12210000108462,686.8025000003399,2845.243072050673
1746378481,333,,Aggregated,262.400000,0.000000,41,44,47,49,56,65,88,100,140,150,150,13919,0,40,58.2619455061504,27.776799999628565,686.8025000003399,2885.338817443782
1746378482,333,GET,GET /pastes/:slug,235.200000,0.000000,41,44,47,49,56,67,90,110,140,150,150,12894,0,40,57.70345138825209,27.776799999628565,685.5855000012525,2888.439274080968
1746378482,333,POST,POST /pastes,24.100000,0.000000,45,47,51,53,62,73,100,110,140,140,140,1284,0,43,61.3421306074728,31.12210000108462,686.8025000003399,2838.559968847352
1746378482,333,,Aggregated,259.300000,0.000000,41,44,47,49,56,68,93,110,140,150,150,14178,0,40,58.03298052617557,27.776799999628565,686.8025000003399,2883.92206235012
1746378483,333,GET,GET /pastes/:slug,234.800000,0.000000,41,45,48,50,57,68,89,110,140,150,150,13131,0,40,57.494711408127166,27.776799999628565,685.5855000012525,2888.8265174015687
1746378483,333,POST,POST /pastes,23.900000,0.000000,45,47,51,53,62,76,100,110,140,140,140,1303,0,43,61.174581811206686,31.12210000108462,686.8025000003399,2834.12202609363
1746378483,333,,Aggregated,258.700000,0.000000,41,45,48,50,57,69,93,110,140,150,150,14434,0,40,57.826904226141025,27.776799999628565,686.8025000003399,2883.8881806844947
1746378484,333,GET,GET /pastes/:slug,235.500000,0.000000,41,45,48,50,57,68,90,110,140,150,150,13356,0,40,57.202317797253706,27.77119999882416,685.5855000012525,2889.1489218328843
1746378484,333,POST,POST /pastes,23.600000,0.000000,45,47,51,53,62,76,100,110,140,140,140,1326,0,43,60.89464615384579,31.12210000108462,686.8025000003399,2836.2232277526396
1746378484,333,,Aggregated,259.100000,0.000000,41,45,48,50,57,69,93,110,140,150,150,14682,0,40,57.535789218098266,27.77119999882416,686.8025000003399,2884.3689551832176
1746378486,333,GET,GET /pastes/:slug,234.900000,0.000000,41,45,48,50,58,70,94,110,140,150,150,13599,0,40,56.935095955593056,27.77119999882416,685.5855000012525,2890.140672108243
1746378486,333,POST,POST /pastes,23.000000,0.000000,45,48,51,53,63,84,100,110,140,140,140,1352,0,43,60.624909319526445,31.12210000108462,686.8025000003399,2836.7810650887573
1746378486,333,,Aggregated,257.900000,0.000000,41,45,48,50,58,71,95,110,140,150,150,14951,0,40,57.26876110628776,27.77119999882416,686.8025000003399,2885.315430405993
1746378487,333,GET,GET /pastes/:slug,235.300000,0.000000,41,44,47,48,54,63,77,96,110,120,120,13842,0,40,56.647530465258335,27.77119999882416,685.5855000012525,2888.42053171507
1746378487,333,POST,POST /pastes,22.500000,0.000000,44,47,50,52,60,70,92,110,140,140,140,1377,0,43,60.308669716776855,31.12210000108462,686.8025000003399,2845.0188816267246
1746378487,333,,Aggregated,257.800000,0.000000,41,44,47,49,54,63,78,98,120,140,140,15219,0,40,56.97878670741218,27.77119999882416,686.8025000003399,2884.493593534398
1746378488,533,GET,GET /pastes/:slug,233.100000,0.000000,42,47,52,58,150,470,530,540,600,610,610,14248,0,40,62.81880114402679,27.77119999882416,685.5855000012525,2888.9856822010106
1746378488,533,POST,POST /pastes,22.400000,0.000000,46,51,55,67,150,440,520,540,570,570,570,1422,0,44,65.67889732770514,31.12210000108462,686.8025000003399,2844.6765119549927
1746378488,533,,Aggregated,255.500000,0.000000,42,48,52,58,150,470,530,540,600,610,610,15670,0,41,63.07834529036941,27.77119999882416,686.8025000003399,2884.964773452457
1746378489,733,GET,GET /pastes/:slug,235.500000,0.000000,47,63,110,170,420,490,530,550,600,610,610,14804,0,41,69.50343144420954,27.77119999882416,685.5855000012525,2888.1015266144286
1746378489,733,POST,POST /pastes,22.600000,0.000000,51,71,110,160,390,480,540,540,570,570,570,1472,0,44,72.36283865488555,31.12210000108462,686.8025000003399,2852.3410326086955
1746378489,733,,Aggregated,258.100000,0.000000,47,65,110,170,420,490,530,550,600,610,610,16276,0,41,69.76203597936026,27.77119999882416,686.8025000003399,2884.867350700418
1746378490,1000,GET,GET /pastes/:slug,252.200000,0.000000,57,120,180,270,450,500,540,550,620,630,630,15490,0,41,75.24004258231595,27.77119999882416,685.5855000012525,2889.296061975468
1746378490,1000,POST,POST /pastes,24.900000,0.000000,60,95,160,260,440,490,540,550,570,570,570,1529,0,44,76.46309816873286,31.12210000108462,686.8025000003399,2845.9954218443427
1746378490,1000,,Aggregated,277.100000,0.000000,57,110,170,270,450,500,540,550,620,630,630,17019,0,41,75.34992283330767,27.77119999882416,686.8025000003399,2885.40589928903
1746378491,1000,GET,GET /pastes/:slug,283.000000,0.000000,72,110,170,250,420,500,530,550,620,630,630,16164,0,41,75.96813825786153,27.77119999882416,685.5855000012525,2888.734904726553
1746378491,1000,POST,POST /pastes,27.400000,0.000000,71,100,150,260,410,490,540,540,570,570,570,1589,0,45,77.4732050346148,31.12210000108462,686.8025000003399,2837.0962869729387
1746378491,1000,,Aggregated,310.400000,0.000000,72,110,160,250,420,500,530,550,620,630,630,17753,0,42,76.10285076325539,27.77119999882416,686.8025000003399,2884.1129386582547
1746378492,1000,GET,GET /pastes/:slug,328.600000,0.000000,77,110,140,180,400,490,530,550,620,630,630,16858,0,42,76.1278105054027,27.77119999882416,685.5855000012525,2890.7298611934984
1746378492,1000,POST,POST /pastes,30.900000,0.000000,76,99,130,170,380,480,520,540,570,570,570,1659,0,46,77.77308456902061,31.12210000108462,686.8025000003399,2847.1494876431584
1746378492,1000,,Aggregated,359.500000,0.000000,77,100,140,180,400,490,530,550,610,630,630,18517,0,42,76.27521611492574,27.77119999882416,686.8025000003399,2886.825349678674
1746378493,1000,GET,GET /pastes/:slug,371.000000,0.000000,80,100,130,160,360,480,530,540,610,630,630,17578,0,43,76.31310863579958,27.77119999882416,685.5855000012525,2893.9015815223574
1746378493,1000,POST,POST /pastes,34.500000,0.000000,82,100,130,150,350,460,510,540,570,570,570,1726,0,46,78.21825880649665,31.12210000108462,686.8025000003399,2853.734067207416
1746378493,1000,,Aggregated,405.500000,0.000000,80,100,130,160,360,480,530,540,610,630,630,19304,0,43,76.48345101015822,27.77119999882416,686.8025000003399,2890.3101429755493
1746378494,1000,GET,GET /pastes/:slug,417.400000,0.000000,79,98,120,150,350,470,520,540,610,630,630,18242,0,43,76.02292813836769,27.77119999882416,685.5855000012525,2895.458995724153
1746378494,1000,POST,POST /pastes,39.200000,0.000000,81,98,120,140,310,460,510,540,570,570,570,1807,0,47,77.95927055895376,31.12210000108462,686.8025000003399,2857.788046485888
1746378494,1000,,Aggregated,456.600000,0.000000,79,98,120,150,350,470,520,540,610,630,630,20049,0,44,76.19744909971207,27.77119999882416,686.8025000003399,2892.063743827622
1746378495,1000,GET,GET /pastes/:slug,463.300000,0.000000,78,96,120,140,300,460,520,540,610,630,630,18941,0,44,75.8899469510635,27.77119999882416,685.5855000012525,2897.6027136898792
1746378495,1000,POST,POST /pastes,43.700000,0.000000,81,96,110,130,290,460,510,540,570,570,570,1871,0,47,77.78710208446516,31.12210000108462,686.8025000003399,2866.6755745590594
1746378495,1000,,Aggregated,507.000000,0.000000,78,96,120,140,300,460,520,540,610,630,630,20812,0,44,76.06050130694423,27.77119999882416,686.8025000003399,2894.822362098789
1746378496,1000,GET,GET /pastes/:slug,507.000000,0.000000,76,92,110,130,290,450,510,540,610,630,630,19630,0,45,75.47984149771274,27.77119999882416,685.5855000012525,2898.544319918492
1746378496,1000,POST,POST /pastes,50.100000,0.000000,79,94,110,130,290,450,510,540,570,570,570,1937,0,48,77.46836205473703,31.12210000108462,686.8025000003399,2859.7537429013937
1746378496,1000,,Aggregated,557.100000,0.000000,77,93,110,130,290,450,510,540,600,630,630,21567,0,45,75.65843677378044,27.77119999882416,686.8025000003399,2895.060416376872
1746378497,1000,GET,GET /pastes/:slug,552.700000,0.000000,72,85,98,110,180,350,470,510,570,630,630,20332,0,45,75.1180263919,27.77119999882416,685.5855000012525,2902.737556561086
1746378497,1000,POST,POST /pastes,53.900000,0.000000,75,88,98,110,170,330,460,510,570,570,570,2005,0,49,77.13227655861702,31.12210000108462,686.8025000003399,2849.9122194513716
1746378497,1000,,Aggregated,606.600000,0.000000,73,86,98,110,180,350,470,510,570,630,630,22337,0,46,75.29882827148383,27.77119999882416,686.8025000003399,2897.995881273224
1746378498,1000,GET,GET /pastes/:slug,598.000000,0.000000,70,81,89,96,120,180,380,470,570,630,630,21030,0,46,75.00506787447013,27.77119999882416,685.5855000012525,2900.607893485497
1746378498,1000,POST,POST /pastes,58.000000,0.000000,73,84,90,97,120,160,300,460,570,570,570,2075,0,50,77.00291571085425,31.12210000108462,686.8025000003399,2849.3161445783135
1746378498,1000,,Aggregated,656.000000,0.000000,70,81,89,96,120,180,380,470,570,630,630,23105,0,46,75.18448939624001,27.77119999882416,686.8025000003399,2896.001514823631
1746378499,1000,GET,GET /pastes/:slug,641.400000,0.000000,68,77,84,88,100,120,140,170,290,300,300,21729,0,47,74.9818318928665,27.77119999882416,685.5855000012525,2899.566385935846
1746378499,1000,POST,POST /pastes,62.100000,0.000000,72,82,88,94,110,120,150,270,300,300,300,2122,0,50,77.06732766259296,31.12210000108462,686.8025000003399,2848.6974552309143
1746378499,1000,,Aggregated,703.500000,0.000000,69,78,84,89,100,120,140,190,290,300,300,23851,0,47,75.1673763993172,27.77119999882416,686.8025000003399,2895.04062722737
1746378500,1000,GET,GET /pastes/:slug,670.900000,0.000000,68,76,83,87,100,110,130,140,160,260,260,22428,0,48,74.88950490012915,27.77119999882416,685.5855000012525,2900.4341894060994
1746378500,1000,POST,POST /pastes,64.600000,0.000000,71,81,88,92,100,120,130,140,160,160,160,2188,0,51,77.04613875686408,31.12210000108462,686.8025000003399,2847.0740402193783
1746378500,1000,,Aggregated,735.500000,0.000000,68,77,83,88,100,110,130,140,160,260,260,24616,0,48,75.0811978997445,27.77119999882416,686.8025000003399,2895.691257718557
1746378501,1000,GET,GET /pastes/:slug,684.500000,0.000000,66,74,80,84,96,110,120,130,150,180,180,23113,0,48,74.53004105914846,27.77119999882416,685.5855000012525,2900.4098991909314
1746378501,1000,POST,POST /pastes,64.600000,0.000000,70,78,85,88,100,110,130,140,160,160,160,2264,0,52,76.67089832156014,31.12210000108462,686.8025000003399,2842.9174028268553
1746378501,1000,,Aggregated,749.100000,0.000000,67,75,80,84,97,110,120,140,160,180,180,25377,0,49,74.72103687591549,27.77119999882416,686.8025000003399,2895.280726642235
1746378502,1000,GET,GET /pastes/:slug,686.400000,0.000000,65,72,77,81,93,110,120,130,170,190,190,23768,0,49,74.29863118899755,27.77119999882416,685.5855000012525,2899.4555705149783
1746378502,1000,POST,POST /pastes,65.300000,0.000000,68,76,82,86,95,100,120,140,180,180,180,2327,0,52,76.49472307692778,31.12210000108462,686.8025000003399,2845.7017619252256
1746378502,1000,,Aggregated,751.700000,0.000000,65,72,78,82,94,110,120,130,170,190,190,26095,0,49,74.49446586319606,27.77119999882416,686.8025000003399,2894.6621191799195
1746378503,1000,GET,GET /pastes/:slug,689.300000,0.000000,65,72,76,80,91,100,120,130,170,190,190,24466,0,50,74.0694662920003,27.77119999882416,685.5855000012525,2899.041281778795
1746378503,1000,POST,POST /pastes,66.100000,0.000000,68,75,81,84,94,100,120,140,180,180,180,2402,0,53,76.18854879267492,31.12210000108462,686.8025000003399,2848.1719400499583
1746378503,1000,,Aggregated,755.400000,0.000000,65,72,77,81,92,100,120,130,170,190,190,26868,0,50,74.25891233065656,27.77119999882416,686.8025000003399,2894.4935611135925
1746378504,1000,GET,GET /pastes/:slug,687.500000,0.000000,64,72,77,81,92,110,120,130,170,190,190,25211,0,50,73.86561570346501,27.77119999882416,685.5855000012525,2897.1823410416087
1746378504,1000,POST,POST /pastes,66.400000,0.000000,68,76,82,86,96,110,120,140,180,180,180,2478,0,54,76.22883615819485,31.12210000108462,686.8025000003399,2850.866020984665
1746378504,1000,,Aggregated,753.900000,0.000000,65,72,77,81,93,110,120,130,170,190,190,27689,0,51,74.07710980895152,27.77119999882416,686.8025000003399,2893.03730723392
1746378505,1000,GET,GET /pastes/:slug,689.400000,0.000000,65,72,77,81,92,100,120,130,160,190,190,25905,0,51,73.72248296467909,27.77119999882416,685.5855000012525,2899.4922987840187
1746378505,1000,POST,POST /pastes,67.500000,0.000000,68,76,82,86,96,110,120,130,180,180,180,2536,0,54,76.12415303627593,31.12210000108462,686.8025000003399,2852.093454258675
1746378505,1000,,Aggregated,756.900000,0.000000,65,72,78,82,92,100,120,130,170,190,190,28441,0,51,73.93663279420566,27.77119999882416,686.8025000003399,2895.2658837593613
1746378506,1000,GET,GET /pastes/:slug,689.100000,0.000000,64,71,76,80,91,100,120,130,160,190,190,26598,0,51,73.32487615610276,27.77119999882416,685.5855000012525,2899.608541995639
1746378506,1000,POST,POST /pastes,66.200000,0.000000,68,75,81,85,97,110,120,130,180,180,180,2603,0,55,75.8453277372244,31.12210000108462,686.8025000003399,2858.165578179024
1746378506,1000,,Aggregated,755.300000,0.000000,64,71,77,81,91,100,120,130,170,190,190,29201,0,51,73.54955118317893,27.77119999882416,686.8025000003399,2895.9142837574054
1746378507,1000,GET,GET /pastes/:slug,690.200000,0.000000,64,70,76,79,90,100,120,130,160,190,190,27275,0,52,73.22487474243916,27.77119999882416,685.5855000012525,2901.544674610449
1746378507,1000,POST,POST /pastes,66.100000,0.000000,68,75,82,86,99,110,120,140,180,180,180,2677,0,55,75.87909178184434,31.12210000108462,686.8025000003399,2861.6129996264476
1746378507,1000,,Aggregated,756.300000,0.000000,64,71,76,80,91,100,120,130,170,190,190,29952,0,52,73.46209893496297,27.77119999882416,686.8025000003399,2897.9757278311968
1746378508,1000,GET,GET /pastes/:slug,692.700000,0.000000,63,70,75,78,89,100,110,130,160,190,190,27996,0,52,73.1491177775418,27.77119999882416,685.5855000012525,2900.2906129447065
1746378508,1000,POST,POST /pastes,66.300000,0.000000,67,75,81,84,95,110,120,140,180,180,180,2749,0,56,75.70807035285605,31.12210000108462,686.8025000003399,2860.9301564205166
1746378508,1000,,Aggregated,759.000000,0.000000,64,70,75,79,90,100,110,130,160,190,190,30745,0,53,73.37792118068133,27.77119999882416,686.8025000003399,2896.771279882908
1746378509,1000,GET,GET /pastes/:slug,693.600000,0.000000,63,69,74,78,88,100,120,140,180,190,190,28649,0,53,72.99468186324381,27.77119999882416,685.5855000012525,2899.035812768334
1746378509,1000,POST,POST /pastes,67.000000,0.000000,66,74,80,84,95,110,120,140,180,180,180,2824,0,56,75.55500559489764,31.12210000108462,686.8025000003399,2864.3438385269124
1746378509,1000,,Aggregated,760.600000,0.000000,63,69,74,78,89,100,120,140,180,190,190,31473,0,53,73.22441383090407,27.77119999882416,686.8025000003399,2895.922981603279
1746378510,1000,GET,GET /pastes/:slug,690.600000,0.000000,63,69,74,78,89,100,120,140,180,190,190,29344,0,53,72.75521621456048,27.77119999882416,685.5855000012525,2896.7934160305344
1746378510,1000,POST,POST /pastes,66.800000,0.000000,66,73,80,83,95,110,120,140,180,180,180,2895,0,56,75.32634787564578,31.12210000108462,686.8025000003399,2864.921243523316
1746378510,1000,,Aggregated,757.400000,0.000000,63,70,75,78,89,100,120,140,180,190,190,32239,0,53,72.98609887713761,27.77119999882416,686.8025000003399,2893.9313564316512
1746378511,1000,GET,GET /pastes/:slug,688.400000,0.000000,63,70,75,79,89,100,120,140,180,190,190,30078,0,53,72.53645760689021,27.77119999882416,685.5855000012525,2896.425294234989
1746378511,1000,POST,POST /pastes,69.300000,0.000000,66,73,80,83,95,110,120,140,180,180,180,2966,0,56,75.05359763992118,31.12210000108462,686.8025000003399,2867.873567093729
1746378511,1000,,Aggregated,757.700000,0.000000,63,70,75,79,90,100,120,140,180,190,190,33044,0,54,72.76239385365075,27.77119999882416,686.8025000003399,2893.862516644474
1746378512,1000,GET,GET /pastes/:slug,687.700000,0.000000,63,70,76,80,93,110,130,140,170,180,180,30746,0,54,72.7228517498238,27.77119999882416,685.5855000012525,2895.4479607103362
1746378512,1000,POST,POST /pastes,69.700000,0.000000,66,75,82,87,100,120,140,140,170,170,170,3038,0,57,75.43546645820167,31.12210000108462,686.8025000003399,2869.4878209348253
1746378512,1000,,Aggregated,757.400000,0.000000,63,71,77,81,95,110,130,140,170,180,180,33784,0,54,72.96678152380079,27.77119999882416,686.8025000003399,2893.1135152735023
1746378513,1000,GET,GET /pastes/:slug,690.000000,0.000000,62,70,75,79,92,110,130,140,170,180,180,31418,0,54,72.51259042269018,27.77119999882416,685.5855000012525,2896.0223757081926
1746378513,1000,POST,POST /pastes,70.200000,0.000000,65,74,81,84,100,120,140,140,170,170,170,3096,0,57,75.27652735788719,31.12210000108462,686.8025000003399,2869.56007751938
1746378513,1000,,Aggregated,760.200000,0.000000,62,70,76,80,93,110,130,140,170,180,180,34514,0,54,72.76052310946531,27.77119999882416,686.8025000003399,2893.6486353363853
1746378514,1000,GET,GET /pastes/:slug,688.900000,0.000000,63,72,79,84,110,140,180,190,210,220,220,32055,0,54,73.43847726096047,27.77119999882416,685.5855000012525,2897.075931991889
1746378514,1000,POST,POST /pastes,71.000000,0.000000,66,76,82,89,110,140,180,190,220,220,220,3152,0,57,75.98868677031047,31.12210000108462,686.8025000003399,2867.8515228426395
1746378514,1000,,Aggregated,759.900000,0.000000,64,72,79,84,110,140,180,190,210,220,220,35207,0,55,73.66679152725574,27.77119999882416,686.8025000003399,2894.459539296163
1746378515,1000,GET,GET /pastes/:slug,686.600000,0.000000,64,73,81,87,110,150,180,200,220,240,240,32773,0,55,73.48876598724927,27.77119999882416,685.5855000012525,2896.3757056113263
1746378515,1000,POST,POST /pastes,69.000000,0.000000,67,78,84,92,120,150,180,190,230,230,230,3223,0,58,76.1206419795259,31.12210000108462,686.8025000003399,2864.5342848278
1746378515,1000,,Aggregated,755.600000,0.000000,65,74,81,87,110,150,180,200,220,240,240,35996,0,55,73.72441817980115,27.77119999882416,686.8025000003399,2893.5246971885763
1746378516,1000,GET,GET /pastes/:slug,683.700000,0.000000,64,73,81,87,110,150,180,200,220,330,330,33449,0,55,73.45381259529786,27.77119999882416,685.5855000012525,2898.2897844479658
1746378516,1000,POST,POST /pastes,67.300000,0.000000,66,76,82,89,120,150,180,190,230,230,230,3305,0,58,75.99261019667762,31.12210000108462,686.8025000003399,2872.180332829047
1746378516,1000,,Aggregated,751.000000,0.000000,64,73,81,87,110,150,180,200,230,330,330,36754,0,55,73.68210682375057,27.77119999882416,686.8025000003399,2895.9419655003535
1746378517,1000,GET,GET /pastes/:slug,685.600000,0.000000,65,74,81,88,120,150,180,200,220,330,330,34145,0,55,73.41469746083185,27.77119999882416,685.5855000012525,2899.1474007907455
1746378517,1000,POST,POST /pastes,68.100000,0.000000,66,78,84,92,120,150,180,190,230,230,230,3366,0,58,75.99777866905043,31.12210000108462,686.8025000003399,2871.774509803922
1746378517,1000,,Aggregated,753.700000,0.000000,65,74,82,88,120,150,180,200,230,330,330,37511,0,56,73.64648683853048,27.77119999882416,686.8025000003399,2896.69113060169
1746378518,1000,GET,GET /pastes/:slug,679.300000,0.000000,65,74,82,89,120,150,180,200,220,330,330,34842,0,55,73.23328166580909,27.77119999882416,685.5855000012525,2900.657482348889
1746378518,1000,POST,POST /pastes,69.700000,0.000000,67,79,84,95,120,150,180,190,230,230,230,3439,0,58,75.8173131433619,31.12210000108462,686.8025000003399,2868.106135504507
1746378518,1000,,Aggregated,749.000000,0.000000,65,75,83,89,120,150,180,200,230,330,330,38281,0,56,73.46541991327629,27.77119999882416,686.8025000003399,2897.7332096862674
1746378519,1000,GET,GET /pastes/:slug,681.900000,0.000000,65,74,82,88,110,150,180,200,220,330,330,35516,0,56,73.02096480178317,27.77119999882416,685.5855000012525,2900.8120565378986
1746378519,1000,POST,POST /pastes,68.700000,0.000000,66,78,83,91,120,140,180,190,230,230,230,3515,0,58,75.55543860598056,31.12210000108462,686.8025000003399,2873.0500711237555
1746378519,1000,,Aggregated,750.600000,0.000000,65,74,82,88,120,150,180,200,230,330,330,39031,0,56,73.24921095027389,27.77119999882416,686.8025000003399,2898.311905920935
1746378520,1000,GET,GET /pastes/:slug,682.500000,0.000000,63,73,81,87,110,150,180,200,220,330,330,36218,0,55,72.72136286929484,27.77119999882416,685.5855000012525,2901.124247611685
1746378520,1000,POST,POST /pastes,68.600000,0.000000,65,76,83,91,120,140,180,190,230,230,230,3587,0,58,75.20689489824855,31.12210000108462,686.8025000003399,2876.8804014496795
1746378520,1000,,Aggregated,751.100000,0.000000,63,73,82,88,120,150,180,200,230,330,330,39805,0,56,72.945344866226,27.77119999882416,686.8025000003399,2898.939530209773
1746378521,1000,GET,GET /pastes/:slug,685.600000,0.000000,61,70,78,84,110,140,180,200,220,330,330,36937,0,55,72.48776587703678,27.77119999882416,685.5855000012525,2902.0657335463084
1746378521,1000,POST,POST /pastes,68.600000,0.000000,63,72,80,85,110,130,180,190,230,230,230,3648,0,58,74.99482768640763,31.12210000108462,686.8025000003399,2878.3966557017543
1746378521,1000,,Aggregated,754.200000,0.000000,62,71,78,84,110,140,180,200,230,330,330,40585,0,56,72.71311419490227,27.77119999882416,686.8025000003399,2899.938228409511
1746378522,1000,GET,GET /pastes/:slug,684.800000,0.000000,62,71,78,84,110,140,180,200,220,330,330,37604,0,56,72.38715177906957,27.77119999882416,685.5855000012525,2902.1346133390066
1746378522,1000,POST,POST /pastes,69.300000,0.000000,64,74,80,86,110,130,180,190,230,230,230,3707,0,58,74.92756619908937,31.12210000108462,686.8025000003399,2876.965740490963
1746378522,1000,,Aggregated,754.100000,0.000000,63,72,79,84,110,140,180,200,230,330,330,41311,0,56,72.61511324829087,27.77119999882416,686.8025000003399,2899.876110479049
1746378523,1000,GET,GET /pastes/:slug,683.500000,0.000000,61,69,76,80,96,120,170,190,220,330,330,38325,0,56,72.22728477234475,27.77119999882416,685.5855000012525,2901.7418917155906
1746378523,1000,POST,POST /pastes,68.200000,0.000000,63,73,80,85,110,130,170,190,230,230,230,3774,0,59,74.91730087441104,31.12210000108462,686.8025000003399,2878.844992050874
1746378523,1000,,Aggregated,751.700000,0.000000,61,70,76,81,98,120,170,190,220,330,330,42099,0,56,72.4684335114879,27.77119999882416,686.8025000003399,2899.6892800304045
1746378524,1000,GET,GET /pastes/:slug,687.100000,0.000000,60,68,74,78,91,100,120,130,170,330,330,39026,0,56,72.09171322964438,27.77119999882416,685.5855000012525,2902.498257571875
1746378524,1000,POST,POST /pastes,66.100000,0.000000,63,71,78,82,97,110,120,130,140,140,140,3842,0,59,74.81950143155596,31.12210000108462,686.8025000003399,2881.401613742842
1746378524,1000,,Aggregated,753.200000,0.000000,60,69,74,79,92,110,120,130,160,330,330,42868,0,56,72.3361884156044,27.77119999882416,686.8025000003399,2900.6074927684986
1746378525,1000,GET,GET /pastes/:slug,689.700000,0.000000,58,67,73,77,91,100,120,130,160,170,170,39701,0,56,71.77680213596861,27.77119999882416,685.5855000012525,2903.108082919826
1746378525,1000,POST,POST /pastes,67.700000,0.000000,62,70,77,82,97,110,120,130,140,140,140,3908,0,59,74.50944741556984,31.12210000108462,686.8025000003399,2884.668372569089
1746378525,1000,,Aggregated,757.400000,0.000000,59,67,73,78,91,100,120,130,160,170,170,43609,0,56,72.02168685592714,27.77119999882416,686.8025000003399,2901.455616959802
1746378526,1000,GET,GET /pastes/:slug,692.500000,0.000000,56,64,69,73,86,99,120,120,140,160,160,40452,0,56,71.54315777711997,27.77119999882416,685.5855000012525,2901.0924799762684
1746378526,1000,POST,POST /pastes,68.800000,0.000000,61,67,73,77,92,100,120,130,140,140,140,3979,0,59,74.31846094497313,31.12210000108462,686.8025000003399,2881.6695149535058
1746378526,1000,,Aggregated,761.300000,0.000000,57,64,70,73,86,99,120,120,140,160,160,44431,0,56,71.791698915174,27.77119999882416,686.8025000003399,2899.3530643019512
1746378527,1000,GET,GET /pastes/:slug,691.300000,0.000000,56,63,68,72,85,98,110,120,140,160,160,41142,0,56,71.27342588352687,27.77119999882416,685.5855000012525,2902.5323756744933
1746378527,1000,POST,POST /pastes,68.300000,0.000000,60,68,73,76,90,100,120,130,140,140,140,4035,0,59,74.15152679059256,31.12210000108462,686.8025000003399,2879.5380421313507
1746378527,1000,,Aggregated,759.600000,0.000000,56,63,69,73,85,98,110,120,140,160,160,45177,0,56,71.53048450096497,27.77119999882416,686.8025000003399,2900.4786285056557
1746378528,1000,GET,GET /pastes/:slug,693.400000,0.000000,55,61,66,70,82,93,110,120,140,160,160,41845,0,55,70.9407598446673,27.77119999882416,685.5855000012525,2902.894228701159
1746378528,1000,POST,POST /pastes,66.800000,0.000000,59,66,71,74,88,100,110,120,140,140,140,4108,0,59,73.81868191334917,31.12210000108462,686.8025000003399,2874.5525803310616
1746378528,1000,,Aggregated,760.200000,0.000000,55,62,66,70,82,94,110,120,140,160,160,45953,0,56,71.1980336648343,27.77119999882416,686.8025000003399,2900.3606075773073
1746378529,1000,GET,GET /pastes/:slug,692.900000,0.000000,55,61,67,70,83,94,110,120,140,160,160,42534,0,55,70.68989529082812,27.77119999882416,685.5855000012525,2903.9146800206895
1746378529,1000,POST,POST /pastes,65.600000,0.000000,59,67,72,75,88,100,120,130,140,140,140,4183,0,58,73.56960640689205,31.12210000108462,686.8025000003399,2875.323930193641
1746378529,1000,,Aggregated,758.500000,0.000000,55,62,67,71,83,95,110,120,140,160,160,46717,0,56,70.94774214740033,27.77119999882416,686.8025000003399,2901.354688871289
1746378530,1000,GET,GET /pastes/:slug,694.200000,0.000000,54,60,64,68,80,91,110,120,150,170,170,43222,2,55,70.41996988108028,27.77119999882416,685.5855000012525,2903.105131645921
1746378530,1000,POST,POST /pastes,66.200000,0.000000,59,66,71,74,87,97,120,130,140,140,140,4235,0,58,73.345985549003,31.12210000108462,686.8025000003399,2876.325619834711
1746378530,1000,,Aggregated,760.400000,0.000000,54,60,65,69,80,92,110,120,150,170,170,47457,2,55,70.68108365467826,27.77119999882416,686.8025000003399,2900.7153633815874
1746378531,1000,GET,GET /pastes/:slug,693.500000,0.000000,54,59,64,68,81,93,110,120,150,170,170,43916,2,55,70.31043165588875,27.77119999882416,685.5855000012525,2901.7204208033518
1746378531,1000,POST,POST /pastes,66.200000,0.000000,58,65,70,72,84,100,120,130,140,140,140,4303,0,58,73.21673676505578,31.12210000108462,686.8025000003399,2872.6627933999534
1746378531,1000,,Aggregated,759.700000,0.000000,54,60,65,68,81,94,110,130,150,170,170,48219,2,56,70.56978649287693,27.77119999882416,686.8025000003399,2899.1273564362596
1746378532,1000,GET,GET /pastes/:slug,694.100000,0.200000,53,59,63,67,78,89,100,120,150,170,170,44616,2,55,70.06482692083557,27.77119999882416,685.5855000012525,2901.9363232920923
1746378532,1000,POST,POST /pastes,64.800000,0.000000,57,64,68,71,81,89,110,120,140,140,140,4366,0,58,73.00190022905107,31.12210000108462,686.8025000003399,2872.0687127805772
1746378532,1000,,Aggregated,758.900000,0.200000,54,59,64,67,78,89,100,120,150,170,170,48982,2,55,70.32662231636162,27.77119999882416,686.8025000003399,2899.2740802743865
1746378533,1000,GET,GET /pastes/:slug,695.800000,0.200000,53,58,63,66,75,86,99,110,150,170,170,45341,2,55,69.92698472023122,27.77119999882416,685.5855000012525,2902.9306587856468
1746378533,1000,POST,POST /pastes,65.400000,0.000000,57,63,67,71,78,88,100,120,140,140,140,4436,0,58,72.84768000451751,31.12210000108462,686.8025000003399,2869.955590622182
1746378533,1000,,Aggregated,761.200000,0.200000,54,59,63,66,76,86,99,110,150,170,170,49777,2,56,70.18726967675899,27.77119999882416,686.8025000003399,2899.9920043393536
1746378534,1000,GET,GET /pastes/:slug,696.200000,0.200000,54,59,64,67,77,89,110,120,150,170,170,46015,2,55,69.83981291752632,27.77119999882416,685.5855000012525,2903.7364337715962
1746378534,1000,POST,POST /pastes,65.600000,0.000000,58,64,69,73,82,97,110,130,150,150,150,4522,0,58,72.84016583371383,31.12210000108462,686.8025000003399,2869.623175586024
1746378534,1000,,Aggregated,761.800000,0.200000,54,60,64,67,78,90,110,120,150,170,170,50537,2,56,70.10828148287423,27.77119999882416,686.8025000003399,2900.6840136929377
1746378535,1000,GET,GET /pastes/:slug,693.900000,0.200000,54,59,64,67,77,88,100,120,150,170,170,46714,2,55,69.65038325127287,27.77119999882416,685.5855000012525,2905.392537569037
1746378535,1000,POST,POST /pastes,65.400000,0.000000,58,65,70,74,82,97,110,130,150,150,150,4592,0,58,72.69088841464561,31.12210000108462,686.8025000003399,2869.4605836236933
1746378535,1000,,Aggregated,759.300000,0.200000,54,60,64,67,77,88,100,120,150,170,170,51306,2,56,69.9225151600203,27.77119999882416,686.8025000003399,2902.1765485518263
1746378536,1000,GET,GET /pastes/:slug,693.800000,0.200000,53,59,63,66,76,88,100,120,150,170,170,47408,2,55,69.36621896093311,27.77119999882416,685.5855000012525,2904.7717895713804
1746378536,1000,POST,POST /pastes,67.000000,0.000000,58,64,68,72,81,97,110,130,150,150,150,4661,0,58,72.41151825789547,31.12210000108462,686.8025000003399,2868.3576485732674
1746378536,1000,,Aggregated,760.800000,0.200000,54,59,63,67,76,88,100,120,150,170,170,52069,2,55,69.63882146958758,27.77119999882416,686.8025000003399,2901.512147342949
1746378537,1000,GET,GET /pastes/:slug,690.700000,0.200000,54,60,65,69,79,95,110,120,150,170,170,48120,2,55,69.32082241687299,27.77119999882416,685.5855000012525,2905.9370947630923
1746378537,1000,POST,POST /pastes,67.400000,0.000000,58,65,70,74,85,100,110,130,150,150,150,4727,0,58,72.38705580707729,31.12210000108462,686.8025000003399,2866.6960016924054
1746378537,1000,,Aggregated,758.100000,0.200000,55,61,65,69,80,96,110,120,150,170,170,52847,2,55,69.59508746948684,27.77119999882416,686.8025000003399,2902.427100876114
1746378538,1000,GET,GET /pastes/:slug,695.700000,0.200000,55,61,66,69,80,95,110,120,150,170,170,48797,2,55,69.15206736479554,27.77119999882416,685.5855000012525,2906.878271205197
1746378538,1000,POST,POST /pastes,67.400000,0.000000,58,66,71,74,86,100,110,130,150,150,150,4803,0,58,72.20213847596537,31.12210000108462,686.8025000003399,2866.2581719758487
1746378538,1000,,Aggregated,763.100000,0.200000,55,61,66,70,81,96,110,120,150,170,170,53600,2,55,69.4253787742533,27.77119999882416,686.8025000003399,2903.238376865672
1746378539,1000,GET,GET /pastes/:slug,693.200000,0.200000,55,61,66,70,81,96,110,120,150,170,170,49465,2,55,68.98766059435731,27.77119999882416,685.5855000012525,2907.0039421813403
1746378539,1000,POST,POST /pastes,69.200000,0.000000,58,66,72,75,88,100,110,130,150,150,150,4876,0,58,72.06058217802764,31.12210000108462,686.8025000003399,2869.245488105004
1746378539,1000,,Aggregated,762.400000,0.200000,55,62,67,70,81,97,110,120,150,170,170,54341,2,55,69.26339283413874,27.77119999882416,686.8025000003399,2903.6158885556024
1746378540,1000,GET,GET /pastes/:slug,693.700000,0.200000,55,62,68,71,84,97,110,120,150,150,150,50210,2,55,68.94015720772508,27.77119999882416,685.5855000012525,2908.036944831707
1746378540,1000,POST,POST /pastes,69.200000,0.000000,59,67,73,77,94,110,110,130,150,150,150,4943,0,58,72.0544254501424,31.12210000108462,686.8025000003399,2870.281812664374
1746378540,1000,,Aggregated,762.900000,0.200000,56,63,68,72,85,98,110,120,150,150,150,55153,2,55,69.21926855111997,27.77119999882416,686.8025000003399,2904.6532010951355
1746378541,1000,GET,GET /pastes/:slug,692.800000,0.200000,55,62,68,72,84,98,110,120,150,150,150,50872,2,55,68.85718435288295,27.77119999882416,685.5855000012525,2908.261696021387
1746378541,1000,POST,POST /pastes,69.200000,0.000000,59,67,74,77,96,110,120,130,150,150,150,5033,0,59,71.96342523347103,31.12210000108462,686.8025000003399,2873.0433141267636
1746378541,1000,,Aggregated,762.000000,0.200000,56,63,68,72,85,99,110,120,150,150,150,55905,2,56,69.13683215454625,27.77119999882416,686.8025000003399,2905.0910651998925
1746378542,1000,GET,GET /pastes/:slug,692.900000,0.000000,56,63,69,73,90,110,120,130,150,170,170,51551,2,55,68.89732707609714,27.77119999882416,685.5855000012525,2908.2555721518497
1746378542,1000,POST,POST /pastes,70.600000,0.000000,60,69,75,79,100,110,130,140,160,160,160,5116,0,59,72.05638676701736,31.12210000108462,686.8025000003399,2871.3260359655983
1746378542,1000,,Aggregated,763.500000,0.000000,56,64,70,74,92,110,120,130,150,170,170,56667,2,56,69.18253274039445,27.77119999882416,686.8025000003399,2904.92150634408
1746378543,1000,GET,GET /pastes/:slug,689.000000,0.000000,55,63,69,73,89,100,120,130,150,170,170,52230,2,55,68.8081159965514,27.77119999882416,685.5855000012525,2907.8784223626267
1746378543,1000,POST,POST /pastes,71.300000,0.000000,60,68,74,78,98,110,130,130,160,160,160,5191,0,59,71.91450240802442,31.12210000108462,686.8025000003399,2868.5261028703526
1746378543,1000,,Aggregated,760.300000,0.000000,56,63,69,74,90,100,120,130,150,170,170,57421,2,56,69.0889409884872,27.77119999882416,686.8025000003399,2904.320875637833
1746378544,1000,GET,GET /pastes/:slug,686.200000,0.000000,56,64,70,75,92,110,120,130,150,170,170,52946,2,55,68.75361907603751,27.77119999882416,685.5855000012525,2908.3956672836475
1746378544,1000,POST,POST /pastes,74.200000,0.000000,60,70,75,80,99,110,130,130,160,160,160,5266,0,59,71.88425767186556,31.12210000108462,686.8025000003399,2866.769464489176
1746378544,1000,,Aggregated,760.400000,0.000000,57,64,71,76,93,110,120,130,150,170,170,58212,2,56,69.03682430598354,27.77119999882416,686.8025000003399,2904.6300590943447
1746378545,1000,GET,GET /pastes/:slug,681.500000,0.000000,58,67,75,81,100,120,150,170,210,260,260,53644,2,56,69.07837852881781,27.77119999882416,685.5855000012525,2908.763794646186
1746378545,1000,POST,POST /pastes,74.300000,0.000000,62,72,79,86,110,130,160,180,220,220,220,5332,0,59,72.28414262941676,31.12210000108462,686.8025000003399,2868.560015003751
1746378545,1000,,Aggregated,755.800000,0.000000,59,68,75,81,100,120,150,170,210,260,260,58976,2,56,69.36821056531376,27.77119999882416,686.8025000003399,2905.128984671731
1746378546,1000,GET,GET /pastes/:slug,684.900000,0.000000,60,71,83,93,140,300,370,410,510,540,540,54193,2,56,71.50852121860596,27.77119999882416,685.5855000012525,2908.7836251914455
1746378546,1000,POST,POST /pastes,73.900000,0.000000,64,75,84,97,140,300,370,380,460,460,460,5382,0,59,74.41149752880848,31.12210000108462,686.8025000003399,2865.771646228168
1746378546,1000,,Aggregated,758.800000,0.000000,60,72,83,94,140,300,370,410,510,540,540,59575,2,56,71.77077583046508,27.77119999882416,686.8025000003399,2904.8979269827946
1746378547,1000,GET,GET /pastes/:slug,681.200000,0.000000,61,74,87,100,180,300,370,410,510,540,540,54903,2,56,71.80063455184447,27.77119999882416,685.5855000012525,2908.510718904249
1746378547,1000,POST,POST /pastes,73.400000,0.000000,65,77,91,100,170,300,370,380,460,460,460,5449,0,59,74.75126683796066,31.12210000108462,686.8025000003399,2868.24114516425
1746378547,1000,,Aggregated,754.600000,0.000000,62,74,87,100,180,300,370,410,510,540,540,60352,2,56,72.06703823899724,27.77119999882416,686.8025000003399,2904.874900583245
1746378548,900,GET,GET /pastes/:slug,662.800000,0.000000,62,74,86,100,180,310,370,410,510,540,540,55543,2,56,71.65370170318369,27.77119999882416,685.5855000012525,2908.0620960337037
1746378548,900,POST,POST /pastes,71.700000,0.000000,66,77,90,100,170,300,370,380,460,460,460,5507,0,59,74.62788184130116,31.12210000108462,686.8025000003399,2872.7196295623753
1746378548,900,,Aggregated,734.500000,0.000000,63,74,87,100,180,300,370,410,510,540,540,61050,2,56,71.92198687960648,27.77119999882416,686.8025000003399,2904.8740376740375
1746378549,800,GET,GET /pastes/:slug,679.000000,0.000000,62,73,86,100,190,310,370,410,510,540,540,56073,2,56,71.57800374154971,27.77119999882416,685.5855000012525,2909.3327804825853
1746378549,800,POST,POST /pastes,72.500000,0.000000,65,77,90,100,180,310,380,380,460,460,460,5564,0,59,74.54196655284885,31.12210000108462,686.8025000003399,2870.960999281093
1746378549,800,,Aggregated,751.500000,0.000000,62,74,86,100,190,310,370,410,510,540,540,61637,2,56,71.84556201145368,27.77119999882416,686.8025000003399,2905.8689423560522
1746378550,700,GET,GET /pastes/:slug,670.400000,0.000000,61,73,86,100,190,310,370,420,510,540,540,56571,2,56,71.35681245514346,27.77119999882416,685.5855000012525,2908.616269820226
1746378550,700,POST,POST /pastes,70.500000,0.000000,64,75,88,110,190,310,380,380,460,460,460,5612,0,59,74.30655208482828,31.12210000108462,686.8025000003399,2873.1546685673557
1746378550,700,,Aggregated,741.000000,0.000000,61,73,86,100,190,310,370,410,510,540,540,62183,2,56,71.62302570959862,27.77119999882416,686.8025000003399,2905.415869289034
1746378551,600,GET,GET /pastes/:slug,659.400000,0.000000,59,70,81,95,200,320,380,420,510,540,540,56979,2,56,71.20527791291384,27.77119999882416,685.5855000012525,2908.2895979220416
1746378551,600,POST,POST /pastes,69.000000,0.000000,61,73,84,97,190,320,380,390,460,460,460,5657,0,59,74.13524527135398,31.12210000108462,686.8025000003399,2872.642743503624
1746378551,600,,Aggregated,728.400000,0.000000,59,70,81,96,200,320,380,410,510,540,540,62636,2,56,71.46989930231754,27.77119999882416,686.8025000003399,2905.0701353854015
1746378552,500,GET,GET /pastes/:slug,641.400000,0.000000,58,70,81,100,220,320,380,420,510,540,540,57333,2,56,71.05169812324326,27.77119999882416,685.5855000012525,2908.1384891772627
1746378552,500,POST,POST /pastes,65.900000,0.000000,61,73,86,100,200,320,380,390,460,460,460,5694,0,59,73.975224727793,31.12210000108462,686.8025000003399,2873.599051633298
1746378552,500,,Aggregated,707.300000,0.000000,58,70,82,100,220,320,380,420,510,540,540,63027,2,56,71.31581604867688,27.77119999882416,686.8025000003399,2905.0181192187474
1746378553,400,GET,GET /pastes/:slug,619.600000,0.000000,56,68,81,100,240,340,380,420,520,540,540,57600,2,55,70.90931649305362,27.77119999882416,685.5855000012525,2907.851128472222
1746378553,400,POST,POST /pastes,64.000000,0.000000,58,69,83,110,210,330,380,390,460,460,460,5727,0,59,73.80413865899372,31.12210000108462,686.8025000003399,2872.1552296141085
1746378553,400,,Aggregated,683.600000,0.000000,56,68,81,110,240,340,380,420,510,540,540,63327,2,56,71.17111077581356,27.77119999882416,686.8025000003399,2904.6229570325454
1746378554,333,GET,GET /pastes/:slug,588.700000,0.000000,55,67,77,96,260,340,380,450,520,540,540,57844,2,55,70.8149844651109,27.77119999882416,685.5855000012525,2907.558726920683
1746378554,333,POST,POST /pastes,58.900000,0.000000,57,67,80,100,240,340,380,390,460,460,460,5754,0,59,73.7060786235753,31.12210000108462,686.8025000003399,2873.1242613833856
1746378554,333,,Aggregated,647.600000,0.000000,55,67,77,96,250,340,380,420,510,540,540,63598,2,56,71.07655488851746,27.77119999882416,686.8025000003399,2904.443284380012
1746378555,333,GET,GET /pastes/:slug,553.800000,0.000000,52,60,69,75,220,330,380,450,520,540,540,58067,2,55,70.6994951693713,27.77119999882416,685.5855000012525,2907.1567155182806
1746378555,333,POST,POST /pastes,55.900000,0.000000,54,61,69,76,190,320,380,390,460,460,460,5778,0,59,73.58276813777302,31.12210000108462,686.8025000003399,2874.042056074766
1746378555,333,,Aggregated,609.700000,0.000000,52,60,69,75,210,330,380,450,520,540,540,63845,2,56,70.96043261492586,27.77119999882416,686.8025000003399,2904.159824575143
1746378556,333,GET,GET /pastes/:slug,509.400000,0.000000,48,53,57,61,71,80,97,110,140,210,210,58309,2,55,70.58159199094266,27.77119999882416,685.5855000012525,2907.1515203484882
1746378556,333,POST,POST /pastes,50.600000,0.000000,50,56,60,62,72,84,100,110,140,140,140,5795,0,58,73.49587068163036,31.12210000108462,686.8025000003399,2874.8612597066435
1746378556,333,,Aggregated,560.000000,0.000000,48,54,58,61,71,80,97,110,140,210,210,64104,2,56,70.8450427118423,27.77119999882416,686.8025000003399,2904.232481592412
1746378557,333,GET,GET /pastes/:slug,467.600000,0.000000,45,50,54,57,68,79,98,110,140,210,210,58529,2,55,70.472723996649,27.77119999882416,685.5855000012525,2906.8611115857098
1746378557,333,POST,POST /pastes,46.400000,0.000000,49,52,57,61,70,84,100,110,140,140,140,5818,0,58,73.38179924373455,31.12210000108462,686.8025000003399,2874.319697490547
1746378557,333,,Aggregated,514.000000,0.000000,46,51,54,57,69,80,100,110,140,210,210,64347,2,55,70.73575101869459,27.77119999882416,686.8025000003399,2903.918846255459
1746378558,333,GET,GET /pastes/:slug,437.100000,0.000000,43,47,50,52,57,64,76,84,100,110,110,58789,2,55,70.34320893023978,27.77119999882416,685.5855000012525,2906.410791134396
1746378558,333,POST,POST /pastes,43.800000,0.000000,47,50,52,53,61,67,88,100,110,110,110,5841,0,58,73.2780593220423,31.12210000108462,686.8025000003399,2871.788392398562
1746378558,333,,Aggregated,480.900000,0.000000,43,47,50,52,58,65,77,85,100,110,110,64630,2,55,70.60844892928877,27.77119999882416,686.8025000003399,2903.2817576976636
1746378559,333,GET,GET /pastes/:slug,376.200000,0.000000,42,45,48,50,56,64,77,85,100,110,110,59021,2,55,70.22513188864752,27.77119999882416,685.5855000012525,2906.4049575574795
1746378559,333,POST,POST /pastes,37.800000,0.000000,45,49,51,52,60,66,88,100,110,110,110,5860,0,58,73.1820702559811,31.12210000108462,686.8025000003399,2872.222013651877
1746378559,333,,Aggregated,414.000000,0.000000,42,46,48,50,56,64,77,86,100,110,110,64881,2,55,70.49220019574194,27.77119999882416,686.8025000003399,2903.3175814182887
1746378560,333,GET,GET /pastes/:slug,338.800000,0.000000,41,44,46,48,54,62,76,84,100,110,110,59270,2,55,70.09493951577295,27.77119999882416,685.5855000012525,2906.290146785895
1746378560,333,POST,POST /pastes,34.700000,0.000000,44,48,50,51,56,62,84,100,110,110,110,5876,0,58,73.10896398911605,31.12210000108462,686.8025000003399,2872.4074200136147
1746378560,333,,Aggregated,373.400000,0.000000,41,44,47,49,54,62,77,86,100,110,110,65146,2,55,70.36679669511445,27.77119999882416,686.8025000003399,2903.234012832714
1746378561,333,GET,GET /pastes/:slug,305.200000,0.000000,40,43,45,46,51,55,70,80,100,110,110,59514,2,55,69.9762035000146,27.77119999882416,685.5855000012525,2905.708203111873
1746378561,333,POST,POST /pastes,30.900000,0.000000,44,48,50,51,53,60,65,100,110,110,110,5911,0,58,72.93596174928807,31.12210000108462,686.8025000003399,2870.8205041448145
1746378561,333,,Aggregated,336.100000,0.000000,40,43,45,47,51,56,69,81,100,110,110,65425,2,55,70.24361092854315,27.77119999882416,686.8025000003399,2902.5561788307223
1746378562,333,GET,GET /pastes/:slug,278.600000,0.000000,40,43,45,47,52,57,71,81,100,110,110,59735,2,55,69.88100092240538,27.77119999882416,685.5855000012525,2905.606194023604
1746378562,333,POST,POST /pastes,28.100000,0.000000,44,48,50,51,54,60,65,100,110,110,110,5941,0,58,72.7964556640372,31.12210000108462,686.8025000003399,2870.4566571284295
1746378562,333,,Aggregated,306.700000,0.000000,40,43,46,47,52,57,70,81,100,110,110,65676,2,55,70.1447306961441,27.77119999882416,686.8025000003399,2902.4265941896583
1746378563,333,GET,GET /pastes/:slug,257.500000,0.000000,40,43,46,47,52,56,63,67,80,82,82,59966,2,55,69.79403305706326,27.77119999882416,685.5855000012525,2905.919737851449
1746378563,333,POST,POST /pastes,24.900000,0.000000,44,47,50,51,54,59,61,61,65,65,65,5957,0,58,72.7281322645696,31.12210000108462,686.8025000003399,2870.4660063790498
1746378563,333,,Aggregated,282.400000,0.000000,41,44,46,48,52,56,63,67,80,82,82,65923,2,55,70.05916706157072,27.77119999882416,686.8025000003399,2902.716032340761
1746378564,333,GET,GET /pastes/:slug,242.800000,0.000000,40,44,46,48,52,57,64,71,81,90,90,60201,2,55,69.69213970033451,27.77119999882416,685.5855000012525,2905.5616019667445
1746378564,333,POST,POST /pastes,24.700000,0.000000,45,48,50,51,54,59,61,63,81,81,81,5978,0,58,72.64289685514149,31.12210000108462,686.8025000003399,2871.269488123118
1746378564,333,,Aggregated,267.500000,0.000000,41,44,47,48,52,57,64,70,81,90,90,66179,2,55,69.95868386497094,27.77119999882416,686.8025000003399,2902.4639689327432
1746378565,333,GET,GET /pastes/:slug,236.500000,0.000000,41,44,46,48,53,58,64,71,81,90,90,60442,2,54,69.58100425200766,27.77119999882416,685.5855000012525,2905.4307766122893
1746378565,333,POST,POST /pastes,22.600000,0.000000,45,48,50,51,54,59,61,63,81,81,81,6002,0,58,72.52772380873651,31.12210000108462,686.8025000003399,2868.9571809396866
1746378565,333,,Aggregated,259.100000,0.000000,41,44,47,49,53,58,64,70,81,90,90,66444,2,55,69.84718646228288,27.77119999882416,686.8025000003399,2902.1360544217687
1746378566,333,GET,GET /pastes/:slug,235.100000,0.000000,40,44,46,48,52,57,63,67,81,90,90,60667,2,54,69.47642604710737,27.77119999882416,685.5855000012525,2904.9857088697313
1746378566,333,POST,POST /pastes,22.700000,0.000000,45,48,50,51,55,59,61,63,81,81,81,6031,0,58,72.40039507544978,31.12210000108462,686.8025000003399,2868.3185209749627
1746378566,333,,Aggregated,257.800000,0.000000,41,44,47,48,53,57,63,66,81,90,90,66698,2,55,69.74081864073797,27.77119999882416,686.8025000003399,2901.6701700200906
1746378567,333,GET,GET /pastes/:slug,236.400000,0.000000,41,44,46,48,52,57,63,67,81,90,90,60899,2,54,69.37035527676757,27.77119999882416,685.5855000012525,2905.030099016404
1746378567,333,POST,POST /pastes,22.700000,0.000000,45,48,50,51,54,59,61,63,81,81,81,6065,0,57,72.24174156637004,31.076300001586787,686.8025000003399,2868.367848309975
1746378567,333,,Aggregated,259.100000,0.000000,41,44,47,49,53,57,63,66,81,90,90,66964,2,55,69.63041975688347,27.77119999882416,686.8025000003399,2901.709560360791
1746378568,333,GET,GET /pastes/:slug,235.400000,0.000000,41,44,47,49,53,57,63,66,81,90,90,61128,2,54,69.27031479027411,27.77119999882416,685.5855000012525,2904.915423373904
1746378568,333,POST,POST /pastes,22.800000,0.000000,45,48,50,51,55,60,65,70,81,81,81,6092,0,57,72.13255983257277,30.99550000115414,686.8025000003399,2869.7847997373606
1746378568,333,,Aggregated,258.200000,0.000000,41,45,47,49,53,58,63,67,81,90,90,67220,2,55,69.52971373103172,27.77119999882416,686.8025000003399,2901.731612615293
1746378569,333,GET,GET /pastes/:slug,235.100000,0.000000,41,45,48,49,53,58,64,70,81,90,90,61354,2,54,69.18040998141726,27.77119999882416,685.5855000012525,2905.0021840466798
1746378569,333,POST,POST /pastes,24.400000,0.000000,45,48,50,51,56,61,63,70,81,81,81,6117,0,57,72.02583462482153,30.99550000115414,686.8025000003399,2869.2358999509565
1746378569,333,,Aggregated,259.500000,0.000000,42,45,48,49,54,59,64,70,81,90,90,67471,2,54,69.4383795171251,27.77119999882416,686.8025000003399,2901.7595707785567
1746378570,333,GET,GET /pastes/:slug,234.600000,0.000000,41,45,48,49,54,58,64,70,81,90,90,61596,2,54,69.06716959542636,27.77119999882416,685.5855000012525,2904.910529904539
1746378570,333,POST,POST /pastes,24.600000,0.000000,44,48,50,51,56,60,64,70,81,81,81,6150,0,57,71.87149560976194,30.99550000115414,686.8025000003399,2866.817886178862
1746378570,333,,Aggregated,259.200000,0.000000,42,45,48,50,54,59,64,70,81,90,90,67746,2,54,69.32174706108044,27.77119999882416,686.8025000003399,2901.4524695184955
1746378571,333,GET,GET /pastes/:slug,234.300000,0.000000,42,45,48,49,54,58,64,70,81,90,90,61827,2,54,68.96803650670216,27.77119999882416,685.5855000012525,2904.497953968331
1746378571,333,POST,POST /pastes,25.400000,0.000000,45,48,50,51,57,61,65,70,81,81,81,6169,0,57,71.79091269250002,30.99550000115414,686.8025000003399,2866.9766574809532
1746378571,333,,Aggregated,259.700000,0.000000,42,45,48,50,54,59,64,70,81,90,90,67996,2,54,69.22414455997333,27.77119999882416,686.8025000003399,2901.0937996352727
1746378572,333,GET,GET /pastes/:slug,231.700000,0.000000,41,45,47,49,54,58,63,68,80,98,98,62085,2,54,68.86468944994586,27.77119999882416,685.5855000012525,2903.865168720303
1746378572,333,POST,POST /pastes,27.100000,0.000000,45,48,50,51,57,61,68,71,81,81,81,6184,0,57,71.73239763907404,30.99550000115414,686.8025000003399,2867.106727037516
1746378572,333,,Aggregated,258.800000,0.000000,42,45,48,49,54,59,63,70,81,98,98,68269,2,54,69.12445460604317,27.77119999882416,686.8025000003399,2900.53548462699
1746378573,333,GET,GET /pastes/:slug,231.400000,0.000000,40,44,46,48,53,56,60,63,76,98,98,62318,2,54,68.75256616226258,27.77119999882416,685.5855000012525,2903.6314066561827
1746378573,333,POST,POST /pastes,27.200000,0.000000,43,46,49,50,55,61,67,70,76,76,76,6214,0,57,71.57637335050279,30.99550000115414,686.8025000003399,2864.02526552945
1746378573,333,,Aggregated,258.600000,0.000000,41,44,46,48,53,56,61,64,76,98,98,68532,2,54,69.00860914755073,27.77119999882416,686.8025000003399,2900.0402001984476
1746378574,333,GET,GET /pastes/:slug,232.400000,0.000000,40,44,46,48,53,56,60,63,76,98,98,62556,2,54,68.64817691668088,27.77119999882416,685.5855000012525,2903.880427137285
1746378574,333,POST,POST /pastes,25.000000,0.000000,43,47,49,50,55,61,67,70,76,76,76,6237,0,57,71.46742363316065,30.99550000115414,686.8025000003399,2862.664582331249
1746378574,333,,Aggregated,257.400000,0.000000,41,44,46,48,53,56,60,64,76,98,98,68793,2,54,68.90377911124617,27.77119999882416,686.8025000003399,2900.143662872676
1746378575,333,GET,GET /pastes/:slug,234.600000,0.000000,40,44,46,48,53,56,60,63,76,98,98,62796,2,54,68.54351256449284,27.77119999882416,685.5855000012525,2904.382747308746
1746378575,333,POST,POST /pastes,24.600000,0.000000,43,46,48,50,54,61,67,70,76,76,76,6255,0,57,71.38664852118686,30.60389999882318,686.8025000003399,2862.6374100719427
1746378575,333,,Aggregated,259.200000,0.000000,41,44,46,48,53,56,60,64,76,98,98,69051,2,54,68.8010586595409,27.77119999882416,686.8025000003399,2900.6012367670273
1746378576,333,GET,GET /pastes/:slug,233.000000,0.000000,40,43,46,48,52,56,60,63,76,98,98,63030,2,54,68.43459781056478,27.77119999882416,685.5855000012525,2904.7363795018246
1746378576,333,POST,POST /pastes,25.200000,0.000000,43,45,48,49,54,61,67,70,76,76,76,6278,0,57,71.28100712010549,30.60389999882318,686.8025000003399,2862.640012742912
1746378576,333,,Aggregated,258.200000,0.000000,40,43,46,48,53,56,60,64,76,98,98,69308,2,54,68.69242890719632,27.77119999882416,686.8025000003399,2900.923241184279
1746378577,333,GET,GET /pastes/:slug,233.600000,0.000000,40,43,46,48,52,56,60,63,76,98,98,63284,2,54,68.32475348587195,27.77119999882416,685.5855000012525,2904.626588079135
1746378577,333,POST,POST /pastes,25.300000,0.000000,43,45,48,49,55,61,64,68,76,76,76,6298,0,57,71.1979873451928,30.60389999882318,686.8025000003399,2863.1960939980945
1746378577,333,,Aggregated,258.900000,0.000000,40,43,46,48,53,56,60,64,76,98,98,69582,2,54,68.58481538185143,27.77119999882416,686.8025000003399,2900.876634761864
1746378578,333,GET,GET /pastes/:slug,235.400000,0.000000,40,43,45,47,51,55,58,62,75,98,98,63504,2,54,68.22612358119054,27.77119999882416,685.5855000012525,2904.495055429579
1746378578,333,POST,POST /pastes,24.800000,0.000000,41,45,46,48,53,60,63,64,76,76,76,6322,0,57,71.08454074660247,30.60389999882318,686.8025000003399,2862.708161974059
1746378578,333,,Aggregated,260.200000,0.000000,40,43,45,47,52,55,59,63,76,98,98,69826,2,54,68.4849227866409,27.77119999882416,686.8025000003399,2900.7116976484403
1746378579,333,GET,GET /pastes/:slug,235.700000,0.000000,40,43,45,47,51,55,58,62,72,98,98,63741,2,53,68.13081139925504,27.77119999882416,685.5855000012525,2904.8191587832007
1746378579,333,POST,POST /pastes,23.600000,0.000000,42,45,47,49,54,59,63,64,76,76,76,6352,0,57,70.97262394521628,30.60389999882318,686.8025000003399,2863.14467884131
1746378579,333,,Aggregated,259.300000,0.000000,40,43,45,47,52,55,59,63,76,98,98,70093,2,54,68.38834343943007,27.77119999882416,686.8025000003399,2901.042514944431
1746378580,333,GET,GET /pastes/:slug,237.400000,0.000000,40,43,45,47,52,55,59,63,72,98,98,63962,2,53,68.04258960007375,27.77119999882416,685.5855000012525,2904.941590319252
1746378580,333,POST,POST /pastes,23.300000,0.000000,42,46,48,49,53,57,63,64,76,76,76,6375,0,57,70.88169882353219,30.60389999882318,686.8025000003399,2862.473411764706
1746378580,333,,Aggregated,260.700000,0.000000,40,43,45,47,52,55,59,63,76,98,98,70337,2,54,68.29991250693062,27.77119999882416,686.8025000003399,2901.092483330253
1746378581,333,GET,GET /pastes/:slug,236.300000,0.000000,40,42,45,46,52,55,58,61,72,98,98,64204,2,53,67.9366161469678,27.77119999882416,685.5855000012525,2904.8608965173507
1746378581,333,POST,POST /pastes,23.300000,0.000000,42,45,47,49,53,57,64,65,76,76,76,6398,0,56,70.78003235386296,30.60389999882318,686.8025000003399,2862.6795873710535
1746378581,333,,Aggregated,259.600000,0.000000,40,43,45,47,52,55,59,63,76,98,98,70602,2,54,68.19428840684368,27.77119999882416,686.8025000003399,2901.038398345656
1746378582,333,GET,GET /pastes/:slug,237.900000,0.000000,39,42,44,46,51,55,58,60,66,72,72,64444,2,53,67.8362461439376,27.77119999882416,685.5855000012525,2904.781112283533
1746378582,333,POST,POST /pastes,22.500000,0.000000,42,45,47,49,53,57,61,64,65,65,65,6420,0,56,70.68506261682472,30.60389999882318,686.8025000003399,2864.595171339564
1746378582,333,,Aggregated,260.400000,0.000000,40,43,45,46,51,55,58,60,66,72,72,70864,2,54,68.09433772437312,27.77119999882416,686.8025000003399,2901.140423910589
1746378583,333,GET,GET /pastes/:slug,235.900000,0.000000,39,42,45,46,51,55,58,60,68,72,72,64680,2,53,67.73576501545958,27.77119999882416,685.5855000012525,2903.748948670377
1746378583,333,POST,POST /pastes,22.500000,0.000000,43,46,48,49,54,59,64,65,68,68,68,6447,0,56,70.57622771832101,30.60389999882318,686.8025000003399,2863.3097564758805
1746378583,333,,Aggregated,258.400000,0.000000,40,43,45,47,52,55,59,61,68,72,72,71127,2,53,67.9932265004849,27.77119999882416,686.8025000003399,2900.083512590156
1746378584,333,GET,GET /pastes/:slug,235.900000,0.000000,39,42,44,46,51,54,58,60,66,69,69,64910,2,53,67.63783798644177,27.77119999882416,685.5855000012525,2904.0343706670774
1746378584,333,POST,POST /pastes,23.300000,0.000000,43,45,47,49,54,58,64,65,68,68,68,6471,0,56,70.46672314943915,30.60389999882318,686.8025000003399,2862.7626332869727
1746378584,333,,Aggregated,259.200000,0.000000,40,42,45,46,51,55,58,60,68,69,69,71381,2,53,67.89428880514427,27.77119999882416,686.8025000003399,2900.292907076113
1746378585,333,GET,GET /pastes/:slug,234.200000,0.000000,40,42,45,46,51,55,58,60,67,69,69,65153,2,53,67.54305664205687,27.77119999882416,685.5855000012525,2904.1414056144768
1746378585,333,POST,POST /pastes,23.500000,0.000000,43,46,48,50,55,59,64,65,68,68,68,6491,0,56,70.3930312740751,30.60389999882318,686.8025000003399,2862.9200431366507
1746378585,333,,Aggregated,257.700000,0.000000,40,43,45,47,51,55,59,61,68,69,69,71644,2,53,67.80126647590862,27.77119999882416,686.8025000003399,2900.406719334487
1746378586,333,GET,GET /pastes/:slug,235.700000,0.000000,40,43,45,47,52,55,59,61,69,74,74,65378,2,53,67.4603537076679,27.77119999882416,685.5855000012525,2903.7731652849584
1746378586,333,POST,POST /pastes,23.400000,0.000000,43,46,48,50,54,59,65,66,81,81,81,6519,0,56,70.28745867464626,30.60389999882318,686.8025000003399,2862.6100628930817
1746378586,333,,Aggregated,259.100000,0.000000,40,43,46,48,52,55,60,63,69,81,81,71897,2,53,67.71669120825595,27.77119999882416,686.8025000003399,2900.0408501050115
1746378587,333,GET,GET /pastes/:slug,234.500000,0.000000,40,43,46,48,52,55,60,63,74,80,80,65623,2,53,67.37359345656101,27.77119999882416,685.5855000012525,2903.6702680462645
1746378587,333,POST,POST /pastes,23.200000,0.000000,43,47,49,51,54,59,65,66,81,81,81,6540,0,56,70.21311678899431,30.60389999882318,686.8025000003399,2862.00871559633
1746378587,333,,Aggregated,257.700000,0.000000,40,44,46,48,53,56,60,64,77,81,81,72163,2,53,67.6309342349954,27.77119999882416,686.8025000003399,2899.89455815307
1746378588,333,GET,GET /pastes/:slug,234.600000,0.000000,40,43,46,48,52,56,60,64,74,80,80,65853,2,53,67.28062856361741,27.77119999882416,685.5855000012525,2903.6460601643053
1746378588,333,POST,POST /pastes,23.200000,0.000000,43,46,49,51,54,58,65,66,81,81,81,6569,0,56,70.09577139595434,29.790000000502914,686.8025000003399,2861.1612117521695
1746378588,333,,Aggregated,257.800000,0.000000,40,43,46,48,53,56,61,65,77,81,81,72422,2,53,67.53597463615988,27.77119999882416,686.8025000003399,2899.792493993538
1746378589,333,GET,GET /pastes/:slug,233.900000,0.000000,40,44,48,50,56,77,130,160,180,180,180,66077,2,53,67.34651225993734,27.77119999882416,685.5855000012525,2904.0066134963754
1746378589,333,POST,POST /pastes,24.200000,0.000000,43,48,51,53,65,110,160,160,170,170,170,6596,0,56,70.21238409642545,29.790000000502914,686.8025000003399,2861.1802607640993
1746378589,333,,Aggregated,258.100000,0.000000,41,45,48,50,57,79,130,160,180,180,180,72673,2,53,67.60662661648684,27.77119999882416,686.8025000003399,2900.119576734138
1746378590,333,GET,GET /pastes/:slug,232.900000,0.000000,40,44,48,50,56,78,130,160,180,180,180,66287,2,53,67.26422809600479,27.77119999882416,685.5855000012525,2903.8864483232005
1746378590,333,POST,POST /pastes,24.000000,0.000000,44,48,51,53,65,110,160,160,170,170,170,6625,0,56,70.10275725283404,29.790000000502914,686.8025000003399,2862.8330566037735
1746378590,333,,Aggregated,256.900000,0.000000,41,45,48,50,57,79,130,160,180,180,180,72912,2,53,67.52214525180959,27.77119999882416,686.8025000003399,2900.156215712091
1746378591,333,GET,GET /pastes/:slug,231.600000,0.000000,41,45,48,50,58,82,130,160,180,180,180,66526,2,53,67.18320813065351,27.77119999882416,685.5855000012525,2903.933800318672
1746378591,333,POST,POST /pastes,23.600000,0.000000,44,48,51,53,68,110,160,160,170,170,170,6644,0,56,70.05138645394783,29.790000000502914,686.8025000003399,2863.8326309452136
1746378591,333,,Aggregated,255.200000,0.000000,41,45,49,51,59,87,130,160,180,180,180,73170,2,53,67.44364515101725,27.77119999882416,686.8025000003399,2900.292524258576
1746378592,333,GET,GET /pastes/:slug,230.700000,0.000000,41,45,48,50,58,82,130,160,180,180,180,66774,2,53,67.08663141641729,27.77119999882416,685.5855000012525,2903.5001797106656
1746378592,333,POST,POST /pastes,23.900000,0.000000,44,49,52,54,66,100,160,160,170,170,170,6670,0,56,69.9491966116987,29.790000000502914,686.8025000003399,2864.107796101949
1746378592,333,,Aggregated,254.600000,0.000000,41,45,49,51,58,84,130,160,180,180,180,73444,2,53,67.34660241272161,27.77119999882416,686.8025000003399,2899.92266216437
1746378593,333,GET,GET /pastes/:slug,232.300000,0.000000,41,45,48,50,58,82,130,160,180,180,180,66984,2,53,66.99931444523847,27.77119999882416,685.5855000012525,2903.800026872089
1746378593,333,POST,POST /pastes,24.800000,0.000000,44,49,52,54,66,110,160,160,170,170,170,6694,0,56,69.85263779504514,29.790000000502914,686.8025000003399,2862.7653122198985
1746378593,333,,Aggregated,257.100000,0.000000,41,45,49,51,58,87,130,160,180,180,180,73678,2,53,67.25855256928705,27.77119999882416,686.8025000003399,2900.07182605391
1746378594,333,GET,GET /pastes/:slug,231.100000,0.000000,41,46,49,52,62,85,130,160,180,180,180,67224,2,53,66.93667887063921,27.77119999882416,685.5855000012525,2903.733889682256
1746378594,333,POST,POST /pastes,24.500000,0.000000,46,51,54,57,71,100,160,160,170,170,170,6720,0,56,69.79098147321753,29.790000000502914,686.8025000003399,2862.4627976190477
1746378594,333,,Aggregated,255.600000,0.000000,41,46,50,52,63,89,130,160,180,180,180,73944,2,53,67.19607670534347,27.77119999882416,686.8025000003399,2899.9831899816077
1746378595,333,GET,GET /pastes/:slug,230.900000,0.000000,41,46,49,52,63,87,130,160,180,180,180,67445,2,53,66.86491978797315,27.77119999882416,685.5855000012525,2903.7285047075393
1746378595,333,POST,POST /pastes,25.100000,0.000000,46,51,55,58,72,100,130,160,170,170,170,6750,0,56,69.71299637037248,29.790000000502914,686.8025000003399,2863.5536296296295
1746378595,333,,Aggregated,256.000000,0.000000,41,46,50,53,64,89,130,160,180,180,180,74195,2,53,67.12402777275973,27.77119999882416,686.8025000003399,2900.0735359525574
1746378596,333,GET,GET /pastes/:slug,229.300000,0.000000,41,46,49,52,63,88,130,160,180,180,180,67659,2,52,66.7880223680495,27.77119999882416,685.5855000012525,2903.580691408386
1746378596,333,POST,POST /pastes,25.000000,0.000000,47,52,55,58,72,100,160,160,170,170,170,6778,0,56,69.61314831808978,29.790000000502914,686.8025000003399,2865.717910888168
1746378596,333,,Aggregated,254.300000,0.000000,41,46,50,53,64,89,130,160,180,180,180,74437,2,53,67.04526948560417,27.77119999882416,686.8025000003399,2900.133025242823
1746378597,333,GET,GET /pastes/:slug,230.900000,0.000000,41,46,49,52,63,87,130,160,180,180,180,67915,2,52,66.70114646101558,27.77119999882416,685.5855000012525,2903.2847235514982
1746378597,333,POST,POST /pastes,25.200000,0.000000,47,52,55,58,72,100,160,160,170,170,170,6794,0,56,69.55830523991848,29.790000000502914,686.8025000003399,2866.621725051516
1746378597,333,,Aggregated,256.100000,0.000000,42,47,50,53,64,89,130,160,180,180,180,74709,2,53,66.96097508599927,27.77119999882416,686.8025000003399,2899.9506083604383
1746378598,333,GET,GET /pastes/:slug,227.200000,0.000000,41,46,49,52,61,84,130,160,180,180,180,68156,2,52,66.60747175010046,27.77119999882416,685.5855000012525,2903.6292476084277
1746378598,333,POST,POST /pastes,26.200000,0.000000,46,51,55,57,71,100,160,160,170,170,170,6819,0,56,69.460987784133,29.790000000502914,686.8025000003399,2867.268074497727
1746378598,333,,Aggregated,253.400000,0.000000,42,46,50,52,62,87,130,160,180,180,180,74975,2,53,66.86699993731098,27.77119999882416,686.8025000003399,2900.3221873957987
1746378599,333,GET,GET /pastes/:slug,227.600000,0.000000,41,45,48,50,56,62,74,83,98,100,100,68389,2,52,66.53868055388807,27.77119999882416,685.5855000012525,2903.7627542441037
1746378599,333,POST,POST /pastes,25.700000,0.000000,45,50,54,55,61,67,78,90,100,100,100,6843,0,56,69.39350881192561,29.790000000502914,686.8025000003399,2867.2887622387843
1746378599,333,,Aggregated,253.300000,0.000000,41,45,49,51,56,63,74,83,100,100,100,75232,2,53,66.79835183432449,27.77119999882416,686.8025000003399,2900.445129732029
1746378600,333,GET,GET /pastes/:slug,227.700000,0.000000,41,45,48,50,55,60,69,79,89,94,94,68636,2,52,66.45133752112345,27.77119999882416,685.5855000012525,2903.694664607495
1746378600,333,POST,POST /pastes,25.300000,0.000000,44,50,53,55,61,66,73,78,91,91,91,6866,0,56,69.30823606175532,29.790000000502914,686.8025000003399,2866.938683367317
1746378600,333,,Aggregated,253.000000,0.000000,41,45,48,50,56,61,71,79,90,94,94,75502,2,53,66.71113812746526,27.77119999882416,686.8025000003399,2900.3521496119306
1746378601,333,GET,GET /pastes/:slug,231.800000,0.000000,41,45,48,50,55,60,69,79,89,94,94,68882,2,52,66.36384375598593,27.77119999882416,685.5855000012525,2903.7695334049536
1746378601,333,POST,POST /pastes,25.300000,0.000000,44,50,53,55,62,66,72,78,91,91,91,6883,0,55,69.24673401133309,29.790000000502914,686.8025000003399,2868.2795292750257
1746378601,333,,Aggregated,257.100000,0.000000,41,45,49,51,56,61,70,78,90,94,94,75765,2,52,66.62574481356657,27.77119999882416,686.8025000003399,2900.5453837523924
1746378602,333,GET,GET /pastes/:slug,231.700000,0.000000,41,45,48,50,55,60,69,79,89,94,94,69111,2,52,66.2853323088921,27.77119999882416,685.5855000012525,2903.5402902577016
1746378602,333,POST,POST /pastes,24.800000,0.000000,45,50,54,56,62,67,72,78,91,91,91,6914,0,55,69.16187168064813,29.790000000502914,686.8025000003399,2866.768440844663
1746378602,333,,Aggregated,256.500000,0.000000,42,46,49,51,56,62,70,78,90,94,94,76025,2,52,66.54693563959074,27.77119999882416,686.8025000003399,2900.196119697468
1746378603,333,GET,GET /pastes/:slug,232.700000,0.000000,42,46,49,51,55,61,70,82,100,120,120,69345,2,52,66.22466134256011,27.77119999882416,685.5855000012525,2903.911183214363
1746378603,333,POST,POST /pastes,23.600000,0.000000,45,50,54,55,63,67,78,86,110,110,110,6942,0,55,69.08844494382048,29.790000000502914,686.8025000003399,2865.4513108614233
1746378603,333,,Aggregated,256.300000,0.000000,42,46,49,51,56,62,71,82,100,120,120,76287,2,52,66.48526125814195,27.77119999882416,686.8025000003399,2900.41139381546
1746378604,333,GET,GET /pastes/:slug,234.700000,0.000000,41,45,48,50,54,59,65,70,100,120,120,69577,2,52,66.142782741421,27.31879999919329,685.5855000012525,2903.769550282421
1746378604,333,POST,POST /pastes,23.800000,0.000000,44,50,52,55,61,65,71,78,110,110,110,6969,0,55,69.00145728225043,29.790000000502914,686.8025000003399,2865.894532931554
1746378604,333,,Aggregated,258.500000,0.000000,42,45,48,50,55,60,66,71,100,120,120,76546,2,52,66.40304588874527,27.31879999919329,686.8025000003399,2900.321283933844
1746378605,333,GET,GET /pastes/:slug,232.000000,0.000000,41,45,48,50,54,59,65,70,100,120,120,69805,2,52,66.06232276914047,27.31879999919329,685.5855000012525,2903.5951149631114
1746378605,333,POST,POST /pastes,24.300000,0.000000,44,49,52,55,62,65,72,85,110,110,110,6999,0,55,68.9131985998005,29.790000000502914,686.8025000003399,2864.776110872982
1746378605,333,,Aggregated,256.300000,0.000000,42,45,48,50,55,60,66,72,100,120,120,76804,2,52,66.32211757069804,27.31879999919329,686.8025000003399,2900.057614186761
1746378606,333,GET,GET /pastes/:slug,234.000000,0.000000,41,45,47,49,54,59,65,72,100,120,120,70033,2,52,65.98508805705677,27.31879999919329,685.5855000012525,2903.440920708809
1746378606,333,POST,POST /pastes,24.500000,0.000000,44,49,52,55,61,65,72,85,110,110,110,7021,0,55,68.83488317903553,29.790000000502914,686.8025000003399,2864.2080900156675
1746378606,333,,Aggregated,258.500000,0.000000,41,45,48,50,55,60,66,73,100,120,120,77054,2,52,66.2447554533172,27.31879999919329,686.8025000003399,2899.8661068860797
1746378607,533,GET,GET /pastes/:slug,233.600000,0.000000,41,45,47,50,54,59,66,72,100,120,120,70283,2,52,65.89787418863502,27.31879999919329,685.5855000012525,2903.5278374571376
1746378607,533,POST,POST /pastes,24.600000,0.000000,44,50,52,55,61,65,72,85,110,110,110,7036,0,55,68.7850805997739,29.790000000502914,686.8025000003399,2864.0288516202386
1746378607,533,,Aggregated,258.200000,0.000000,41,45,48,50,55,60,67,73,100,120,120,77319,2,52,66.16060888914602,27.31879999919329,686.8025000003399,2899.933444560845
1746378608,733,GET,GET /pastes/:slug,235.800000,0.000000,43,49,54,60,290,510,660,670,680,690,690,70680,2,52,67.73160258488733,27.31879999919329,685.5855000012525,2903.8042303338993
1746378608,733,POST,POST /pastes,24.700000,0.000000,48,55,61,65,260,550,670,680,680,680,680,7074,0,55,70.49651064461472,29.790000000502914,686.8025000003399,2864.344783715013
1746378608,733,,Aggregated,260.500000,0.000000,44,50,55,60,290,520,660,670,680,690,690,77754,2,52,67.98315182498493,27.31879999919329,686.8025000003399,2900.214239781876
1746378609,933,GET,GET /pastes/:slug,236.100000,0.000000,46,57,140,190,440,570,660,670,680,690,690,71170,2,52,69.01635087536616,27.31879999919329,685.5855000012525,2903.977940143319
1746378609,933,POST,POST /pastes,23.900000,0.000000,51,63,110,190,430,560,670,680,680,680,680,7129,0,55,71.78988019357664,29.790000000502914,686.8025000003399,2864.80432038154
1746378609,933,,Aggregated,260.000000,0.000000,47,58,140,190,440,570,660,670,680,690,690,78299,2,52,69.26887632919777,27.31879999919329,686.8025000003399,2900.4112440771914
1746378610,1000,GET,GET /pastes/:slug,234.200000,0.000000,56,170,290,340,510,600,680,780,800,800,800,71768,2,52,71.20382730325218,27.31879999919329,803.4483999999793,2904.7032939471633
1746378610,1000,POST,POST /pastes,24.000000,0.000000,60,140,270,330,490,570,680,740,800,800,800,7182,0,56,73.7470215399632,29.790000000502914,800.2605000001495,2865.872737399053
1746378610,1000,,Aggregated,258.200000,0.000000,56,170,290,340,510,600,680,780,800,800,800,78950,2,53,71.43517905762955,27.31879999919329,803.4483999999793,2901.1709183027233
1746378611,1000,GET,GET /pastes/:slug,251.500000,0.000000,150,290,330,360,520,660,680,760,800,800,800,72385,2,53,73.50666877667763,27.31879999919329,803.4483999999793,2905.032410029702
1746378611,1000,POST,POST /pastes,25.500000,0.000000,110,270,320,350,550,670,680,760,800,800,800,7235,0,56,75.89479122322282,29.790000000502914,800.2605000001495,2866.0628887353146
1746378611,1000,,Aggregated,277.000000,0.000000,150,290,330,360,520,660,680,760,800,800,800,79620,2,53,73.7236753818119,27.31879999919329,803.4483999999793,2901.4912835970863
1746378612,1000,GET,GET /pastes/:slug,280.300000,0.000000,160,270,310,340,500,610,680,760,800,800,800,73078,2,53,74.10047056022138,27.31879999919329,803.4483999999793,2905.0808588083964
1746378612,1000,POST,POST /pastes,28.800000,0.000000,140,240,310,340,500,660,680,760,800,800,800,7312,0,56,76.54545277625898,29.790000000502914,800.2605000001495,2865.89113785558
1746378612,1000,,Aggregated,309.100000,0.000000,160,260,310,340,500,610,680,760,800,800,800,80390,2,53,74.32285779698844,27.31879999919329,803.4483999999793,2901.516295559149
1746378613,1000,GET,GET /pastes/:slug,312.800000,0.000000,150,250,300,330,480,600,680,760,800,800,800,73674,2,53,74.42996605450796,27.31879999919329,803.4483999999793,2905.746314846486
1746378613,1000,POST,POST /pastes,31.500000,0.000000,140,230,290,320,470,630,680,740,800,800,800,7378,0,56,76.89912671455767,29.790000000502914,800.2605000001495,2867.176877202494
1746378613,1000,,Aggregated,344.300000,0.000000,140,240,300,330,480,600,680,760,800,800,800,81052,2,53,74.65472876671602,27.31879999919329,803.4483999999793,2902.235416769481
1746378614,1000,GET,GET /pastes/:slug,353.300000,0.000000,150,220,280,320,470,580,680,740,800,800,800,74414,2,53,75.01156040664169,27.31879999919329,803.4483999999793,2905.7559464616875
1746378614,1000,POST,POST /pastes,35.700000,0.000000,140,220,270,310,430,590,680,740,800,800,800,7442,0,56,77.44732874227384,29.790000000502914,800.2605000001495,2866.784332168772
1746378614,1000,,Aggregated,389.000000,0.000000,140,220,280,320,460,580,680,740,800,800,800,81856,2,53,75.23301012265293,27.31879999919329,803.4483999999793,2902.2128127443316
1746378615,1000,GET,GET /pastes/:slug,401.200000,0.000000,130,200,270,300,430,580,670,730,800,800,800,75090,2,53,74.84408425356015,27.31879999919329,803.4483999999793,2905.7191503529098
1746378615,1000,POST,POST /pastes,40.100000,0.000000,130,200,260,300,420,570,680,720,800,800,800,7514,0,56,77.26769732499396,29.790000000502914,800.2605000001495,2865.819669949428
1746378615,1000,,Aggregated,441.300000,0.000000,130,200,270,300,430,570,670,730,800,800,800,82604,2,53,75.06454607888084,27.31879999919329,803.4483999999793,2902.089729310929
1746378616,1000,GET,GET /pastes/:slug,442.100000,0.000000,140,210,270,310,420,570,670,730,800,800,800,75617,2,53,75.41859788142614,27.31879999919329,803.4483999999793,2905.6639512278985
1746378616,1000,POST,POST /pastes,44.300000,0.000000,140,200,260,300,420,570,680,720,800,800,800,7553,0,56,77.68006453065078,29.790000000502914,800.2605000001495,2867.5215146299483
1746378616,1000,,Aggregated,486.400000,0.000000,140,210,270,310,420,570,670,730,800,800,800,83170,2,53,75.62397070337671,27.31879999919329,803.4483999999793,2902.2000841649633
1746378617,1000,GET,GET /pastes/:slug,487.100000,0.000000,170,260,310,340,430,570,670,730,800,800,800,76106,2,53,77.19855439518288,27.31879999919329,803.4483999999793,2905.80213123801
1746378617,1000,POST,POST /pastes,47.700000,0.000000,160,240,310,340,430,570,680,720,800,800,800,7603,0,56,79.52618040247391,29.790000000502914,800.2605000001495,2866.1469156911744
1746378617,1000,,Aggregated,534.800000,0.000000,160,260,310,340,430,570,670,720,800,800,800,83709,2,54,77.40996464418203,27.31879999919329,803.4483999999793,2902.200384665926
1746378618,1000,GET,GET /pastes/:slug,533.300000,0.000000,180,290,340,370,480,520,640,720,800,800,800,76687,2,53,80.3016147665159,27.31879999919329,803.4483999999793,2905.987859741547
1746378618,1000,POST,POST /pastes,52.000000,0.000000,180,290,350,410,490,550,670,720,800,800,800,7674,0,57,83.35642857701544,29.790000000502914,800.2605000001495,2864.895751889497
1746378618,1000,,Aggregated,585.300000,0.000000,180,290,340,380,480,530,650,720,800,800,800,84361,2,54,80.57949958511462,27.31879999919329,803.4483999999793,2902.2498666445395
1746378619,1000,GET,GET /pastes/:slug,557.900000,0.000000,210,320,360,390,470,510,600,720,800,800,800,77319,2,54,82.79069842470545,27.31879999919329,803.4483999999793,2905.7830546178816
1746378619,1000,POST,POST /pastes,54.200000,0.000000,230,340,380,420,480,530,670,680,800,800,800,7749,0,57,86.35373619821996,29.790000000502914,800.2605000001495,2865.845141308556
1746378619,1000,,Aggregated,612.100000,0.000000,210,320,360,400,480,510,630,720,800,800,800,85068,2,54,83.11526206446423,27.31879999919329,803.4483999999793,2902.1450369116474
1746378620,1000,GET,GET /pastes/:slug,588.600000,0.000000,180,290,340,370,450,490,530,580,760,780,780,78047,2,54,83.37054922290184,27.31879999919329,803.4483999999793,2904.996566171666
1746378620,1000,POST,POST /pastes,57.600000,0.000000,180,300,360,400,470,510,570,670,760,760,760,7837,0,57,87.12315060609842,29.790000000502914,800.2605000001495,2864.485645017226
1746378620,1000,,Aggregated,646.200000,0.000000,180,290,340,370,450,490,540,600,760,780,780,85884,2,54,83.71297781309495,27.31879999919329,803.4483999999793,2901.299904522379
1746378621,1000,GET,GET /pastes/:slug,604.200000,0.000000,130,200,320,360,440,480,510,540,570,600,600,78687,2,54,83.16454949864413,27.31879999919329,803.4483999999793,2904.9238374826846
1746378621,1000,POST,POST /pastes,60.600000,0.000000,140,210,340,380,470,490,530,560,580,580,580,7910,0,57,86.88094175726796,29.790000000502914,800.2605000001495,2865.580278128951
1746378621,1000,,Aggregated,664.800000,0.000000,130,200,330,360,440,490,510,540,580,600,600,86597,2,54,83.50401463907336,27.31879999919329,803.4483999999793,2901.3300922664757
1746378622,1000,GET,GET /pastes/:slug,614.800000,0.000000,130,200,330,360,440,480,510,540,570,600,600,79324,2,54,83.17831583253235,27.31879999919329,803.4483999999793,2905.015241288891
1746378622,1000,POST,POST /pastes,62.900000,0.000000,140,210,340,380,470,490,530,560,580,580,580,7976,0,57,86.83905870110198,29.790000000502914,800.2605000001495,2861.8998244734203
1746378622,1000,,Aggregated,677.700000,0.000000,130,200,330,360,440,490,510,540,580,600,600,87300,2,54,83.51277270675622,27.31879999919329,803.4483999999793,2901.076082474227
1746378623,1000,GET,GET /pastes/:slug,629.300000,0.000000,130,200,330,360,440,480,510,540,570,600,600,80013,2,54,83.3609732180992,27.31879999919329,803.4483999999793,2905.0203216977243
1746378623,1000,POST,POST /pastes,65.800000,0.000000,130,210,340,380,470,490,530,560,580,580,580,8045,0,57,86.93555889372215,29.790000000502914,800.2605000001495,2861.4019888129274
1746378623,1000,,Aggregated,695.100000,0.000000,130,200,330,360,440,490,510,540,580,600,600,88058,2,54,83.68754822276003,27.31879999919329,803.4483999999793,2901.0353403438644
1746378624,1000,GET,GET /pastes/:slug,628.000000,0.000000,120,190,320,360,440,480,510,540,570,600,600,80709,2,54,83.40220115104654,27.31879999919329,803.4483999999793,2905.31946870857
1746378624,1000,POST,POST /pastes,67.100000,0.000000,120,210,340,370,470,490,530,560,580,580,580,8117,0,58,86.99808543796792,29.790000000502914,800.2605000001495,2859.9452999876803
1746378624,1000,,Aggregated,695.100000,0.000000,120,190,330,360,440,490,510,540,580,600,600,88826,2,55,83.7307963006308,27.31879999919329,803.4483999999793,2901.1731362438927
1746378625,1000,GET,GET /pastes/:slug,625.100000,0.000000,110,190,320,360,440,480,510,540,570,600,600,81416,2,54,83.21397143190273,27.31879999919329,803.4483999999793,2905.840166552029
1746378625,1000,POST,POST /pastes,65.800000,0.000000,120,210,340,380,470,490,530,560,580,580,580,8181,0,58,86.84537370736943,29.790000000502914,800.2605000001495,2859.452267448967
1746378625,1000,,Aggregated,690.900000,0.000000,120,190,330,360,440,490,510,540,580,600,600,89597,2,55,83.545550636738,27.31879999919329,803.4483999999793,2901.6045403305916
1746378626,1000,GET,GET /pastes/:slug,626.400000,0.000000,95,150,280,340,440,480,510,530,570,600,600,82100,2,55,83.12287551400453,27.31879999919329,803.4483999999793,2906.478574908648
1746378626,1000,POST,POST /pastes,65.600000,0.000000,100,160,310,360,460,490,530,560,580,580,580,8256,0,58,86.77802670784817,29.790000000502914,800.2605000001495,2858.330062984496
1746378626,1000,,Aggregated,692.000000,0.000000,96,150,290,340,440,480,510,540,580,600,600,90356,2,55,83.45685364779098,27.31879999919329,803.4483999999793,2902.079153570322
1746378627,1000,GET,GET /pastes/:slug,624.800000,0.000000,80,120,150,190,410,470,490,510,570,600,600,82806,2,55,82.97141873656253,27.31879999919329,803.4483999999793,2906.5705504432044
1746378627,1000,POST,POST /pastes,67.100000,0.000000,86,120,170,230,430,480,510,530,580,580,580,8335,0,58,86.57898465506742,29.790000000502914,800.2605000001495,2855.1962807438513
1746378627,1000,,Aggregated,691.900000,0.000000,81,120,150,190,410,470,500,510,580,600,600,91141,2,55,83.30133679682937,27.31879999919329,803.4483999999793,2901.872285798927
1746378628,1000,GET,GET /pastes/:slug,622.700000,0.000000,71,94,120,130,200,360,410,420,440,450,450,83500,2,55,82.77494649580582,27.31879999919329,803.4483999999793,2906.7199640718563
1746378628,1000,POST,POST /pastes,65.900000,0.000000,75,95,120,140,230,370,420,430,460,460,460,8408,0,58,86.36666157231083,29.790000000502914,800.2605000001495,2854.6764985727878
1746378628,1000,,Aggregated,688.600000,0.000000,71,94,120,130,210,360,410,420,440,460,460,91908,2,55,83.1035266015996,27.31879999919329,803.4483999999793,2901.958882795839
1746378629,1000,GET,GET /pastes/:slug,646.700000,0.000000,66,80,93,100,130,160,190,200,250,260,260,84221,2,55,82.59647609740813,27.31879999919329,803.4483999999793,2906.798173852127
1746378629,1000,POST,POST /pastes,69.400000,0.000000,69,84,94,110,130,160,200,210,250,250,250,8467,0,58,86.21392903035218,29.790000000502914,800.2605000001495,2854.313688437463
1746378629,1000,,Aggregated,716.100000,0.000000,66,80,93,100,130,160,190,210,250,260,260,92688,2,55,82.92692851825306,27.31879999919329,803.4483999999793,2902.0037437424476
1746378630,1000,GET,GET /pastes/:slug,664.100000,0.000000,62,73,84,92,120,140,150,170,210,230,230,84929,2,55,82.41567125245615,27.31879999919329,803.4483999999793,2906.1591800209585
1746378630,1000,POST,POST /pastes,72.200000,0.000000,65,76,86,92,120,130,160,180,240,240,240,8527,0,58,86.05217059927183,29.790000000502914,800.2605000001495,2855.5529494546736
1746378630,1000,,Aggregated,736.300000,0.000000,63,74,84,92,120,140,160,170,220,240,240,93456,2,55,82.74746835409047,27.31879999919329,803.4483999999793,2901.541827170005
1746378631,1000,GET,GET /pastes/:slug,675.000000,0.000000,62,73,83,91,120,140,150,170,210,230,230,85610,2,55,82.21477880621214,27.31879999919329,803.4483999999793,2905.9591753299846
1746378631,1000,POST,POST /pastes,72.300000,0.000000,65,75,86,91,120,130,160,180,240,240,240,8593,0,58,85.85283022227291,29.790000000502914,800.2605000001495,2856.4489700919353
1746378631,1000,,Aggregated,747.300000,0.000000,63,73,83,91,120,140,160,170,220,240,240,94203,2,55,82.54663422290007,27.31879999919329,803.4483999999793,2901.442958292199
1746378632,1000,GET,GET /pastes/:slug,684.100000,0.000000,60,69,78,85,110,130,150,160,210,230,230,86338,2,55,82.05626709444043,27.31879999919329,803.4483999999793,2906.315388357386
1746378632,1000,POST,POST /pastes,70.500000,0.000000,64,74,82,88,110,130,150,170,240,240,240,8648,0,58,85.73153044634591,29.790000000502914,800.2605000001495,2855.173797409806
1746378632,1000,,Aggregated,754.600000,0.000000,61,70,78,85,110,130,150,160,220,240,240,94986,2,55,82.39088143199884,27.31879999919329,803.4483999999793,2901.659202408776
1746378633,1000,GET,GET /pastes/:slug,681.900000,0.000000,58,66,72,78,95,110,130,150,210,230,230,87032,2,55,81.91311047890197,27.31879999919329,803.4483999999793,2906.848009927383
1746378633,1000,POST,POST /pastes,68.800000,0.000000,63,70,78,83,98,120,140,170,240,240,240,8711,0,58,85.58277204683762,29.790000000502914,800.2605000001495,2854.3684995982094
1746378633,1000,,Aggregated,750.700000,0.000000,59,67,73,78,95,110,130,160,220,240,240,95743,2,55,82.24698785811854,27.31879999919329,803.4483999999793,2902.073258619429
1746378634,1000,GET,GET /pastes/:slug,687.000000,0.000000,59,67,75,82,100,120,160,200,270,290,290,87689,2,55,82.15920584565664,27.31879999919329,803.4483999999793,2907.0675227223483
1746378634,1000,POST,POST /pastes,67.700000,0.000000,62,70,79,84,100,120,140,160,290,290,290,8779,0,58,85.7083590727871,29.790000000502914,800.2605000001495,2852.6533773778333
1746378634,1000,,Aggregated,754.700000,0.000000,59,68,76,82,100,120,160,200,270,290,290,96468,2,55,82.48219394721389,27.31879999919329,803.4483999999793,2902.1156031015466
1746378635,1000,GET,GET /pastes/:slug,693.900000,0.000000,59,68,77,84,100,120,160,200,270,290,290,88369,2,55,82.04562946055478,27.31879999919329,803.4483999999793,2907.0303726419897
1746378635,1000,POST,POST /pastes,67.300000,0.000000,61,70,80,86,100,120,150,170,290,290,290,8844,0,58,85.60208413613672,29.790000000502914,800.2605000001495,2851.5955450022616
1746378635,1000,,Aggregated,761.200000,0.000000,59,68,77,84,100,120,160,200,270,290,290,97213,2,55,82.36917965601107,27.31879999919329,803.4483999999793,2901.9871622108153
1746378636,1000,GET,GET /pastes/:slug,694.200000,0.000000,58,66,74,80,99,120,160,200,270,290,290,89104,2,55,81.83623041277325,27.31879999919329,803.4483999999793,2907.5693459328427
1746378636,1000,POST,POST /pastes,66.200000,0.000000,60,68,76,82,100,120,140,170,290,290,290,8912,0,58,85.40725682226125,29.790000000502914,800.2605000001495,2851.5856149012566
1746378636,1000,,Aggregated,760.400000,0.000000,58,66,74,80,99,120,160,200,270,290,290,98016,2,55,82.16092217086785,27.31879999919329,803.4483999999793,2902.479085047339
1746378637,1000,GET,GET /pastes/:slug,698.000000,0.000000,57,65,72,78,98,120,160,200,270,290,290,89771,2,55,81.64903026700972,27.31879999919329,803.4483999999793,2907.7701819072977
1746378637,1000,POST,POST /pastes,65.900000,0.000000,59,67,73,79,100,120,150,170,290,290,290,8971,0,58,85.23303872477993,29.790000000502914,800.2605000001495,2850.259725783079
1746378637,1000,,Aggregated,763.900000,0.000000,57,65,72,78,99,120,160,200,270,290,290,98742,2,55,81.97464793603308,27.31879999919329,803.4483999999793,2902.5451884709646
1746378638,1000,GET,GET /pastes/:slug,695.200000,0.000000,57,65,71,77,97,120,160,200,270,290,290,90510,2,55,81.43797354767136,27.31879999919329,803.4483999999793,2907.129101756712
1746378638,1000,POST,POST /pastes,66.300000,0.000000,59,66,72,76,100,120,150,170,290,290,290,9038,0,58,85.0408953640192,29.790000000502914,800.2605000001495,2850.6909714538615
1746378638,1000,,Aggregated,761.500000,0.000000,57,65,71,77,97,120,160,200,270,290,290,99548,2,55,81.76508416140747,27.31879999919329,803.4483999999793,2902.005062884237
1746378639,1000,GET,GET /pastes/:slug,695.400000,0.000000,56,63,69,74,96,120,160,200,270,290,290,91204,2,55,81.2211033704631,27.31879999919329,803.4483999999793,2908.007587386518
1746378639,1000,POST,POST /pastes,65.200000,0.000000,58,65,71,75,95,110,150,170,290,290,290,9118,0,58,84.77059470278526,29.790000000502914,800.2605000001495,2850.049352928274
1746378639,1000,,Aggregated,760.600000,0.000000,56,63,69,74,96,120,160,200,270,290,290,100322,2,55,81.54370720579499,27.31879999919329,803.4483999999793,2902.7399174657603
1746378640,1000,GET,GET /pastes/:slug,693.600000,0.000000,56,64,70,76,96,120,160,200,270,290,290,91895,2,55,81.10420561401294,27.31879999919329,803.4483999999793,2907.991675281571
1746378640,1000,POST,POST /pastes,63.500000,0.000000,59,66,72,77,97,110,150,170,290,290,290,9179,0,58,84.67891774703055,29.790000000502914,800.2605000001495,2850.649308203508
1746378640,1000,,Aggregated,757.100000,0.000000,57,64,70,76,96,120,160,200,270,290,290,101074,2,55,81.42884184755489,27.31879999919329,803.4483999999793,2902.7841482478184
1746378642,1000,GET,GET /pastes/:slug,697.800000,0.000000,57,65,71,77,95,120,160,210,270,290,290,92587,2,55,80.95028916910283,27.31879999919329,803.4483999999793,2907.686651473749
1746378642,1000,POST,POST /pastes,62.800000,0.000000,60,67,73,79,99,120,150,170,290,290,290,9240,0,58,84.562952045454,29.790000000502914,800.2605000001495,2852.0891774891775
1746378642,1000,,Aggregated,760.600000,0.000000,57,65,71,77,95,120,160,210,270,290,290,101827,2,55,81.27810993351241,27.31879999919329,803.4483999999793,2902.6416176456146
1746378643,1000,GET,GET /pastes/:slug,695.900000,0.000000,57,65,73,80,100,140,180,220,270,290,290,93231,2,55,80.96139928671509,27.31879999919329,803.4483999999793,2907.5946305413436
1746378643,1000,POST,POST /pastes,64.900000,0.000000,60,68,75,85,100,130,170,220,290,290,290,9295,0,58,84.60948598171082,29.790000000502914,800.2605000001495,2851.734588488435
1746378643,1000,,Aggregated,760.800000,0.000000,57,66,73,80,100,140,180,220,270,290,290,102526,2,55,81.2921345717163,27.31879999919329,803.4483999999793,2902.5303630298654
1746378644,1000,GET,GET /pastes/:slug,695.000000,0.000000,58,67,76,83,100,130,160,180,210,220,220,93899,2,55,81.18225143185478,27.31879999919329,803.4483999999793,2907.7058009137477
1746378644,1000,POST,POST /pastes,64.800000,0.000000,61,70,82,89,110,140,170,190,220,220,220,9356,0,58,84.83579084010246,29.790000000502914,800.2605000001495,2852.319794784096
1746378644,1000,,Aggregated,759.800000,0.000000,58,67,76,84,100,130,160,180,210,220,220,103255,2,55,81.51330091811306,27.31879999919329,803.4483999999793,2902.687240327345
1746378645,1000,GET,GET /pastes/:slug,686.600000,0.000000,61,74,86,94,120,140,170,180,210,220,220,94614,2,55,81.39984396494943,27.31879999919329,803.4483999999793,2907.528758957448
1746378645,1000,POST,POST /pastes,64.300000,0.000000,65,77,90,100,130,160,180,200,220,220,220,9423,0,58,85.05855796455504,29.790000000502914,800.2605000001495,2851.884325586331
1746378645,1000,,Aggregated,750.900000,0.000000,61,74,87,94,120,140,170,190,220,220,220,104037,2,56,81.73122666551083,27.31879999919329,803.4483999999793,2902.4888453146477
1746378646,1000,GET,GET /pastes/:slug,686.500000,0.000000,67,86,99,110,130,160,180,190,210,220,220,95299,2,55,81.65689085089782,27.31879999919329,803.4483999999793,2907.1083222279353
1746378646,1000,POST,POST /pastes,64.500000,0.000000,70,90,100,110,140,160,190,200,220,220,220,9489,0,59,85.29009996838458,29.790000000502914,800.2605000001495,2853.084729687006
1746378646,1000,,Aggregated,751.000000,0.000000,67,87,100,110,130,160,180,190,220,220,220,104788,2,56,81.98589342099986,27.31879999919329,803.4483999999793,2902.216255678131
1746378647,1000,GET,GET /pastes/:slug,683.200000,0.000000,78,99,110,120,150,170,200,210,250,270,270,95991,2,56,82.08534016730395,27.31879999919329,803.4483999999793,2907.6333093727535
1746378647,1000,POST,POST /pastes,63.800000,0.000000,85,110,120,130,160,180,200,200,280,280,280,9565,0,59,85.77235068478798,29.790000000502914,800.2605000001495,2852.5230527966546
1746378647,1000,,Aggregated,747.000000,0.000000,78,100,110,120,150,170,200,210,250,280,280,105556,2,56,82.41944012940691,27.31879999919329,803.4483999999793,2902.6394709917013
1746378648,1000,GET,GET /pastes/:slug,687.200000,0.000000,86,100,120,130,150,170,200,210,250,270,270,96647,2,56,82.14496156528067,27.31879999919329,803.4483999999793,2907.6352602770908
1746378648,1000,POST,POST /pastes,63.600000,0.000000,91,110,120,130,160,180,200,200,280,280,280,9619,0,59,85.80576168000843,29.790000000502914,800.2605000001495,2853.057490383616
1746378648,1000,,Aggregated,750.800000,0.000000,86,100,120,130,150,180,200,210,250,280,280,106266,2,56,82.47633035966062,27.31879999919329,803.4483999999793,2902.69498240265
1746378649,1000,GET,GET /pastes/:slug,683.700000,0.000000,86,100,120,130,150,170,200,210,250,270,270,97350,2,56,81.98024382845104,27.31879999919329,803.4483999999793,2907.4174627632256
1746378649,1000,POST,POST /pastes,64.500000,0.000000,94,110,120,130,160,190,200,200,280,280,280,9694,0,59,85.63035062925559,29.790000000502914,800.2605000001495,2853.43955023726
1746378649,1000,,Aggregated,748.200000,0.000000,87,110,120,130,150,180,200,210,250,280,280,107044,2,56,82.31080075202455,27.31879999919329,803.4483999999793,2902.529174918725
1746378650,1000,GET,GET /pastes/:slug,681.100000,0.000000,84,100,120,120,150,170,200,210,250,270,270,98056,2,56,81.77965811576766,27.31879999919329,803.4483999999793,2907.318940197438
1746378650,1000,POST,POST /pastes,64.100000,0.000000,91,110,120,130,160,190,200,200,280,280,280,9758,0,59,85.43348724123844,29.790000000502914,800.2605000001495,2854.636708341873
1746378650,1000,,Aggregated,745.200000,0.000000,85,100,120,130,150,180,200,210,250,280,280,107814,2,56,82.11035788209037,27.31879999919329,803.4483999999793,2902.550791177398
1746378651,1000,GET,GET /pastes/:slug,677.200000,0.000000,83,100,120,120,150,170,200,210,250,270,270,98751,2,56,81.56131980536608,27.31879999919329,803.4483999999793,2906.9147451671374
1746378651,1000,POST,POST /pastes,64.800000,0.000000,86,110,120,130,160,180,200,200,280,280,280,9840,0,59,85.17953133130169,29.790000000502914,800.2605000001495,2854.4481707317073
1746378651,1000,,Aggregated,742.000000,0.000000,83,100,120,130,150,170,200,210,250,280,280,108591,2,56,81.88918492692488,27.31879999919329,803.4483999999793,2902.1604737040825
1746378652,1000,GET,GET /pastes/:slug,679.800000,0.000000,78,100,110,120,150,170,190,210,250,270,270,99450,2,56,81.36925510105269,27.31879999919329,803.4483999999793,2907.1018300653595
1746378652,1000,POST,POST /pastes,63.200000,0.000000,80,110,120,130,160,180,200,200,280,280,280,9903,0,59,85.0270502272048,29.790000000502914,800.2605000001495,2853.6068868019793
1746378652,1000,,Aggregated,743.000000,0.000000,78,100,110,120,150,170,190,200,250,280,280,109353,2,56,81.70050477078551,27.31879999919329,803.4483999999793,2902.2573317604456
1746378653,1000,GET,GET /pastes/:slug,679.400000,0.000000,66,89,100,110,140,160,190,200,250,270,270,100163,2,56,81.18258323232807,27.31879999919329,803.4483999999793,2906.6716651857473
1746378653,1000,POST,POST /pastes,65.400000,0.000000,69,95,110,120,150,170,200,200,280,280,280,9969,0,59,84.82837871401397,29.790000000502914,800.2605000001495,2852.9760256796067
1746378653,1000,,Aggregated,744.800000,0.000000,66,89,110,110,140,170,190,200,250,280,280,110132,2,56,81.51259571877091,27.31879999919329,803.4483999999793,2901.81120836814
1746378654,1000,GET,GET /pastes/:slug,680.500000,0.000000,60,76,94,110,130,160,190,200,250,270,270,100848,2,56,81.0365813134588,27.31879999919329,803.4483999999793,2906.332787958115
1746378654,1000,POST,POST /pastes,65.500000,0.000000,62,79,99,110,140,160,190,200,280,280,280,10042,0,59,84.64179521011853,29.790000000502914,800.2605000001495,2851.7782314280025
1746378654,1000,,Aggregated,746.000000,0.000000,60,76,95,110,130,160,190,200,250,280,280,110890,2,56,81.36306303363435,27.31879999919329,803.4483999999793,2901.392424925602
1746378655,1000,GET,GET /pastes/:slug,687.900000,0.000000,57,66,76,87,120,150,190,200,260,330,330,101557,2,56,80.87324233484392,27.31879999919329,803.4483999999793,2905.976742125112
1746378655,1000,POST,POST /pastes,66.800000,0.000000,58,67,79,93,120,160,190,200,280,280,280,10110,0,59,84.45752567754748,29.790000000502914,800.2605000001495,2851.1089020771515
1746378655,1000,,Aggregated,754.700000,0.000000,57,66,77,87,120,150,190,200,270,330,330,111667,2,56,81.19775275058707,27.31879999919329,803.4483999999793,2901.0091701218803
1746378656,1000,GET,GET /pastes/:slug,689.800000,0.000000,53,60,65,69,87,110,120,130,150,330,330,102250,2,55,80.66235486063319,27.31879999919329,803.4483999999793,2905.981633251834
1746378656,1000,POST,POST /pastes,68.100000,0.000000,55,61,66,70,90,110,130,140,160,160,160,10180,0,58,84.24581182711196,29.790000000502914,800.2605000001495,2851.407858546169
1746378656,1000,,Aggregated,757.900000,0.000000,54,60,65,69,87,110,120,130,160,330,330,112430,2,56,80.98681978920047,27.31879999919329,803.4483999999793,2901.040238370542
1746378657,1000,GET,GET /pastes/:slug,692.000000,0.000000,52,58,62,64,75,88,110,120,180,330,330,102916,2,55,80.56306954700658,27.31879999919329,803.4483999999793,2905.9624062342104
1746378657,1000,POST,POST /pastes,68.500000,0.000000,54,60,65,69,79,95,120,140,190,190,190,10251,0,58,84.19404155692081,29.790000000502914,800.2605000001495,2850.372841673983
1746378657,1000,,Aggregated,760.500000,0.000000,52,58,62,65,76,89,110,120,180,330,330,113167,2,56,80.89197368048801,27.31879999919329,803.4483999999793,2900.926939832283
1746378658,1000,GET,GET /pastes/:slug,692.200000,0.000000,52,58,62,64,75,87,100,120,180,330,330,103607,2,55,80.40904132635535,27.31879999919329,803.4483999999793,2906.2192515949696
1746378658,1000,POST,POST /pastes,68.800000,0.000000,54,60,64,69,78,95,110,140,190,190,190,10315,0,58,84.0416735530779,29.790000000502914,800.2605000001495,2850.731943771207
1746378658,1000,,Aggregated,761.000000,0.000000,52,58,62,65,75,88,100,120,180,330,330,113922,2,56,80.73795585926985,27.31879999919329,803.4483999999793,2901.195186180018
1746378659,1000,GET,GET /pastes/:slug,690.200000,0.000000,53,59,64,68,83,110,200,270,340,370,370,104112,2,56,80.65005582065149,27.31879999919329,803.4483999999793,2906.367613723682
1746378659,1000,POST,POST /pastes,68.800000,0.000000,55,63,69,71,95,150,260,300,320,320,320,10381,0,59,84.43531604854925,29.790000000502914,800.2605000001495,2851.572102880262
1746378659,1000,,Aggregated,759.000000,0.000000,53,59,64,68,84,110,210,270,340,370,370,114493,2,56,80.99326271038161,27.31879999919329,803.4483999999793,2901.399343191287
1746378660,1000,GET,GET /pastes/:slug,694.700000,0.000000,56,64,70,77,110,190,260,300,340,370,370,104922,2,56,80.9640744991486,27.31879999919329,803.4483999999793,2906.371266273994
1746378660,1000,POST,POST /pastes,69.700000,0.000000,59,67,75,83,120,240,300,300,320,320,320,10454,0,59,84.78512970154775,29.790000000502914,800.2605000001495,2849.880428544098
1746378660,1000,,Aggregated,764.400000,0.000000,56,64,71,78,110,200,270,300,340,370,370,115376,2,56,81.31029304621173,27.31879999919329,803.4483999999793,2901.252738871169
1746378661,1000,GET,GET /pastes/:slug,675.800000,0.000000,57,64,71,77,110,190,260,300,340,370,370,105602,2,56,80.82438980322009,27.31879999919329,803.4483999999793,2905.824596125073
1746378661,1000,POST,POST /pastes,68.300000,0.000000,59,67,73,81,120,240,300,300,320,320,320,10516,0,59,84.64438363446018,29.790000000502914,800.2605000001495,2850.347280334728
1746378661,1000,,Aggregated,744.100000,0.000000,57,65,71,77,110,200,270,300,340,370,370,116118,2,56,81.17034008766696,27.31879999919329,803.4483999999793,2900.800401315903
1746378662,1000,GET,GET /pastes/:slug,684.800000,0.000000,59,68,79,88,130,200,260,300,340,370,370,106312,2,56,80.90109670215614,27.31879999919329,803.4483999999793,2905.173131913613
1746378662,1000,POST,POST /pastes,69.600000,0.000000,62,71,81,90,150,240,300,300,320,320,320,10575,0,59,84.68388688415912,29.790000000502914,800.2605000001495,2849.74780141844
1746378662,1000,,Aggregated,754.400000,0.000000,59,69,79,88,130,200,270,300,340,370,370,116887,2,56,81.24333327401413,27.31879999919329,803.4483999999793,2900.1586917279083
1746378663,1000,GET,GET /pastes/:slug,684.800000,0.000000,60,70,81,89,130,200,260,300,340,370,370,106992,2,56,80.83209982615212,27.31879999919329,803.4483999999793,2904.902067444295
1746378663,1000,POST,POST /pastes,67.200000,0.000000,64,72,83,93,160,240,300,300,320,320,320,10638,0,59,84.60767036096752,29.790000000502914,800.2605000001495,2849.95967287084
1746378663,1000,,Aggregated,752.000000,0.000000,60,71,81,89,140,200,270,300,340,370,370,117630,2,56,81.17354775057149,27.31879999919329,803.4483999999793,2899.93329082717
1746378664,1000,GET,GET /pastes/:slug,682.700000,0.000000,61,72,82,91,130,190,260,300,340,370,370,107720,2,56,80.75698927125546,27.31879999919329,803.4483999999793,2904.9273486817674
1746378664,1000,POST,POST /pastes,67.400000,0.000000,66,76,87,97,160,240,300,310,320,320,320,10698,0,59,84.55233846513204,29.790000000502914,800.2605000001495,2851.300710413161
1746378664,1000,,Aggregated,750.100000,0.000000,62,73,83,92,140,200,270,300,340,370,370,118418,2,56,81.09986489553702,27.31879999919329,803.4483999999793,2900.0826647975814
1746378665,1000,GET,GET /pastes/:slug,678.400000,0.000000,62,74,84,93,140,190,260,300,340,370,370,108396,2,56,80.60620514409777,27.31879999919329,803.4483999999793,2904.671454666224
1746378665,1000,POST,POST /pastes,66.900000,0.000000,67,78,89,99,160,240,300,310,320,320,320,10769,0,59,84.40792961277523,29.790000000502914,800.2605000001495,2851.1112452409693
1746378665,1000,,Aggregated,745.300000,0.000000,63,74,85,93,140,200,270,300,340,370,370,119165,2,56,80.94976886501644,27.31879999919329,803.4483999999793,2899.831192044644
1746378666,1000,GET,GET /pastes/:slug,682.900000,0.000000,61,71,81,89,130,190,260,300,340,370,370,109120,2,56,80.40764578262106,27.31879999919329,803.4483999999793,2905.133128665689
1746378666,1000,POST,POST /pastes,65.600000,0.000000,65,74,84,93,150,240,300,310,320,320,320,10840,0,59,84.2073164391126,29.790000000502914,800.2605000001495,2852.7987084870847
1746378666,1000,,Aggregated,748.500000,0.000000,61,72,81,90,130,200,270,300,340,370,370,119960,2,56,80.75099714904694,27.31879999919329,803.4483999999793,2900.40400966989
1746378667,900,GET,GET /pastes/:slug,682.000000,0.000000,63,75,86,96,140,190,260,300,340,370,370,109811,2,56,80.38723616577217,27.31879999919329,803.4483999999793,2905.6510458879347
1746378667,900,POST,POST /pastes,65.800000,0.000000,67,79,89,100,150,240,300,300,320,320,320,10924,0,59,84.18727781947847,29.790000000502914,800.2605000001495,2853.060508971073
1746378667,900,,Aggregated,747.800000,0.000000,63,75,86,96,140,200,270,300,340,370,370,120735,2,56,80.73106069904895,27.31879999919329,803.4483999999793,2900.89269888599
1746378668,800,GET,GET /pastes/:slug,683.900000,0.000000,60,71,81,89,120,170,260,300,340,370,370,110411,2,56,80.20971708525052,27.31879999919329,803.4483999999793,2905.74783309634
1746378668,800,POST,POST /pastes,65.900000,0.000000,64,74,83,93,130,230,300,300,320,320,320,10974,0,59,84.03561139055824,29.790000000502914,800.2605000001495,2852.6872607982505
1746378668,800,,Aggregated,749.800000,0.000000,60,71,82,90,120,170,260,300,340,370,370,121385,2,56,80.555603019316,27.31879999919329,803.4483999999793,2900.9508094080816
1746378669,700,GET,GET /pastes/:slug,682.600000,0.000000,57,66,75,82,100,120,150,160,190,260,260,110938,2,56,80.12361806414037,27.31879999919329,803.4483999999793,2905.9164758694046
1746378669,700,POST,POST /pastes,66.000000,0.000000,61,69,78,84,110,130,150,160,180,180,180,11031,0,59,83.94524045870632,29.790000000502914,800.2605000001495,2852.7608557701024
1746378669,700,,Aggregated,748.600000,0.000000,58,67,75,82,100,120,150,160,190,260,260,121969,2,56,80.46924946748504,27.31879999919329,803.4483999999793,2901.1090277037606
1746378670,600,GET,GET /pastes/:slug,678.400000,0.000000,56,65,74,82,100,120,150,160,190,260,260,111406,2,56,80.00746695868824,27.31879999919329,803.4483999999793,2905.6491212322494
1746378670,600,POST,POST /pastes,65.100000,0.000000,60,69,78,83,110,130,150,160,180,180,180,11082,0,59,83.8296157282066,29.790000000502914,800.2605000001495,2852.4607471575528
1746378670,600,,Aggregated,743.500000,0.000000,56,66,75,82,100,120,150,160,190,260,260,122488,2,56,80.35327269201633,27.31879999919329,803.4483999999793,2900.836947292796
1746378671,500,GET,GET /pastes/:slug,680.400000,0.000000,53,61,67,72,89,100,130,140,180,260,260,111828,2,56,79.87338749328984,27.31879999919329,803.4483999999793,2905.9819454877133
1746378671,500,POST,POST /pastes,65.000000,0.000000,58,65,72,78,93,120,150,150,170,170,170,11111,0,59,83.73386174961688,29.790000000502914,800.2605000001495,2852.520565205652
1746378671,500,,Aggregated,745.400000,0.000000,54,61,67,72,89,110,130,150,180,260,260,122939,2,56,80.22229003407948,27.31879999919329,803.4483999999793,2901.1502045729994
1746378672,400,GET,GET /pastes/:slug,648.500000,0.000000,53,60,66,71,90,110,130,140,190,260,260,112181,2,56,79.83928970680958,27.31879999919329,803.4483999999793,2905.899457127321
1746378672,400,POST,POST /pastes,62.400000,0.000000,57,64,71,78,93,120,140,150,170,170,170,11147,0,59,83.66437708800538,29.790000000502914,800.2605000001495,2853.225352112676
1746378672,400,,Aggregated,710.900000,0.000000,53,60,66,72,91,110,130,140,190,260,260,123328,2,56,80.18502019005973,27.31879999919329,803.4483999999793,2901.138508692268
1746378673,333,GET,GET /pastes/:slug,623.800000,0.000000,50,56,61,65,87,100,130,140,190,260,260,112446,2,56,79.74491693167906,27.31879999919329,803.4483999999793,2905.8321416502145
1746378673,333,POST,POST /pastes,60.600000,0.000000,55,61,67,72,90,110,140,150,170,170,170,11177,0,59,83.55797119083765,29.790000000502914,800.2605000001495,2852.8971996063347
1746378673,333,,Aggregated,684.400000,0.000000,50,56,61,66,87,110,130,140,190,260,260,123623,2,56,80.0896627108197,27.31879999919329,803.4483999999793,2901.046188815997
1746378674,333,GET,GET /pastes/:slug,591.300000,0.000000,49,55,60,64,85,110,130,140,190,260,260,112682,2,55,79.66316996591803,27.31879999919329,803.4483999999793,2905.913304698177
1746378674,333,POST,POST /pastes,57.300000,0.000000,54,60,65,70,89,110,140,150,170,170,170,11199,0,59,83.48081875167334,29.790000000502914,800.2605000001495,2852.347977497991
1746378674,333,,Aggregated,648.600000,0.000000,49,55,60,64,85,110,130,140,190,260,260,123881,2,56,80.00829027292042,27.31879999919329,803.4483999999793,2901.07093097408
1746378675,333,GET,GET /pastes/:slug,552.000000,0.000000,48,54,60,65,88,110,130,150,190,190,190,112895,2,55,79.59112605075134,27.31879999919329,803.4483999999793,2905.9437087559236
1746378675,333,POST,POST /pastes,54.400000,0.000000,54,60,66,71,90,120,140,150,170,170,170,11222,0,59,83.4021424701467,29.790000000502914,800.2605000001495,2852.722865799323
1746378675,333,,Aggregated,606.400000,0.000000,49,55,61,66,89,110,130,150,190,190,190,124117,2,56,79.93569791647923,27.31879999919329,803.4483999999793,2901.131762772223
1746378676,333,GET,GET /pastes/:slug,502.100000,0.000000,46,51,55,59,73,96,130,140,190,190,190,113151,2,55,79.5234511661368,27.31879999919329,803.4483999999793,2905.910473614904
1746378676,333,POST,POST /pastes,50.200000,0.000000,50,56,60,64,78,92,110,120,160,160,160,11250,0,59,83.3192962488878,29.790000000502914,800.2605000001495,2852.2971555555555
1746378676,333,,Aggregated,552.300000,0.000000,46,52,56,59,74,95,120,140,190,190,190,124401,2,56,79.8667221782753,27.31879999919329,803.4483999999793,2901.0620413019187
1746378677,333,GET,GET /pastes/:slug,455.600000,0.000000,44,50,54,57,73,96,120,140,190,190,190,113382,2,55,79.44106965743725,27.31879999919329,803.4483999999793,2906.2065583602334
1746378677,333,POST,POST /pastes,45.500000,0.000000,49,55,59,63,78,92,110,120,150,150,150,11269,0,59,83.25146737953517,29.790000000502914,800.2605000001495,2852.6939391250335
1746378677,333,,Aggregated,501.100000,0.000000,44,50,55,58,74,96,120,140,190,190,190,124651,2,56,79.78554641197927,27.31879999919329,803.4483999999793,2901.3687816383344
1746378678,333,GET,GET /pastes/:slug,408.400000,0.000000,42,47,51,54,64,95,130,140,190,190,190,113620,2,55,79.35781608607228,27.31879999919329,803.4483999999793,2906.319283576835
1746378678,333,POST,POST /pastes,41.500000,0.000000,45,53,57,60,73,90,110,120,150,150,150,11295,0,58,83.15753551128624,29.790000000502914,800.2605000001495,2852.8169986719786
1746378678,333,,Aggregated,449.900000,0.000000,42,48,52,55,65,95,120,140,190,190,190,124915,2,56,79.70139236520517,27.31879999919329,803.4483999999793,2901.4815274386583
1746378679,333,GET,GET /pastes/:slug,366.300000,0.000000,40,44,47,50,58,95,130,140,190,190,190,113859,2,55,79.27595277316253,27.31879999919329,803.4483999999793,2906.180547870612
1746378679,333,POST,POST /pastes,35.900000,0.000000,43,47,53,55,63,83,110,120,150,150,150,11311,0,58,83.10108820616864,29.790000000502914,800.2605000001495,2853.4691892847673
1746378679,333,,Aggregated,402.200000,0.000000,40,44,48,50,59,94,130,140,190,190,190,125170,2,56,79.6216115323127,27.31879999919329,803.4483999999793,2901.417280498522
1746378680,333,GET,GET /pastes/:slug,324.600000,0.000000,39,42,46,48,55,96,130,140,190,190,190,114103,2,55,79.19235571281646,27.31879999919329,803.4483999999793,2906.2930685433334
1746378680,333,POST,POST /pastes,32.700000,0.000000,42,45,50,54,61,88,110,120,150,150,150,11331,0,58,83.0309523254762,29.790000000502914,800.2605000001495,2852.801164945724
1746378680,333,,Aggregated,357.300000,0.000000,40,43,46,48,56,96,130,140,190,190,190,125434,2,56,79.53911287768513,27.31879999919329,803.4483999999793,2901.4609117145274
1746378681,333,GET,GET /pastes/:slug,297.400000,0.000000,39,41,44,45,51,55,71,100,120,140,140,114359,2,55,79.10429602566938,27.31879999919329,803.4483999999793,2906.5306097465
1746378681,333,POST,POST /pastes,29.200000,0.000000,41,45,47,50,56,61,78,94,110,110,110,11348,0,58,82.97210830983155,29.790000000502914,800.2605000001495,2853.5308424391965
1746378681,333,,Aggregated,326.600000,0.000000,39,42,44,46,51,55,72,100,120,140,140,125707,2,55,79.45345664362034,27.31879999919329,803.4483999999793,2901.746139833104
1746378682,333,GET,GET /pastes/:slug,270.700000,0.000000,39,41,43,45,51,55,72,100,120,140,140,114584,2,55,79.02700945157727,27.31879999919329,803.4483999999793,2906.823151574391
1746378682,333,POST,POST /pastes,25.600000,0.000000,41,45,46,50,55,61,80,110,110,110,110,11370,0,58,82.89393503957501,29.790000000502914,800.2605000001495,2853.4109058927
1746378682,333,,Aggregated,296.300000,0.000000,39,41,44,46,51,55,72,100,120,140,140,125954,2,55,79.37608088984541,27.31879999919329,803.4483999999793,2902.001572002477
1746378683,333,GET,GET /pastes/:slug,252.700000,0.000000,39,41,44,46,51,55,67,100,120,140,140,114815,2,55,78.95261662238849,27.31879999919329,803.4483999999793,2907.1235552845883
1746378683,333,POST,POST /pastes,23.500000,0.000000,42,45,47,49,55,58,68,94,110,110,110,11401,0,58,82.78687131830301,29.790000000502914,800.2605000001495,2853.374440838523
1746378683,333,,Aggregated,276.200000,0.000000,39,42,44,46,51,55,68,100,120,140,140,126216,2,55,79.29896207612029,27.31879999919329,803.4483999999793,2902.2684366482854
1746378684,333,GET,GET /pastes/:slug,241.000000,0.000000,39,42,45,46,52,56,69,100,120,140,140,115052,2,55,78.87790101432,27.31879999919329,803.4483999999793,2907.0274658415324
1746378684,333,POST,POST /pastes,22.400000,0.000000,42,45,47,50,55,58,68,94,110,110,110,11426,0,58,82.70822390162571,29.790000000502914,800.2605000001495,2853.8263609312094
1746378684,333,,Aggregated,263.400000,0.000000,40,42,45,47,52,56,69,100,120,140,140,126478,2,55,79.22393170195296,27.31879999919329,803.4483999999793,2902.22128749664
1746378685,333,GET,GET /pastes/:slug,235.700000,0.000000,39,42,44,46,50,54,59,61,74,77,77,115312,2,55,78.79497948088277,27.31879999919329,803.4483999999793,2906.994076939087
1746378685,333,POST,POST /pastes,21.400000,0.000000,42,45,47,50,55,57,61,68,71,71,71,11442,0,58,82.65677397307924,29.790000000502914,800.2605000001495,2853.3008215346968
1746378685,333,,Aggregated,257.100000,0.000000,40,42,44,46,51,55,59,61,74,77,77,126754,2,55,79.1435811232751,27.31879999919329,803.4483999999793,2902.147222178393
1746378686,333,GET,GET /pastes/:slug,236.200000,0.000000,39,42,45,46,51,54,59,61,74,77,77,115544,2,55,78.72039124142799,27.31879999919329,803.4483999999793,2906.7411029564496
1746378686,333,POST,POST /pastes,22.800000,0.000000,42,45,47,50,55,58,60,63,71,71,71,11468,0,58,82.57122000348525,29.790000000502914,800.2605000001495,2853.9528252528776
1746378686,333,,Aggregated,259.000000,0.000000,40,42,45,46,51,55,59,62,74,77,77,127012,2,55,79.06808519352192,27.31879999919329,803.4483999999793,2901.974813403458
1746378687,333,GET,GET /pastes/:slug,238.700000,0.000000,40,42,45,46,51,54,59,61,74,77,77,115785,2,55,78.64157520403802,27.31879999919329,803.4483999999793,2906.631351211297
1746378687,333,POST,POST /pastes,22.100000,0.000000,43,45,48,50,55,57,60,63,71,71,71,11490,0,58,82.49787391644634,29.790000000502914,800.2605000001495,2854.314273281114
1746378687,333,,Aggregated,260.800000,0.000000,40,43,45,47,51,55,59,62,74,77,77,127275,2,55,78.9897101261017,27.31879999919329,803.4483999999793,2901.9083244942053
1746378688,333,GET,GET /pastes/:slug,238.400000,0.000000,40,43,45,47,51,55,59,61,74,77,77,116019,2,55,78.57059947163441,27.31879999919329,803.4483999999793,2906.618812435894
1746378688,333,POST,POST /pastes,21.600000,0.000000,43,46,48,50,55,57,60,63,71,71,71,11514,0,58,82.4206929303426,29.790000000502914,800.2605000001495,2854.640437727983
1746378688,333,,Aggregated,260.000000,0.000000,40,43,46,47,52,55,59,62,74,77,77,127533,2,55,78.91819559251017,27.31879999919329,803.4483999999793,2901.92607403574
1746378689,333,GET,GET /pastes/:slug,240.100000,0.000000,40,44,47,48,53,56,61,64,74,77,77,116259,2,55,78.50412553694397,27.31879999919329,803.4483999999793,2906.7059238424554
1746378689,333,POST,POST /pastes,22.100000,0.000000,43,47,49,51,56,59,63,67,71,71,71,11537,0,58,82.35526800727811,29.790000000502914,800.2605000001495,2854.7885932218082
1746378689,333,,Aggregated,262.200000,0.000000,41,44,47,48,53,56,61,64,74,77,77,127796,2,55,78.85179393564448,27.31879999919329,803.4483999999793,2902.0189990297035
1746378690,333,GET,GET /pastes/:slug,239.400000,0.000000,41,45,47,49,54,57,61,65,74,77,77,116490,2,55,78.43659284916765,27.31879999919329,803.4483999999793,2906.8694909434284
1746378690,333,POST,POST /pastes,22.100000,0.000000,44,47,50,52,56,60,62,63,71,71,71,11559,0,58,82.29098079418333,29.790000000502914,800.2605000001495,2855.584912189636
1746378690,333,,Aggregated,261.500000,0.000000,41,45,47,49,54,57,61,64,74,77,77,128049,2,55,78.7845289537567,27.31879999919329,803.4483999999793,2902.2400253028136
1746378691,333,GET,GET /pastes/:slug,236.400000,0.000000,41,45,48,50,54,57,62,65,74,77,77,116731,2,55,78.36379325200248,27.31879999919329,803.4483999999793,2906.6789284765828
1746378691,333,POST,POST /pastes,21.900000,0.000000,44,48,51,52,57,60,62,63,71,71,71,11573,0,58,82.24737735245543,29.790000000502914,800.2605000001495,2855.1884558887064
1746378691,333,,Aggregated,258.300000,0.000000,42,46,48,50,54,58,62,65,74,77,77,128304,2,55,78.71409190827687,27.31879999919329,803.4483999999793,2902.0344961965334
1746378692,333,GET,GET /pastes/:slug,238.400000,0.000000,42,46,49,50,55,58,63,66,78,80,80,116959,2,55,78.30080559084385,27.31879999919329,803.4483999999793,2906.7209192965056
1746378692,333,POST,POST /pastes,22.600000,0.000000,45,49,52,54,58,60,63,67,71,71,71,11598,0,58,82.17824995688595,29.790000000502914,800.2605000001495,2855.1134678392827
1746378692,333,,Aggregated,261.000000,0.000000,42,46,49,51,55,59,63,66,78,80,80,128557,2,55,78.65061617881216,27.31879999919329,803.4483999999793,2902.0650606345826
1746378693,333,GET,GET /pastes/:slug,237.500000,0.000000,42,46,49,51,55,58,63,66,78,80,80,117199,2,55,78.23375672061624,27.31879999919329,803.4483999999793,2906.6591609143425
1746378693,333,POST,POST /pastes,22.300000,0.000000,46,50,53,54,59,62,67,69,71,71,71,11619,0,58,82.11674413460388,29.790000000502914,800.2605000001495,2854.8165074447024
1746378693,333,,Aggregated,259.800000,0.000000,42,47,50,51,55,59,63,66,78,80,80,128818,2,55,78.58399062242503,27.31879999919329,803.4483999999793,2901.983107950752
1746378694,333,GET,GET /pastes/:slug,235.100000,0.000000,42,47,50,51,55,58,63,65,78,80,80,117404,2,55,78.17239829647636,27.31879999919329,803.4483999999793,2906.9464328302274
1746378694,333,POST,POST /pastes,22.500000,0.000000,46,50,53,54,59,61,64,67,69,69,69,11647,0,58,82.03190485103117,29.790000000502914,800.2605000001495,2854.059586159526
1746378694,333,,Aggregated,257.600000,0.000000,43,47,50,52,55,59,63,65,78,80,80,129051,2,55,78.52072316680653,27.31879999919329,803.4483999999793,2902.173334573153
1746378695,333,GET,GET /pastes/:slug,234.900000,0.000000,43,47,50,52,55,59,63,66,80,82,82,117647,2,55,78.10042147780653,27.31879999919329,803.4483999999793,2907.1797410898707
1746378695,333,POST,POST /pastes,22.400000,0.000000,47,50,53,54,59,62,66,67,75,75,75,11669,0,58,81.96644397120268,29.790000000502914,800.2605000001495,2854.9580083983205
1746378695,333,,Aggregated,257.400000,0.000000,43,48,50,52,55,59,63,66,80,82,82,129316,2,55,78.44927712193036,27.31879999919329,803.4483999999793,2902.467444090445
1746378696,333,GET,GET /pastes/:slug,234.900000,0.000000,43,48,51,52,56,59,63,66,80,82,82,117876,2,55,78.03201457039171,27.31879999919329,803.4483999999793,2907.265465404323
1746378696,333,POST,POST /pastes,22.000000,0.000000,47,51,54,54,59,62,66,67,75,75,75,11697,0,58,81.8811829614403,29.790000000502914,800.2605000001495,2855.1302043258956
1746378696,333,,Aggregated,256.900000,0.000000,43,48,51,52,56,59,63,66,80,82,82,129573,2,55,78.37949222908735,27.31879999919329,803.4483999999793,2902.5590362189655
1746378697,333,GET,GET /pastes/:slug,232.100000,0.000000,43,48,51,52,56,60,64,67,83,89,89,118109,2,54,77.96820931257996,27.31879999919329,803.4483999999793,2907.2211177810327
1746378697,333,POST,POST /pastes,22.600000,0.000000,48,52,54,56,59,62,67,69,75,75,75,11718,0,58,81.82204377879944,29.790000000502914,800.2605000001495,2855.78955453149
1746378697,333,,Aggregated,254.700000,0.000000,44,49,51,53,57,60,64,68,83,89,89,129827,2,55,78.31605091929687,27.31879999919329,803.4483999999793,2902.578978178653
1746378698,333,GET,GET /pastes/:slug,233.100000,0.000000,43,48,51,52,56,59,63,67,83,89,89,118352,2,54,77.89850662092317,27.31879999919329,803.4483999999793,2907.277975868595
1746378698,333,POST,POST /pastes,22.800000,0.000000,47,51,54,55,59,62,66,69,75,75,75,11736,0,58,81.76784981254018,29.790000000502914,800.2605000001495,2855.0320381731426
1746378698,333,,Aggregated,255.900000,0.000000,43,48,51,53,56,60,63,67,83,89,89,130088,2,55,78.24758272092392,27.31879999919329,803.4483999999793,2902.5645639874547
1746378699,333,GET,GET /pastes/:slug,230.300000,0.000000,43,48,51,52,56,59,63,67,83,89,89,118584,2,54,77.83324548758279,27.31879999919329,803.4483999999793,2907.3736760439856
1746378699,333,POST,POST /pastes,22.500000,0.000000,47,52,54,56,60,63,69,72,75,75,75,11752,0,58,81.72097744213522,29.790000000502914,800.2605000001495,2854.534972770592
1746378699,333,,Aggregated,252.800000,0.000000,43,48,51,53,56,60,64,68,83,89,89,130336,2,55,78.18379043241754,27.31879999919329,803.4483999999793,2902.6093711637614
1746378700,333,GET,GET /pastes/:slug,232.100000,0.000000,43,48,51,52,56,59,63,67,83,89,89,118827,2,54,77.76596481691472,27.31879999919329,803.4483999999793,2907.082077305663
1746378700,333,POST,POST /pastes,22.300000,0.000000,46,51,54,55,58,63,67,69,75,75,75,11785,0,57,81.62089151463502,29.790000000502914,800.2605000001495,2854.308358082308
1746378700,333,,Aggregated,254.400000,0.000000,43,49,51,53,57,60,63,67,83,89,89,130612,2,55,78.11379128869918,27.31879999919329,803.4483999999793,2902.3203534131626
1746378701,333,GET,GET /pastes/:slug,232.500000,0.000000,43,48,51,53,56,60,64,69,83,89,89,119064,2,54,77.70207222417802,27.31879999919329,803.4483999999793,2906.944164482967
1746378701,333,POST,POST /pastes,21.700000,0.000000,46,51,54,55,58,63,67,69,75,75,75,11798,0,57,81.58597613154554,29.790000000502914,800.2605000001495,2854.1442617392777
1746378701,333,,Aggregated,254.200000,0.000000,44,49,51,53,57,60,64,69,83,89,89,130862,2,55,78.0522296289189,27.31879999919329,803.4483999999793,2902.1839342207822
1746378702,333,GET,GET /pastes/:slug,231.700000,0.000000,43,48,51,52,56,59,63,67,83,89,89,119300,2,54,77.63514980049888,27.31879999919329,803.4483999999793,2906.839044425817
1746378702,333,POST,POST /pastes,22.000000,0.000000,46,51,54,55,59,64,68,69,75,75,75,11822,0,57,81.51947035188438,29.790000000502914,800.2605000001495,2854.7039418034174
1746378702,333,,Aggregated,253.700000,0.000000,43,49,51,53,56,60,64,68,83,89,89,131122,2,55,77.98536134058033,27.31879999919329,803.4483999999793,2902.1385274782265
1746378703,333,GET,GET /pastes/:slug,231.600000,0.000000,43,48,51,52,56,59,63,67,83,89,89,119541,2,54,77.56667491153246,27.31879999919329,803.4483999999793,2907.225612969609
1746378703,333,POST,POST /pastes,22.700000,0.000000,46,51,54,55,59,64,69,72,75,75,75,11842,0,57,81.46257879580943,29.790000000502914,800.2605000001495,2855.464533018071
1746378703,333,,Aggregated,254.300000,0.000000,43,48,51,52,56,59,64,68,83,89,89,131383,2,55,77.91782607871303,27.31879999919329,803.4483999999793,2902.560209463934
1746378704,333,GET,GET /pastes/:slug,234.400000,0.000000,43,48,51,52,56,59,64,71,89,95,95,119777,2,54,77.50337062457326,27.31879999919329,803.4483999999793,2906.9308464897267
1746378704,333,POST,POST /pastes,22.500000,0.000000,47,52,54,56,60,64,69,72,84,84,84,11866,0,57,81.40824734535452,29.790000000502914,800.2605000001495,2855.336676217765
1746378704,333,,Aggregated,256.900000,0.000000,44,49,51,53,57,60,65,71,89,95,95,131643,2,55,77.85534731280482,27.31879999919329,803.4483999999793,2902.280265566722
1746378705,333,GET,GET /pastes/:slug,234.200000,0.000000,44,49,51,53,56,59,64,71,89,95,95,120000,2,54,77.44073844832923,27.31879999919329,803.4483999999793,2906.9447333333333
1746378705,333,POST,POST /pastes,22.100000,0.000000,47,53,55,56,60,65,72,75,84,84,84,11890,0,57,81.339083338938,29.790000000502914,800.2605000001495,2855.1336417157277
1746378705,333,,Aggregated,256.200000,0.000000,44,49,51,53,57,60,65,71,89,95,95,131890,2,55,77.79217768367243,27.31879999919329,803.4483999999793,2902.273917658655
1746378706,333,GET,GET /pastes/:slug,234.700000,0.000000,43,48,51,52,56,59,64,68,80,95,95,120229,2,54,77.37422294953375,27.31879999919329,803.4483999999793,2906.7296991574412
1746378706,333,POST,POST /pastes,21.900000,0.000000,47,53,55,56,60,64,69,73,84,84,84,11913,0,57,81.27217506924951,29.790000000502914,800.2605000001495,2854.6388818937294
1746378706,333,,Aggregated,256.600000,0.000000,44,49,51,53,56,59,64,70,84,95,95,132142,2,54,77.72563509406201,27.31879999919329,803.4483999999793,2902.0335548122475
1746378707,333,GET,GET /pastes/:slug,235.300000,0.000000,43,48,51,52,56,59,64,71,80,95,95,120469,2,54,77.30780792651647,27.31879999919329,803.4483999999793,2906.835053001187
1746378707,333,POST,POST /pastes,22.100000,0.000000,47,52,54,56,59,64,69,73,84,84,84,11936,0,57,81.20684354892535,29.790000000502914,800.2605000001495,2854.26365616622
1746378707,333,,Aggregated,257.400000,0.000000,44,49,51,53,56,59,65,71,84,95,95,132405,2,54,77.65929683697416,27.31879999919329,803.4483999999793,2902.0958649597824
1746378708,333,GET,GET /pastes/:slug,233.300000,0.000000,43,48,50,52,56,59,64,70,80,95,95,120703,2,54,77.23914945361378,27.31879999919329,803.4483999999793,2906.768315617673
1746378708,333,POST,POST /pastes,21.600000,0.000000,47,52,54,55,59,64,68,73,84,84,84,11960,0,57,81.13164700668673,29.790000000502914,800.2605000001495,2854.1928093645483
1746378708,333,,Aggregated,254.900000,0.000000,43,48,51,52,56,59,64,70,84,95,95,132663,2,54,77.5900707408968,27.31879999919329,803.4483999999793,2902.0284630982264
1746378709,333,GET,GET /pastes/:slug,235.300000,0.000000,43,48,50,52,55,58,64,68,80,95,95,120936,2,54,77.17203652675424,27.31879999919329,803.4483999999793,2906.506896209565
1746378709,333,POST,POST /pastes,21.800000,0.000000,47,52,54,55,59,64,68,73,84,84,84,11983,0,57,81.05973245430802,29.790000000502914,800.2605000001495,2853.97930401402
1746378709,333,,Aggregated,257.100000,0.000000,43,48,51,52,55,59,64,70,84,95,95,132919,2,54,77.5225226145216,27.31879999919329,803.4483999999793,2901.7713946087465
1746378710,333,GET,GET /pastes/:slug,234.400000,0.000000,42,48,50,51,55,58,62,65,80,95,95,121159,2,54,77.11044154705458,27.31879999919329,803.4483999999793,2906.5623024290394
1746378710,333,POST,POST /pastes,21.700000,0.000000,47,51,54,55,59,64,69,75,84,84,84,12010,0,57,80.98920670274599,29.790000000502914,800.2605000001495,2853.609825145712
1746378710,333,,Aggregated,256.100000,0.000000,43,48,51,52,55,58,63,67,84,95,95,133169,2,54,77.4602524604047,27.31879999919329,803.4483999999793,2901.7867221350316
1746378711,333,GET,GET /pastes/:slug,234.400000,0.000000,42,48,50,51,55,58,62,65,80,95,95,121406,2,54,77.04146889774445,27.31879999919329,803.4483999999793,2906.3507157801096
1746378711,333,POST,POST /pastes,22.800000,0.000000,46,51,54,55,58,63,67,75,84,84,84,12040,0,57,80.90572045680848,29.790000000502914,800.2605000001495,2852.6785714285716
1746378711,333,,Aggregated,257.200000,0.000000,42,48,50,52,55,58,63,66,84,95,95,133446,2,54,77.39011620655258,27.31879999919329,803.4483999999793,2901.5082130599644
1746378712,333,GET,GET /pastes/:slug,235.500000,0.000000,42,48,50,52,55,58,62,65,80,95,95,121642,2,54,76.97935592804765,27.31879999919329,803.4483999999793,2906.407482612913
1746378712,333,POST,POST /pastes,22.800000,0.000000,48,52,54,55,59,63,67,75,84,84,84,12063,0,57,80.84632409848042,29.790000000502914,800.2605000001495,2853.724197960706
1746378712,333,,Aggregated,258.300000,0.000000,43,48,51,52,56,59,63,66,84,95,95,133705,2,54,77.32823769791425,27.31879999919329,803.4483999999793,2901.6543435174453
1746378713,333,GET,GET /pastes/:slug,233.300000,0.000000,42,47,50,51,55,58,61,64,80,95,95,121871,2,54,76.91366299693603,27.31879999919329,803.4483999999793,2906.2602095658526
1746378713,333,POST,POST /pastes,23.600000,0.000000,46,51,53,55,58,61,67,75,84,84,84,12083,0,57,80.78977239923631,29.790000000502914,800.2605000001495,2854.3375817263923
1746378713,333,,Aggregated,256.900000,0.000000,42,48,50,52,55,58,62,65,84,95,95,133954,2,54,77.26329816951824,27.31879999919329,803.4483999999793,2901.5766531794497
1746378714,333,GET,GET /pastes/:slug,232.700000,0.000000,42,47,50,51,54,57,60,63,72,78,78,122105,2,54,76.85053096924453,27.31879999919329,803.4483999999793,2906.4034806109494
1746378714,333,POST,POST /pastes,24.000000,0.000000,47,51,53,55,57,60,63,66,78,78,78,12111,0,57,80.71340768722428,29.790000000502914,800.2605000001495,2854.111386342994
1746378714,333,,Aggregated,256.700000,0.000000,42,48,50,52,55,58,61,63,75,78,78,134216,2,54,77.19909820363935,27.31879999919329,803.4483999999793,2901.6848959885556
1746378715,333,GET,GET /pastes/:slug,233.100000,0.000000,42,47,50,51,54,57,60,63,72,78,78,122340,2,54,76.78443779384965,27.31879999919329,803.4483999999793,2906.5338401177046
1746378715,333,POST,POST /pastes,24.300000,0.000000,46,51,53,55,57,60,63,64,78,78,78,12134,0,57,80.64195552991364,29.790000000502914,800.2605000001495,2853.456980385693
1746378715,333,,Aggregated,257.400000,0.000000,42,48,50,52,55,58,61,63,75,78,78,134474,2,54,77.13251340853712,27.31879999919329,803.4483999999793,2901.744552850365
1746378716,333,GET,GET /pastes/:slug,230.200000,0.000000,42,47,50,51,54,57,60,62,67,78,78,122570,2,54,76.72140452965294,27.31879999919329,803.4483999999793,2906.2934731174023
1746378716,333,POST,POST /pastes,24.000000,0.000000,46,51,53,55,56,60,62,64,78,78,78,12149,0,57,80.59994334512871,29.790000000502914,800.2605000001495,2853.814223392872
1746378716,333,,Aggregated,254.200000,0.000000,42,48,50,51,55,58,61,63,71,78,78,134719,2,54,77.07117232832495,27.31879999919329,803.4483999999793,2901.5608785694667
1746378717,333,GET,GET /pastes/:slug,233.000000,0.000000,42,47,50,51,55,58,61,63,71,78,78,122801,2,54,76.66003637103584,27.31879999919329,803.4483999999793,2906.5828209867996
1746378717,333,POST,POST /pastes,24.300000,0.000000,47,51,54,55,59,61,66,72,78,78,78,12176,0,57,80.53174353646253,29.790000000502914,800.2605000001495,2853.9489980289095
1746378717,333,,Aggregated,257.300000,0.000000,42,48,50,52,55,58,61,64,74,78,78,134977,2,54,77.00929518139846,27.31879999919329,803.4483999999793,2901.834831119376
1746378718,333,GET,GET /pastes/:slug,234.000000,0.000000,42,47,50,51,55,58,61,64,73,78,78,123028,2,54,76.5990249195271,27.31879999919329,803.4483999999793,2906.5597831387977
1746378718,333,POST,POST /pastes,23.900000,0.000000,47,51,54,55,59,62,66,72,78,78,78,12195,0,57,80.47660461664371,29.790000000502914,800.2605000001495,2854.262238622386
1746378718,333,,Aggregated,257.900000,0.000000,42,48,50,52,55,58,62,65,74,78,78,135223,2,54,76.94872197111164,27.31879999919329,803.4483999999793,2901.843362445738
1746378719,333,GET,GET /pastes/:slug,232.300000,0.000000,42,48,50,51,55,58,62,65,74,78,78,123278,2,54,76.53260910867748,27.31879999919329,803.4483999999793,2906.7398887068252
1746378719,333,POST,POST /pastes,24.200000,0.000000,47,51,54,55,58,61,64,72,74,74,74,12223,0,57,80.40136716026915,29.790000000502914,800.2605000001495,2853.9932913360058
1746378719,333,,Aggregated,256.500000,0.000000,42,48,50,52,55,58,62,65,74,78,78,135501,2,54,76.88159420594383,27.31879999919329,803.4483999999793,2901.9818303923958
1746378720,333,GET,GET /pastes/:slug,233.000000,0.000000,42,48,51,52,55,59,65,73,93,100,100,123502,2,54,76.48223998477398,27.31879999919329,803.4483999999793,2906.726239251186
1746378720,333,POST,POST /pastes,23.800000,0.000000,47,52,55,56,59,62,72,74,96,96,96,12251,0,57,80.33424469022687,29.790000000502914,800.2605000001495,2852.6099093951516
1746378720,333,,Aggregated,256.800000,0.000000,43,48,51,52,56,60,65,73,96,100,100,135753,2,54,76.82986331277843,27.31879999919329,803.4483999999793,2901.8425228171754
1746378721,333,GET,GET /pastes/:slug,234.600000,0.000000,43,48,51,52,56,62,73,81,95,100,100,123732,2,54,76.43461579784986,27.31879999919329,803.4483999999793,2906.709113244755
1746378721,333,POST,POST /pastes,24.300000,0.000000,47,52,55,56,60,66,74,86,96,96,96,12274,0,57,80.2838575525478,29.790000000502914,800.2605000001495,2852.3113899299333
1746378721,333,,Aggregated,258.900000,0.000000,43,49,51,53,57,62,73,81,96,100,100,136006,2,54,76.78199454067921,27.31879999919329,803.4483999999793,2901.7999352969723
1746378722,333,GET,GET /pastes/:slug,231.400000,0.000000,43,49,51,53,57,63,73,81,95,100,100,123975,2,54,76.3739287711195,27.31879999919329,803.4483999999793,2906.7229280096794
1746378722,333,POST,POST /pastes,23.800000,0.000000,47,52,55,56,60,67,74,86,96,96,96,12299,0,57,80.22002246523887,29.790000000502914,800.2605000001495,2852.4475973656395
1746378722,333,,Aggregated,255.200000,0.000000,44,49,52,53,57,63,73,81,96,100,100,136274,2,54,76.72104638962392,27.31879999919329,803.4483999999793,2901.824471285792
1746378723,333,GET,GET /pastes/:slug,233.000000,0.000000,44,49,52,53,58,64,74,82,95,100,100,124201,2,54,76.32283377750201,27.31879999919329,803.4483999999793,2906.8955805508813
1746378723,333,POST,POST /pastes,23.200000,0.000000,47,52,55,57,61,72,76,86,96,96,96,12318,0,57,80.1738718866676,29.790000000502914,800.2605000001495,2852.252557233317
1746378723,333,,Aggregated,256.200000,0.000000,44,50,52,54,58,65,74,82,96,100,100,136519,2,54,76.67030986089556,27.31879999919329,803.4483999999793,2901.9651843333163
1746378724,333,GET,GET /pastes/:slug,231.200000,0.000000,44,50,52,54,59,65,74,82,95,100,100,124428,2,54,76.26816347927742,27.31879999919329,803.4483999999793,2906.7399218825344
1746378724,333,POST,POST /pastes,23.300000,0.000000,48,53,56,58,64,72,76,86,96,96,96,12345,0,57,80.11244657755981,29.790000000502914,800.2605000001495,2852.1085459700284
1746378724,333,,Aggregated,254.500000,0.000000,45,50,52,54,59,66,74,84,96,100,100,136773,2,54,76.61514479027011,27.31879999919329,803.4483999999793,2901.808946210144
1746378725,333,GET,GET /pastes/:slug,231.600000,0.000000,44,50,52,54,59,65,74,82,95,100,100,124667,2,54,76.20830161630218,27.31879999919329,803.4483999999793,2906.6595811241145
1746378725,333,POST,POST /pastes,23.100000,0.000000,48,53,56,58,64,72,76,86,96,96,96,12364,0,57,80.05913192332375,29.790000000502914,800.2605000001495,2852.0331607893886
1746378725,333,,Aggregated,254.700000,0.000000,45,50,53,54,60,66,74,84,96,100,100,137031,2,54,76.55575340397156,27.31879999919329,803.4483999999793,2901.7307616524727
1746378726,333,GET,GET /pastes/:slug,233.400000,0.000000,45,50,52,54,59,65,74,82,95,100,100,124903,2,54,76.15100805184446,27.31879999919329,803.4483999999793,2906.5761991305253
1746378726,333,POST,POST /pastes,23.400000,0.000000,47,53,55,57,62,72,76,86,96,96,96,12385,0,57,80.00459569640503,29.790000000502914,800.2605000001495,2851.6994751715783
1746378726,333,,Aggregated,256.800000,0.000000,45,50,53,54,59,66,74,82,96,100,100,137288,2,54,76.49864719713024,27.31879999919329,803.4483999999793,2901.6256701241186
1746378727,533,GET,GET /pastes/:slug,230.700000,0.000000,46,51,54,56,63,75,100,250,290,290,290,125166,2,54,76.16168156288062,27.31879999919329,803.4483999999793,2906.763330297365
1746378727,533,POST,POST /pastes,22.400000,0.000000,48,54,57,58,66,74,91,120,260,260,260,12399,0,57,80.01227094120327,29.790000000502914,800.2605000001495,2851.787402209856
1746378727,533,,Aggregated,253.100000,0.000000,46,51,54,56,63,74,96,240,290,290,290,137565,2,54,76.50874264456515,27.31879999919329,803.4483999999793,2901.8082433758586
1746378728,733,GET,GET /pastes/:slug,232.100000,0.000000,49,54,59,63,110,300,360,380,410,420,420,125594,2,54,76.45518412742274,27.31879999919329,803.4483999999793,2906.847532525439
1746378728,733,POST,POST /pastes,23.100000,0.000000,52,58,63,71,120,310,370,400,410,410,410,12447,0,57,80.34691603599127,29.790000000502914,800.2605000001495,2851.5339439222303
1746378728,733,,Aggregated,255.200000,0.000000,49,54,59,64,110,300,370,380,410,420,420,138041,2,54,76.80609716822991,27.31879999919329,803.4483999999793,2901.8599691396034
1746378729,933,GET,GET /pastes/:slug,232.700000,0.000000,53,63,82,97,300,370,420,450,470,480,480,126166,2,54,76.90552511928375,27.31879999919329,803.4483999999793,2906.768368657166
1746378729,933,POST,POST /pastes,22.300000,0.000000,57,71,86,100,330,400,430,460,460,460,460,12509,0,57,80.89051957790294,29.790000000502914,800.2605000001495,2852.15796626429
1746378729,933,,Aggregated,255.000000,0.000000,53,63,82,97,300,380,420,450,470,480,480,138675,2,54,77.26498641860212,27.31879999919329,803.4483999999793,2901.8423075536325
1746378730,1000,GET,GET /pastes/:slug,250.400000,0.000000,58,80,110,150,370,440,540,560,610,610,610,126941,2,54,77.58356338298547,27.31879999919329,803.4483999999793,2906.384989877187
1746378730,1000,POST,POST /pastes,24.300000,0.000000,66,86,100,130,370,410,440,460,600,600,600,12586,0,57,81.25399299221283,29.790000000502914,800.2605000001495,2852.091371365009
1746378730,1000,,Aggregated,274.700000,0.000000,59,80,110,150,370,440,540,560,610,610,610,139527,2,54,77.9146536168602,27.31879999919329,803.4483999999793,2901.487446874082
1746378731,1000,GET,GET /pastes/:slug,278.400000,0.000000,60,76,96,120,350,430,540,560,610,610,610,127568,2,54,77.49844988241246,27.31879999919329,803.4483999999793,2906.409318951461
1746378731,1000,POST,POST /pastes,27.600000,0.000000,66,78,94,110,340,410,430,460,600,600,600,12654,0,57,81.1515807886826,29.790000000502914,800.2605000001495,2852.302117907381
1746378731,1000,,Aggregated,306.000000,0.000000,60,77,95,120,350,430,530,550,610,610,610,140222,2,54,77.82811796936062,27.31879999919329,803.4483999999793,2901.5265436236823
1746378732,1000,GET,GET /pastes/:slug,322.900000,0.000000,65,81,98,120,320,420,530,550,610,610,610,128291,2,54,77.5113410932925,27.31879999919329,803.4483999999793,2905.912433452074
1746378732,1000,POST,POST /pastes,31.200000,0.000000,71,86,97,110,310,410,430,460,600,600,600,12727,0,57,81.18095489903422,29.790000000502914,800.2605000001495,2851.5028679185984
1746378732,1000,,Aggregated,354.100000,0.000000,66,82,98,120,320,410,530,550,610,610,610,141018,2,54,77.84252700506102,27.31879999919329,803.4483999999793,2901.001921740487
1746378733,1000,GET,GET /pastes/:slug,364.100000,0.000000,63,77,91,110,300,410,530,540,610,610,610,128988,2,54,77.3984976757497,27.31879999919329,803.4483999999793,2906.14100536484
1746378733,1000,POST,POST /pastes,37.000000,0.000000,69,83,94,100,290,400,430,460,600,600,600,12803,0,57,81.06043052409638,29.790000000502914,800.2605000001495,2851.9378270717802
1746378733,1000,,Aggregated,401.100000,0.000000,64,77,91,110,300,410,530,540,610,610,610,141791,2,54,77.7291514285089,27.31879999919329,803.4483999999793,2901.246736393706
1746378734,1000,GET,GET /pastes/:slug,405.900000,0.000000,63,76,88,100,270,400,520,540,610,610,610,129696,2,54,77.30764451254899,27.31879999919329,803.4483999999793,2906.323063163089
1746378734,1000,POST,POST /pastes,40.800000,0.000000,68,79,90,99,260,390,430,460,600,600,600,12862,0,57,80.96613438812098,29.790000000502914,800.2605000001495,2853.3953506453117
1746378734,1000,,Aggregated,446.700000,0.000000,63,76,89,100,270,400,470,540,610,610,610,142558,2,54,77.6377241768239,27.31879999919329,803.4483999999793,2901.5477700304436
1746378735,1000,GET,GET /pastes/:slug,457.200000,0.000000,61,73,85,97,220,390,470,540,610,610,610,130389,2,54,77.17142537176868,27.31879999919329,803.4483999999793,2906.09456319168
1746378735,1000,POST,POST /pastes,46.900000,0.000000,67,76,87,96,180,380,420,460,600,600,600,12930,0,57,80.82432287703114,29.790000000502914,800.2605000001495,2853.79528228925
1746378735,1000,,Aggregated,504.100000,0.000000,62,73,85,97,220,390,460,540,610,610,610,143319,2,54,77.50098366301502,27.31879999919329,803.4483999999793,2901.3762097139947
1746378736,1000,GET,GET /pastes/:slug,507.300000,0.000000,61,72,83,93,180,380,460,540,610,610,610,131107,2,54,77.0674934961485,27.31879999919329,803.4483999999793,2906.0496540993236
1746378736,1000,POST,POST /pastes,50.700000,0.000000,67,76,86,94,160,370,420,440,600,600,600,12998,0,57,80.72667575780996,29.790000000502914,800.2605000001495,2853.42114171411
1746378736,1000,,Aggregated,558.000000,0.000000,62,73,83,93,170,370,460,540,610,610,610,144105,2,54,77.39754485479097,27.31879999919329,803.4483999999793,2901.3026612539466
1746378737,1000,GET,GET /pastes/:slug,554.800000,0.000000,61,70,79,87,130,340,460,540,610,610,610,131759,2,54,77.02665151829876,27.31879999919329,803.4483999999793,2906.008492778482
1746378737,1000,POST,POST /pastes,54.800000,0.000000,66,75,84,90,120,270,420,440,600,600,600,13056,0,57,80.68929465379986,29.790000000502914,800.2605000001495,2852.826593137255
1746378737,1000,,Aggregated,609.600000,0.000000,61,71,80,88,130,340,450,540,610,610,610,144815,2,54,77.35686226150352,27.31879999919329,803.4483999999793,2901.2138038186654
1746378738,1000,GET,GET /pastes/:slug,600.700000,0.000000,62,73,85,95,130,160,440,540,610,610,610,132461,2,54,77.1989585583646,27.31879999919329,803.4483999999793,2906.087520100256
1746378738,1000,POST,POST /pastes,58.400000,0.000000,67,79,89,97,130,150,200,410,600,600,600,13140,0,57,80.89791963470417,29.790000000502914,800.2605000001495,2852.6564687975647
1746378738,1000,,Aggregated,659.100000,0.000000,63,74,85,95,130,160,430,540,610,610,610,145601,2,54,77.53277734081242,27.31879999919329,803.4483999999793,2901.265547626733
1746378739,1000,GET,GET /pastes/:slug,638.200000,0.000000,61,70,78,85,110,130,160,180,250,280,280,133112,2,54,77.1392640393017,27.31879999919329,803.4483999999793,2906.11279223511
1746378739,1000,POST,POST /pastes,62.600000,0.000000,66,75,85,90,110,130,160,170,270,270,270,13205,0,57,80.8413960923899,29.790000000502914,800.2605000001495,2852.4298371828854
1746378739,1000,,Aggregated,700.800000,0.000000,61,70,79,86,110,130,160,180,250,280,280,146317,2,54,77.47337869283555,27.31879999919329,803.4483999999793,2901.26794562491
1746378740,1000,GET,GET /pastes/:slug,664.400000,0.000000,60,69,77,85,110,120,150,160,180,230,230,133828,2,54,77.07552038212874,27.31879999919329,803.4483999999793,2906.3448904564066
1746378740,1000,POST,POST /pastes,66.600000,0.000000,66,76,85,90,110,130,150,160,180,180,180,13279,0,57,80.77808332705814,29.790000000502914,800.2605000001495,2852.748023194518
1746378740,1000,,Aggregated,731.000000,0.000000,61,70,78,85,110,130,150,160,180,230,230,147107,2,54,77.40974195789198,27.31879999919329,803.4483999999793,2901.5068283630285
1746378741,1000,GET,GET /pastes/:slug,685.100000,0.000000,59,67,74,81,100,120,140,150,180,230,230,134523,2,54,76.97563101105058,27.31879999919329,803.4483999999793,2906.094452249801
1746378741,1000,POST,POST /pastes,68.400000,0.000000,64,72,81,87,110,130,140,160,170,170,170,13344,0,57,80.67602367356167,29.790000000502914,800.2605000001495,2852.5970473621105
1746378741,1000,,Aggregated,753.500000,0.000000,59,67,75,81,100,120,140,150,180,230,230,147867,2,54,77.30956650503252,27.31879999919329,803.4483999999793,2901.266672076934
1746378742,1000,GET,GET /pastes/:slug,685.000000,0.000000,59,66,74,80,100,120,140,150,180,230,230,135218,2,54,76.90828283734079,27.31879999919329,803.4483999999793,2906.217678119777
1746378742,1000,POST,POST /pastes,69.700000,0.000000,63,71,80,86,110,130,140,160,170,170,170,13402,0,57,80.59158583047312,29.790000000502914,800.2605000001495,2852.4867930159676
1746378742,1000,,Aggregated,754.700000,0.000000,59,67,74,81,100,120,140,150,180,230,230,148620,2,54,77.24042943076047,27.31879999919329,803.4483999999793,2901.372426322164
1746378743,1000,GET,GET /pastes/:slug,691.500000,0.000000,60,69,76,83,100,120,140,150,180,230,230,135881,2,54,76.84536523722605,27.31879999919329,803.4483999999793,2905.8258696948064
1746378743,1000,POST,POST /pastes,68.200000,0.000000,64,73,81,88,110,130,140,160,170,170,170,13489,0,57,80.51694176736545,29.790000000502914,800.2605000001495,2852.3522129142266
1746378743,1000,,Aggregated,759.700000,0.000000,60,69,77,83,100,120,140,150,180,230,230,149370,2,55,77.17693044988675,27.31879999919329,803.4483999999793,2900.9968802303006
1746378744,1000,GET,GET /pastes/:slug,697.500000,0.000000,61,69,76,83,100,120,140,150,180,230,230,136592,2,54,76.76176427169607,27.31879999919329,803.4483999999793,2905.8386874780367
1746378744,1000,POST,POST /pastes,67.400000,0.000000,64,73,82,88,110,130,140,160,170,170,170,13573,0,57,80.41167811095539,29.790000000502914,800.2605000001495,2851.7500920945995
1746378744,1000,,Aggregated,764.900000,0.000000,61,70,77,83,100,120,140,150,180,230,230,150165,2,55,77.09166991242695,27.31879999919329,803.4483999999793,2900.949768587887
1746378745,1000,GET,GET /pastes/:slug,690.400000,0.000000,61,70,78,84,110,120,140,160,180,230,230,137272,2,54,76.68479207412665,27.31879999919329,803.4483999999793,2905.6369325135497
1746378745,1000,POST,POST /pastes,67.400000,0.000000,64,74,83,89,110,130,140,160,170,170,170,13644,0,57,80.32237722075632,29.790000000502914,800.2605000001495,2851.599824098505
1746378745,1000,,Aggregated,757.800000,0.000000,61,70,78,85,110,120,140,160,180,230,230,150916,2,55,77.0136585411726,27.31879999919329,803.4483999999793,2900.7515505314213
1746378746,1000,GET,GET /pastes/:slug,682.700000,0.000000,61,69,77,84,100,120,140,150,170,230,230,137964,2,54,76.60032898074506,27.31879999919329,803.4483999999793,2905.934743846221
1746378746,1000,POST,POST /pastes,69.200000,0.000000,64,74,83,89,110,130,140,160,160,160,160,13718,0,57,80.24961974777725,29.790000000502914,800.2605000001495,2851.4112844437964
1746378746,1000,,Aggregated,751.900000,0.000000,61,70,78,84,100,120,140,150,170,230,230,151682,2,55,76.93036794873225,27.31879999919329,803.4483999999793,2901.003685341702
1746378747,1000,GET,GET /pastes/:slug,681.900000,0.000000,60,67,74,80,100,120,160,170,230,240,240,138628,2,54,76.66907801814531,27.31879999919329,803.4483999999793,2906.4605202412213
1746378747,1000,POST,POST /pastes,71.000000,0.000000,63,72,80,86,110,130,160,180,240,240,240,13784,0,57,80.32562272925225,29.790000000502914,800.2605000001495,2850.642919326756
1746378747,1000,,Aggregated,752.900000,0.000000,60,68,75,81,100,120,160,170,230,240,240,152412,2,55,76.99977253234354,27.31879999919329,803.4483999999793,2901.4124281552636
1746378748,1000,GET,GET /pastes/:slug,682.400000,0.000000,58,65,70,75,93,110,150,170,230,240,240,139343,2,54,76.55588303323063,27.31879999919329,803.4483999999793,2906.185700035165
1746378748,1000,POST,POST /pastes,72.200000,0.000000,62,69,74,80,97,110,160,180,240,240,240,13859,0,58,80.21693944007642,29.790000000502914,800.2605000001495,2850.1293744137383
1746378748,1000,,Aggregated,754.600000,0.000000,58,65,71,75,94,110,150,170,230,240,240,153202,2,55,76.88707048993847,27.31879999919329,803.4483999999793,2901.114717823527
1746378749,1000,GET,GET /pastes/:slug,680.100000,0.000000,57,64,69,73,92,110,150,170,230,240,240,140046,2,54,76.4900996893841,27.31879999919329,803.4483999999793,2905.932407923111
1746378749,1000,POST,POST /pastes,72.000000,0.000000,60,67,72,76,95,110,160,180,240,240,240,13932,0,57,80.13375486649585,29.790000000502914,800.2605000001495,2849.2104507608383
1746378749,1000,,Aggregated,752.100000,0.000000,57,64,69,74,92,110,150,170,230,240,240,153978,2,55,76.81977927950474,27.31879999919329,803.4483999999793,2900.800179246386
1746378750,1000,GET,GET /pastes/:slug,690.400000,0.000000,57,63,68,72,92,110,150,170,230,240,240,140740,2,54,76.39900017052358,27.31879999919329,803.4483999999793,2906.1273554071336
1746378750,1000,POST,POST /pastes,73.000000,0.000000,60,67,72,75,93,110,160,180,240,240,240,14010,0,58,80.04143281227869,29.790000000502914,800.2605000001495,2849.8839400428265
1746378750,1000,,Aggregated,763.400000,0.000000,57,64,69,73,92,110,150,170,230,240,240,154750,2,55,76.72876095444,27.31879999919329,803.4483999999793,2901.03546365105
1746378751,1000,GET,GET /pastes/:slug,684.900000,0.000000,57,63,67,71,90,110,150,170,230,240,240,141453,2,54,76.29873547609094,27.31879999919329,803.4483999999793,2905.9134694916334
1746378751,1000,POST,POST /pastes,71.600000,0.000000,61,67,72,75,93,110,150,170,240,240,240,14072,0,58,79.96007906481128,29.790000000502914,800.2605000001495,2850.3892836839113
1746378751,1000,,Aggregated,756.500000,0.000000,57,63,68,72,90,110,150,170,230,240,240,155525,2,55,76.63001615109853,27.31879999919329,803.4483999999793,2900.889606172641
1746378752,1000,GET,GET /pastes/:slug,690.900000,0.000000,56,62,67,71,92,120,150,170,230,240,240,142144,2,54,76.23887711053253,27.31879999919329,803.4483999999793,2905.564680886988
1746378752,1000,POST,POST /pastes,72.700000,0.000000,61,67,72,75,97,120,160,180,240,240,240,14131,0,58,79.90455125610568,29.790000000502914,800.2605000001495,2851.1222135729954
1746378752,1000,,Aggregated,763.600000,0.000000,57,63,68,72,93,120,150,170,230,240,240,156275,2,55,76.57034178083276,27.31879999919329,803.4483999999793,2900.6417789153734
1746378753,1000,GET,GET /pastes/:slug,690.100000,0.000000,56,62,66,70,89,110,150,170,230,240,240,142822,2,54,76.15916359594146,27.31879999919329,803.4483999999793,2905.8458010670624
1746378753,1000,POST,POST /pastes,72.300000,0.000000,60,67,72,75,94,120,160,180,240,240,240,14208,0,58,79.81565641892163,29.790000000502914,800.2605000001495,2852.0287162162163
1746378753,1000,,Aggregated,762.400000,0.000000,57,62,67,71,90,110,150,170,230,240,240,157030,2,55,76.49000133413779,27.31879999919329,803.4483999999793,2900.9764567280135
1746378754,1000,GET,GET /pastes/:slug,687.900000,0.000000,56,62,67,71,92,110,150,170,230,240,240,143538,2,54,76.07828705011592,27.31879999919329,803.4483999999793,2905.9824506402488
1746378754,1000,POST,POST /pastes,72.800000,0.000000,60,67,72,75,94,120,160,180,240,240,240,14283,0,58,79.70830091017572,29.790000000502914,800.2605000001495,2851.195547153959
1746378754,1000,,Aggregated,760.700000,0.000000,57,63,67,71,92,120,150,170,230,240,240,157821,2,55,76.40680789311718,27.31879999919329,803.4483999999793,2901.0241666191446
1746378755,1000,GET,GET /pastes/:slug,687.800000,0.000000,57,62,67,70,90,110,140,170,230,240,240,144218,2,54,75.98120067882978,27.31879999919329,803.4483999999793,2905.7303803963446
1746378755,1000,POST,POST /pastes,72.100000,0.000000,60,66,71,74,90,110,150,180,240,240,240,14359,0,58,79.58931126819685,29.790000000502914,800.2605000001495,2850.76133435476
1746378755,1000,,Aggregated,759.900000,0.000000,57,63,67,71,90,110,140,170,230,240,240,158577,2,55,76.30791174003532,27.31879999919329,803.4483999999793,2900.7529843546035
1746378756,1000,GET,GET /pastes/:slug,691.500000,0.000000,56,62,65,68,79,98,120,150,230,240,240,144905,2,54,75.91182839377188,27.31879999919329,803.4483999999793,2905.9156964908043
1746378756,1000,POST,POST /pastes,71.400000,0.000000,60,66,70,72,84,110,130,170,240,240,240,14436,0,58,79.52668267525868,29.790000000502914,800.2605000001495,2851.1731088944307
1746378756,1000,,Aggregated,762.900000,0.000000,56,62,66,69,80,98,120,150,230,240,240,159341,2,55,76.23932750829738,27.31879999919329,803.4483999999793,2900.9561192662277
1746378757,1000,GET,GET /pastes/:slug,691.200000,0.000000,57,63,67,70,83,97,110,130,150,150,150,145580,2,54,75.90090923615539,27.31879999919329,803.4483999999793,2905.657446077758
1746378757,1000,POST,POST /pastes,71.000000,0.000000,61,67,71,74,87,100,120,130,140,140,140,14494,0,58,79.536587981236,29.790000000502914,800.2605000001495,2851.9287981233615
1746378757,1000,,Aggregated,762.200000,0.000000,57,63,68,71,83,98,110,130,150,150,150,160074,2,55,76.2301040318828,27.31879999919329,803.4483999999793,2900.79255219461
1746378758,1000,GET,GET /pastes/:slug,692.000000,0.000000,58,63,68,71,83,97,110,130,150,150,150,146270,2,54,75.81366601900265,27.31879999919329,803.4483999999793,2905.550153825118
1746378758,1000,POST,POST /pastes,71.300000,0.000000,62,67,72,75,86,100,120,130,140,140,140,14576,0,58,79.44178007684076,29.790000000502914,800.2605000001495,2852.0270307354554
1746378758,1000,,Aggregated,763.300000,0.000000,58,64,68,71,83,98,110,130,150,150,150,160846,2,55,76.14244877087158,27.31879999919329,803.4483999999793,2900.699843328401
1746378759,1000,GET,GET /pastes/:slug,696.500000,0.000000,58,64,68,72,85,100,130,140,160,170,170,146922,2,55,75.81915386939694,27.31879999919329,803.4483999999793,2905.4081213160725
1746378759,1000,POST,POST /pastes,72.500000,0.000000,62,67,72,75,87,100,120,140,170,170,170,14632,0,58,79.42314904319502,29.790000000502914,800.2605000001495,2852.4488108255878
1746378759,1000,,Aggregated,769.000000,0.000000,58,64,69,72,85,100,130,140,160,170,170,161554,2,55,76.14556892184427,27.31879999919329,803.4483999999793,2900.6115787909926
1746378760,1000,GET,GET /pastes/:slug,690.200000,0.000000,59,65,70,74,88,110,140,140,160,170,170,147690,2,55,75.77808872638302,27.31879999919329,803.4483999999793,2905.302525560295
1746378760,1000,POST,POST /pastes,70.200000,0.000000,62,68,73,76,90,110,130,140,170,170,170,14698,0,58,79.37343073207438,29.790000000502914,800.2605000001495,2852.539120968839
1746378760,1000,,Aggregated,760.400000,0.000000,59,65,70,74,88,110,140,140,160,170,170,162388,2,55,76.1035089347711,27.31879999919329,803.4483999999793,2900.526824642215
1746378761,1000,GET,GET /pastes/:slug,690.900000,0.000000,59,65,70,73,86,100,130,140,160,170,170,148357,2,55,75.72099248568993,27.31879999919329,803.4483999999793,2904.98647182135
1746378761,1000,POST,POST /pastes,71.200000,0.000000,61,68,73,77,89,100,130,140,170,170,170,14782,0,58,79.28840334866938,29.790000000502914,800.2605000001495,2852.8233662562575
1746378761,1000,,Aggregated,762.100000,0.000000,59,65,70,73,86,100,130,140,160,170,170,163139,2,55,76.04423504189434,27.31879999919329,803.4483999999793,2900.25998075261
1746378762,1000,GET,GET /pastes/:slug,688.100000,0.000000,60,67,72,75,92,110,140,150,170,170,170,149015,2,55,75.72728122202139,27.31879999919329,803.4483999999793,2905.19778545784
1746378762,1000,POST,POST /pastes,68.500000,0.000000,62,69,74,79,93,110,140,150,170,170,170,14849,0,58,79.30199674725753,29.790000000502914,800.2605000001495,2851.44710081487
1746378762,1000,,Aggregated,756.600000,0.000000,60,67,72,76,92,110,140,150,170,170,170,163864,2,55,76.05121418371098,27.31879999919329,803.4483999999793,2900.3270150856806
1746378763,1000,GET,GET /pastes/:slug,683.700000,0.000000,61,68,74,78,93,110,140,150,170,170,170,149725,2,55,75.68353877775583,27.31879999919329,803.4483999999793,2905.2965035899147
1746378763,1000,POST,POST /pastes,70.000000,0.000000,64,72,77,82,94,110,140,150,170,170,170,14916,0,58,79.26078607535705,29.790000000502914,800.2605000001495,2851.173572003218
1746378763,1000,,Aggregated,753.700000,0.000000,62,69,74,78,93,110,140,150,170,170,170,164641,2,55,76.00762707101875,27.31879999919329,803.4483999999793,2900.393122004847
1746378764,1000,GET,GET /pastes/:slug,685.500000,0.000000,62,69,74,79,94,110,140,150,170,170,170,150439,2,55,75.64503236793351,27.31879999919329,803.4483999999793,2905.7401538164972
1746378764,1000,POST,POST /pastes,71.300000,0.000000,65,73,79,83,96,110,140,150,170,170,170,14990,0,58,79.2175536691141,29.790000000502914,800.2605000001495,2852.2697798532354
1746378764,1000,,Aggregated,756.800000,0.000000,62,70,75,79,94,110,140,150,170,170,170,165429,2,55,75.96874885237565,27.31879999919329,803.4483999999793,2900.8950486311346
1746378765,1000,GET,GET /pastes/:slug,687.300000,0.000000,63,70,75,80,95,110,140,150,170,170,170,151119,2,55,75.58420688926965,27.31879999919329,803.4483999999793,2906.0047776917527
1746378765,1000,POST,POST /pastes,71.000000,0.000000,65,74,80,84,96,110,140,150,170,170,170,15065,0,58,79.1440625887834,29.790000000502914,800.2605000001495,2850.875273813475
1746378765,1000,,Aggregated,758.300000,0.000000,63,70,76,80,95,110,140,150,170,170,170,166184,2,55,75.90691681389089,27.31879999919329,803.4483999999793,2901.007148702643
1746378766,1000,GET,GET /pastes/:slug,689.300000,0.000000,61,68,74,77,91,110,140,150,170,170,170,151854,2,55,75.50908559932279,27.31879999919329,803.4483999999793,2905.9112041829653
1746378766,1000,POST,POST /pastes,70.000000,0.000000,64,72,78,82,92,110,130,150,170,170,170,15129,0,58,79.08820397911427,29.790000000502914,800.2605000001495,2849.4460308017715
1746378766,1000,,Aggregated,759.300000,0.000000,62,69,74,78,92,110,140,150,170,170,170,166983,2,55,75.83336101638893,27.31879999919329,803.4483999999793,2900.79534443626
1746378767,1000,GET,GET /pastes/:slug,688.100000,0.000000,62,69,75,79,95,110,140,150,170,170,170,152534,2,55,75.4844729129213,27.31879999919329,803.4483999999793,2905.7474792505277
1746378767,1000,POST,POST /pastes,70.500000,0.000000,64,72,79,83,96,120,140,150,170,170,170,15193,0,58,79.06787682485523,29.790000000502914,800.2605000001495,2849.2928980451525
1746378767,1000,,Aggregated,758.600000,0.000000,62,70,75,80,95,110,140,150,170,170,170,167727,2,55,75.80906379950547,27.31879999919329,803.4483999999793,2900.633726233701
1746378768,1000,GET,GET /pastes/:slug,687.800000,0.000000,61,69,74,79,95,110,140,150,170,170,170,153225,2,55,75.38440516690848,27.31879999919329,803.4483999999793,2905.66871594061
1746378768,1000,POST,POST /pastes,70.100000,0.000000,64,72,78,83,96,120,140,150,170,170,170,15274,0,58,78.94941803718882,29.790000000502914,800.2605000001495,2849.1033782899044
1746378768,1000,,Aggregated,757.900000,0.000000,61,69,75,79,95,110,140,150,170,170,170,168499,2,55,75.70756439385197,27.31879999919329,803.4483999999793,2900.5412138944444
1746378769,1000,GET,GET /pastes/:slug,694.100000,0.000000,61,69,75,80,96,120,150,190,230,250,250,153945,2,55,75.45805445451022,27.31879999919329,803.4483999999793,2905.120094839066
1746378769,1000,POST,POST /pastes,68.900000,0.000000,64,72,79,84,98,120,140,150,230,230,230,15339,0,58,78.968071086774,29.790000000502914,800.2605000001495,2848.897450942043
1746378769,1000,,Aggregated,763.000000,0.000000,61,69,75,80,96,120,150,180,230,250,250,169284,2,55,75.77610072658781,27.31879999919329,803.4483999999793,2900.025702369982
1746378770,1000,GET,GET /pastes/:slug,690.200000,0.000000,60,68,74,79,96,120,150,190,230,250,250,154624,2,55,75.36274238733704,27.31879999919329,803.4483999999793,2905.2679661630796
1746378770,1000,POST,POST /pastes,69.900000,0.000000,63,72,79,83,98,120,140,150,230,230,230,15399,0,58,78.88506025716205,29.790000000502914,800.2605000001495,2849.2107279693487
1746378770,1000,,Aggregated,760.100000,0.000000,60,68,74,79,96,120,150,180,230,250,250,170023,2,55,75.68175906671289,27.31879999919329,803.4483999999793,2900.190856531175
1746378771,1000,GET,GET /pastes/:slug,690.700000,0.000000,59,65,71,75,90,110,140,190,230,250,250,155311,2,55,75.28669444082912,27.31879999919329,803.4483999999793,2905.5397750320326
1746378771,1000,POST,POST /pastes,69.900000,0.000000,63,70,76,81,92,110,130,140,230,230,230,15457,0,58,78.83285703564941,29.790000000502914,800.2605000001495,2849.955036553018
1746378771,1000,,Aggregated,760.600000,0.000000,59,66,71,75,90,110,140,180,230,250,250,170768,2,55,75.60767398751359,27.31879999919329,803.4483999999793,2900.5085437552702
1746378772,1000,GET,GET /pastes/:slug,691.500000,0.000000,59,65,72,76,92,110,150,190,230,250,250,156050,2,55,75.24610141108407,27.31879999919329,803.4483999999793,2905.7602563281
1746378772,1000,POST,POST /pastes,70.100000,0.000000,63,70,77,81,94,110,130,140,230,230,230,15524,0,58,78.80014312677336,29.790000000502914,800.2605000001495,2850.5852872970886
1746378772,1000,,Aggregated,761.600000,0.000000,59,66,72,77,92,110,150,180,230,250,250,171574,2,55,75.5676707840336,27.31879999919329,803.4483999999793,2900.768030121114
1746378773,1000,GET,GET /pastes/:slug,692.300000,0.000000,58,65,71,75,92,120,150,190,230,250,250,156746,2,55,75.17086865055366,27.31879999919329,803.4483999999793,2905.446180444796
1746378773,1000,POST,POST /pastes,67.800000,0.000000,61,68,74,79,94,110,130,140,230,230,230,15587,0,58,78.72019121704156,29.790000000502914,800.2605000001495,2850.4587797523577
1746378773,1000,,Aggregated,760.100000,0.000000,58,65,71,75,92,120,150,180,230,250,250,172333,2,55,75.49189417000684,27.31879999919329,803.4483999999793,2900.472735924054
1746378774,1000,GET,GET /pastes/:slug,695.500000,0.000000,57,64,69,73,89,110,140,190,230,250,250,157439,2,55,75.09702970038994,27.31879999919329,803.4483999999793,2905.4590920928104
1746378774,1000,POST,POST /pastes,67.600000,0.000000,61,67,73,78,91,110,130,140,230,230,230,15639,0,58,78.65841219387637,29.790000000502914,800.2605000001495,2851.3071807660335
1746378774,1000,,Aggregated,763.100000,0.000000,57,64,69,74,89,110,140,180,230,250,250,173078,2,55,75.41882947168217,27.31879999919329,803.4483999999793,2900.5660280336033
1746378775,1000,GET,GET /pastes/:slug,692.600000,0.000000,56,62,68,72,87,110,140,190,230,250,250,158144,2,55,75.00233188170068,27.31879999919329,803.4483999999793,2905.7043833468233
1746378775,1000,POST,POST /pastes,65.900000,0.000000,59,66,70,74,90,110,130,140,230,230,230,15701,0,58,78.57205503471296,29.790000000502914,800.2605000001495,2851.769568817273
1746378775,1000,,Aggregated,758.500000,0.000000,56,63,68,72,87,110,140,180,230,250,250,173845,2,55,75.32473530558704,27.31879999919329,803.4483999999793,2900.8332019902787
1746378776,1000,GET,GET /pastes/:slug,694.100000,0.000000,56,61,66,70,83,100,140,190,230,250,250,158828,2,55,74.91947677991065,27.31879999919329,803.4483999999793,2905.807722819654
1746378776,1000,POST,POST /pastes,65.700000,0.000000,58,65,69,73,84,99,130,140,230,230,230,15776,0,58,78.47412849264822,29.790000000502914,800.2605000001495,2851.9350912778905
1746378776,1000,,Aggregated,759.800000,0.000000,56,62,66,70,83,100,140,180,230,250,250,174604,2,55,75.24065032358799,27.31879999919329,803.4483999999793,2900.940167464663
1746378777,1000,GET,GET /pastes/:slug,693.700000,0.000000,56,62,66,70,83,110,150,190,230,250,250,159548,2,55,74.86294775741257,27.31879999919329,803.4483999999793,2906.0655664752926
1746378777,1000,POST,POST /pastes,63.800000,0.000000,58,65,70,73,85,100,130,150,230,230,230,15836,0,58,78.4249188368283,29.790000000502914,800.2605000001495,2852.456744127305
1746378777,1000,,Aggregated,757.500000,0.000000,56,62,67,71,84,110,140,180,230,250,250,175384,2,55,75.1845698780947,27.31879999919329,803.4483999999793,2901.22504903526
1746378778,1000,GET,GET /pastes/:slug,690.900000,0.000000,56,62,67,71,84,110,150,190,230,250,250,160237,2,55,74.77104924080992,27.31879999919329,803.4483999999793,2906.1132197931815
1746378778,1000,POST,POST /pastes,63.200000,0.000000,59,66,70,74,85,100,130,150,230,230,230,15912,0,58,78.32805782428473,29.790000000502914,800.2605000001495,2852.374874308698
1746378778,1000,,Aggregated,754.100000,0.000000,56,62,67,71,84,110,140,180,230,250,250,176149,2,55,75.09236313177917,27.31879999919329,803.4483999999793,2901.2588944586687
1746378779,1000,GET,GET /pastes/:slug,688.100000,0.000000,56,61,66,69,79,89,120,150,190,200,200,160902,2,55,74.75009199326078,27.31879999919329,803.4483999999793,2906.232737939864
1746378779,1000,POST,POST /pastes,63.400000,0.000000,59,65,69,73,81,91,120,150,190,190,190,15975,0,58,78.29594169640215,29.790000000502914,800.2605000001495,2853.006322378717
1746378779,1000,,Aggregated,751.500000,0.000000,56,62,66,69,79,89,120,150,190,200,200,176877,2,55,75.0703425007195,27.31879999919329,803.4483999999793,2901.425487768336
1746378780,1000,GET,GET /pastes/:slug,693.600000,0.000000,57,62,67,70,80,92,120,150,190,200,200,161645,2,55,74.696651212841,27.31879999919329,803.4483999999793,2906.4828049119983
1746378780,1000,POST,POST /pastes,63.600000,0.000000,60,66,70,74,83,98,120,150,190,190,190,16049,0,58,78.24711989532216,29.790000000502914,800.2605000001495,2853.3997756869585
1746378780,1000,,Aggregated,757.200000,0.000000,57,63,67,71,81,93,120,150,190,200,200,177694,2,55,75.01732310882639,27.31879999919329,803.4483999999793,2901.6884419282587
1746378781,1000,GET,GET /pastes/:slug,695.800000,0.000000,56,62,67,70,81,95,120,150,200,210,210,162347,2,55,74.68386235655555,27.31879999919329,803.4483999999793,2906.3691968437975
1746378781,1000,POST,POST /pastes,62.900000,0.000000,59,65,69,73,83,110,120,150,190,190,190,16122,0,58,78.22585951494973,29.790000000502914,800.2605000001495,2853.497270810073
1746378781,1000,,Aggregated,758.700000,0.000000,57,62,67,70,81,95,120,150,200,210,210,178469,2,55,75.00382872711691,27.31879999919329,803.4483999999793,2901.593010550852
1746378782,1000,GET,GET /pastes/:slug,694.500000,0.000000,57,64,69,74,90,120,170,190,240,320,320,162966,2,55,74.7845097185899,27.31879999919329,803.4483999999793,2906.352312752353
1746378782,1000,POST,POST /pastes,64.000000,0.000000,61,67,74,77,95,130,160,200,230,230,230,16198,0,58,78.34413520187812,29.790000000502914,800.2605000001495,2854.038646746512
1746378782,1000,,Aggregated,758.500000,0.000000,58,64,70,74,90,120,170,190,240,320,320,179164,2,55,75.10633114241605,27.31879999919329,803.4483999999793,2901.622697640151
1746378783,1000,GET,GET /pastes/:slug,696.600000,0.000000,59,68,75,81,110,150,180,200,240,320,320,163653,2,55,74.92167254129002,27.31879999919329,803.4483999999793,2906.2529620599685
1746378783,1000,POST,POST /pastes,65.800000,0.000000,63,71,79,84,110,150,180,210,230,230,230,16260,0,58,78.45290404674205,29.790000000502914,800.2605000001495,2854.368757687577
1746378783,1000,,Aggregated,762.400000,0.000000,60,68,75,81,110,150,180,200,240,320,320,179913,2,55,75.24081470599594,27.31879999919329,803.4483999999793,2901.563822514215
1746378784,1000,GET,GET /pastes/:slug,686.400000,0.000000,62,73,85,100,170,220,270,300,390,420,420,164352,2,55,75.40374055441815,27.31879999919329,803.4483999999793,2906.1715646904204
1746378784,1000,POST,POST /pastes,65.100000,0.000000,65,77,88,110,160,200,250,280,370,370,370,16328,0,58,78.89497065776746,29.790000000502914,800.2605000001495,2854.249877511024
1746378784,1000,,Aggregated,751.500000,0.000000,62,73,86,100,170,210,270,300,390,420,420,180680,2,56,75.71924202180557,27.31879999919329,803.4483999999793,2901.479416648218
1746378785,1000,GET,GET /pastes/:slug,688.300000,0.000000,63,75,88,100,170,220,270,300,390,420,420,164988,2,55,75.36022793475726,27.31879999919329,803.4483999999793,2906.338018522559
1746378785,1000,POST,POST /pastes,66.900000,0.000000,66,79,92,110,160,200,250,280,370,370,370,16392,0,58,78.85887875183178,29.790000000502914,800.2605000001495,2854.3874450951685
1746378785,1000,,Aggregated,755.200000,0.000000,64,75,89,100,170,210,270,300,390,420,420,181380,2,56,75.67641430697884,27.31879999919329,803.4483999999793,2901.643047745066
1746378786,1000,GET,GET /pastes/:slug,674.000000,0.000000,63,75,89,100,170,220,270,300,390,420,420,165689,2,55,75.30817278455265,27.31879999919329,803.4483999999793,2905.9952682435164
1746378786,1000,POST,POST /pastes,66.300000,0.000000,67,79,92,110,160,200,250,280,370,370,370,16461,0,59,78.79752044833371,29.790000000502914,800.2605000001495,2854.701233217909
1746378786,1000,,Aggregated,740.300000,0.000000,64,75,89,100,170,210,270,300,390,420,420,182150,2,56,75.6235071347781,27.31879999919329,803.4483999999793,2901.359796870711
1746378787,900,GET,GET /pastes/:slug,684.600000,0.000000,65,78,92,110,170,220,270,300,390,420,420,166368,2,55,75.27564576480898,27.31879999919329,803.4483999999793,2905.5830628486246
1746378787,900,POST,POST /pastes,67.800000,0.000000,67,82,97,110,160,200,250,280,370,370,370,16524,0,59,78.76715298959222,29.790000000502914,800.2605000001495,2853.7730573710965
1746378787,900,,Aggregated,752.400000,0.000000,65,78,93,110,170,210,270,300,390,420,420,182892,2,56,75.59109786431243,27.31879999919329,803.4483999999793,2900.902111628721
1746378788,800,GET,GET /pastes/:slug,679.900000,0.000000,66,80,93,110,170,220,270,300,390,420,420,167004,2,55,75.2283319615084,27.31879999919329,803.4483999999793,2905.7181923786256
1746378788,800,POST,POST /pastes,68.500000,0.000000,70,83,99,110,170,200,270,280,370,370,370,16583,0,59,78.72729302900726,29.790000000502914,800.2605000001495,2853.3224989447026
1746378788,800,,Aggregated,748.400000,0.000000,67,80,94,110,170,220,270,300,390,420,420,183587,2,56,75.54438522989018,27.31879999919329,803.4483999999793,2900.9854074634914
1746378789,700,GET,GET /pastes/:slug,685.100000,0.000000,66,80,95,110,170,220,270,300,390,420,420,167531,2,55,75.22213951029815,27.31879999919329,803.4483999999793,2905.5737385916636
1746378789,700,POST,POST /pastes,68.600000,0.000000,70,84,99,110,170,210,270,280,370,370,370,16635,0,59,78.73001887586565,29.790000000502914,800.2605000001495,2853.8518184550644
1746378789,700,,Aggregated,753.700000,0.000000,66,80,96,110,170,220,270,300,390,420,420,184166,2,56,75.53899263870555,27.31879999919329,803.4483999999793,2900.9018982874145
1746378790,600,GET,GET /pastes/:slug,674.900000,0.000000,65,79,97,110,170,220,270,300,390,420,420,167971,2,55,75.1572881300926,27.31879999919329,803.4483999999793,2905.6771347434974
1746378790,600,POST,POST /pastes,67.200000,0.000000,68,83,100,110,170,210,270,280,370,370,370,16684,0,59,78.65706217334073,29.790000000502914,800.2605000001495,2854.5320067130183
1746378790,600,,Aggregated,742.100000,0.000000,66,80,97,110,170,220,270,300,390,420,420,184655,2,56,75.47350068939302,27.31879999919329,803.4483999999793,2901.0560558880074
1746378791,500,GET,GET /pastes/:slug,664.700000,0.000000,65,79,96,110,170,220,270,300,400,420,420,168374,2,55,75.09408333471794,27.31879999919329,803.4483999999793,2905.7700476320574
1746378791,500,POST,POST /pastes,65.600000,0.000000,67,83,100,110,170,210,270,310,370,370,370,16726,0,59,78.58702019610264,29.790000000502914,800.2605000001495,2854.4267607317947
1746378791,500,,Aggregated,730.300000,0.000000,65,79,96,110,170,220,270,310,390,420,420,185100,2,56,75.40971197838938,27.31879999919329,803.4483999999793,2901.13056726094
1746378792,400,GET,GET /pastes/:slug,647.500000,0.000000,61,72,84,95,150,220,270,310,400,420,420,168687,2,55,75.0444294930837,27.31879999919329,803.4483999999793,2905.692975747983
1746378792,400,POST,POST /pastes,63.800000,0.000000,64,75,87,99,160,200,270,310,370,370,370,16753,0,58,78.54220144451803,29.790000000502914,800.2605000001495,2854.443980182654
1746378792,400,,Aggregated,711.300000,0.000000,61,72,84,96,150,220,270,310,390,420,420,185440,2,56,75.36042482042647,27.31879999919329,803.4483999999793,2901.0630446505606
1746378793,333,GET,GET /pastes/:slug,620.300000,0.000000,57,66,75,84,130,230,280,310,400,420,420,168960,2,55,74.99249829841278,27.31879999919329,803.4483999999793,2905.716341145833
1746378793,333,POST,POST /pastes,61.800000,0.000000,61,69,78,86,130,200,270,310,370,370,370,16783,0,58,78.48910813918897,29.790000000502914,800.2605000001495,2854.842817136388
1746378793,333,,Aggregated,682.100000,0.000000,57,67,75,84,130,220,280,310,400,420,420,185743,2,56,75.30843808057314,27.31879999919329,803.4483999999793,2901.1196115062207
1746378794,333,GET,GET /pastes/:slug,597.300000,0.000000,55,62,68,72,89,100,120,130,160,170,170,169188,2,55,74.95165031326013,27.31879999919329,803.4483999999793,2905.7802444617823
1746378794,333,POST,POST /pastes,59.100000,0.000000,58,66,71,76,91,110,130,140,180,180,180,16795,0,58,78.46604848466835,29.790000000502914,800.2605000001495,2855.2047633224174
1746378794,333,,Aggregated,656.400000,0.000000,55,63,68,73,89,100,120,140,160,180,180,185983,2,56,75.26901435883886,27.31879999919329,803.4483999999793,2901.2130786147122
1746378795,333,GET,GET /pastes/:slug,559.800000,0.000000,53,60,66,70,86,100,120,130,160,170,170,169435,2,55,74.90975721249949,27.31879999919329,803.4483999999793,2905.8882226222445
1746378795,333,POST,POST /pastes,54.700000,0.000000,56,64,69,75,88,100,130,140,180,180,180,16819,0,58,78.42249959569538,29.790000000502914,800.2605000001495,2854.7250728342947
1746378795,333,,Aggregated,614.500000,0.000000,54,61,66,70,86,100,120,130,160,180,180,186254,2,55,75.226962824959,27.31879999919329,803.4483999999793,2901.2681177317
1746378796,333,GET,GET /pastes/:slug,527.000000,0.000000,51,57,62,65,77,90,110,120,160,170,170,169645,2,55,74.86994133455059,27.31879999919329,803.4483999999793,2905.793044298388
1746378796,333,POST,POST /pastes,51.700000,0.000000,54,61,65,68,80,98,130,140,180,180,180,16847,0,58,78.36741913693875,29.790000000502914,800.2605000001495,2854.7834629310855
1746378796,333,,Aggregated,578.700000,0.000000,52,57,62,65,77,91,110,130,160,180,180,186492,2,55,75.1858905899444,27.31879999919329,803.4483999999793,2901.1850267035584
1746378797,333,GET,GET /pastes/:slug,472.800000,0.000000,50,55,59,62,75,91,110,130,160,170,170,169886,2,55,74.82619369812602,27.31879999919329,803.4483999999793,2905.7141141706793
1746378797,333,POST,POST /pastes,45.800000,0.000000,53,57,62,65,80,98,130,140,180,180,180,16865,0,58,78.33353522680144,29.790000000502914,800.2605000001495,2855.0200415060776
1746378797,333,,Aggregated,518.600000,0.000000,50,55,59,62,76,91,110,130,170,180,180,186751,2,55,75.14293264400143,27.31879999919329,803.4483999999793,2901.136063528442
1746378798,333,GET,GET /pastes/:slug,431.100000,0.000000,47,52,55,57,67,87,110,130,160,170,170,170125,2,55,74.7838319312261,27.31879999919329,803.4483999999793,2905.523426891991
1746378798,333,POST,POST /pastes,41.200000,0.000000,50,54,58,60,74,98,130,140,180,180,180,16891,0,58,78.28300866733802,29.790000000502914,800.2605000001495,2853.8107276064175
1746378798,333,,Aggregated,472.300000,0.000000,47,52,55,58,67,88,120,130,170,180,180,187016,2,55,75.09987223927317,27.31879999919329,803.4483999999793,2900.852814732429
1746378799,333,GET,GET /pastes/:slug,382.100000,0.000000,45,50,52,54,58,62,69,80,120,150,150,170375,2,55,74.73992100190668,27.31879999919329,803.4483999999793,2905.581376375642
1746378799,333,POST,POST /pastes,37.800000,0.000000,48,53,54,56,62,65,74,80,100,100,100,16909,0,58,78.24909773493437,29.790000000502914,800.2605000001495,2853.012892542433
1746378799,333,,Aggregated,419.900000,0.000000,45,50,52,54,58,63,70,80,110,150,150,187284,2,55,75.05674822355309,27.31879999919329,803.4483999999793,2900.835212831849
1746378800,333,GET,GET /pastes/:slug,341.600000,0.000000,44,49,51,53,57,61,69,80,120,150,150,170602,2,55,74.6975581739947,27.31879999919329,803.4483999999793,2905.571622841467
1746378800,333,POST,POST /pastes,33.200000,0.000000,46,52,53,55,58,63,67,75,100,100,100,16938,0,58,78.1939190046056,29.790000000502914,800.2605000001495,2852.6538552367456
1746378800,333,,Aggregated,374.800000,0.000000,44,49,52,53,57,61,68,79,120,150,150,187540,2,55,75.01333805961346,27.31879999919329,803.4483999999793,2900.7922629838968
1746378801,333,GET,GET /pastes/:slug,304.800000,0.000000,43,48,51,52,56,59,65,80,120,150,150,170824,2,55,74.65532475940057,27.31879999919329,803.4483999999793,2905.64846859926
1746378801,333,POST,POST /pastes,30.600000,0.000000,45,51,53,54,58,62,66,75,100,100,100,16962,0,58,78.1499066206821,29.790000000502914,800.2605000001495,2852.102464332036
1746378801,333,,Aggregated,335.400000,0.000000,43,48,51,52,56,59,65,80,120,150,150,187786,2,55,74.97097713780533,27.31879999919329,803.4483999999793,2900.811860309075
1746378802,333,GET,GET /pastes/:slug,277.900000,0.000000,43,48,51,52,56,59,64,70,91,150,150,171067,2,55,74.61605198723208,27.31879999919329,803.4483999999793,2905.744579609159
1746378802,333,POST,POST /pastes,27.300000,0.000000,46,51,53,53,58,62,67,75,80,80,80,16985,0,58,78.11111084486362,29.790000000502914,800.2605000001495,2852.112687665587
1746378802,333,,Aggregated,305.200000,0.000000,43,48,51,52,56,60,64,71,91,150,150,188052,2,55,74.93172836768501,27.31879999919329,803.4483999999793,2900.900506242954
1746378803,333,GET,GET /pastes/:slug,259.300000,0.000000,43,49,51,52,56,60,65,70,91,150,150,171308,2,55,74.57476686786275,27.31879999919329,803.4483999999793,2905.81570621337
1746378803,333,POST,POST /pastes,24.600000,0.000000,46,50,53,53,58,62,68,75,80,80,80,17014,0,58,78.05881783237388,29.790000000502914,800.2605000001495,2852.6683319619137
1746378803,333,,Aggregated,283.900000,0.000000,44,49,51,52,56,60,65,71,91,150,150,188322,2,55,74.88953435711122,27.31879999919329,803.4483999999793,2901.0140928834658
1746378804,333,GET,GET /pastes/:slug,242.900000,0.000000,43,49,51,52,56,60,64,70,82,150,150,171536,2,55,74.53569489553114,27.31879999919329,803.4483999999793,2905.714823710475
1746378804,333,POST,POST /pastes,23.800000,0.000000,45,50,53,54,58,62,68,75,80,80,80,17039,0,58,78.01189935442264,29.790000000502914,800.2605000001495,2852.4375256763897
1746378804,333,,Aggregated,266.700000,0.000000,43,49,51,53,56,60,64,70,82,150,150,188575,2,55,74.84979298793525,27.31879999919329,803.4483999999793,2900.9008670290336
1746378805,333,GET,GET /pastes/:slug,236.000000,0.000000,43,48,51,52,56,59,64,68,82,92,92,171773,2,55,74.49321341188559,27.31879999919329,803.4483999999793,2905.919964138718
1746378805,333,POST,POST /pastes,22.900000,0.000000,45,50,53,54,58,62,67,74,80,80,80,17062,0,58,77.9639025671085,29.790000000502914,800.2605000001495,2852.5239713984292
1746378805,333,,Aggregated,258.900000,0.000000,43,49,51,52,56,60,64,68,82,92,92,188835,2,55,74.80680410411145,27.31879999919329,803.4483999999793,2901.0954219291975
1746378806,333,GET,GET /pastes/:slug,233.900000,0.000000,43,48,51,52,56,59,64,68,82,92,92,171999,2,55,74.4513018215211,27.31879999919329,803.4483999999793,2905.950400874424
1746378806,333,POST,POST /pastes,23.000000,0.000000,45,50,53,55,59,62,68,74,80,80,80,17090,0,58,77.9137837858399,29.790000000502914,800.2605000001495,2853.2101813926274
1746378806,333,,Aggregated,256.900000,0.000000,43,48,51,52,56,60,64,69,82,92,92,189089,2,55,74.76424343510128,27.31879999919329,803.4483999999793,2901.183701854682
1746378807,333,GET,GET /pastes/:slug,231.900000,0.000000,43,48,51,52,56,59,64,68,82,92,92,172237,2,55,74.4080721859984,27.31879999919329,803.4483999999793,2905.9657390688412
1746378807,333,POST,POST /pastes,24.400000,0.000000,45,50,53,55,60,63,72,74,80,80,80,17117,0,58,77.86499439154079,29.790000000502914,800.2605000001495,2852.8238008996905
1746378807,333,,Aggregated,256.300000,0.000000,43,48,51,52,56,60,65,69,82,92,92,189354,2,55,74.72056697033,27.31879999919329,803.4483999999793,2901.1618766965576
1746378808,333,GET,GET /pastes/:slug,234.300000,0.000000,42,48,51,52,56,60,66,70,86,92,92,172464,2,55,74.36950398923712,27.31879999919329,803.4483999999793,2905.8414799610355
1746378808,333,POST,POST /pastes,23.700000,0.000000,45,50,53,55,59,62,72,74,80,80,80,17141,0,58,77.82271823697604,29.790000000502914,800.2605000001495,2853.2916982673123
1746378808,333,,Aggregated,258.000000,0.000000,43,48,51,53,56,60,66,71,86,92,92,189605,2,55,74.68168745180692,27.31879999919329,803.4483999999793,2901.0907834709
1746378809,333,GET,GET /pastes/:slug,233.400000,0.000000,42,48,50,52,55,59,65,69,86,92,92,172713,2,55,74.32392921030731,27.31879999919329,803.4483999999793,2905.8398036048243
1746378809,333,POST,POST /pastes,24.200000,0.000000,45,50,53,55,58,62,67,74,80,80,80,17165,0,58,77.77652024468442,29.790000000502914,800.2605000001495,2852.725371395281
1746378809,333,,Aggregated,257.600000,0.000000,43,48,51,52,56,60,65,70,86,92,92,189878,2,55,74.63604396349167,27.31879999919329,803.4483999999793,2901.038250876879
1746378810,333,GET,GET /pastes/:slug,234.300000,0.000000,42,48,50,52,55,59,65,69,86,92,92,172938,2,55,74.28206939538924,27.31879999919329,803.4483999999793,2905.8723473152227
1746378810,333,POST,POST /pastes,25.100000,0.000000,45,50,53,54,58,62,68,74,80,80,80,17182,0,58,77.74212891980028,29.790000000502914,800.2605000001495,2853.1082528227216
1746378810,333,,Aggregated,259.400000,0.000000,43,48,51,52,56,60,65,70,86,92,92,190120,2,55,74.59477054597036,27.31879999919329,803.4483999999793,2901.103818640858
1746378811,333,GET,GET /pastes/:slug,233.900000,0.000000,42,47,50,52,55,59,65,69,86,92,92,173160,2,55,74.24032856953009,27.31879999919329,803.4483999999793,2905.87253984754
1746378811,333,POST,POST /pastes,24.500000,0.000000,45,50,53,55,59,62,68,74,80,80,80,17206,0,58,77.69895233639481,29.790000000502914,800.2605000001495,2853.367894920377
1746378811,333,,Aggregated,258.400000,0.000000,42,48,50,52,56,60,65,70,86,92,92,190366,2,55,74.5529320834597,27.31879999919329,803.4483999999793,2901.1269712028407
1746378812,333,GET,GET /pastes/:slug,234.200000,0.000000,42,47,50,52,55,58,63,68,86,92,92,173391,2,55,74.2008814875041,27.31879999919329,803.4483999999793,2905.940429434054
1746378812,333,POST,POST /pastes,25.400000,0.000000,45,50,53,54,58,62,65,67,74,74,74,17227,0,58,77.66042020665276,29.790000000502914,800.2605000001495,2854.155047309456
1746378812,333,,Aggregated,259.600000,0.000000,42,47,50,52,55,59,64,68,86,92,92,190618,2,55,74.51353545257993,27.31879999919329,803.4483999999793,2901.260353167067
1746378813,333,GET,GET /pastes/:slug,233.000000,0.000000,42,47,50,52,55,59,64,68,86,92,92,173641,2,55,74.16257377980905,27.31879999919329,803.4483999999793,2906.117633508215
1746378813,333,POST,POST /pastes,24.500000,0.000000,45,50,53,55,59,62,65,70,74,74,74,17246,0,58,77.62933333526648,29.790000000502914,800.2605000001495,2853.7368085353123
1746378813,333,,Aggregated,257.500000,0.000000,43,48,50,52,56,59,64,68,86,92,92,190887,2,55,74.47578387422861,27.31879999919329,803.4483999999793,2901.3852017161985
1746378814,333,GET,GET /pastes/:slug,232.500000,0.000000,42,47,50,52,55,59,63,68,86,92,92,173867,2,55,74.12452482817211,27.31879999919329,803.4483999999793,2906.1580173350894
1746378814,333,POST,POST /pastes,24.000000,0.000000,46,50,53,55,58,62,66,70,74,74,74,17270,0,58,77.59117751013306,29.790000000502914,800.2605000001495,2854.115923566879
1746378814,333,,Aggregated,256.500000,0.000000,43,47,50,52,56,59,64,68,86,92,92,191137,2,55,74.43775090066207,27.31879999919329,803.4483999999793,2901.455803952139
1746378815,333,GET,GET /pastes/:slug,231.500000,0.000000,42,47,50,51,55,58,63,67,80,86,86,174113,2,55,74.07943650847315,27.31879999919329,803.4483999999793,2906.0901196349496
1746378815,333,POST,POST /pastes,24.300000,0.000000,47,51,53,55,58,62,66,70,74,74,74,17283,0,58,77.56663322339885,29.790000000502914,800.2605000001495,2853.5717757333796
1746378815,333,,Aggregated,255.800000,0.000000,42,47,50,52,55,59,63,67,80,86,86,191396,2,55,74.39432930050701,27.31879999919329,803.4483999999793,2901.3477293151373
1746378816,333,GET,GET /pastes/:slug,232.300000,0.000000,43,48,51,52,56,60,65,69,83,90,90,174345,2,55,74.04537687802802,27.31879999919329,803.4483999999793,2906.0386647165105
1746378816,333,POST,POST /pastes,23.200000,0.000000,47,52,54,56,59,63,70,71,83,83,83,17309,0,58,77.52999059448854,29.790000000502914,800.2605000001495,2852.8258709341962
1746378816,333,,Aggregated,255.500000,0.000000,43,48,51,53,56,60,66,70,83,90,90,191654,2,55,74.36008556565399,27.31879999919329,803.4483999999793,2901.2328153860603
1746378817,333,GET,GET /pastes/:slug,232.200000,0.000000,43,48,51,52,56,60,66,69,83,90,90,174576,2,55,74.00548917720525,27.31879999919329,803.4483999999793,2906.1130854183853
1746378817,333,POST,POST /pastes,22.900000,0.000000,48,52,55,56,59,63,70,70,83,83,83,17329,0,58,77.49531929136128,29.790000000502914,800.2605000001495,2853.219054763691
1746378817,333,,Aggregated,255.100000,0.000000,43,48,51,53,56,60,66,70,83,90,90,191905,2,55,74.32062044553209,27.31879999919329,803.4483999999793,2901.3367603762276
1746378818,333,GET,GET /pastes/:slug,233.100000,0.000000,43,48,51,52,56,60,64,68,77,90,90,174822,2,55,73.96398990172753,27.31879999919329,803.4483999999793,2906.2371326263283
1746378818,333,POST,POST /pastes,22.500000,0.000000,47,51,54,55,59,63,70,70,83,83,83,17350,0,58,77.45565578674343,29.790000000502914,800.2605000001495,2853.0532564841496
1746378818,333,,Aggregated,255.600000,0.000000,43,48,51,53,56,60,64,69,83,90,90,192172,2,55,74.2792304315918,27.31879999919329,803.4483999999793,2901.4354952854733
1746378819,333,GET,GET /pastes/:slug,234.500000,0.000000,43,48,51,52,56,60,64,68,77,90,90,175037,2,55,73.92521255448743,27.31879999919329,803.4483999999793,2906.2056193833305
1746378819,333,POST,POST /pastes,21.700000,0.000000,47,51,55,56,59,63,70,70,83,83,83,17376,0,58,77.40827956952104,29.790000000502914,800.2605000001495,2853.647099447514
1746378819,333,,Aggregated,256.200000,0.000000,43,48,51,52,56,60,64,69,83,90,90,192413,2,55,74.23975352860704,27.31879999919329,803.4483999999793,2901.4592828966856
1746378820,333,GET,GET /pastes/:slug,233.500000,0.000000,43,48,51,52,56,60,66,70,77,90,90,175277,2,55,73.88323993678476,27.31879999919329,803.4483999999793,2906.0918717230443
1746378820,333,POST,POST /pastes,21.000000,0.000000,48,52,55,56,59,64,70,71,84,84,84,17408,0,58,77.35574790900685,29.790000000502914,800.2605000001495,2854.1435546875
1746378820,333,,Aggregated,254.500000,0.000000,43,48,51,53,56,60,66,70,83,90,90,192685,2,55,74.19696139294632,27.31879999919329,803.4483999999793,2901.398635077977
1746378821,333,GET,GET /pastes/:slug,234.600000,0.000000,43,48,51,53,56,60,66,70,77,90,90,175519,2,55,73.84295512337594,27.31879999919329,803.4483999999793,2906.0241968106016
1746378821,333,POST,POST /pastes,21.200000,0.000000,47,52,54,56,59,65,70,71,84,84,84,17427,0,58,77.31945226946631,29.790000000502914,800.2605000001495,2854.108681930338
1746378821,333,,Aggregated,255.800000,0.000000,44,49,51,53,57,60,66,70,83,90,90,192946,2,55,74.15695445875977,27.31879999919329,803.4483999999793,2901.3351559503694
1746378822,333,GET,GET /pastes/:slug,232.000000,0.000000,43,48,51,52,56,60,65,69,77,90,90,175745,2,55,73.80114551366931,27.31879999919329,803.4483999999793,2905.9670374690604
1746378822,333,POST,POST /pastes,21.200000,0.000000,46,51,54,55,59,64,70,71,84,84,84,17454,0,58,77.2673698521819,29.790000000502914,800.2605000001495,2853.692620602727
1746378822,333,,Aggregated,253.200000,0.000000,43,48,51,53,56,60,66,70,83,90,90,193199,2,55,74.11429143887824,27.31879999919329,803.4483999999793,2901.2444577870488
1746378823,333,GET,GET /pastes/:slug,232.500000,0.000000,42,47,50,51,55,59,64,68,77,90,90,175978,2,54,73.75885756685402,27.31879999919329,803.4483999999793,2905.844628305811
1746378823,333,POST,POST /pastes,22.400000,0.000000,46,51,53,55,58,62,70,71,84,84,84,17474,0,58,77.22863747853845,29.790000000502914,800.2605000001495,2853.5905345084125
1746378823,333,,Aggregated,254.900000,0.000000,42,48,50,52,56,59,64,69,83,90,90,193452,2,55,74.07227347455624,27.31879999919329,803.4483999999793,2901.124656245477
1746378824,333,GET,GET /pastes/:slug,234.300000,0.000000,42,47,50,51,55,58,64,68,77,90,90,176223,2,54,73.71498199270144,27.31879999919329,803.4483999999793,2905.86526730336
1746378824,333,POST,POST /pastes,22.000000,0.000000,44,50,53,54,57,62,70,71,84,84,84,17491,0,58,77.1940939340222,29.790000000502914,800.2605000001495,2853.0074323938024
1746378824,333,,Aggregated,256.300000,0.000000,42,47,50,51,55,59,64,69,83,90,90,193714,2,55,74.0291211203106,27.31879999919329,803.4483999999793,2901.092579782566
1746378825,333,GET,GET /pastes/:slug,234.700000,0.000000,42,47,50,51,55,59,64,68,77,90,90,176463,2,54,73.67407791094917,27.31879999919329,803.4483999999793,2905.6948255441653
1746378825,333,POST,POST /pastes,22.400000,0.000000,44,50,53,54,57,62,70,71,84,84,84,17516,0,58,77.14868471112035,29.790000000502914,800.2605000001495,2852.6975336834894
1746378825,333,,Aggregated,257.100000,0.000000,42,48,50,52,55,59,65,69,83,90,90,193979,2,55,73.98782946504441,27.31879999919329,803.4483999999793,2900.9092530634757
1746378826,333,GET,GET /pastes/:slug,233.200000,0.000000,41,47,49,51,54,57,61,66,74,77,77,176701,2,54,73.63343797035553,27.31879999919329,803.4483999999793,2905.8197123955156
1746378826,333,POST,POST /pastes,22.700000,0.000000,44,50,52,54,57,59,64,70,84,84,84,17534,0,58,77.11912142123785,29.790000000502914,800.2605000001495,2852.6049389757045
1746378826,333,,Aggregated,255.900000,0.000000,41,47,50,51,55,57,62,67,75,84,84,194235,2,55,73.94809791129212,27.31879999919329,803.4483999999793,2901.015903415965
1746378827,333,GET,GET /pastes/:slug,236.200000,0.000000,41,47,49,51,54,57,61,66,74,77,77,176950,2,54,73.59164450466142,27.31879999919329,803.4483999999793,2905.8889629838936
1746378827,333,POST,POST /pastes,22.300000,0.000000,44,50,53,54,57,60,64,65,84,84,84,17553,0,58,77.08884471030471,29.790000000502914,800.2605000001495,2853.239731100097
1746378827,333,,Aggregated,258.500000,0.000000,41,47,50,51,55,57,61,66,75,84,84,194503,2,55,73.90725071746898,27.31879999919329,803.4483999999793,2901.1376122733327
1746378828,333,GET,GET /pastes/:slug,234.100000,0.000000,41,47,49,51,54,57,61,66,74,85,85,177170,2,54,73.55412796410143,27.31879999919329,803.4483999999793,2905.8618897104475
1746378828,333,POST,POST /pastes,23.000000,0.000000,45,50,53,54,58,61,64,66,84,84,84,17583,0,58,77.03874156855954,29.790000000502914,800.2605000001495,2853.560655178297
1746378828,333,,Aggregated,257.100000,0.000000,41,47,50,51,55,57,62,66,77,85,85,194753,2,55,73.86873139001652,27.31879999919329,803.4483999999793,2901.139946496331
1746378829,333,GET,GET /pastes/:slug,235.900000,0.000000,41,47,49,51,54,57,61,66,74,85,85,177399,2,54,73.51523223242434,27.31879999919329,803.4483999999793,2905.7062948494636
1746378829,333,POST,POST /pastes,22.400000,0.000000,45,50,53,54,58,61,64,66,84,84,84,17605,0,58,76.99911877307485,29.790000000502914,800.2605000001495,2853.4165861971032
1746378829,333,,Aggregated,258.300000,0.000000,42,47,50,51,55,58,62,66,77,85,85,195004,2,55,73.82975820393366,27.31879999919329,803.4483999999793,2900.985569526779
1746378830,333,GET,GET /pastes/:slug,235.900000,0.000000,41,47,49,51,54,57,61,65,72,85,85,177624,2,54,73.47660926845388,27.31879999919329,803.4483999999793,2905.643634869162
1746378830,333,POST,POST /pastes,22.400000,0.000000,44,50,52,54,57,60,62,64,66,66,66,17623,0,57,76.96622729387627,29.790000000502914,800.2605000001495,2853.2626113601546
1746378830,333,,Aggregated,258.300000,0.000000,42,47,50,51,54,57,62,65,72,85,85,195247,2,55,73.79158229473377,27.31879999919329,803.4483999999793,2900.915722136576
1746378831,333,GET,GET /pastes/:slug,234.200000,0.000000,41,46,49,51,54,57,61,65,75,160,160,177862,2,54,73.43567067895255,27.31879999919329,803.4483999999793,2905.6894614926177
1746378831,333,POST,POST /pastes,23.000000,0.000000,43,50,52,54,58,60,62,64,66,66,66,17653,0,57,76.90964596385763,29.790000000502914,800.2605000001495,2852.8248456353026
1746378831,333,,Aggregated,257.200000,0.000000,41,47,49,51,54,57,62,65,75,160,160,195515,2,55,73.74933503055973,27.31879999919329,803.4483999999793,2900.9163286704343
1746378832,333,GET,GET /pastes/:slug,234.700000,0.000000,42,47,50,51,54,57,63,66,75,160,160,178103,2,54,73.39581457302735,27.31879999919329,803.4483999999793,2905.8230012970025
1746378832,333,POST,POST /pastes,22.700000,0.000000,44,50,53,54,58,62,64,66,76,76,76,17673,0,57,76.87918702540492,29.790000000502914,800.2605000001495,2852.7832286538787
1746378832,333,,Aggregated,257.400000,0.000000,42,47,50,51,55,58,63,66,76,160,160,195776,2,55,73.71026395063706,27.31879999919329,803.4483999999793,2901.035019614253
1746378833,333,GET,GET /pastes/:slug,234.800000,0.000000,42,47,50,51,55,57,63,66,75,160,160,178339,2,54,73.3559002663462,27.31879999919329,803.4483999999793,2905.773268886783
1746378833,333,POST,POST /pastes,21.700000,0.000000,45,50,53,54,58,61,63,66,76,76,76,17689,0,57,76.85219886935273,29.790000000502914,800.2605000001495,2852.4726666289785
1746378833,333,,Aggregated,256.500000,0.000000,42,47,50,51,55,58,63,66,76,160,160,196028,2,55,73.67139614442804,27.31879999919329,803.4483999999793,2900.9635766319097
1746378834,333,GET,GET /pastes/:slug,234.600000,0.000000,42,47,50,51,55,57,63,67,82,160,160,178575,2,54,73.31658909309762,27.31879999919329,803.4483999999793,2905.766871062579
1746378834,333,POST,POST /pastes,22.700000,0.000000,45,51,54,55,58,62,65,72,87,87,87,17714,0,57,76.81157906740313,29.790000000502914,800.2605000001495,2852.5539121598736
1746378834,333,,Aggregated,257.300000,0.000000,42,47,50,51,55,58,63,67,85,160,160,196289,2,55,73.631992668463,27.31879999919329,803.4483999999793,2900.9646949141315
1746378835,333,GET,GET /pastes/:slug,234.900000,0.000000,42,47,50,51,54,57,63,66,82,160,160,178814,2,54,73.27464423255384,27.31879999919329,803.4483999999793,2905.8532273759324
1746378835,333,POST,POST /pastes,22.000000,0.000000,45,50,54,55,58,62,65,72,87,87,87,17737,0,57,76.76913131871123,29.790000000502914,800.2605000001495,2853.0262163838306
1746378835,333,,Aggregated,256.900000,0.000000,42,47,50,51,55,58,63,66,85,160,160,196551,2,55,73.58999097435226,27.31879999919329,803.4483999999793,2901.086054001252
1746378836,333,GET,GET /pastes/:slug,236.000000,0.000000,42,47,50,51,54,57,63,66,82,160,160,179048,2,54,73.23673705710131,27.31879999919329,803.4483999999793,2905.8244995755326
1746378836,333,POST,POST /pastes,21.400000,0.000000,45,50,54,54,58,62,65,72,87,87,87,17758,0,57,76.73446464691854,29.790000000502914,800.2605000001495,2853.2461988962723
1746378836,333,,Aggregated,257.400000,0.000000,42,47,50,51,55,58,63,66,85,160,160,196806,2,54,73.55234047640775,27.31879999919329,803.4483999999793,2901.0803075109498
1746378838,333,GET,GET /pastes/:slug,233.600000,0.000000,42,46,49,51,55,57,63,65,78,160,160,179286,2,54,73.1970656983807,27.31879999919329,803.4483999999793,2905.889918900528
1746378838,333,POST,POST /pastes,21.900000,0.000000,44,50,53,55,58,61,65,76,87,87,87,17780,0,57,76.70065389201264,29.790000000502914,800.2605000001495,2853.688188976378
1746378838,333,,Aggregated,255.500000,0.000000,42,47,50,51,55,58,63,66,82,160,160,197066,2,54,73.51317196776671,27.31879999919329,803.4483999999793,2901.18009194889
1746378839,333,GET,GET /pastes/:slug,232.600000,0.000000,42,46,50,51,55,58,63,66,78,160,160,179524,2,54,73.15814776408652,27.31879999919329,803.4483999999793,2905.6755976916734
1746378839,333,POST,POST /pastes,22.400000,0.000000,45,51,54,55,58,62,66,76,87,87,87,17805,0,57,76.66136215669678,29.790000000502914,800.2605000001495,2853.943555181129
1746378839,333,,Aggregated,255.000000,0.000000,42,47,50,51,55,58,63,66,82,160,160,197329,2,54,73.47424287560321,27.31879999919329,803.4483999999793,2901.0078143607884
1746378840,333,GET,GET /pastes/:slug,232.600000,0.000000,42,47,50,51,55,59,64,66,82,160,160,179743,2,54,73.12381197821252,27.31879999919329,803.4483999999793,2905.625298342634
1746378840,333,POST,POST /pastes,22.400000,0.000000,46,51,54,55,58,63,68,76,87,87,87,17828,0,57,76.62518121494203,29.790000000502914,800.2605000001495,2854.07959389724
1746378840,333,,Aggregated,255.000000,0.000000,42,47,50,52,55,59,64,67,82,160,160,197571,2,54,73.43976123570711,27.31879999919329,803.4483999999793,2900.9740245278913
1746378841,333,GET,GET /pastes/:slug,233.800000,0.000000,42,47,50,52,55,59,63,66,78,82,82,179995,2,54,73.08351049640196,27.067500001066946,803.4483999999793,2905.6869135253755
1746378841,333,POST,POST /pastes,22.200000,0.000000,47,52,55,56,60,63,68,79,87,87,87,17853,0,57,76.5875187755552,29.790000000502914,800.2605000001495,2854.157956645942
1746378841,333,,Aggregated,256.000000,0.000000,42,48,50,52,56,59,64,66,82,87,87,197848,2,54,73.39969797268563,27.067500001066946,803.4483999999793,2901.0371497311066
1746378842,333,GET,GET /pastes/:slug,233.300000,0.000000,42,47,50,51,55,58,63,65,78,82,82,180238,2,54,73.04275369400386,27.067500001066946,803.4483999999793,2905.5919672876976
1746378842,333,POST,POST /pastes,22.200000,0.000000,47,51,54,55,60,63,68,79,87,87,87,17873,0,57,76.55335309125375,29.790000000502914,800.2605000001495,2853.9974262854585
1746378842,333,,Aggregated,255.500000,0.000000,42,47,50,52,55,59,63,66,82,87,87,198111,2,54,73.35946979269144,27.067500001066946,803.4483999999793,2900.9372573961064
1746378843,333,GET,GET /pastes/:slug,235.600000,0.000000,42,47,50,52,55,59,64,67,78,82,82,180469,2,54,73.00656112074581,27.067500001066946,803.4483999999793,2905.538818301204
1746378843,333,POST,POST /pastes,22.800000,0.000000,47,52,55,56,60,62,68,79,87,87,87,17895,0,57,76.52178146968302,29.790000000502914,800.2605000001495,2854.502766135792
1746378843,333,,Aggregated,258.400000,0.000000,43,48,50,52,56,60,64,68,82,87,87,198364,2,54,73.32367948972545,27.067500001066946,803.4483999999793,2900.934705894215
1746378844,333,GET,GET /pastes/:slug,235.600000,0.000000,42,48,50,52,56,60,65,72,88,91,91,180712,2,54,72.97218850878672,27.067500001066946,803.4483999999793,2905.488346097658
1746378844,333,POST,POST /pastes,21.800000,0.000000,48,53,55,56,60,65,71,79,79,79,79,17917,0,57,76.4921802143206,29.790000000502914,800.2605000001495,2854.577384606798
1746378844,333,,Aggregated,257.400000,0.000000,43,48,51,53,57,61,66,72,88,91,91,198629,2,54,73.28970353120587,27.067500001066946,803.4483999999793,2900.8960071288684
1746378845,333,GET,GET /pastes/:slug,234.900000,0.000000,42,48,51,52,57,61,67,72,88,91,91,180932,2,54,72.93722934804158,27.067500001066946,803.4483999999793,2905.704060088873
1746378845,333,POST,POST /pastes,22.000000,0.000000,48,54,56,57,61,65,76,79,79,79,79,17937,0,57,76.46249972124575,29.790000000502914,800.2605000001495,2854.261470703016
1746378845,333,,Aggregated,256.900000,0.000000,43,48,51,53,57,61,67,74,88,91,91,198869,2,54,73.25519129627993,27.067500001066946,803.4483999999793,2901.06419301148
1746378846,333,GET,GET /pastes/:slug,234.900000,0.000000,42,48,51,52,56,60,66,70,88,91,91,181180,2,54,72.89565165691498,27.067500001066946,803.4483999999793,2905.84411082901
1746378846,333,POST,POST /pastes,22.800000,0.000000,48,53,55,56,61,65,76,79,79,79,79,17956,0,57,76.42827524504253,29.790000000502914,800.2605000001495,2853.942526175095
1746378846,333,,Aggregated,257.700000,0.000000,43,48,51,53,57,61,67,71,88,91,91,199136,2,54,73.21418667393081,27.067500001066946,803.4483999999793,2901.1641692109915
1746378847,333,GET,GET /pastes/:slug,235.200000,0.000000,42,48,50,52,56,60,66,70,88,91,91,181415,2,54,72.85686260176867,27.067500001066946,803.4483999999793,2905.9724223465537
1746378847,333,POST,POST /pastes,22.300000,0.000000,47,53,55,56,60,65,76,79,79,79,79,17976,0,57,76.3939330941249,29.790000000502914,800.2605000001495,2853.8988095238096
1746378847,333,,Aggregated,257.500000,0.000000,43,48,51,53,56,60,67,71,88,91,91,199391,2,54,73.17574549603492,27.067500001066946,803.4483999999793,2901.277750751037
1746378848,533,GET,GET /pastes/:slug,235.900000,0.000000,45,51,54,57,100,360,450,470,490,500,500,181802,2,54,73.1561636918179,27.067500001066946,803.4483999999793,2906.103029669641
1746378848,533,POST,POST /pastes,21.700000,0.000000,51,56,58,62,140,310,400,430,460,460,460,18012,0,57,76.6660488341097,29.790000000502914,800.2605000001495,2854.3084055074396
1746378848,533,,Aggregated,257.600000,0.000000,45,51,55,57,110,350,440,470,490,500,500,199814,2,54,73.4725581946205,27.067500001066946,803.4483999999793,2901.4340636792217
1746378849,733,GET,GET /pastes/:slug,235.500000,0.000000,47,55,62,82,310,430,470,490,520,520,520,182179,2,54,73.42978352444503,27.067500001066946,803.4483999999793,2906.019914479715
1746378849,733,POST,POST /pastes,21.600000,0.000000,53,60,76,110,300,400,470,470,500,500,500,18045,0,57,76.91619356608385,29.790000000502914,800.2605000001495,2854.3240786921583
1746378849,733,,Aggregated,257.100000,0.000000,48,55,63,85,310,430,470,490,520,520,520,200224,2,54,73.74399295588887,27.067500001066946,803.4483999999793,2901.3608758190826
1746378850,933,GET,GET /pastes/:slug,246.600000,0.000000,53,93,130,190,410,480,490,510,600,1600,1600,182745,2,54,73.88838302333784,27.067500001066946,1632.5861000004807,2905.9084133628826
1746378850,933,POST,POST /pastes,23.000000,0.000000,61,120,170,250,390,470,490,510,530,530,530,18112,0,57,77.45131506735771,29.790000000502914,800.2605000001495,2854.8430874558303
1746378850,933,,Aggregated,269.600000,0.000000,54,97,130,210,400,480,490,510,590,1600,1600,200857,2,54,74.20966545402896,27.067500001066946,1632.5861000004807,2901.303668779281
1746378851,1000,GET,GET /pastes/:slug,261.000000,0.000000,70,120,180,240,440,490,590,600,650,1600,1600,183500,2,54,74.35108561798293,27.067500001066946,1632.5861000004807,2905.799068119891
1746378851,1000,POST,POST /pastes,23.500000,0.000000,94,130,220,250,390,480,590,600,620,620,620,18196,0,57,77.89307573642434,29.790000000502914,800.2605000001495,2854.6660255001098
1746378851,1000,,Aggregated,284.500000,0.000000,72,120,190,240,430,490,590,600,650,1600,1600,201696,2,54,74.67062617503517,27.067500001066946,1632.5861000004807,2901.186101856259
1746378852,1000,GET,GET /pastes/:slug,294.600000,0.000000,64,110,150,220,410,490,590,600,650,1600,1600,184126,2,54,74.28634755602094,27.067500001066946,1632.5861000004807,2905.7179594408176
1746378852,1000,POST,POST /pastes,27.700000,0.000000,77,120,190,230,340,480,530,600,620,620,620,18255,0,57,77.82707740892776,29.790000000502914,800.2605000001495,2855.1207888249796
1746378852,1000,,Aggregated,322.300000,0.000000,65,110,150,220,400,490,590,600,650,1600,1600,202381,2,54,74.60572547917015,27.067500001066946,1632.5861000004807,2901.15403619905
1746378853,1000,GET,GET /pastes/:slug,347.000000,0.000000,64,100,130,180,370,480,590,600,650,1600,1600,184876,2,54,74.24757629654412,27.067500001066946,1632.5861000004807,2905.829950885999
1746378853,1000,POST,POST /pastes,34.000000,0.000000,71,120,140,220,310,470,510,600,620,620,620,18334,0,57,77.77427200828934,29.790000000502914,800.2605000001495,2855.48761863205
1746378853,1000,,Aggregated,381.000000,0.000000,64,100,130,180,360,480,590,600,650,1600,1600,203210,2,54,74.56576161803017,27.067500001066946,1632.5861000004807,2901.2879681118056
1746378854,1000,GET,GET /pastes/:slug,387.500000,0.000000,63,89,120,150,330,480,580,600,650,1600,1600,185536,2,54,74.18449187219673,27.067500001066946,1632.5861000004807,2905.660082140393
1746378854,1000,POST,POST /pastes,38.200000,0.000000,70,110,130,180,300,470,510,600,620,620,620,18396,0,57,77.72195822461241,29.790000000502914,800.2605000001495,2855.7060774081324
1746378854,1000,,Aggregated,425.700000,0.000000,63,91,120,150,320,480,580,600,650,1600,1600,203932,2,54,74.50359447021513,27.067500001066946,1632.5861000004807,2901.1539042425907
1746378855,1000,GET,GET /pastes/:slug,435.400000,0.000000,64,85,110,140,300,470,530,600,650,1600,1600,186245,2,54,74.15653420064915,27.067500001066946,1632.5861000004807,2905.108915675589
1746378855,1000,POST,POST /pastes,43.500000,0.000000,70,97,120,150,290,460,500,600,620,620,620,18464,0,57,77.68788407712128,29.790000000502914,800.2605000001495,2856.7072140381283
1746378855,1000,,Aggregated,478.900000,0.000000,65,86,120,140,300,470,530,600,650,1600,1600,204709,2,55,74.47504899051786,27.067500001066946,1632.5861000004807,2900.7432599446042
1746378856,1000,GET,GET /pastes/:slug,478.000000,0.000000,65,81,110,130,280,460,520,590,650,1600,1600,186936,2,54,74.11402360914931,27.067500001066946,1632.5861000004807,2905.060699918689
1746378856,1000,POST,POST /pastes,47.300000,0.000000,71,91,120,140,260,430,490,600,620,620,620,18534,0,57,77.65550861659496,29.790000000502914,800.2605000001495,2856.8920902125824
1746378856,1000,,Aggregated,525.300000,0.000000,66,82,110,130,270,460,520,590,650,1600,1600,205470,2,55,74.43347600184927,27.067500001066946,1632.5861000004807,2900.7157492577994
1746378857,1000,GET,GET /pastes/:slug,524.700000,0.000000,64,76,91,110,220,450,510,590,650,1600,1600,187641,2,54,74.0686055126543,27.067500001066946,1632.5861000004807,2905.5073784514047
1746378857,1000,POST,POST /pastes,52.200000,0.000000,69,84,100,120,220,350,490,600,620,620,620,18601,0,58,77.62527451749733,29.790000000502914,800.2605000001495,2857.3730982205257
1746378857,1000,,Aggregated,576.900000,0.000000,64,77,92,110,220,450,510,590,650,1600,1600,206242,2,55,74.38938207688054,27.067500001066946,1632.5861000004807,2901.166139777543
1746378858,1000,GET,GET /pastes/:slug,569.100000,0.000000,63,73,84,96,150,270,500,590,650,1600,1600,188348,2,54,74.03544615764415,27.067500001066946,1632.5861000004807,2905.4107078386814
1746378858,1000,POST,POST /pastes,57.700000,0.000000,68,81,93,110,200,260,490,590,620,620,620,18651,0,58,77.59875992171841,29.790000000502914,800.2605000001495,2857.4399764087716
1746378858,1000,,Aggregated,626.800000,0.000000,63,74,84,97,150,270,500,590,650,1600,1600,206999,2,55,74.35650744303108,27.067500001066946,1632.5861000004807,2901.0884545335966
1746378859,1000,GET,GET /pastes/:slug,616.000000,0.000000,61,70,77,82,110,180,490,590,650,650,650,189039,2,54,74.0181971164677,27.067500001066946,1632.5861000004807,2905.3825083712886
1746378859,1000,POST,POST /pastes,61.300000,0.000000,66,75,83,88,110,220,280,590,620,620,620,18712,0,58,77.5881778110287,29.790000000502914,800.2605000001495,2856.792325780248
1746378859,1000,,Aggregated,677.300000,0.000000,62,70,77,83,110,190,490,590,650,650,650,207751,2,55,74.33974299955217,27.067500001066946,1632.5861000004807,2901.0060216316647
1746378860,1000,GET,GET /pastes/:slug,651.900000,0.000000,60,67,72,76,87,98,120,130,160,190,190,189723,2,54,74.004385564217,27.067500001066946,1632.5861000004807,2905.7105675115827
1746378860,1000,POST,POST /pastes,63.500000,0.000000,64,71,77,81,91,100,120,130,150,150,150,18774,0,58,77.56927464045854,29.790000000502914,800.2605000001495,2856.2939703845745
1746378860,1000,,Aggregated,715.400000,0.000000,60,68,73,77,87,98,120,130,160,190,190,208497,2,55,74.32538407986665,27.067500001066946,1632.5861000004807,2901.2608766552994
1746378861,1000,GET,GET /pastes/:slug,682.600000,0.000000,62,70,76,79,91,110,120,140,170,190,190,190408,2,54,74.01639419614695,27.067500001066946,1632.5861000004807,2905.9562255787573
1746378861,1000,POST,POST /pastes,66.300000,0.000000,66,74,80,83,93,110,120,140,170,170,170,18842,0,58,77.57768252839193,29.790000000502914,800.2605000001495,2856.0891625092877
1746378861,1000,,Aggregated,748.900000,0.000000,62,70,76,80,91,110,120,140,170,190,190,209250,2,55,74.33707182939044,27.067500001066946,1632.5861000004807,2901.465925925926
1746378862,1000,GET,GET /pastes/:slug,696.500000,0.000000,61,69,74,78,88,99,120,130,160,170,170,191106,2,54,73.95458450127117,27.067500001066946,1632.5861000004807,2905.896397810639
1746378862,1000,POST,POST /pastes,66.200000,0.000000,66,73,79,82,92,100,120,130,170,170,170,18914,0,58,77.51386660674486,29.790000000502914,800.2605000001495,2855.724225441472
1746378862,1000,,Aggregated,762.700000,0.000000,62,69,75,79,89,99,120,130,170,170,170,210020,2,55,74.27512664841416,27.067500001066946,1632.5861000004807,2901.3779878106848
1746378863,1000,GET,GET /pastes/:slug,687.800000,0.000000,61,69,75,79,89,100,120,130,160,170,170,191795,2,54,73.89853750254139,27.067500001066946,1632.5861000004807,2905.6984175812718
1746378863,1000,POST,POST /pastes,64.100000,0.000000,65,73,78,82,91,100,120,130,170,170,170,18997,0,58,77.43278878770174,29.790000000502914,800.2605000001495,2856.3099436753173
1746378863,1000,,Aggregated,751.900000,0.000000,62,70,75,79,89,100,120,130,170,170,170,210792,2,55,74.21705135346664,27.067500001066946,1632.5861000004807,2901.247428744924
1746378864,1000,GET,GET /pastes/:slug,691.900000,0.000000,60,68,74,77,88,99,120,130,160,170,170,192481,2,54,73.82864609078267,27.067500001066946,1632.5861000004807,2905.7386547243623
1746378864,1000,POST,POST /pastes,65.600000,0.000000,64,71,77,81,91,98,110,120,170,170,170,19080,0,58,77.35498625261884,29.790000000502914,800.2605000001495,2855.2982704402516
1746378864,1000,,Aggregated,757.500000,0.000000,60,68,74,78,88,99,120,130,170,170,170,211561,2,55,74.1466752657624,27.067500001066946,1632.5861000004807,2901.189600162601
1746378865,1000,GET,GET /pastes/:slug,690.000000,0.000000,59,67,73,77,88,100,120,130,160,170,170,193156,2,54,73.784030834144,27.067500001066946,1632.5861000004807,2905.7502899211
1746378865,1000,POST,POST /pastes,65.200000,0.000000,63,70,76,80,91,100,110,120,170,170,170,19149,0,58,77.30453625776659,29.790000000502914,800.2605000001495,2856.2111337406654
1746378865,1000,,Aggregated,755.200000,0.000000,60,68,73,77,89,100,120,130,170,170,170,212305,2,55,74.10156531687878,27.067500001066946,1632.5861000004807,2901.282070605968
1746378866,1000,GET,GET /pastes/:slug,691.000000,0.000000,59,66,72,76,88,100,120,130,160,170,170,193879,2,54,73.71593721599486,27.067500001066946,1632.5861000004807,2905.999834948602
1746378866,1000,POST,POST /pastes,67.500000,0.000000,63,69,75,79,91,99,110,120,170,170,170,19215,0,58,77.24242480353715,29.790000000502914,800.2605000001495,2855.7260473588344
1746378866,1000,,Aggregated,758.500000,0.000000,59,67,72,76,88,100,120,130,170,170,170,213094,2,55,74.03392579847338,27.067500001066946,1632.5861000004807,2901.4665734370747
1746378867,1000,GET,GET /pastes/:slug,685.900000,0.000000,57,64,70,74,85,97,120,130,160,170,170,194545,2,54,73.63915966126024,27.067500001066946,1632.5861000004807,2906.3005988331747
1746378867,1000,POST,POST /pastes,67.100000,0.000000,61,67,72,76,86,95,110,120,170,170,170,19289,0,58,77.15669447871704,29.790000000502914,800.2605000001495,2855.01643423713
1746378867,1000,,Aggregated,753.000000,0.000000,58,64,70,74,85,96,120,130,170,170,170,213834,2,55,73.9564606007459,27.067500001066946,1632.5861000004807,2901.6744858161005
1746378868,1000,GET,GET /pastes/:slug,689.900000,0.000000,56,63,68,72,84,95,120,130,160,170,170,195233,2,54,73.58494225566315,27.067500001066946,1632.5861000004807,2906.4156469449326
1746378868,1000,POST,POST /pastes,67.300000,0.000000,59,66,70,74,85,92,110,120,170,170,170,19367,0,58,77.08534521092432,29.790000000502914,800.2605000001495,2855.8170599473333
1746378868,1000,,Aggregated,757.200000,0.000000,56,63,68,72,84,95,120,130,170,170,170,214600,2,55,73.90084302003682,27.067500001066946,1632.5861000004807,2901.8492777260017
1746378869,1000,GET,GET /pastes/:slug,690.600000,0.000000,54,60,65,68,80,92,110,130,160,170,170,195939,2,54,73.50229152542306,27.067500001066946,1632.5861000004807,2906.6569544603167
1746378869,1000,POST,POST /pastes,69.300000,0.000000,57,63,68,71,81,92,110,110,170,170,170,19440,0,58,76.9973850514388,29.790000000502914,800.2605000001495,2856.618672839506
1746378869,1000,,Aggregated,759.900000,0.000000,55,61,65,68,80,92,110,130,170,170,170,215379,2,55,73.81775690573313,27.067500001066946,1632.5861000004807,2902.140524377957
1746378870,1000,GET,GET /pastes/:slug,688.400000,0.000000,54,59,63,65,74,85,99,110,140,160,160,196675,2,54,73.45698129757122,27.067500001066946,1632.5861000004807,2906.671666454811
1746378870,1000,POST,POST /pastes,71.200000,0.000000,56,62,66,69,76,87,97,100,120,120,120,19491,0,58,76.96653220973647,29.790000000502914,800.2605000001495,2857.104663690934
1746378870,1000,,Aggregated,759.600000,0.000000,54,59,63,66,74,86,99,110,140,160,160,216166,2,55,73.77342632976435,27.067500001066946,1632.5861000004807,2902.202367624881
1746378871,1000,GET,GET /pastes/:slug,689.000000,0.000000,53,59,63,65,75,88,100,110,140,160,160,197374,2,54,73.40431981365289,27.067500001066946,1632.5861000004807,2906.5508476293735
1746378871,1000,POST,POST /pastes,72.400000,0.000000,56,62,66,69,78,88,98,110,120,120,120,19564,0,58,76.91389499590967,29.790000000502914,800.2605000001495,2856.318135350644
1746378871,1000,,Aggregated,761.400000,0.000000,54,59,63,66,75,88,100,110,140,160,160,216938,2,55,73.7208218965785,27.067500001066946,1632.5861000004807,2902.0207386442207
1746378872,1000,GET,GET /pastes/:slug,688.900000,0.000000,53,58,62,64,73,84,97,110,130,160,160,198059,2,54,73.3234085454329,27.067500001066946,1632.5861000004807,2906.5037135399048
1746378872,1000,POST,POST /pastes,71.500000,0.000000,56,61,66,68,77,87,98,100,120,120,120,19633,0,58,76.830004370192,29.790000000502914,800.2605000001495,2856.0726328121023
1746378872,1000,,Aggregated,760.400000,0.000000,53,58,62,65,73,85,97,110,130,160,160,217692,2,55,73.63965808986974,27.067500001066946,1632.5861000004807,2901.9554829759477
1746378873,1000,GET,GET /pastes/:slug,687.900000,0.000000,53,59,63,66,75,88,100,110,140,160,160,198760,2,54,73.29064874471676,27.067500001066946,1632.5861000004807,2906.5571845441737
1746378873,1000,POST,POST /pastes,71.600000,0.000000,56,63,67,69,79,95,100,110,140,140,140,19715,0,58,76.80212048693755,29.790000000502914,800.2605000001495,2856.3567841744866
1746378873,1000,,Aggregated,759.500000,0.000000,54,59,63,66,76,89,100,110,140,160,160,218475,2,55,73.60752099736779,27.067500001066946,1632.5861000004807,2902.027142693672
1746378874,1000,GET,GET /pastes/:slug,688.200000,0.000000,53,58,62,65,74,86,99,110,130,150,150,199443,2,54,73.21265987224366,27.067500001066946,1632.5861000004807,2906.55032766254
1746378874,1000,POST,POST /pastes,71.000000,0.000000,56,62,66,69,79,95,100,110,140,140,140,19779,0,58,76.72792491025741,29.790000000502914,800.2605000001495,2855.253400070782
1746378874,1000,,Aggregated,759.200000,0.000000,53,58,62,65,74,86,99,110,140,150,150,219222,2,55,73.52981977036943,27.067500001066946,1632.5861000004807,2901.9221337274544
1746378875,1000,GET,GET /pastes/:slug,685.100000,0.000000,53,58,61,64,72,84,98,110,130,150,150,200134,2,54,73.14605967201928,27.067500001066946,1632.5861000004807,2906.4787692246196
1746378875,1000,POST,POST /pastes,71.600000,0.000000,55,61,65,67,76,91,100,110,140,140,140,19861,0,58,76.6405953275258,29.790000000502914,800.2605000001495,2855.1288958259906
1746378875,1000,,Aggregated,756.700000,0.000000,53,58,62,64,73,85,99,110,140,150,150,219995,2,55,73.46154399054498,27.067500001066946,1632.5861000004807,2901.842937339485
1746378876,1000,GET,GET /pastes/:slug,691.000000,0.000000,54,59,64,66,78,92,110,120,160,190,190,200841,2,54,73.13795341787753,27.067500001066946,1632.5861000004807,2906.366434144423
1746378876,1000,POST,POST /pastes,70.100000,0.000000,56,62,66,69,81,97,110,130,180,180,180,19934,0,58,76.61896279221398,29.790000000502914,800.2605000001495,2855.4608207083375
1746378876,1000,,Aggregated,761.100000,0.000000,54,59,64,67,79,92,110,120,160,190,190,220775,2,55,73.4522573058543,27.067500001066946,1632.5861000004807,2901.7701143698337
1746378877,1000,GET,GET /pastes/:slug,695.800000,0.000000,55,61,65,68,81,93,110,120,160,190,190,201531,2,54,73.1208675712418,27.067500001066946,1632.5861000004807,2906.4529526474835
1746378877,1000,POST,POST /pastes,71.300000,0.000000,57,63,67,71,83,97,120,130,180,180,180,20001,0,58,76.59984733263325,29.790000000502914,800.2605000001495,2855.7319134043296
1746378877,1000,,Aggregated,767.100000,0.000000,55,61,65,69,81,93,110,120,160,190,190,221532,2,55,73.4349669979957,27.067500001066946,1632.5861000004807,2901.873607424661
1746378878,1000,GET,GET /pastes/:slug,691.300000,0.000000,56,62,67,70,84,95,110,120,160,190,190,202260,2,54,73.08057242311867,27.067500001066946,1632.5861000004807,2906.397013744685
1746378878,1000,POST,POST /pastes,71.000000,0.000000,58,65,70,73,88,100,120,130,180,180,180,20056,0,58,76.57306360690025,29.790000000502914,800.2605000001495,2855.5049860390905
1746378878,1000,,Aggregated,762.300000,0.000000,56,62,67,71,84,96,110,120,160,190,190,222316,2,55,73.39564377732607,27.067500001066946,1632.5861000004807,2901.8058439338597
1746378879,1000,GET,GET /pastes/:slug,688.700000,0.000000,56,62,67,71,84,95,110,120,160,190,190,202920,2,54,73.03452519909288,27.067500001066946,1632.5861000004807,2906.4691849004535
1746378879,1000,POST,POST /pastes,70.500000,0.000000,58,65,70,73,88,100,120,130,180,180,180,20120,0,58,76.5261404075542,29.790000000502914,800.2605000001495,2855.326640159046
1746378879,1000,,Aggregated,759.200000,0.000000,56,62,67,71,85,96,110,120,160,190,190,223040,2,55,73.34949694404577,27.067500001066946,1632.5861000004807,2901.8557164634144
1746378880,1000,GET,GET /pastes/:slug,688.700000,0.000000,55,61,66,70,82,93,110,120,160,190,190,203653,2,54,72.96774762119841,27.067500001066946,1632.5861000004807,2906.296111523032
1746378880,1000,POST,POST /pastes,68.500000,0.000000,58,64,69,72,86,98,120,130,180,180,180,20183,0,58,76.47290436010442,29.790000000502914,800.2605000001495,2854.8606748253483
1746378880,1000,,Aggregated,757.200000,0.000000,55,61,66,70,82,94,110,120,160,190,190,223836,2,55,73.28380302989673,27.067500001066946,1632.5861000004807,2901.6582453224682
1746378881,1000,GET,GET /pastes/:slug,692.900000,0.000000,57,66,73,80,100,120,160,170,190,200,200,204344,2,54,73.10497600125255,27.067500001066946,1632.5861000004807,2906.5618369024783
1746378881,1000,POST,POST /pastes,68.000000,0.000000,60,67,74,81,100,130,160,170,200,200,200,20238,0,58,76.5842656932497,29.790000000502914,800.2605000001495,2854.4622986461113
1746378881,1000,,Aggregated,760.900000,0.000000,58,66,73,80,100,120,160,170,190,200,200,224582,2,55,73.41850898602733,27.067500001066946,1632.5861000004807,2901.866935017054
1746378882,1000,GET,GET /pastes/:slug,692.700000,0.000000,58,67,75,82,100,130,160,170,190,200,200,205028,2,55,73.09308382952534,27.067500001066946,1632.5861000004807,2906.4916938174297
1746378882,1000,POST,POST /pastes,68.600000,0.000000,61,68,76,84,100,130,160,170,200,200,200,20307,0,58,76.57038364110953,29.790000000502914,800.2605000001495,2855.287388585217
1746378882,1000,,Aggregated,761.300000,0.000000,59,67,75,82,100,130,160,170,190,200,200,225335,2,55,73.40645515343812,27.067500001066946,1632.5861000004807,2901.8772050502585
1746378883,1000,GET,GET /pastes/:slug,686.600000,0.000000,59,68,76,83,100,130,160,170,190,200,200,205739,2,55,73.05917356262002,27.067500001066946,1632.5861000004807,2906.626079644598
1746378883,1000,POST,POST /pastes,66.200000,0.000000,63,72,79,86,110,130,160,170,200,200,200,20382,0,58,76.5666005053483,29.790000000502914,800.2605000001495,2855.262780885095
1746378883,1000,,Aggregated,752.800000,0.000000,60,68,76,83,100,130,160,170,190,200,200,226121,2,55,73.37532454349633,27.067500001066946,1632.5861000004807,2901.9963161316286
1746378884,1000,GET,GET /pastes/:slug,691.500000,0.000000,60,69,76,83,100,130,160,170,190,200,200,206400,2,55,73.006089730135,27.067500001066946,1632.5861000004807,2907.0036579457364
1746378884,1000,POST,POST /pastes,66.700000,0.000000,64,72,80,87,110,130,160,170,200,200,200,20452,0,58,76.50428986896216,29.790000000502914,800.2605000001495,2855.4192255036182
1746378884,1000,,Aggregated,758.200000,0.000000,60,69,76,83,100,130,160,170,190,200,200,226852,2,55,73.32147239918503,27.067500001066946,1632.5861000004807,2902.3530275245535
1746378885,1000,GET,GET /pastes/:slug,695.800000,0.000000,59,68,74,81,100,130,160,170,190,200,200,207125,2,55,72.97370473144181,27.067500001066946,1632.5861000004807,2907.0697887748943
1746378885,1000,POST,POST /pastes,67.100000,0.000000,64,72,78,86,110,140,160,170,200,200,200,20510,0,58,76.47854338859196,29.790000000502914,800.2605000001495,2855.8987323256947
1746378885,1000,,Aggregated,762.900000,0.000000,60,68,75,82,100,130,160,170,190,200,200,227635,2,55,73.28949202626991,27.067500001066946,1632.5861000004807,2902.459257144112
1746378886,1000,GET,GET /pastes/:slug,690.700000,0.000000,59,66,73,79,100,130,160,170,190,200,200,207847,2,55,72.92866867310991,27.067500001066946,1632.5861000004807,2906.9614476032853
1746378886,1000,POST,POST /pastes,66.800000,0.000000,63,72,77,85,110,140,160,170,200,200,200,20577,0,58,76.43877152160277,29.790000000502914,800.2605000001495,2855.5263643874227
1746378886,1000,,Aggregated,757.500000,0.000000,59,67,73,80,100,130,160,170,190,200,200,228424,2,55,73.24486743643372,27.067500001066946,1632.5861000004807,2902.3280478408574
1746378887,1000,GET,GET /pastes/:slug,690.500000,0.000000,59,67,74,81,100,130,160,170,190,200,200,208532,2,55,72.9031882315416,27.067500001066946,1632.5861000004807,2907.234136727217
1746378887,1000,POST,POST /pastes,65.300000,0.000000,64,72,78,86,110,130,160,170,200,200,200,20646,0,58,76.41456478736849,29.790000000502914,800.2605000001495,2855.876537828151
1746378887,1000,,Aggregated,755.800000,0.000000,60,68,74,81,100,130,160,170,190,200,200,229178,2,55,73.21951824738794,27.067500001066946,1632.5861000004807,2902.607475412125
1746378888,1000,GET,GET /pastes/:slug,696.000000,0.000000,59,67,74,82,110,130,160,170,190,200,200,209215,2,55,72.87253369213404,27.067500001066946,1632.5861000004807,2907.2336926128623
1746378888,1000,POST,POST /pastes,64.100000,0.000000,64,72,78,87,110,140,160,170,200,200,200,20714,0,58,76.38476282224617,29.790000000502914,800.2605000001495,2855.330549386888
1746378888,1000,,Aggregated,760.100000,0.000000,60,68,75,82,110,130,160,170,190,200,200,229929,2,55,73.18894577673944,27.067500001066946,1632.5861000004807,2902.557806975197
1746378889,1000,GET,GET /pastes/:slug,697.500000,0.000000,62,71,79,87,110,130,160,170,190,200,200,209902,2,55,72.89458013501459,27.067500001066946,1632.5861000004807,2907.1579689569417
1746378889,1000,POST,POST /pastes,64.100000,0.000000,67,74,83,90,110,140,160,170,200,200,200,20786,0,58,76.39514487154867,29.790000000502914,800.2605000001495,2855.7701818531705
1746378889,1000,,Aggregated,761.600000,0.000000,62,71,80,87,110,130,160,170,190,200,200,230688,2,55,73.20999636218586,27.067500001066946,1632.5861000004807,2902.5277040851715
1746378890,1000,GET,GET /pastes/:slug,698.900000,0.000000,62,71,78,84,100,120,150,160,190,200,200,210572,2,55,72.89707733174326,27.067500001066946,1632.5861000004807,2907.0869583800313
1746378890,1000,POST,POST /pastes,65.900000,0.000000,67,74,82,88,110,130,150,160,200,200,200,20854,0,58,76.38182314663918,29.790000000502914,800.2605000001495,2856.3101563249256
1746378890,1000,,Aggregated,764.800000,0.000000,63,71,78,85,100,120,150,160,190,200,200,231426,2,55,73.21109083594708,27.067500001066946,1632.5861000004807,2902.511416176229
1746378891,1000,GET,GET /pastes/:slug,689.800000,0.000000,62,70,76,82,97,110,130,140,160,170,170,211258,2,55,72.92241299453676,27.067500001066946,1632.5861000004807,2907.2110121273513
1746378891,1000,POST,POST /pastes,66.000000,0.000000,67,73,80,86,100,120,130,140,160,160,160,20931,0,58,76.4114444460379,29.790000000502914,800.2605000001495,2855.597439205007
1746378891,1000,,Aggregated,755.800000,0.000000,63,71,77,82,97,110,130,140,160,170,170,232189,2,55,73.23693658226665,27.067500001066946,1632.5861000004807,2902.558234886235
1746378892,1000,GET,GET /pastes/:slug,693.000000,0.000000,63,71,78,84,100,110,130,140,160,170,170,211994,2,55,72.92037553845786,27.067500001066946,1632.5861000004807,2906.8793597932017
1746378892,1000,POST,POST /pastes,66.200000,0.000000,67,74,81,89,110,120,140,140,160,160,160,21014,0,58,76.42794043018976,29.790000000502914,800.2605000001495,2854.7540211287715
1746378892,1000,,Aggregated,759.200000,0.000000,63,71,78,85,100,110,130,140,160,170,170,233008,2,55,73.23670789028694,27.067500001066946,1632.5861000004807,2902.178397308247
1746378893,1000,GET,GET /pastes/:slug,696.400000,0.000000,64,72,79,86,100,110,130,140,160,170,170,212648,2,55,72.88717628945415,27.067500001066946,1632.5861000004807,2906.8027773597682
1746378893,1000,POST,POST /pastes,69.800000,0.000000,68,75,83,90,110,120,140,140,160,160,160,21072,0,58,76.40161806188323,29.790000000502914,800.2605000001495,2855.9682517084284
1746378893,1000,,Aggregated,766.200000,0.000000,64,72,80,86,100,110,130,140,160,170,170,233720,2,55,73.20403542443968,27.067500001066946,1632.5861000004807,2902.219578983399
1746378894,1000,GET,GET /pastes/:slug,684.400000,0.000000,64,73,80,86,100,110,130,140,160,170,170,213363,2,55,72.87838364899171,27.067500001066946,1632.5861000004807,2906.597263818
1746378894,1000,POST,POST /pastes,68.600000,0.000000,69,77,86,92,110,120,140,150,160,160,160,21136,0,58,76.40958482683575,29.790000000502914,800.2605000001495,2855.82470666162
1746378894,1000,,Aggregated,753.000000,0.000000,65,73,81,87,100,120,130,140,160,170,170,234499,2,55,73.19665992349633,27.067500001066946,1632.5861000004807,2902.021002221758
1746378895,1000,GET,GET /pastes/:slug,688.600000,0.000000,64,73,80,86,100,110,130,140,160,170,170,214050,2,55,72.81620025834987,27.067500001066946,1632.5861000004807,2906.6723849567857
1746378895,1000,POST,POST /pastes,68.900000,0.000000,68,76,85,91,110,120,140,150,160,160,160,21199,0,58,76.34582866172947,29.790000000502914,800.2605000001495,2855.7766404075664
1746378895,1000,,Aggregated,757.500000,0.000000,64,73,80,86,100,120,130,140,160,170,170,235249,2,55,73.13426576563513,27.067500001066946,1632.5861000004807,2902.086015243423
1746378896,1000,GET,GET /pastes/:slug,690.600000,0.000000,64,73,80,86,100,120,130,140,160,170,170,214744,2,55,72.79487069720116,27.067500001066946,1632.5861000004807,2906.75868010282
1746378896,1000,POST,POST /pastes,68.500000,0.000000,67,75,84,91,110,120,140,150,160,160,160,21254,0,58,76.31197529876714,29.790000000502914,800.2605000001495,2855.184435870895
1746378896,1000,,Aggregated,759.100000,0.000000,64,73,80,87,100,120,130,140,160,170,170,235998,2,55,73.11162143746914,27.067500001066946,1632.5861000004807,2902.1138992703327
1746378897,1000,GET,GET /pastes/:slug,694.400000,0.000000,64,73,81,88,100,120,140,150,190,210,210,215439,2,55,72.8009780169781,27.067500001066946,1632.5861000004807,2906.894443438746
1746378897,1000,POST,POST /pastes,68.400000,0.000000,67,76,85,92,110,130,150,150,190,190,190,21324,0,58,76.31161527855899,29.790000000502914,800.2605000001495,2855.02175951979
1746378897,1000,,Aggregated,762.800000,0.000000,64,74,81,88,110,120,140,150,190,210,210,236763,2,55,73.11716267828926,27.067500001066946,1632.5861000004807,2902.2225432183236
1746378898,1000,GET,GET /pastes/:slug,688.500000,0.000000,62,71,78,84,100,120,140,150,190,210,210,216131,2,55,72.7439680730656,27.067500001066946,1632.5861000004807,2907.0259888678625
1746378898,1000,POST,POST /pastes,67.700000,0.000000,65,73,82,88,110,130,150,150,190,190,190,21397,0,58,76.24919052670958,29.790000000502914,800.2605000001495,2854.7390288358183
1746378898,1000,,Aggregated,756.200000,0.000000,62,71,79,85,100,120,140,150,190,210,210,237528,2,55,73.0597255620384,27.067500001066946,1632.5861000004807,2902.3158743390254
1746378899,1000,GET,GET /pastes/:slug,689.400000,0.000000,61,70,77,82,100,120,140,150,190,210,210,216842,2,55,72.72811176524728,27.067500001066946,1632.5861000004807,2907.088958781048
1746378899,1000,POST,POST /pastes,67.800000,0.000000,64,73,81,88,110,130,150,150,190,190,190,21463,0,58,76.2361319759586,29.790000000502914,800.2605000001495,2854.4141545916227
1746378899,1000,,Aggregated,757.200000,0.000000,61,70,77,82,100,120,140,150,190,210,210,238305,2,55,73.04406249134482,27.067500001066946,1632.5861000004807,2902.344789240679
1746378900,1000,GET,GET /pastes/:slug,690.000000,0.000000,59,67,73,78,99,120,140,150,190,210,210,217545,2,55,72.66623333792882,27.067500001066946,1632.5861000004807,2907.0352616699993
1746378900,1000,POST,POST /pastes,67.000000,0.000000,62,71,78,85,110,120,150,150,190,190,190,21518,0,58,76.1839844223443,29.790000000502914,800.2605000001495,2853.9738358583513
1746378900,1000,,Aggregated,757.000000,0.000000,59,67,74,79,99,120,140,150,190,210,210,239063,2,55,72.98286522088276,27.067500001066946,1632.5861000004807,2902.2592161898747
1746378901,1000,GET,GET /pastes/:slug,688.100000,0.000000,57,65,71,75,93,110,140,150,190,210,210,218255,2,55,72.62267812054598,27.067500001066946,1632.5861000004807,2906.702270280177
1746378901,1000,POST,POST /pastes,67.500000,0.000000,61,69,75,81,100,120,140,150,190,190,190,21587,0,58,76.14890538286897,29.790000000502914,800.2605000001495,2853.894705146616
1746378901,1000,,Aggregated,755.600000,0.000000,58,65,71,75,93,110,140,150,190,210,210,239842,2,55,72.94005651095247,27.067500001066946,1632.5861000004807,2901.949320802862
1746378902,1000,GET,GET /pastes/:slug,689.600000,0.000000,57,64,69,73,89,110,130,150,190,210,210,218922,2,55,72.5873488415955,27.067500001066946,1632.5861000004807,2906.85487982021
1746378902,1000,POST,POST /pastes,66.900000,0.000000,60,68,73,77,96,120,150,150,190,190,190,21642,0,58,76.12794271786304,29.790000000502914,800.2605000001495,2853.0857591719805
1746378902,1000,,Aggregated,756.500000,0.000000,57,64,70,74,90,110,130,150,190,210,210,240564,2,55,72.90587336176588,27.067500001066946,1632.5861000004807,2902.0176169335396
1746378903,1000,GET,GET /pastes/:slug,695.200000,0.000000,56,63,69,74,92,110,140,160,190,210,210,219611,2,55,72.5816539198845,27.067500001066946,1632.5861000004807,2906.5816375318177
1746378903,1000,POST,POST /pastes,65.000000,0.000000,60,68,73,77,97,120,150,160,190,190,190,21713,0,58,76.12563045180289,29.790000000502914,800.2605000001495,2852.680652143877
1746378903,1000,,Aggregated,760.200000,0.000000,57,64,69,74,92,110,140,160,190,210,210,241324,2,55,72.90052134474745,27.067500001066946,1632.5861000004807,2901.7319247153205
1746378904,1000,GET,GET /pastes/:slug,702.000000,0.000000,56,63,69,74,91,110,140,160,190,210,210,220277,2,55,72.54543344606896,27.067500001066946,1632.5861000004807,2906.6549571675664
1746378904,1000,POST,POST /pastes,64.600000,0.000000,60,67,72,77,96,120,150,160,190,190,190,21775,0,58,76.0880428105628,29.790000000502914,800.2605000001495,2852.860941446613
1746378904,1000,,Aggregated,766.600000,0.000000,57,64,69,74,91,110,140,160,190,210,210,242052,2,55,72.86412661494182,27.067500001066946,1632.5861000004807,2901.815647051047
1746378905,1000,GET,GET /pastes/:slug,698.100000,0.000000,56,63,68,72,87,110,130,160,190,510,510,220984,2,55,72.50282892924257,27.067500001066946,1632.5861000004807,2906.6045460304817
1746378905,1000,POST,POST /pastes,62.900000,0.000000,60,67,72,76,90,120,140,150,190,190,190,21850,0,58,76.03270078260941,29.790000000502914,800.2605000001495,2853.00114416476
1746378905,1000,,Aggregated,761.000000,0.000000,57,64,68,73,88,110,140,160,190,510,510,242834,2,55,72.8204438431189,27.067500001066946,1632.5861000004807,2901.781356811649
1746378906,1000,GET,GET /pastes/:slug,693.600000,0.000000,57,64,69,73,89,110,150,170,220,510,510,221704,2,55,72.5468783815345,27.067500001066946,1632.5861000004807,2906.611269981597
1746378906,1000,POST,POST /pastes,63.600000,0.000000,61,68,73,78,98,130,150,160,200,200,200,21923,0,58,76.08474326962582,29.790000000502914,800.2605000001495,2852.9435296264196
1746378906,1000,,Aggregated,757.200000,0.000000,57,64,70,74,89,110,150,170,220,510,510,243627,2,55,72.86523641221997,27.067500001066946,1632.5861000004807,2901.7819289323434
1746378907,900,GET,GET /pastes/:slug,690.200000,0.000000,58,65,72,78,100,140,190,240,260,510,510,222345,2,55,72.63556394072165,27.067500001066946,1632.5861000004807,2906.7395983718993
1746378907,900,POST,POST /pastes,64.800000,0.000000,62,70,77,83,110,140,190,250,260,260,260,21976,0,58,76.15714467146049,29.790000000502914,800.2605000001495,2853.071760101929
1746378907,900,,Aggregated,755.000000,0.000000,58,66,72,78,100,140,190,240,260,510,510,244321,2,55,72.95232041330843,27.067500001066946,1632.5861000004807,2901.9123243601657
1746378908,800,GET,GET /pastes/:slug,691.000000,0.000000,57,65,71,77,100,140,190,240,260,510,510,222944,2,55,72.58530062795936,27.067500001066946,1632.5861000004807,2906.8296702310895
1746378908,800,POST,POST /pastes,66.100000,0.000000,62,69,76,80,120,150,190,250,260,260,260,22019,0,58,76.11752729006862,29.790000000502914,800.2605000001495,2852.683636859076
1746378908,800,,Aggregated,757.100000,0.000000,58,65,72,77,100,140,190,240,260,510,510,244963,2,55,72.90280204194083,27.067500001066946,1632.5861000004807,2901.9626433379735
1746378909,700,GET,GET /pastes/:slug,671.900000,0.000000,57,65,71,76,100,140,200,240,260,510,510,223444,2,55,72.54768964348906,27.067500001066946,1632.5861000004807,2906.867371690446
1746378909,700,POST,POST /pastes,64.100000,0.000000,61,69,75,80,110,140,190,250,260,260,260,22069,0,58,76.06660921201762,29.790000000502914,800.2605000001495,2852.7582581902216
1746378909,700,,Aggregated,736.000000,0.000000,57,65,71,77,100,140,200,250,260,510,510,245513,2,55,72.86400297906815,27.067500001066946,1632.5861000004807,2902.0035395274385
1746378910,600,GET,GET /pastes/:slug,679.200000,0.000000,58,67,74,80,110,150,200,250,310,510,510,223893,2,55,72.54560335606634,27.067500001066946,1632.5861000004807,2906.914427874029
1746378910,600,POST,POST /pastes,63.300000,0.000000,62,70,77,84,120,150,190,250,260,260,260,22114,0,58,76.05702217147577,29.790000000502914,800.2605000001495,2852.5850592384913
1746378910,600,,Aggregated,742.500000,0.000000,58,67,74,81,110,150,200,250,260,510,510,246007,2,55,72.86125094204606,27.067500001066946,1632.5861000004807,2902.0306657940628
1746378911,500,GET,GET /pastes/:slug,671.500000,0.000000,56,65,72,78,110,150,210,250,310,510,510,224269,2,55,72.49523300991105,27.067500001066946,1632.5861000004807,2906.72922695513
1746378911,500,POST,POST /pastes,61.000000,0.000000,60,68,75,81,110,150,200,250,260,260,260,22152,0,58,76.00731528530235,29.790000000502914,800.2605000001495,2852.237044059227
1746378911,500,,Aggregated,732.500000,0.000000,57,65,72,78,110,150,200,250,260,510,510,246421,2,55,72.81095142094189,27.067500001066946,1632.5861000004807,2901.830655666522
1746378912,400,GET,GET /pastes/:slug,646.200000,0.000000,54,63,69,75,99,150,210,250,310,510,510,224585,2,55,72.45585265400508,27.067500001066946,1632.5861000004807,2906.5884052808515
1746378912,400,POST,POST /pastes,59.900000,0.000000,58,66,72,78,100,140,200,250,260,260,260,22187,0,58,75.9658019741298,29.790000000502914,800.2605000001495,2852.0951007346644
1746378912,400,,Aggregated,706.100000,0.000000,55,63,70,76,100,150,210,250,310,510,510,246772,2,55,72.77142834965026,27.067500001066946,1632.5861000004807,2901.6889720065487
1746378913,333,GET,GET /pastes/:slug,614.000000,0.000000,54,63,70,77,110,150,220,250,330,510,510,224844,2,55,72.42521315712119,27.067500001066946,1632.5861000004807,2906.636739250325
1746378913,333,POST,POST /pastes,57.800000,0.000000,57,66,73,79,110,150,200,250,260,260,260,22206,0,58,75.93853689543457,29.790000000502914,800.2605000001495,2851.841169053409
1746378913,333,,Aggregated,671.800000,0.000000,54,63,70,77,110,150,220,250,310,510,510,247050,2,55,72.74100699210655,27.067500001066946,1632.5861000004807,2901.711459218782
1746378914,333,GET,GET /pastes/:slug,578.800000,0.000000,52,61,69,76,110,160,230,250,310,510,510,225060,2,55,72.3998557926765,27.067500001066946,1632.5861000004807,2906.693881631565
1746378914,333,POST,POST /pastes,55.400000,0.000000,56,65,72,82,110,150,210,250,260,260,260,22230,0,58,75.9169788708961,29.790000000502914,800.2605000001495,2852.3184435447592
1746378914,333,,Aggregated,634.200000,0.000000,53,61,69,77,110,160,230,250,310,510,510,247290,2,55,72.71602565813401,27.067500001066946,1632.5861000004807,2901.80583121032
1746378915,333,GET,GET /pastes/:slug,536.500000,0.000000,50,58,65,72,110,160,240,250,310,480,480,225305,2,55,72.36921391491447,27.067500001066946,1632.5861000004807,2906.6852400079893
1746378915,333,POST,POST /pastes,51.200000,0.000000,53,62,69,74,110,150,250,260,260,260,260,22255,0,58,75.88333948326316,29.790000000502914,800.2605000001495,2852.2828128510446
1746378915,333,,Aggregated,587.700000,0.000000,50,58,65,73,110,160,240,250,260,480,480,247560,2,55,72.6851246619001,27.067500001066946,1632.5861000004807,2901.794603328486
1746378916,333,GET,GET /pastes/:slug,492.800000,0.000000,48,55,60,65,86,140,190,250,260,310,310,225525,2,55,72.34041725662249,27.067500001066946,1632.5861000004807,2906.633326682186
1746378916,333,POST,POST /pastes,46.300000,0.000000,50,58,64,68,88,140,250,260,260,260,260,22281,0,58,75.84608530586716,29.790000000502914,800.2605000001495,2852.182936133926
1746378916,333,,Aggregated,539.100000,0.000000,49,55,61,66,86,140,190,250,260,310,310,247806,2,55,72.65562265845047,27.067500001066946,1632.5861000004807,2901.7375245151447
1746378917,333,GET,GET /pastes/:slug,447.500000,0.000000,45,51,55,59,71,85,110,150,210,310,310,225771,2,55,72.30670489301006,27.067500001066946,1632.5861000004807,2906.499382117278
1746378917,333,POST,POST /pastes,41.900000,0.000000,47,54,59,63,74,89,100,110,190,190,190,22301,0,58,75.81954205192696,29.790000000502914,800.2605000001495,2852.0078471817405
1746378917,333,,Aggregated,489.400000,0.000000,45,51,55,59,72,85,110,150,210,310,310,248072,2,55,72.62249942637602,27.067500001066946,1632.5861000004807,2901.6007409139283
1746378918,333,GET,GET /pastes/:slug,401.700000,0.000000,43,48,52,55,68,85,110,150,210,210,210,226012,2,55,72.27242098295565,27.067500001066946,1632.5861000004807,2906.5759915402723
1746378918,333,POST,POST /pastes,37.900000,0.000000,45,52,57,61,73,89,100,110,190,190,190,22320,0,58,75.7909312768827,29.790000000502914,800.2605000001495,2852.069892473118
1746378918,333,,Aggregated,439.600000,0.000000,43,49,53,55,69,85,110,150,200,210,210,248332,2,55,72.58866355242147,27.067500001066946,1632.5861000004807,2901.6770009503407
1746378919,333,GET,GET /pastes/:slug,372.900000,0.000000,41,45,48,51,57,67,84,95,120,120,120,226244,2,55,72.24087239528903,27.067500001066946,1632.5861000004807,2906.7281607468044
1746378919,333,POST,POST /pastes,34.800000,0.000000,44,48,54,56,64,74,95,100,180,180,180,22345,0,58,75.76072147684165,29.790000000502914,800.2605000001495,2851.8265383754756
1746378919,333,,Aggregated,407.700000,0.000000,41,45,49,51,57,67,85,95,120,180,180,248589,2,55,72.55726221031485,27.067500001066946,1632.5861000004807,2901.793200825459
1746378920,333,GET,GET /pastes/:slug,319.000000,0.000000,40,44,47,49,55,61,79,86,110,120,120,226470,2,55,72.20926868768376,27.067500001066946,1632.5861000004807,2906.737629708129
1746378920,333,POST,POST /pastes,30.400000,0.000000,43,47,51,55,60,70,93,100,180,180,180,22370,0,58,75.72733739383217,29.790000000502914,800.2605000001495,2852.286723290121
1746378920,333,,Aggregated,349.400000,0.000000,40,44,47,50,56,62,80,90,110,180,180,248840,2,55,72.52553294164893,27.067500001066946,1632.5861000004807,2901.842649895515
1746378921,333,GET,GET /pastes/:slug,287.500000,0.000000,40,44,47,49,55,61,77,86,110,120,120,226697,2,55,72.17757502216502,26.511399999435525,1632.5861000004807,2906.81917713953
1746378921,333,POST,POST /pastes,28.500000,0.000000,42,46,50,52,59,65,80,93,180,180,180,22402,0,58,75.67935702615951,29.790000000502914,800.2605000001495,2851.864654941523
1746378921,333,,Aggregated,316.000000,0.000000,40,44,47,49,55,61,77,88,110,180,180,249099,2,55,72.49249768525748,26.511399999435525,1632.5861000004807,2901.877000710561
1746378922,333,GET,GET /pastes/:slug,261.700000,0.000000,39,43,46,48,54,60,77,88,110,330,330,226945,2,55,72.14388801956302,26.511399999435525,1632.5861000004807,2906.7609200467073
1746378922,333,POST,POST /pastes,26.600000,0.000000,42,47,50,52,59,65,80,93,180,180,180,22425,0,58,75.6478408606477,29.790000000502914,800.2605000001495,2851.6365217391303
1746378922,333,,Aggregated,288.300000,0.000000,40,43,47,49,55,60,77,88,120,330,330,249370,2,55,72.45898663792724,26.511399999435525,1632.5861000004807,2901.8037694991376
1746378923,333,GET,GET /pastes/:slug,247.500000,0.000000,39,43,45,48,52,57,65,75,92,330,330,227175,2,55,72.11245591064048,26.511399999435525,1632.5861000004807,2906.7567029822826
1746378923,333,POST,POST /pastes,25.000000,0.000000,42,46,49,51,57,63,71,93,180,180,180,22448,0,58,75.61294602191867,29.790000000502914,800.2605000001495,2852.1073146828226
1746378923,333,,Aggregated,272.500000,0.000000,40,43,46,48,53,57,67,75,100,330,330,249623,2,55,72.4272466231074,26.511399999435525,1632.5861000004807,2901.842214058801
1746378924,333,GET,GET /pastes/:slug,236.500000,0.000000,39,42,45,47,52,56,61,67,92,330,330,227424,2,55,72.07876189496164,26.511399999435525,1632.5861000004807,2906.8779240537497
1746378924,333,POST,POST /pastes,23.900000,0.000000,42,46,49,50,55,59,64,66,80,80,80,22474,0,58,75.57538399928968,29.790000000502914,800.2605000001495,2852.00235828068
1746378924,333,,Aggregated,260.400000,0.000000,39,43,46,48,52,56,61,67,92,330,330,249898,2,55,72.39322253559428,26.511399999435525,1632.5861000004807,2901.942816669201
1746378925,333,GET,GET /pastes/:slug,232.700000,0.000000,39,42,45,47,51,55,60,64,92,330,330,227663,2,55,72.04454519487027,26.511399999435525,1632.5861000004807,2906.8489302170315
1746378925,333,POST,POST /pastes,24.000000,0.000000,42,46,48,50,55,59,64,66,80,80,80,22500,0,58,75.5369268444462,29.790000000502914,800.2605000001495,2852.1554666666666
1746378925,333,,Aggregated,256.700000,0.000000,39,42,45,47,52,56,61,65,92,330,330,250163,2,55,72.35865474390677,26.511399999435525,1632.5861000004807,2901.929725818766
1746378926,333,GET,GET /pastes/:slug,234.400000,0.000000,39,42,44,47,51,55,60,63,190,330,330,227904,2,55,72.01514597198717,26.511399999435525,1632.5861000004807,2906.9485090213425
1746378926,333,POST,POST /pastes,24.800000,0.000000,41,44,48,50,55,57,62,64,80,80,80,22516,0,58,75.51249867649852,29.790000000502914,800.2605000001495,2852.180804761059
1746378926,333,,Aggregated,259.200000,0.000000,39,42,45,47,51,55,60,64,190,330,330,250420,2,55,72.32960325772684,26.511399999435525,1632.5861000004807,2902.024183371935
1746378927,333,GET,GET /pastes/:slug,234.000000,0.000000,39,42,44,47,51,55,59,63,190,330,330,228118,2,55,71.98536124900164,26.511399999435525,1632.5861000004807,2906.9467643938665
1746378927,333,POST,POST /pastes,24.200000,0.000000,42,45,48,50,55,57,62,64,80,80,80,22542,0,58,75.47513650519242,29.790000000502914,800.2605000001495,2852.312838257475
1746378927,333,,Aggregated,258.200000,0.000000,39,42,45,47,52,56,60,63,190,330,330,250660,2,55,72.29919877323829,26.511399999435525,1632.5861000004807,2902.0335035506264
1746378928,333,GET,GET /pastes/:slug,235.400000,0.000000,39,42,45,47,51,56,60,64,190,330,330,228361,2,55,71.95423501517229,26.511399999435525,1632.5861000004807,2906.8169652436272
1746378928,333,POST,POST /pastes,23.800000,0.000000,41,45,47,49,55,57,62,64,80,80,80,22566,0,58,75.44291125587426,29.790000000502914,800.2605000001495,2852.5497208189313
1746378928,333,,Aggregated,259.200000,0.000000,39,43,45,47,52,56,60,64,190,330,330,250927,2,55,72.26797354489516,26.511399999435525,1632.5861000004807,2901.936682780251
1746378929,333,GET,GET /pastes/:slug,235.200000,0.000000,39,42,45,47,51,55,58,62,190,330,330,228596,2,55,71.92286063798029,26.511399999435525,1632.5861000004807,2906.9677115960035
1746378929,333,POST,POST /pastes,23.600000,0.000000,41,44,47,48,54,57,58,62,70,70,70,22594,0,58,75.40395096486081,29.790000000502914,800.2605000001495,2851.984907497566
1746378929,333,,Aggregated,258.800000,0.000000,39,43,45,47,51,55,58,62,190,330,330,251190,2,55,72.23597722242074,26.511399999435525,1632.5861000004807,2902.0221266770172
1746378930,333,GET,GET /pastes/:slug,234.200000,0.000000,39,42,45,47,51,55,58,62,190,330,330,228837,2,55,71.88880917727346,26.511399999435525,1632.5861000004807,2907.0254154704003
1746378930,333,POST,POST /pastes,25.000000,0.000000,41,44,47,49,54,57,58,62,70,70,70,22617,0,58,75.37135033382268,29.790000000502914,800.2605000001495,2852.3296193129063
1746378930,333,,Aggregated,259.200000,0.000000,39,42,45,47,52,55,58,62,190,330,330,251454,2,55,72.20204592569559,26.511399999435525,1632.5861000004807,2902.105808617083
1746378931,333,GET,GET /pastes/:slug,234.800000,0.000000,39,42,45,47,51,55,59,62,100,280,280,229064,2,55,71.85788235340225,26.511399999435525,1632.5861000004807,2907.1265017636993
1746378931,333,POST,POST /pastes,25.000000,0.000000,41,44,47,48,54,56,58,62,78,78,78,22639,0,58,75.3393009806116,29.790000000502914,800.2605000001495,2852.609611731967
1746378931,333,,Aggregated,259.800000,0.000000,39,42,45,47,52,55,59,62,100,280,280,251703,2,55,72.17101265499363,26.511399999435525,1632.5861000004807,2902.2230724306028
1746378932,333,GET,GET /pastes/:slug,236.000000,0.000000,39,42,45,47,52,55,59,62,100,280,280,229299,2,54,71.8273492601352,26.511399999435525,1632.5861000004807,2907.1038861922643
1746378932,333,POST,POST /pastes,24.400000,0.000000,41,44,47,48,54,57,58,62,78,78,78,22664,0,58,75.3040776120748,29.790000000502914,800.2605000001495,2852.6303829862336
1746378932,333,,Aggregated,260.400000,0.000000,40,43,45,47,52,55,59,62,100,280,280,251963,2,55,72.14007998396538,26.511399999435525,1632.5861000004807,2902.204010112596
1746378933,333,GET,GET /pastes/:slug,233.500000,0.000000,39,43,45,47,52,56,60,63,100,280,280,229524,2,54,71.79870350856451,26.511399999435525,1632.5861000004807,2907.0825360310905
1746378933,333,POST,POST /pastes,23.900000,0.000000,42,44,47,48,55,57,61,66,78,78,78,22693,0,58,75.26487608513926,29.790000000502914,800.2605000001495,2852.4138280527036
1746378933,333,,Aggregated,257.400000,0.000000,40,43,45,48,52,56,60,63,100,280,280,252217,2,55,72.11056929984855,26.511399999435525,1632.5861000004807,2902.1637677079657
1746378934,333,GET,GET /pastes/:slug,235.200000,0.000000,40,43,45,48,52,56,60,64,100,280,280,229770,2,54,71.76839118553231,26.511399999435525,1632.5861000004807,2906.9806458632547
1746378934,333,POST,POST /pastes,23.900000,0.000000,42,45,48,49,56,58,61,66,78,78,78,22716,0,58,75.23743582497205,29.790000000502914,800.2605000001495,2852.3442067265364
1746378934,333,,Aggregated,259.100000,0.000000,40,43,46,48,53,56,60,64,100,280,280,252486,2,55,72.08049885894617,26.511399999435525,1632.5861000004807,2902.065041230009
1746378935,333,GET,GET /pastes/:slug,234.200000,0.000000,40,43,46,48,53,56,60,65,100,280,280,229985,2,54,71.73982523990591,26.511399999435525,1632.5861000004807,2906.9438485118594
1746378935,333,POST,POST /pastes,24.400000,0.000000,43,45,48,51,56,58,62,66,78,78,78,22741,0,58,75.20361849962906,29.790000000502914,800.2605000001495,2852.502264632162
1746378935,333,,Aggregated,258.600000,0.000000,40,44,46,48,53,57,60,65,100,280,280,252726,2,55,72.05150715043143,26.511399999435525,1632.5861000004807,2902.045040874307
1746378936,333,GET,GET /pastes/:slug,233.000000,0.000000,41,44,47,49,53,57,61,69,85,87,87,230233,2,54,71.71222032592979,26.511399999435525,1632.5861000004807,2907.0739815751867
1746378936,333,POST,POST /pastes,24.300000,0.000000,43,46,49,52,57,60,62,66,78,78,78,22765,0,58,75.17524630793194,29.790000000502914,800.2605000001495,2852.7095980672084
1746378936,333,,Aggregated,257.300000,0.000000,41,44,47,49,54,57,61,69,85,87,87,252998,2,55,72.02382668835297,26.511399999435525,1632.5861000004807,2902.18222278437
1746378937,333,GET,GET /pastes/:slug,232.900000,0.000000,41,44,47,49,54,57,63,72,87,87,87,230471,2,54,71.68385348481932,26.511399999435525,1632.5861000004807,2906.8540770856202
1746378937,333,POST,POST /pastes,23.900000,0.000000,44,47,51,53,57,60,65,70,78,78,78,22789,0,58,75.14629795076871,29.790000000502914,800.2605000001495,2852.5037079292642
1746378937,333,,Aggregated,256.800000,0.000000,41,44,47,49,54,58,63,72,87,87,87,253260,2,55,71.99541333214844,26.511399999435525,1632.5861000004807,2901.9634881149805
1746378938,333,GET,GET /pastes/:slug,232.400000,0.000000,41,44,47,49,54,58,67,75,87,87,87,230716,2,54,71.65454679389278,26.511399999435525,1632.5861000004807,2906.8419182024654
1746378938,333,POST,POST /pastes,24.200000,0.000000,44,47,50,52,57,60,65,77,78,78,78,22810,0,58,75.11981422183567,29.790000000502914,800.2605000001495,2852.7583954405964
1746378938,333,,Aggregated,256.600000,0.000000,41,44,47,49,54,58,67,76,87,87,87,253526,2,55,71.96632053714391,26.511399999435525,1632.5861000004807,2901.9759669619684
1746378939,333,GET,GET /pastes/:slug,232.800000,0.000000,41,45,48,50,55,59,68,76,87,87,87,230938,2,54,71.62894087980217,26.511399999435525,1632.5861000004807,2906.9005360746173
1746378939,333,POST,POST /pastes,24.900000,0.000000,44,47,51,53,57,61,66,77,78,78,78,22835,0,58,75.09018668710641,29.790000000502914,800.2605000001495,2852.8766805342675
1746378939,333,,Aggregated,257.700000,0.000000,41,45,48,50,55,59,68,76,87,87,87,253773,2,55,71.94039067158424,26.511399999435525,1632.5861000004807,2902.039361949459
1746378940,333,GET,GET /pastes/:slug,233.900000,0.000000,42,46,49,51,56,60,69,76,87,87,87,231181,2,54,71.6029620076898,26.511399999435525,1632.5861000004807,2906.9672031871132
1746378940,333,POST,POST /pastes,24.400000,0.000000,44,48,52,54,57,61,66,77,78,78,78,22863,0,58,75.05853623759239,29.790000000502914,800.2605000001495,2853.07461837904
1746378940,333,,Aggregated,258.300000,0.000000,42,46,49,51,56,60,69,76,87,87,87,254044,2,55,71.9139506302054,26.511399999435525,1632.5861000004807,2902.1170742076174
1746378941,333,GET,GET /pastes/:slug,234.500000,0.000000,42,46,49,51,56,60,70,76,87,87,87,231400,2,54,71.5747674282615,26.511399999435525,1632.5861000004807,2906.983401037165
1746378941,333,POST,POST /pastes,23.700000,0.000000,45,50,52,54,58,61,66,68,78,78,78,22890,0,58,75.02405363914714,29.790000000502914,800.2605000001495,2853.073219746614
1746378941,333,,Aggregated,258.200000,0.000000,42,46,49,51,56,60,69,76,87,87,87,254290,2,55,71.88525608832396,26.511399999435525,1632.5861000004807,2902.1306579102597
1746378942,333,GET,GET /pastes/:slug,233.800000,0.000000,42,46,49,51,56,60,70,76,87,87,87,231640,2,54,71.54536916767277,26.511399999435525,1632.5861000004807,2906.7821749266104
1746378942,333,POST,POST /pastes,23.800000,0.000000,46,51,53,55,60,61,66,68,78,78,78,22910,0,58,75.00143338717052,29.790000000502914,800.2605000001495,2853.237145351375
1746378942,333,,Aggregated,257.600000,0.000000,42,46,49,51,56,60,69,76,87,87,87,254550,2,55,71.8564217360042,26.511399999435525,1632.5861000004807,2901.9630170889805
1746378943,333,GET,GET /pastes/:slug,234.400000,0.000000,42,45,48,50,55,60,68,75,87,87,87,231874,2,54,71.51373423755877,26.511399999435525,1632.5861000004807,2906.9231824180374
1746378943,333,POST,POST /pastes,24.800000,0.000000,46,51,53,54,57,61,66,68,78,78,78,22931,0,58,74.9735861672007,29.790000000502914,800.2605000001495,2853.013344380969
1746378943,333,,Aggregated,259.200000,0.000000,42,46,49,51,55,60,68,75,87,87,87,254805,2,55,71.82510122250305,26.511399999435525,1632.5861000004807,2902.071603775436
1746378944,333,GET,GET /pastes/:slug,233.600000,0.000000,42,46,49,51,56,60,69,75,87,87,87,232098,2,54,71.4881024416398,26.511399999435525,1632.5861000004807,2906.9810554162464
1746378944,333,POST,POST /pastes,25.000000,0.000000,45,51,53,54,58,61,67,74,78,78,78,22949,0,58,74.95119971676678,29.790000000502914,800.2605000001495,2852.7542376574143
1746378944,333,,Aggregated,258.600000,0.000000,42,46,49,51,56,61,69,75,87,87,87,255047,2,55,71.79971018204449,26.511399999435525,1632.5861000004807,2902.1017537943985
1746378945,333,GET,GET /pastes/:slug,233.400000,0.000000,42,45,48,50,55,60,67,72,80,87,87,232341,2,54,71.45691705596397,26.511399999435525,1632.5861000004807,2906.9316650957
1746378945,333,POST,POST /pastes,24.300000,0.000000,46,51,53,55,60,63,71,74,78,78,78,22975,0,57,74.91812572796853,29.790000000502914,800.2605000001495,2852.6961915125135
1746378945,333,,Aggregated,257.700000,0.000000,42,46,49,51,56,60,67,72,80,87,87,255316,2,55,71.76837920185136,26.511399999435525,1632.5861000004807,2902.0512032148395
1746378946,333,GET,GET /pastes/:slug,234.300000,0.000000,41,45,48,50,55,60,67,72,80,87,87,232575,2,54,71.42591427453388,26.511399999435525,1632.5861000004807,2906.8691260883584
1746378946,333,POST,POST /pastes,23.000000,0.000000,45,50,52,53,58,63,71,74,78,78,78,23002,0,57,74.88050363446976,29.790000000502914,800.2605000001495,2852.729240935571
1746378946,333,,Aggregated,257.300000,0.000000,42,46,49,50,55,60,67,72,80,87,87,255577,2,55,71.73682826310609,26.511399999435525,1632.5861000004807,2901.996521596231
1746378947,333,GET,GET /pastes/:slug,232.700000,0.000000,41,45,48,50,55,59,65,69,78,80,80,232809,2,54,71.39454410267523,26.511399999435525,1632.5861000004807,2907.034942807194
1746378947,333,POST,POST /pastes,23.100000,0.000000,44,49,51,53,57,63,68,73,77,77,77,23031,0,57,74.84038402588149,29.790000000502914,800.2605000001495,2852.713082367244
1746378947,333,,Aggregated,255.800000,0.000000,41,45,48,50,55,59,66,70,78,80,80,255840,2,55,71.70474242690702,26.511399999435525,1632.5861000004807,2902.1448287992494
1746378948,333,GET,GET /pastes/:slug,233.500000,0.000000,41,44,47,49,53,58,63,67,73,76,76,233045,2,54,71.36267326438985,26.511399999435525,1632.5861000004807,2906.977626638632
1746378948,333,POST,POST /pastes,23.300000,0.000000,44,49,51,53,57,61,68,71,74,74,74,23055,0,57,74.8096497028878,29.790000000502914,800.2605000001495,2852.5482975493387
1746378948,333,,Aggregated,256.800000,0.000000,41,44,47,49,54,58,63,67,74,76,76,256100,2,55,71.67298190081962,26.511399999435525,1632.5861000004807,2902.077711831316
1746378949,333,GET,GET /pastes/:slug,232.700000,0.000000,40,43,46,48,52,56,61,65,73,75,75,233285,2,54,71.32948352315715,26.511399999435525,1632.5861000004807,2906.852750926978
1746378949,333,POST,POST /pastes,23.800000,0.000000,43,48,51,52,57,61,68,71,74,74,74,23075,0,57,74.78268140845415,29.790000000502914,800.2605000001495,2852.2211917659806
1746378949,333,,Aggregated,256.500000,0.000000,40,43,46,48,53,57,62,66,73,75,75,256360,2,54,71.64030635512515,26.511399999435525,1632.5861000004807,2901.9353565298798
1746378950,333,GET,GET /pastes/:slug,233.400000,0.000000,40,42,45,47,52,56,61,64,72,73,73,233516,2,54,71.29864605808474,26.511399999435525,1632.5861000004807,2906.982986176536
1746378950,333,POST,POST /pastes,24.400000,0.000000,42,47,49,51,57,60,67,71,74,74,74,23101,0,57,74.7472738452916,29.790000000502914,800.2605000001495,2852.0935024457817
1746378950,333,,Aggregated,257.800000,0.000000,40,43,45,48,52,57,61,65,73,74,74,256617,2,54,71.60909606923893,26.511399999435525,1632.5861000004807,2902.041762626794
1746378951,333,GET,GET /pastes/:slug,231.200000,0.000000,39,42,45,47,52,56,61,64,72,73,73,233758,2,54,71.26704790766405,26.511399999435525,1632.5861000004807,2906.9883897021705
1746378951,333,POST,POST /pastes,24.000000,0.000000,42,46,49,51,56,58,68,71,74,74,74,23129,0,57,74.71099802412898,29.790000000502914,800.2605000001495,2852.037658350988
1746378951,333,,Aggregated,255.200000,0.000000,40,42,45,48,52,56,61,66,73,74,74,256887,2,54,71.57712635555664,26.511399999435525,1632.5861000004807,2902.04086232468
1746378952,333,GET,GET /pastes/:slug,233.600000,0.000000,39,42,44,46,51,55,60,64,72,73,73,233991,2,54,71.23450375612619,26.511399999435525,1632.5861000004807,2906.9451389155993
1746378952,333,POST,POST /pastes,23.900000,0.000000,42,45,48,50,56,58,68,71,74,74,74,23149,0,57,74.68226966175972,29.790000000502914,800.2605000001495,2851.847466413236
1746378952,333,,Aggregated,257.500000,0.000000,39,42,45,47,52,56,61,65,73,74,74,257140,2,54,71.54488849964956,26.511399999435525,1632.5861000004807,2901.9849770553005
1746378953,333,GET,GET /pastes/:slug,233.500000,0.000000,39,41,44,46,51,55,60,64,72,73,73,234218,2,54,71.20276871674986,26.511399999435525,1632.5861000004807,2906.9212870061224
1746378953,333,POST,POST /pastes,24.100000,0.000000,42,45,48,50,55,57,68,71,74,74,74,23178,0,57,74.64050512555347,29.790000000502914,800.2605000001495,2851.5722236603674
1746378953,333,,Aggregated,257.600000,0.000000,39,42,44,46,51,55,60,64,73,74,74,257396,2,54,71.51233007156237,26.511399999435525,1632.5861000004807,2901.937213476511
1746378954,333,GET,GET /pastes/:slug,234.400000,0.000000,38,41,43,45,50,54,58,61,70,72,72,234450,2,54,71.17306189677858,26.511399999435525,1632.5861000004807,2906.925118362124
1746378954,333,POST,POST /pastes,23.500000,0.000000,42,45,48,49,54,57,60,66,71,71,71,23208,0,57,74.6010863710822,29.790000000502914,800.2605000001495,2851.5675629093416
1746378954,333,,Aggregated,257.900000,0.000000,39,41,44,46,51,54,58,62,71,72,72,257658,2,54,71.48183395896825,26.511399999435525,1632.5861000004807,2901.9389035077506
1746378955,333,GET,GET /pastes/:slug,234.300000,0.000000,39,41,44,46,51,54,58,61,68,79,79,234676,2,54,71.14462209429055,26.511399999435525,1632.5861000004807,2907.0713025618297
1746378955,333,POST,POST /pastes,24.000000,0.000000,42,45,48,49,54,57,60,63,70,70,70,23222,0,57,74.58148361467879,29.790000000502914,800.2605000001495,2851.179614158987
1746378955,333,,Aggregated,258.300000,0.000000,39,41,44,46,51,54,58,61,68,79,79,257898,2,54,71.45408862069432,26.511399999435525,1632.5861000004807,2902.038627674507
1746378956,333,GET,GET /pastes/:slug,232.500000,0.000000,38,41,43,45,50,54,58,61,68,79,79,234924,2,54,71.11052111150721,26.511399999435525,1632.5861000004807,2906.905761012072
1746378956,333,POST,POST /pastes,25.400000,0.000000,41,45,48,48,55,57,60,63,70,70,70,23246,0,57,74.54716574464733,29.790000000502914,800.2605000001495,2851.264088445324
1746378956,333,,Aggregated,257.900000,0.000000,39,41,44,46,51,54,58,61,70,79,79,258170,2,54,71.41996156214834,26.511399999435525,1632.5861000004807,2901.8957043808346
1746378957,333,GET,GET /pastes/:slug,233.300000,0.000000,38,41,43,45,50,54,58,61,71,79,79,235154,2,54,71.08137166835226,26.511399999435525,1632.5861000004807,2906.9195038145217
1746378957,333,POST,POST /pastes,25.700000,0.000000,41,44,47,48,54,57,59,63,70,70,70,23280,0,57,74.49875786941885,29.790000000502914,800.2605000001495,2851.7111254295532
1746378957,333,,Aggregated,259.000000,0.000000,39,41,44,46,51,54,58,61,71,79,79,258434,2,54,71.38921332525837,26.511399999435525,1632.5861000004807,2901.9462764187374
1746378958,333,GET,GET /pastes/:slug,233.200000,0.000000,39,41,44,46,51,55,59,61,71,79,79,235380,2,54,71.0539178171455,26.511399999435525,1632.5861000004807,2906.97372758943
1746378958,333,POST,POST /pastes,25.100000,0.000000,42,45,47,48,52,57,63,63,70,70,70,23312,0,57,74.45920614276223,29.790000000502914,800.2605000001495,2852.1048816060397
1746378958,333,,Aggregated,258.300000,0.000000,39,42,45,46,51,55,59,62,71,79,79,258692,2,54,71.3607849852328,26.511399999435525,1632.5861000004807,2902.029227807586
1746378959,333,GET,GET /pastes/:slug,235.900000,0.000000,39,41,44,46,51,54,59,61,71,79,79,235624,2,54,71.02126957567864,26.511399999435525,1632.5861000004807,2907.026716293756
1746378959,333,POST,POST /pastes,24.900000,0.000000,41,44,47,48,52,57,63,63,70,70,70,23335,0,57,74.42637485322787,29.790000000502914,800.2605000001495,2852.1770730662097
1746378959,333,,Aggregated,260.800000,0.000000,39,42,44,46,51,55,59,62,71,79,79,258959,2,54,71.32810630138296,26.511399999435525,1632.5861000004807,2902.084171625624
1746378960,333,GET,GET /pastes/:slug,234.100000,0.000000,39,41,44,46,51,55,59,61,73,79,79,235855,2,54,70.99186976871253,26.511399999435525,1632.5861000004807,2906.978215428971
1746378960,333,POST,POST /pastes,25.000000,0.000000,41,44,46,48,52,57,61,63,64,64,64,23353,0,57,74.40282795786725,29.790000000502914,800.2605000001495,2851.759388515394
1746378960,333,,Aggregated,259.100000,0.000000,39,42,44,46,51,55,59,62,73,79,79,259208,2,54,71.29917551001442,26.511399999435525,1632.5861000004807,2902.003348662078
1746378961,333,GET,GET /pastes/:slug,234.000000,0.000000,39,42,45,47,51,55,59,61,73,79,79,236089,2,54,70.96279717860513,26.511399999435525,1632.5861000004807,2907.0061375159366
1746378961,333,POST,POST /pastes,26.100000,0.000000,41,44,47,48,53,58,61,63,64,64,64,23375,0,57,74.37571869519064,29.790000000502914,800.2605000001495,2851.819422459893
1746378961,333,,Aggregated,260.100000,0.000000,39,42,45,47,51,55,59,62,73,79,79,259464,2,54,71.2702658079727,26.511399999435525,1632.5861000004807,2902.0343901273395
1746378962,333,GET,GET /pastes/:slug,231.900000,0.000000,39,42,45,47,52,55,59,61,73,79,79,236343,2,54,70.93073512098822,26.511399999435525,1632.5861000004807,2907.010345133979
1746378962,333,POST,POST /pastes,26.100000,0.000000,42,44,48,48,54,58,61,63,64,64,64,23401,0,57,74.34219290628937,29.790000000502914,800.2605000001495,2851.9163710952525
1746378962,333,,Aggregated,258.000000,0.000000,39,43,45,47,52,55,59,62,73,79,79,259744,2,54,71.23808206118254,26.511399999435525,1632.5861000004807,2902.0467883762476
1746378963,333,GET,GET /pastes/:slug,233.200000,0.000000,39,42,45,47,52,55,60,63,75,79,79,236565,2,54,70.90345720668614,26.511399999435525,1632.5861000004807,2906.9680003381736
1746378963,333,POST,POST /pastes,24.700000,0.000000,42,44,48,49,55,58,61,63,64,64,64,23418,0,57,74.32136698266652,29.790000000502914,800.2605000001495,2852.3312409257837
1746378963,333,,Aggregated,257.900000,0.000000,40,43,45,47,52,56,60,63,75,79,79,259983,2,54,71.21132584091961,26.511399999435525,1632.5861000004807,2902.046587661501
1746378964,333,GET,GET /pastes/:slug,231.400000,0.000000,40,43,47,49,55,68,140,160,200,200,200,236774,2,54,70.9166538032034,26.511399999435525,1632.5861000004807,2906.929371468151
1746378964,333,POST,POST /pastes,24.800000,0.000000,42,47,51,53,61,90,150,150,180,180,180,23446,0,57,74.33731347351716,29.790000000502914,800.2605000001495,2852.1222809860956
1746378964,333,,Aggregated,256.200000,0.000000,40,44,47,49,56,71,140,160,200,200,200,260220,2,54,71.2248575793551,26.511399999435525,1632.5861000004807,2901.991215125663
1746378965,333,GET,GET /pastes/:slug,232.200000,0.000000,40,45,48,51,66,120,160,170,210,220,220,237015,2,54,70.91888311499133,26.511399999435525,1632.5861000004807,2906.9295782967324
1746378965,333,POST,POST /pastes,24.300000,0.000000,43,48,53,55,81,130,170,180,210,210,210,23472,0,57,74.35071085123091,29.790000000502914,800.2605000001495,2852.0191717791413
1746378965,333,,Aggregated,256.500000,0.000000,40,45,49,51,66,120,160,170,210,220,220,260487,2,54,71.22811874143345,26.511399999435525,1632.5861000004807,2901.9817035015185
1746378966,333,GET,GET /pastes/:slug,233.300000,0.000000,40,44,48,50,64,120,160,170,210,220,220,237248,2,54,70.88672978950173,26.511399999435525,1632.5861000004807,2906.9967291610465
1746378966,333,POST,POST /pastes,24.000000,0.000000,43,49,53,56,88,130,170,180,210,210,210,23491,0,57,74.32407061428167,29.790000000502914,800.2605000001495,2852.3942360904175
1746378966,333,,Aggregated,257.300000,0.000000,40,45,49,51,65,120,160,170,210,220,220,260739,2,54,71.19641331714784,26.511399999435525,1632.5861000004807,2902.0773762268013
1746378967,533,GET,GET /pastes/:slug,234.400000,0.000000,41,49,56,74,160,370,460,490,520,530,530,237669,2,54,71.14618289385531,26.511399999435525,1632.5861000004807,2907.239273948222
1746378967,533,POST,POST /pastes,24.400000,0.000000,47,55,62,95,170,380,480,520,530,530,530,23534,0,57,74.58550387099923,29.790000000502914,800.2605000001495,2852.0930143621995
1746378967,533,,Aggregated,258.800000,0.000000,42,50,57,75,160,370,470,490,530,530,530,261203,2,54,71.45606057472469,26.511399999435525,1632.5861000004807,2902.2706783612743
1746378968,733,GET,GET /pastes/:slug,232.400000,0.000000,45,59,110,150,370,440,490,500,530,530,530,238120,2,54,71.43955864605957,26.511399999435525,1632.5861000004807,2907.3391819250796
1746378968,733,POST,POST /pastes,24.400000,0.000000,52,72,130,160,380,430,510,520,530,530,530,23568,0,57,74.84438127121899,29.790000000502914,800.2605000001495,2852.028088934148
1746378968,733,,Aggregated,256.800000,0.000000,46,61,110,150,370,430,490,510,530,530,530,261688,2,54,71.74620189920748,26.511399999435525,1632.5861000004807,2902.357784843019
1746378969,933,GET,GET /pastes/:slug,230.000000,0.000000,54,110,160,190,420,490,550,560,570,580,580,238713,2,54,71.78283429515652,26.511399999435525,1632.5861000004807,2907.272054726806
1746378969,933,POST,POST /pastes,23.500000,0.000000,63,130,170,210,420,500,550,560,570,570,570,23631,0,57,75.232522127718,29.790000000502914,800.2605000001495,2851.808006432229
1746378969,933,,Aggregated,253.500000,0.000000,55,110,160,200,420,490,550,560,570,580,580,262344,2,54,72.09356971571609,26.511399999435525,1632.5861000004807,2902.276053578508
1746378970,1000,GET,GET /pastes/:slug,249.100000,0.000000,64,120,170,200,410,490,550,560,740,750,750,239451,2,54,71.91973762565081,26.511399999435525,1632.5861000004807,2907.42502641459
1746378970,1000,POST,POST /pastes,24.000000,0.000000,70,140,170,210,420,510,560,640,750,750,750,23678,0,57,75.36431684686632,29.790000000502914,800.2605000001495,2851.6865867049582
1746378970,1000,,Aggregated,273.100000,0.000000,64,120,170,200,410,490,560,560,740,750,750,263129,2,54,72.22970249763357,26.511399999435525,1632.5861000004807,2902.4093315446034
1746378971,1000,GET,GET /pastes/:slug,281.400000,0.000000,61,96,150,180,380,470,550,560,740,750,750,240153,2,54,71.87331380869573,26.511399999435525,1632.5861000004807,2907.6419782388725
1746378971,1000,POST,POST /pastes,26.000000,0.000000,64,110,160,180,410,500,560,640,750,750,750,23748,0,57,75.31736302847021,29.790000000502914,800.2605000001495,2851.414266464544
1746378971,1000,,Aggregated,307.400000,0.000000,62,97,150,180,390,480,550,560,740,750,750,263901,2,54,72.18323791232248,26.511399999435525,1632.5861000004807,2902.582142545879
1746378972,1000,GET,GET /pastes/:slug,325.700000,0.000000,63,90,140,160,360,460,550,560,740,750,750,240859,2,54,71.85259673294208,26.511399999435525,1632.5861000004807,2907.385910428923
1746378972,1000,POST,POST /pastes,30.100000,0.000000,67,99,150,170,390,480,550,570,750,750,750,23809,0,57,75.2990123146757,29.790000000502914,800.2605000001495,2850.502205048511
1746378972,1000,,Aggregated,355.800000,0.000000,64,90,140,160,360,460,550,560,740,750,750,264668,2,54,72.16262933448624,26.511399999435525,1632.5861000004807,2902.268766907975
1746378973,1000,GET,GET /pastes/:slug,374.700000,0.000000,61,78,110,150,300,450,550,560,740,750,750,241555,2,54,71.80495147192025,26.511399999435525,1632.5861000004807,2907.304290948231
1746378973,1000,POST,POST /pastes,34.100000,0.000000,65,82,130,160,380,470,550,570,750,750,750,23871,0,57,75.25736673788761,29.790000000502914,800.2605000001495,2849.958610866742
1746378973,1000,,Aggregated,408.800000,0.000000,61,78,110,150,310,450,550,560,740,750,750,265426,2,54,72.11544330321742,26.511399999435525,1632.5861000004807,2902.146926073557
1746378974,1000,GET,GET /pastes/:slug,420.100000,0.000000,59,71,95,130,260,440,530,560,730,750,750,242241,2,54,71.76121445172271,26.511399999435525,1632.5861000004807,2907.361747185654
1746378974,1000,POST,POST /pastes,38.200000,0.000000,63,76,100,140,380,450,550,570,750,750,750,23928,0,57,75.21980358994153,29.790000000502914,800.2605000001495,2850.1173102641255
1746378974,1000,,Aggregated,458.300000,0.000000,59,72,95,130,260,440,530,560,740,750,750,266169,2,54,72.07213390853128,26.511399999435525,1632.5861000004807,2902.2155998632447
1746378975,1000,GET,GET /pastes/:slug,468.400000,0.000000,58,70,85,110,220,430,520,560,730,750,750,242963,2,54,71.711135904643,26.511399999435525,1632.5861000004807,2907.4201051188866
1746378975,1000,POST,POST /pastes,42.900000,0.000000,62,72,86,120,270,450,540,570,750,750,750,24005,0,57,75.15528544470388,29.790000000502914,800.2605000001495,2849.6414496979796
1746378975,1000,,Aggregated,511.300000,0.000000,59,70,85,110,220,430,520,560,740,750,750,266968,2,54,72.02082399351197,26.511399999435525,1632.5861000004807,2902.2248134607894
1746378976,1000,GET,GET /pastes/:slug,518.900000,0.000000,60,71,85,100,210,420,510,560,730,750,750,243636,2,54,71.69905737945062,26.511399999435525,1632.5861000004807,2907.3519594805366
1746378976,1000,POST,POST /pastes,45.600000,0.000000,63,73,88,110,210,430,520,560,750,750,750,24103,0,57,75.13004190350243,29.790000000502914,800.2605000001495,2849.58818404348
1746378976,1000,,Aggregated,564.500000,0.000000,60,71,86,100,210,420,510,560,740,750,750,267739,2,54,72.00792915376528,26.511399999435525,1632.5861000004807,2902.151819495852
1746378977,1000,GET,GET /pastes/:slug,564.400000,0.000000,60,71,84,98,160,340,500,560,730,750,750,244340,2,54,71.72898307031127,26.511399999435525,1632.5861000004807,2907.331959564541
1746378977,1000,POST,POST /pastes,49.600000,0.000000,62,73,83,98,160,390,500,560,750,750,750,24175,0,57,75.15050059152512,29.790000000502914,800.2605000001495,2849.672554291624
1746378977,1000,,Aggregated,614.000000,0.000000,60,71,84,98,160,340,500,560,730,750,750,268515,2,54,72.03702986872234,26.511399999435525,1632.5861000004807,2902.1407556374875
1746378978,1000,GET,GET /pastes/:slug,610.500000,0.000000,58,66,74,81,120,180,450,560,730,750,750,245012,2,54,71.6778482547787,26.511399999435525,1632.5861000004807,2907.453806344179
1746378978,1000,POST,POST /pastes,56.400000,0.000000,61,68,76,82,120,170,490,560,750,750,750,24241,0,57,75.09905137164836,29.790000000502914,800.2605000001495,2849.280310218225
1746378978,1000,,Aggregated,666.900000,0.000000,58,67,74,82,120,180,450,560,730,750,750,269253,2,54,71.98586110795411,26.511399999435525,1632.5861000004807,2902.2164135589946
1746378979,1000,GET,GET /pastes/:slug,652.800000,0.000000,56,63,70,74,94,110,130,160,260,310,310,245715,2,54,71.66881317217032,26.511399999435525,1632.5861000004807,2907.393512809556
1746378979,1000,POST,POST /pastes,62.700000,0.000000,59,66,72,76,94,110,130,140,210,210,210,24309,0,57,75.08692225925108,29.790000000502914,800.2605000001495,2849.1230408490683
1746378979,1000,,Aggregated,715.500000,0.000000,56,64,70,74,94,110,130,160,260,310,310,270024,2,54,71.97652957440803,26.511399999435525,1632.5861000004807,2902.147694279027
1746378980,1000,GET,GET /pastes/:slug,683.100000,0.000000,56,63,69,73,91,110,130,130,160,170,170,246398,2,54,71.63402590443036,26.511399999435525,1632.5861000004807,2907.029176373185
1746378980,1000,POST,POST /pastes,65.900000,0.000000,59,66,72,76,93,110,130,130,160,160,160,24379,0,57,75.04714080971844,29.790000000502914,800.2605000001495,2849.130070962714
1746378980,1000,,Aggregated,749.000000,0.000000,56,64,69,74,91,110,130,130,160,170,170,270777,2,54,71.9413205722788,26.511399999435525,1632.5861000004807,2901.816317486345
1746378981,1000,GET,GET /pastes/:slug,700.200000,0.000000,56,64,69,74,89,110,130,130,160,170,170,247095,2,54,71.60520426920739,26.511399999435525,1632.5861000004807,2907.0354236224935
1746378981,1000,POST,POST /pastes,68.400000,0.000000,59,67,73,77,93,110,120,130,160,160,160,24447,0,57,75.02190231930784,29.790000000502914,800.2605000001495,2849.292673947724
1746378981,1000,,Aggregated,768.600000,0.000000,57,64,70,74,90,110,130,130,160,170,170,271542,2,54,71.91281052249703,26.511399999435525,1632.5861000004807,2901.836828188641
1746378982,1000,GET,GET /pastes/:slug,699.700000,0.000000,56,64,70,74,90,110,130,140,160,190,190,247810,2,54,71.57432684354885,26.511399999435525,1632.5861000004807,2906.958213954239
1746378982,1000,POST,POST /pastes,69.300000,0.000000,60,67,73,77,95,110,130,130,160,160,160,24498,0,57,75.00782954935583,29.790000000502914,800.2605000001495,2848.368356600539
1746378982,1000,,Aggregated,769.000000,0.000000,57,64,70,74,90,110,130,140,160,190,190,272308,2,54,71.88321952862172,26.511399999435525,1632.5861000004807,2901.687218150036
1746378983,1000,GET,GET /pastes/:slug,693.700000,0.000000,56,63,69,73,89,110,130,140,160,190,190,248524,2,54,71.52274864157937,26.511399999435525,1632.5861000004807,2906.988298916805
1746378983,1000,POST,POST /pastes,70.000000,0.000000,59,67,73,77,94,110,130,130,160,160,160,24564,0,57,74.9567549666224,29.790000000502914,800.2605000001495,2847.5116837648593
1746378983,1000,,Aggregated,763.700000,0.000000,57,64,70,74,90,110,130,140,160,190,190,273088,2,54,71.83163417067004,26.511399999435525,1632.5861000004807,2901.6384352296695
1746378984,1000,GET,GET /pastes/:slug,696.200000,0.000000,57,64,71,75,92,110,130,140,160,190,190,249196,2,54,71.50820988619326,26.511399999435525,1632.5861000004807,2906.9870182506943
1746378984,1000,POST,POST /pastes,70.200000,0.000000,60,67,74,77,95,110,130,130,160,160,160,24638,0,57,74.93138209270715,29.790000000502914,800.2605000001495,2847.7887409692344
1746378984,1000,,Aggregated,766.400000,0.000000,57,65,71,75,93,110,130,140,160,190,190,273834,2,54,71.81620712840581,26.511399999435525,1632.5861000004807,2901.6606995479015
1746378985,1000,GET,GET /pastes/:slug,693.500000,0.000000,57,65,71,75,93,110,130,140,160,190,190,249882,2,54,71.46522074859256,26.511399999435525,1632.5861000004807,2907.2542760182805
1746378985,1000,POST,POST /pastes,68.400000,0.000000,61,68,74,78,96,110,130,130,160,160,160,24704,0,57,74.88877672846978,29.790000000502914,800.2605000001495,2848.263115284974
1746378985,1000,,Aggregated,761.900000,0.000000,58,65,71,76,93,110,130,140,160,190,190,274586,2,54,71.77323181589692,26.511399999435525,1632.5861000004807,2901.9469492253793
1746378986,1000,GET,GET /pastes/:slug,690.100000,0.000000,57,64,70,74,88,110,130,140,160,190,190,250590,2,54,71.44468468454382,26.511399999435525,1632.5861000004807,2906.8978251326866
1746378986,1000,POST,POST /pastes,69.900000,0.000000,61,68,73,76,91,110,130,130,160,160,160,24776,0,57,74.8687110227682,29.790000000502914,800.2605000001495,2848.7924604455925
1746378986,1000,,Aggregated,760.000000,0.000000,58,65,70,74,88,110,130,140,160,190,190,275366,2,54,71.75276075986103,26.511399999435525,1632.5861000004807,2901.669806729952
1746378987,1000,GET,GET /pastes/:slug,692.500000,0.000000,57,63,68,72,83,97,110,130,160,190,190,251280,2,54,71.41960583572052,26.511399999435525,1632.5861000004807,2906.607688634193
1746378987,1000,POST,POST /pastes,70.900000,0.000000,61,67,72,75,84,96,110,130,160,160,160,24845,0,57,74.84326987724323,29.790000000502914,800.2605000001495,2848.2820285771786
1746378987,1000,,Aggregated,763.400000,0.000000,57,64,69,72,83,97,110,130,160,190,190,276125,2,54,71.72765810592999,26.511399999435525,1632.5861000004807,2901.3596994114982
1746378988,1000,GET,GET /pastes/:slug,685.600000,0.000000,57,62,67,71,82,96,110,130,160,190,190,251988,2,54,71.37540461887042,26.511399999435525,1632.5861000004807,2906.7549367430197
1746378988,1000,POST,POST /pastes,68.500000,0.000000,60,67,71,74,83,96,110,130,160,160,160,24916,0,57,74.80038792342677,29.790000000502914,800.2605000001495,2848.097688232461
1746378988,1000,,Aggregated,754.100000,0.000000,57,63,68,71,82,96,110,130,160,190,190,276904,2,54,71.68358681925854,26.511399999435525,1632.5861000004807,2901.4769197989194
1746378989,1000,GET,GET /pastes/:slug,691.300000,0.000000,57,62,67,70,80,89,100,110,160,190,190,252691,2,54,71.33801554784286,26.511399999435525,1632.5861000004807,2906.8761293437437
1746378989,1000,POST,POST /pastes,67.000000,0.000000,60,66,70,73,81,93,100,110,160,160,160,24993,0,57,74.7499580202492,29.790000000502914,800.2605000001495,2848.028928099868
1746378989,1000,,Aggregated,758.300000,0.000000,57,63,67,70,80,90,100,110,160,190,190,277684,2,54,71.64510806384229,26.511399999435525,1632.5861000004807,2901.5795760648793
1746378990,1000,GET,GET /pastes/:slug,692.500000,0.000000,57,63,67,70,81,95,110,130,160,190,190,253413,2,54,71.33130170393757,26.511399999435525,1632.5861000004807,2906.7441015259674
1746378990,1000,POST,POST /pastes,67.400000,0.000000,61,66,70,73,82,94,110,110,160,160,160,25054,0,57,74.73428248184261,29.790000000502914,800.2605000001495,2848.0682924882253
1746378990,1000,,Aggregated,759.900000,0.000000,57,63,67,71,81,95,110,130,160,190,190,278467,2,54,71.63747184406039,26.511399999435525,1632.5861000004807,2901.4649707146627
1746378991,1000,GET,GET /pastes/:slug,689.300000,0.000000,56,62,66,70,80,92,110,120,150,160,160,254118,2,54,71.2997577975582,26.511399999435525,1632.5861000004807,2906.820366916157
1746378991,1000,POST,POST /pastes,66.300000,0.000000,60,66,70,72,81,92,100,110,150,150,150,25126,0,57,74.70674716230518,29.790000000502914,800.2605000001495,2847.741741622224
1746378991,1000,,Aggregated,755.600000,0.000000,57,62,67,70,80,92,110,120,150,160,160,279244,2,54,71.60631412384842,26.511399999435525,1632.5861000004807,2901.5045515749666
1746378992,1000,GET,GET /pastes/:slug,687.000000,0.000000,57,63,68,72,84,99,110,130,170,170,170,254819,2,54,71.2865389523537,26.511399999435525,1632.5861000004807,2907.0076367931747
1746378992,1000,POST,POST /pastes,66.400000,0.000000,61,67,71,75,84,99,110,140,190,190,190,25187,0,57,74.70981186723678,29.790000000502914,800.2605000001495,2847.9277802040733
1746378992,1000,,Aggregated,753.400000,0.000000,57,64,68,72,84,99,110,130,170,190,190,280006,2,54,71.59446797854285,26.511399999435525,1632.5861000004807,2901.693306572002
1746378993,1000,GET,GET /pastes/:slug,693.600000,0.000000,56,63,68,72,84,99,110,130,170,170,170,255498,2,54,71.22589150599923,26.511399999435525,1632.5861000004807,2907.061667801705
1746378993,1000,POST,POST /pastes,66.700000,0.000000,59,66,70,74,83,99,110,140,190,190,190,25269,0,57,74.63414415291778,29.790000000502914,800.2605000001495,2847.57722901579
1746378993,1000,,Aggregated,760.300000,0.000000,57,63,68,72,84,99,110,130,170,190,190,280767,2,54,71.53263388004945,26.511399999435525,1632.5861000004807,2901.7080746668944
1746378994,1000,GET,GET /pastes/:slug,695.600000,0.000000,55,61,66,69,82,97,110,130,170,170,170,256155,2,54,71.1835765680928,26.511399999435525,1632.5861000004807,2906.942413772911
1746378994,1000,POST,POST /pastes,67.600000,0.000000,58,65,69,72,83,99,120,140,190,190,190,25343,0,57,74.59040967525912,29.790000000502914,800.2605000001495,2848.0553604545635
1746378994,1000,,Aggregated,763.200000,0.000000,55,61,66,70,82,97,120,130,170,190,190,281498,2,54,71.49029054629122,26.511399999435525,1632.5861000004807,2901.6408677859167
1746378995,1000,GET,GET /pastes/:slug,692.300000,0.000000,55,61,66,70,82,98,120,130,170,170,170,256901,2,54,71.15913606914634,26.511399999435525,1632.5861000004807,2907.056963577409
1746378995,1000,POST,POST /pastes,68.300000,0.000000,58,65,69,72,83,100,120,140,190,190,190,25395,0,57,74.56353178185039,29.790000000502914,800.2605000001495,2848.2631226619415
1746378995,1000,,Aggregated,760.600000,0.000000,56,62,66,70,82,99,120,130,170,190,190,282296,2,54,71.46539130876756,26.511399999435525,1632.5861000004807,2901.7679421600023
1746378996,1000,GET,GET /pastes/:slug,690.500000,0.000000,55,61,66,69,83,99,120,130,170,170,170,257581,2,54,71.12435045480763,26.511399999435525,1632.5861000004807,2906.8673465822403
1746378996,1000,POST,POST /pastes,70.500000,0.000000,57,63,68,71,84,100,120,140,190,190,190,25460,0,57,74.52627207384477,29.790000000502914,800.2605000001495,2848.781932443048
1746378996,1000,,Aggregated,761.000000,0.000000,55,61,66,70,83,99,120,130,170,190,190,283041,2,54,71.43035885790357,26.511399999435525,1632.5861000004807,2901.642468758943
1746378997,1000,GET,GET /pastes/:slug,688.600000,0.000000,54,61,66,70,84,100,120,140,170,180,180,258272,2,54,71.10734407949688,26.511399999435525,1632.5861000004807,2906.9943470449757
1746378997,1000,POST,POST /pastes,69.100000,0.000000,57,63,68,71,86,100,130,150,190,190,190,25531,0,57,74.50420409306668,29.790000000502914,800.2605000001495,2849.071011711253
1746378997,1000,,Aggregated,757.700000,0.000000,55,61,66,70,84,100,120,140,170,190,190,283803,2,54,71.41292658921823,26.511399999435525,1632.5861000004807,2901.78354703791
1746378998,1000,GET,GET /pastes/:slug,697.400000,0.000000,54,60,65,69,84,100,120,140,170,180,180,258972,2,54,71.05174587947648,26.511399999435525,1632.5861000004807,2907.0558284293284
1746378998,1000,POST,POST /pastes,68.000000,0.000000,56,62,67,70,86,100,130,150,190,190,190,25604,0,57,74.4417808897081,29.790000000502914,800.2605000001495,2849.3244414935166
1746378998,1000,,Aggregated,765.400000,0.000000,54,60,65,69,84,100,120,140,170,190,190,284576,2,54,71.35675563575244,26.511399999435525,1632.5861000004807,2901.861594090858
1746378999,1000,GET,GET /pastes/:slug,694.800000,0.000000,54,60,64,67,81,97,120,130,170,180,180,259634,2,54,71.01912485344657,26.511399999435525,1632.5861000004807,2907.0534329094035
1746378999,1000,POST,POST /pastes,67.800000,0.000000,56,62,67,71,83,99,120,140,190,190,190,25694,0,57,74.39283061415497,29.790000000502914,800.2605000001495,2848.875029189694
1746378999,1000,,Aggregated,762.600000,0.000000,54,60,64,68,81,97,120,140,170,190,190,285328,2,54,71.32292958279548,26.511399999435525,1632.5861000004807,2901.814424101385
1746379000,1000,GET,GET /pastes/:slug,690.700000,0.000000,54,61,66,71,90,110,130,150,170,190,190,260332,2,54,71.05980909914916,26.511399999435525,1632.5861000004807,2907.01413579583
1746379000,1000,POST,POST /pastes,68.000000,0.000000,57,63,69,72,91,110,140,150,190,190,190,25754,0,57,74.4203901180439,29.790000000502914,800.2605000001495,2849.194882348373
1746379000,1000,,Aggregated,758.700000,0.000000,54,61,66,71,90,110,130,150,170,190,190,286086,2,54,71.36233492551136,26.511399999435525,1632.5861000004807,2901.809137811707
1746379001,1000,GET,GET /pastes/:slug,692.000000,0.000000,54,61,67,72,90,110,130,150,170,190,190,261027,2,54,71.02698905093987,26.511399999435525,1632.5861000004807,2906.6695437636718
1746379001,1000,POST,POST /pastes,69.100000,0.000000,57,63,69,72,90,110,140,150,190,190,190,25833,0,57,74.38101014207017,29.790000000502914,800.2605000001495,2849.9657414934386
1746379001,1000,,Aggregated,761.100000,0.000000,54,61,67,72,90,110,130,150,170,190,190,286860,2,54,71.32903334727683,26.511399999435525,1632.5861000004807,2901.563117897232
1746379002,1000,GET,GET /pastes/:slug,685.500000,0.000000,56,63,69,75,100,120,140,160,170,190,190,261710,2,54,71.06963933284818,26.511399999435525,1632.5861000004807,2906.6285506858735
1746379002,1000,POST,POST /pastes,69.800000,0.000000,58,65,71,76,98,120,150,160,190,190,190,25910,0,57,74.44380990737581,29.790000000502914,800.2605000001495,2850.014048629873
1746379002,1000,,Aggregated,755.300000,0.000000,56,64,70,75,100,120,140,160,170,190,190,287620,2,55,71.37359858319955,26.511399999435525,1632.5861000004807,2901.528482024894
1746379003,1000,GET,GET /pastes/:slug,687.000000,0.000000,58,65,71,76,100,120,140,160,170,190,190,262407,2,54,71.03967722240539,26.511399999435525,1632.5861000004807,2906.434611119368
1746379003,1000,POST,POST /pastes,69.400000,0.000000,60,67,73,78,100,120,150,160,190,190,190,25977,0,57,74.41184518228087,29.790000000502914,800.2605000001495,2849.8127574392734
1746379003,1000,,Aggregated,756.400000,0.000000,58,65,71,76,100,120,140,160,170,190,190,288384,2,55,71.34343473701698,26.511399999435525,1632.5861000004807,2901.334238376609
1746379004,1000,GET,GET /pastes/:slug,684.300000,0.000000,58,66,72,76,98,120,140,160,170,190,190,263069,2,54,71.02282279021728,26.511399999435525,1632.5861000004807,2906.421087243271
1746379004,1000,POST,POST /pastes,69.600000,0.000000,60,68,73,78,99,120,150,160,190,190,190,26042,0,57,74.39524473927135,29.790000000502914,800.2605000001495,2849.820827893403
1746379004,1000,,Aggregated,753.900000,0.000000,58,66,72,77,98,120,140,160,170,190,190,289111,2,55,71.32659750787703,26.511399999435525,1632.5861000004807,2901.322754928038
1746379005,1000,GET,GET /pastes/:slug,686.700000,0.000000,59,66,72,77,99,120,140,160,170,190,190,263803,2,54,70.99834615337836,26.511399999435525,1632.5861000004807,2906.2606679984688
1746379005,1000,POST,POST /pastes,72.100000,0.000000,61,68,74,79,99,120,150,160,190,190,190,26110,0,57,74.3654206510956,29.790000000502914,800.2605000001495,2849.534814247415
1746379005,1000,,Aggregated,758.800000,0.000000,59,66,72,77,99,120,140,160,170,190,190,289913,2,55,71.30158993732542,26.511399999435525,1632.5861000004807,2901.1518524522876
1746379006,1000,GET,GET /pastes/:slug,688.600000,0.000000,58,65,71,76,98,120,140,160,170,190,190,264489,2,54,70.94947954886457,26.511399999435525,1632.5861000004807,2906.0352037324806
1746379006,1000,POST,POST /pastes,69.300000,0.000000,60,67,72,77,96,120,150,160,190,190,190,26187,0,57,74.31171100928374,29.790000000502914,800.2605000001495,2849.6776263031275
1746379006,1000,,Aggregated,757.900000,0.000000,58,65,71,76,98,120,140,160,170,190,190,290676,2,55,71.25238297141763,26.511399999435525,1632.5861000004807,2900.957949744733
1746379007,1000,GET,GET /pastes/:slug,687.100000,0.000000,58,66,71,76,95,110,130,150,170,190,190,265199,2,54,70.9330803211914,26.511399999435525,1632.5861000004807,2906.108989852903
1746379007,1000,POST,POST /pastes,69.600000,0.000000,61,67,72,76,96,110,140,160,190,190,190,26256,0,57,74.28385906459953,29.790000000502914,800.2605000001495,2848.649032602072
1746379007,1000,,Aggregated,756.700000,0.000000,59,66,71,76,95,110,140,150,170,190,190,291455,2,55,71.23493840112472,26.511399999435525,1632.5861000004807,2900.9326551268637
1746379008,1000,GET,GET /pastes/:slug,687.600000,0.000000,59,66,71,76,95,110,130,150,170,190,190,265894,2,54,70.89171177649601,26.511399999435525,1632.5861000004807,2906.2125170180598
1746379008,1000,POST,POST /pastes,71.300000,0.000000,61,67,72,76,96,120,140,160,190,190,190,26312,0,57,74.24561425965804,29.790000000502914,800.2605000001495,2848.681666159927
1746379008,1000,,Aggregated,758.900000,0.000000,59,66,71,76,95,110,140,150,170,190,190,292206,2,55,71.19371749211103,26.511399999435525,1632.5861000004807,2901.0320903745987
1746379010,1000,GET,GET /pastes/:slug,688.700000,0.000000,59,65,70,75,91,110,150,270,360,360,360,266567,2,54,70.96011122456879,26.511399999435525,1632.5861000004807,2906.1627283197095
1746379010,1000,POST,POST /pastes,71.300000,0.000000,62,67,72,76,94,110,150,160,330,330,330,26382,0,57,74.26608680540247,29.790000000502914,800.2605000001495,2848.6104540974907
1746379010,1000,,Aggregated,760.000000,0.000000,59,66,71,75,91,110,150,270,360,360,360,292949,2,55,71.25783624760558,26.511399999435525,1632.5861000004807,2900.9797643958505
1746379011,1000,GET,GET /pastes/:slug,685.300000,0.000000,61,70,80,88,160,430,470,530,550,560,560,267066,2,54,71.58198318056074,26.511399999435525,1632.5861000004807,2906.2360352871574
1746379011,1000,POST,POST /pastes,69.800000,0.000000,64,71,80,91,160,390,450,530,550,550,550,26434,0,58,74.82758893471069,29.790000000502914,800.2605000001495,2848.80619656503
1746379011,1000,,Aggregated,755.100000,0.000000,62,70,80,88,160,430,460,530,550,560,560,293500,2,55,71.8742978057916,26.511399999435525,1632.5861000004807,2901.0636320272574
1746379012,1000,GET,GET /pastes/:slug,678.000000,0.000000,62,74,90,120,350,460,530,540,550,560,560,267832,2,54,72.11222481032762,26.511399999435525,1632.5861000004807,2906.258871232713
1746379012,1000,POST,POST /pastes,67.700000,0.000000,65,73,84,110,310,450,530,540,550,550,550,26498,0,58,75.28907804740497,29.790000000502914,800.2605000001495,2848.626613329308
1746379012,1000,,Aggregated,745.700000,0.000000,63,74,89,120,340,460,530,540,550,560,560,294330,2,55,72.39823118778195,26.511399999435525,1632.5861000004807,2901.0703428124893
1746379013,1000,GET,GET /pastes/:slug,654.300000,0.000000,63,75,91,120,350,460,530,540,550,560,560,268501,2,54,72.08287384702375,26.511399999435525,1632.5861000004807,2906.1905579495046
1746379013,1000,POST,POST /pastes,66.300000,0.000000,65,73,87,110,310,450,530,540,550,550,550,26565,0,58,75.26258056465777,29.790000000502914,800.2605000001495,2848.916996047431
1746379013,1000,,Aggregated,720.600000,0.000000,63,75,90,120,340,460,530,540,550,560,560,295066,2,55,72.36914508448926,26.511399999435525,1632.5861000004807,2901.034178793897
1746379014,1000,GET,GET /pastes/:slug,660.700000,0.000000,61,72,88,120,350,460,520,540,550,560,560,269235,2,54,72.05087383289593,26.511399999435525,1632.5861000004807,2906.2050699203296
1746379014,1000,POST,POST /pastes,65.300000,0.000000,64,71,84,110,310,450,530,540,550,550,550,26626,0,58,75.22930053331818,29.790000000502914,800.2605000001495,2848.8925861939456
1746379014,1000,,Aggregated,726.000000,0.000000,62,72,88,120,340,450,530,540,550,560,560,295861,2,55,72.33691622890458,26.511399999435525,1632.5861000004807,2901.0472350191476
1746379015,1000,GET,GET /pastes/:slug,658.800000,0.000000,60,72,89,120,350,460,530,540,550,560,560,269920,2,54,72.00813615737917,26.511399999435525,1632.5861000004807,2906.251585655009
1746379015,1000,POST,POST /pastes,63.300000,0.000000,64,71,83,110,310,450,530,540,550,550,550,26697,0,58,75.18269204405455,29.790000000502914,800.2605000001495,2848.566318312919
1746379015,1000,,Aggregated,722.100000,0.000000,61,72,88,120,340,460,530,540,550,560,560,296617,2,55,72.29386191991681,26.511399999435525,1632.5861000004807,2901.0596257126194
1746379016,1000,GET,GET /pastes/:slug,658.100000,0.000000,61,74,91,120,350,460,520,540,550,560,560,270612,2,54,71.97604263705892,26.511399999435525,1632.5861000004807,2906.1609906434305
1746379016,1000,POST,POST /pastes,63.300000,0.000000,65,74,88,110,320,450,530,540,550,550,550,26754,0,58,75.15865611871611,29.790000000502914,800.2605000001495,2848.832996935038
1746379016,1000,,Aggregated,721.400000,0.000000,62,74,91,120,340,460,530,540,550,560,560,297366,2,55,72.26238216843882,26.511399999435525,1632.5861000004807,2901.0031947162756
1746379017,1000,GET,GET /pastes/:slug,659.800000,0.000000,60,72,88,120,350,460,520,540,550,560,560,271337,2,54,71.93721900772782,26.511399999435525,1632.5861000004807,2906.0291261420302
1746379017,1000,POST,POST /pastes,63.800000,0.000000,65,73,85,110,320,450,530,540,550,550,550,26829,0,58,75.11317500466426,29.790000000502914,800.2605000001495,2849.026687539603
1746379017,1000,,Aggregated,723.600000,0.000000,61,72,88,120,340,450,530,540,550,560,560,298166,2,55,72.22299177672858,26.511399999435525,1632.5861000004807,2900.9000422583395
1746379018,1000,GET,GET /pastes/:slug,661.000000,0.000000,59,70,86,120,350,460,520,540,550,560,560,272023,2,54,71.88387644904964,26.511399999435525,1632.5861000004807,2905.7315815206803
1746379018,1000,POST,POST /pastes,62.800000,0.000000,64,72,83,100,310,450,530,540,550,550,550,26897,0,58,75.06097209726514,29.790000000502914,800.2605000001495,2848.7228315425514
1746379018,1000,,Aggregated,723.800000,0.000000,59,71,85,120,340,450,530,540,550,560,560,298920,2,55,72.16975341161532,26.511399999435525,1632.5861000004807,2900.6019001739596
1746379019,1000,GET,GET /pastes/:slug,665.400000,0.000000,59,69,85,110,340,450,520,540,550,560,560,272697,2,54,71.85913512836532,26.511399999435525,1632.5861000004807,2905.6548220185773
1746379019,1000,POST,POST /pastes,61.400000,0.000000,63,72,82,100,300,440,530,540,550,550,550,26981,0,58,75.03294693673912,29.790000000502914,800.2605000001495,2848.794744449798
1746379019,1000,,Aggregated,726.800000,0.000000,59,70,85,110,340,450,520,540,550,560,560,299678,2,55,72.14488388670533,26.511399999435525,1632.5861000004807,2900.5355214597002
1746379020,1000,GET,GET /pastes/:slug,662.600000,0.000000,57,65,73,79,130,320,470,520,540,550,550,273414,2,54,71.8322219601037,26.511399999435525,1632.5861000004807,2905.6581521063295
1746379020,1000,POST,POST /pastes,63.000000,0.000000,60,68,73,79,110,290,460,520,550,550,550,27053,0,58,75.00097156692966,29.790000000502914,800.2605000001495,2848.237459801131
1746379020,1000,,Aggregated,725.600000,0.000000,57,65,73,79,130,320,470,520,540,550,550,300467,2,55,72.11752511523738,26.511399999435525,1632.5861000004807,2900.4881933789734
