Timestamp,User Count,Type,Name,Requests/s,Failures/s,50%,66%,75%,80%,90%,95%,98%,99%,99.9%,99.99%,100%,Total Request Count,Total Failure Count,Total Median Response Time,Total Average Response Time,Total Min Response Time,Total Max Response Time,Total Average Content Size
1746379671,0,,Aggregated,0.000000,0.000000,N/A,N/A,N/A,N/A,N/A,N/A,N/A,N/A,N/A,N/A,N/A,0,0,0,0.0,0,0,0
1746379672,20,GET,GET /pastes/:slug,0.000000,0.000000,0,0,0,0,0,0,0,0,0,0,0,24,0,120.0,109.5890500000678,30.161700000462588,166.58660000030068,2794.125
1746379672,20,POST,POST /pastes,0.000000,0.000000,0,0,0,0,0,0,0,0,0,0,0,3,0,140.0,151.59180000046035,139.39070000014908,172.65100000076927,2403.3333333333335
1746379672,20,,Aggregated,0.000000,0.000000,0,0,0,0,0,0,0,0,0,0,0,27,0,140.0,114.25602222233364,30.161700000462588,172.65100000076927,2750.703703703704
1746379673,40,GET,GET /pastes/:slug,0.000000,0.000000,56,84,94,95,110,120,120,120,120,120,120,57,0,92,87.34395263159138,29.17400000114867,166.58660000030068,2912.6491228070176
1746379673,40,POST,POST /pastes,0.000000,0.000000,47,47,48,48,120,120,120,120,120,120,120,9,0,48,85.71864444456878,33.26000000015483,172.65100000076927,3176.5555555555557
1746379673,40,,Aggregated,0.000000,0.000000,53,84,93,94,110,120,120,120,120,120,120,66,0,85,87.1223196969974,29.17400000114867,172.65100000076927,2948.6363636363635
1746379674,60,GET,GET /pastes/:slug,17.000000,0.000000,53,85,95,100,110,110,120,130,130,130,130,103,0,80,78.66332135927223,28.512500000942964,166.58660000030068,2949.2815533980583
1746379674,60,POST,POST /pastes,3.000000,0.000000,47,48,48,48,50,120,120,120,120,120,120,17,0,48,65.33095882353818,33.26000000015483,172.65100000076927,3191.0
1746379674,60,,Aggregated,20.000000,0.000000,50,83,94,100,110,110,120,130,130,130,130,120,0,56,76.77457000004324,28.512500000942964,172.65100000076927,2983.525
1746379675,80,GET,GET /pastes/:slug,24.000000,0.000000,48,80,93,97,110,110,120,120,130,130,130,170,0,52,69.91938235293192,28.512500000942964,166.58660000030068,2875.794117647059
1746379675,80,POST,POST /pastes,2.500000,0.000000,40,48,48,48,53,53,120,120,120,120,120,24,0,41,58.65508333317848,32.56709999914165,172.65100000076927,2971.625
1746379675,80,,Aggregated,26.500000,0.000000,48,73,91,95,110,110,120,120,130,130,130,194,0,50,68.525860824715,28.512500000942964,172.65100000076927,2887.6494845360826
1746379676,100,GET,GET /pastes/:slug,30.666667,0.000000,46,56,85,94,110,110,120,120,130,130,130,250,0,48,64.99401280003076,28.512500000942964,166.58660000030068,2848.288
1746379676,100,POST,POST /pastes,5.000000,0.000000,40,48,48,50,53,110,120,120,120,120,120,31,0,41,56.989112902996446,32.56709999914165,172.65100000076927,2980.6774193548385
1746379676,100,,Aggregated,35.666667,0.000000,46,54,83,93,110,110,120,120,130,130,130,281,0,48,64.11090996441487,28.512500000942964,172.65100000076927,2862.893238434164
1746379677,120,GET,GET /pastes/:slug,36.250000,0.000000,45,53,81,91,100,110,120,120,130,130,130,340,0,46,61.23600029414935,28.512500000942964,166.58660000030068,2867.1323529411766
1746379677,120,POST,POST /pastes,5.250000,0.000000,40,48,50,53,95,110,120,120,120,120,120,45,0,41,56.81724666650957,32.56709999914165,172.65100000076927,3082.711111111111
1746379677,120,,Aggregated,41.500000,0.000000,44,52,78,89,100,110,120,120,130,130,130,385,0,46,60.71952259741223,28.512500000942964,172.65100000076927,2892.32987012987
1746379678,160,GET,GET /pastes/:slug,45.000000,0.000000,43,51,73,85,100,110,120,130,130,130,130,445,0,44,58.861325842711295,28.512500000942964,166.58660000030068,2921.775280898876
1746379678,160,POST,POST /pastes,5.800000,0.000000,41,50,53,57,110,120,120,120,120,120,120,54,0,42,60.0088907406273,32.56709999914165,172.65100000076927,2996.814814814815
1746379678,160,,Aggregated,50.800000,0.000000,42,51,71,84,110,110,120,130,130,130,130,499,0,44,58.985511222445695,28.512500000942964,172.65100000076927,2929.8957915831666
1746379679,180,GET,GET /pastes/:slug,51.500000,0.000000,42,50,55,82,100,110,120,130,130,130,130,567,0,43,57.074406525555595,28.512500000942964,166.58660000030068,2936.6349206349205
1746379679,180,POST,POST /pastes,7.000000,0.000000,42,50,53,57,100,120,120,120,120,120,120,67,0,46,58.19773283577372,32.56709999914165,172.65100000076927,3042.6716417910447
1746379679,180,,Aggregated,58.500000,0.000000,42,50,54,82,100,110,120,130,130,130,130,634,0,43,57.193117665594414,28.512500000942964,172.65100000076927,2947.840694006309
1746379680,200,GET,GET /pastes/:slug,57.571429,0.000000,42,49,54,79,99,110,120,130,130,130,130,701,0,42,55.2863902995703,28.376400001434376,166.58660000030068,2959.543509272468
1746379680,200,POST,POST /pastes,7.142857,0.000000,42,49,52,54,95,120,120,120,120,120,120,78,0,42,56.12280641022293,32.56709999914165,172.65100000076927,2962.269230769231
1746379680,200,,Aggregated,64.714286,0.000000,42,49,53,75,99,110,120,130,130,130,130,779,0,42,55.370139281124736,28.376400001434376,172.65100000076927,2959.816431322208
1746379681,220,GET,GET /pastes/:slug,66.125000,0.000000,42,49,53,73,97,110,120,130,130,130,130,851,0,42,54.03208025850862,28.376400001434376,166.58660000030068,2969.35017626322
1746379681,220,POST,POST /pastes,7.750000,0.000000,42,48,52,53,95,110,120,120,120,120,120,91,0,42,54.17817362631667,32.56709999914165,172.65100000076927,2915.131868131868
1746379681,220,,Aggregated,73.875000,0.000000,42,49,53,60,97,110,120,120,130,130,130,942,0,42,54.04619331208668,28.376400001434376,172.65100000076927,2964.112526539278
1746379682,240,GET,GET /pastes/:slug,72.444444,0.000000,41,48,52,55,96,110,120,130,130,130,130,1015,0,42,53.39074305418117,28.376400001434376,166.58660000030068,2990.3330049261085
1746379682,240,POST,POST /pastes,8.111111,0.000000,42,48,52,53,95,110,120,120,120,120,120,104,0,42,53.99562499993548,32.56709999914165,172.65100000076927,2886.9423076923076
1746379682,240,,Aggregated,80.555556,0.000000,42,48,52,55,96,110,120,130,130,130,130,1119,0,42,53.44696085789739,28.376400001434376,172.65100000076927,2980.7238605898124
1746379683,260,GET,GET /pastes/:slug,79.800000,0.000000,42,48,52,55,93,110,120,130,130,130,130,1203,0,43,53.04098063175709,28.376400001434376,166.58660000030068,2978.7265170407313
1746379683,260,POST,POST /pastes,8.200000,0.000000,42,48,52,53,87,110,120,120,120,120,120,119,0,43,52.812892436917494,32.56709999914165,172.65100000076927,2957.0588235294117
1746379683,260,,Aggregated,88.000000,0.000000,42,48,52,55,93,110,120,130,130,130,130,1322,0,43,53.020449243568045,28.376400001434376,172.65100000076927,2976.7760968229954
1746379684,280,GET,GET /pastes/:slug,92.900000,0.000000,42,49,52,55,93,110,120,130,130,130,130,1393,0,43,53.18840229719441,28.376400001434376,166.58660000030068,2964.551328068916
1746379684,280,POST,POST /pastes,9.800000,0.000000,45,50,53,57,95,110,120,120,120,120,120,134,0,45,53.85971194023589,32.56709999914165,172.65100000076927,2918.0522388059703
1746379684,280,,Aggregated,102.700000,0.000000,42,49,52,55,93,110,120,130,130,130,130,1527,0,43,53.24731224622359,28.376400001434376,172.65100000076927,2960.47085789129
1746379685,300,GET,GET /pastes/:slug,108.300000,0.000000,42,49,52,55,92,100,120,130,130,130,130,1612,0,43,52.71988715880878,28.137100000094506,166.58660000030068,2984.200372208437
1746379685,300,POST,POST /pastes,10.800000,0.000000,45,50,54,57,95,110,120,120,120,120,120,152,0,45,54.01342894730844,32.56709999914165,172.65100000076927,2882.2302631578946
1746379685,300,,Aggregated,119.100000,0.000000,43,49,52,55,92,110,120,130,130,130,130,1764,0,43,52.8313488095185,28.137100000094506,172.65100000076927,2975.4138321995465
1746379686,320,GET,GET /pastes/:slug,122.400000,0.000000,43,49,52,55,87,100,120,130,130,130,130,1840,0,44,52.32004021739494,28.137100000094506,166.58660000030068,2970.511413043478
1746379686,320,POST,POST /pastes,11.300000,0.000000,45,50,53,56,87,110,120,120,120,120,120,172,0,45,53.71374767436951,32.56709999914165,172.65100000076927,2931.75
1746379686,320,,Aggregated,133.700000,0.000000,43,49,52,55,87,100,120,130,130,130,130,2012,0,44,52.43918419483014,28.137100000094506,172.65100000076927,2967.1978131212722
1746379687,340,GET,GET /pastes/:slug,136.800000,0.000000,43,49,52,55,82,100,120,120,130,130,130,2065,0,44,51.98268847458171,28.137100000094506,166.58660000030068,2983.8847457627116
1746379687,340,POST,POST /pastes,12.200000,0.000000,45,50,53,55,75,95,110,120,120,120,120,191,0,45,53.575655497331034,32.56709999914165,172.65100000076927,2912.806282722513
1746379687,340,,Aggregated,149.000000,0.000000,44,49,52,55,82,100,120,120,130,130,130,2256,0,44,52.11755403368859,28.137100000094506,172.65100000076927,2977.8670212765956
1746379688,360,GET,GET /pastes/:slug,150.700000,0.000000,44,49,52,55,75,100,120,130,140,150,150,2316,0,44,51.792121545784596,28.137100000094506,166.58660000030068,2971.4300518134714
1746379688,360,POST,POST /pastes,13.500000,0.000000,45,49,53,55,68,100,110,120,120,120,120,208,0,45,53.06045336533316,32.56709999914165,172.65100000076927,2949.716346153846
1746379688,360,,Aggregated,164.200000,0.000000,44,49,52,55,75,100,120,130,140,150,150,2524,0,44,51.89664334390905,28.137100000094506,172.65100000076927,2969.640649762282
1746379689,380,GET,GET /pastes/:slug,165.800000,0.000000,43,49,52,54,68,100,120,130,140,150,150,2597,0,43,51.17894123990186,28.137100000094506,166.58660000030068,2969.7450904890256
1746379689,380,POST,POST /pastes,13.700000,0.000000,45,50,53,55,78,100,110,120,130,130,130,234,0,45,53.23376068374009,32.56709999914165,172.65100000076927,2930.2820512820513
1746379689,380,,Aggregated,179.500000,0.000000,44,49,52,54,69,100,120,130,140,150,150,2831,0,44,51.34878502296722,28.137100000094506,172.65100000076927,2966.48322147651
1746379690,400,GET,GET /pastes/:slug,181.200000,0.000000,43,49,52,54,66,100,120,130,140,150,150,2856,0,43,50.78500577731619,28.137100000094506,166.58660000030068,2970.968837535014
1746379690,400,POST,POST /pastes,15.000000,0.000000,45,50,53,55,67,100,110,120,130,130,130,275,0,45,51.9285654545423,30.987300000560936,172.65100000076927,2866.327272727273
1746379690,400,,Aggregated,196.200000,0.000000,43,49,52,54,66,100,120,130,140,150,150,3131,0,43,50.885446183332476,28.137100000094506,172.65100000076927,2961.7780261897155
1746379691,420,GET,GET /pastes/:slug,193.000000,0.000000,43,49,52,54,64,100,120,120,140,150,150,3158,0,43,50.440448416723534,28.137100000094506,166.58660000030068,2956.243508549715
1746379691,420,POST,POST /pastes,16.200000,0.000000,45,50,54,56,68,110,130,140,150,150,150,306,0,45,52.49238725488848,30.987300000560936,172.65100000076927,2881.643790849673
1746379691,420,,Aggregated,209.200000,0.000000,43,49,52,54,64,100,120,130,150,150,150,3464,0,43,50.62171091224267,28.137100000094506,172.65100000076927,2949.6535796766743
1746379692,440,GET,GET /pastes/:slug,209.300000,0.000000,43,49,52,54,64,100,120,130,160,170,170,3461,0,43,50.49619271887522,28.137100000094506,172.17320000054315,2956.2574400462295
1746379692,440,POST,POST /pastes,18.300000,0.000000,45,50,54,56,75,110,140,140,160,160,160,335,0,45,52.464484477594,30.987300000560936,172.65100000076927,2861.3194029850747
1746379692,440,,Aggregated,227.600000,0.000000,43,49,52,54,65,100,120,130,160,170,170,3796,0,43,50.66989602213408,28.137100000094506,172.65100000076927,2947.8790832455215
1746379693,460,GET,GET /pastes/:slug,222.700000,0.000000,43,49,52,54,63,99,120,130,160,170,170,3786,0,43,50.31547577919474,28.137100000094506,172.17320000054315,2950.450079239303
1746379693,460,POST,POST /pastes,20.800000,0.000000,45,50,54,57,71,110,140,140,160,160,160,360,0,45,52.54474694442656,30.987300000560936,172.65100000076927,2850.7555555555555
1746379693,460,,Aggregated,243.500000,0.000000,43,49,52,54,64,99,120,130,160,170,170,4146,0,43,50.50904491076337,28.137100000094506,172.65100000076927,2941.7935359382536
1746379694,480,GET,GET /pastes/:slug,237.300000,0.000000,43,49,52,54,62,94,120,130,160,170,170,4117,0,43,50.2401896769552,28.137100000094506,172.17320000054315,2946.051979596794
1746379694,480,POST,POST /pastes,22.000000,0.000000,45,50,54,57,67,100,140,140,160,160,160,387,0,45,52.61552687336162,30.987300000560936,172.65100000076927,2846.731266149871
1746379694,480,,Aggregated,259.300000,0.000000,44,49,52,54,62,95,120,130,160,170,170,4504,0,43,50.44428725577608,28.137100000094506,172.65100000076927,2937.5179840142096
1746379695,500,GET,GET /pastes/:slug,251.900000,0.000000,43,48,52,54,61,93,120,140,160,170,170,4470,0,43,50.012262304255415,28.137100000094506,172.17320000054315,2941.657270693512
1746379695,500,POST,POST /pastes,23.300000,0.000000,45,50,54,57,71,110,140,150,160,160,160,415,0,45,52.846858795158596,30.987300000560936,172.65100000076927,2814.3518072289157
1746379695,500,,Aggregated,275.200000,0.000000,43,49,52,54,61,94,120,140,160,170,170,4885,0,43,50.2530724462666,28.137100000094506,172.65100000076927,2930.8421699078813
1746379696,500,GET,GET /pastes/:slug,264.400000,0.000000,43,49,52,54,60,92,120,140,160,170,170,4844,0,43,49.94807303881223,28.137100000094506,172.17320000054315,2944.9128819157722
1746379696,500,POST,POST /pastes,24.700000,0.000000,45,50,55,57,71,110,140,150,160,160,160,449,0,45,52.67478908684124,30.987300000560936,172.65100000076927,2786.336302895323
1746379696,500,,Aggregated,289.100000,0.000000,43,49,52,54,61,94,120,140,160,170,170,5293,0,44,50.179377687511405,28.137100000094506,172.65100000076927,2931.4609862081993
1746379697,500,GET,GET /pastes/:slug,278.500000,0.000000,43,48,51,53,59,77,110,130,160,170,170,5181,0,43,49.51460669755216,28.137100000094506,172.17320000054315,2943.881297046902
1746379697,500,POST,POST /pastes,26.100000,0.000000,45,50,55,57,66,110,140,150,160,160,160,480,0,45,52.21775041666964,30.987300000560936,172.65100000076927,2799.21875
1746379697,500,,Aggregated,304.600000,0.000000,43,48,51,53,59,81,120,140,160,170,170,5661,0,43,49.7438080727819,28.137100000094506,172.65100000076927,2931.6152623211447
1746379698,500,GET,GET /pastes/:slug,293.400000,0.000000,43,48,51,53,59,69,110,130,160,170,170,5551,0,43,49.25423790308479,28.137100000094506,172.17320000054315,2947.452531075482
1746379698,500,POST,POST /pastes,27.300000,0.000000,45,50,55,57,62,84,140,150,160,160,160,512,0,45,51.86755410155541,30.987300000560936,172.65100000076927,2812.580078125
1746379698,500,,Aggregated,320.700000,0.000000,43,48,52,54,59,70,110,140,160,170,170,6063,0,43,49.47492368464765,28.137100000094506,172.65100000076927,2936.0630051129806
1746379699,500,GET,GET /pastes/:slug,306.100000,0.000000,43,48,51,53,59,66,110,130,160,170,170,5895,0,43,49.04380551315015,28.137100000094506,172.17320000054315,2945.6615776081426
1746379699,500,POST,POST /pastes,28.000000,0.000000,45,51,54,57,62,84,140,150,160,160,160,546,0,45,51.56432216116604,30.987300000560936,172.65100000076927,2820.587912087912
1746379699,500,,Aggregated,334.100000,0.000000,44,49,52,54,59,67,110,130,160,170,170,6441,0,43,49.25746831237617,28.137100000094506,172.65100000076927,2935.0591523055427
1746379700,500,GET,GET /pastes/:slug,316.200000,0.000000,44,49,52,53,59,65,100,130,160,170,170,6234,0,43,48.875358646136256,28.137100000094506,172.17320000054315,2940.0530959255693
1746379700,500,POST,POST /pastes,29.600000,0.000000,45,50,54,56,61,71,110,130,160,160,160,583,0,45,51.339129502562805,30.987300000560936,172.65100000076927,2806.4116638078904
1746379700,500,,Aggregated,345.800000,0.000000,44,49,52,54,59,66,100,130,160,170,170,6817,0,44,49.086064001761194,28.137100000094506,172.65100000076927,2928.6238814727885
1746379701,500,GET,GET /pastes/:slug,326.300000,0.000000,44,48,51,53,58,64,88,110,150,160,160,6596,0,43,48.62492739539139,28.137100000094506,172.17320000054315,2942.8200424499696
1746379701,500,POST,POST /pastes,31.000000,0.000000,46,51,54,56,60,71,110,110,160,160,160,613,0,45,51.21504959215584,30.987300000560936,172.65100000076927,2803.145187601958
1746379701,500,,Aggregated,357.300000,0.000000,44,49,52,53,58,64,89,110,150,160,160,7209,0,44,48.84517221528526,28.137100000094506,172.65100000076927,2930.9431266472466
1746379702,500,GET,GET /pastes/:slug,332.600000,0.000000,44,49,52,54,59,66,110,140,200,260,260,6937,0,44,49.25505162173744,28.137100000094506,259.7679999998945,2943.7018884243907
1746379702,500,POST,POST /pastes,30.800000,0.000000,47,51,55,57,63,72,110,160,200,200,200,644,0,45,51.85681164594425,30.987300000560936,195.92870000087714,2806.805900621118
1746379702,500,,Aggregated,363.400000,0.000000,44,49,52,54,59,67,110,140,200,260,260,7581,0,44,49.47606909378434,28.137100000094506,259.7679999998945,2932.0726817042605
1746379703,500,GET,GET /pastes/:slug,339.200000,0.000000,44,49,52,54,60,67,100,140,200,260,260,7311,0,44,49.26363723156725,28.137100000094506,259.7679999998945,2938.8141157160444
1746379703,500,POST,POST /pastes,31.000000,0.000000,47,52,55,57,64,72,110,160,200,200,200,674,0,46,52.01206973292526,30.987300000560936,195.92870000087714,2785.032640949555
1746379703,500,,Aggregated,370.200000,0.000000,44,49,52,54,60,67,110,140,200,260,260,7985,0,44,49.495627651844494,28.137100000094506,259.7679999998945,2925.83368816531
1746379704,500,GET,GET /pastes/:slug,345.900000,0.000000,44,49,52,54,60,68,94,130,200,260,260,7669,0,44,49.324263984870825,28.137100000094506,259.7679999998945,2941.720693701917
1746379704,500,POST,POST /pastes,30.800000,0.000000,47,52,55,57,62,68,98,140,200,200,200,709,0,46,51.994453173467086,30.987300000560936,195.92870000087714,2797.0902679830747
1746379704,500,,Aggregated,376.700000,0.000000,45,50,53,55,60,68,95,130,200,260,260,8378,0,44,49.550232489849755,28.137100000094506,259.7679999998945,2929.481141083791
1746379705,500,GET,GET /pastes/:slug,349.000000,0.000000,44,49,52,54,60,67,81,110,200,260,260,8025,0,44,49.097491102803794,28.137100000094506,259.7679999998945,2943.1842990654204
1746379705,500,POST,POST /pastes,31.000000,0.000000,48,52,55,57,62,68,83,140,200,200,200,744,0,46,51.76512970428443,30.987300000560936,195.92870000087714,2798.635752688172
1746379705,500,,Aggregated,380.000000,0.000000,45,50,53,55,60,67,81,110,200,260,260,8769,0,44,49.32382513399324,28.137100000094506,259.7679999998945,2930.920173337895
1746379706,500,GET,GET /pastes/:slug,352.800000,0.000000,44,49,52,54,60,67,81,110,200,260,260,8394,0,44,48.87296231832275,28.137100000094506,259.7679999998945,2946.349535382416
1746379706,500,POST,POST /pastes,31.500000,0.000000,47,51,54,56,62,67,83,140,200,200,200,777,0,46,51.547946718129545,30.987300000560936,195.92870000087714,2805.127413127413
1746379706,500,,Aggregated,384.300000,0.000000,45,50,52,54,60,67,81,110,200,260,260,9171,0,44,49.09959658706642,28.137100000094506,259.7679999998945,2934.3846908734054
1746379707,500,GET,GET /pastes/:slug,354.200000,0.000000,45,49,52,54,60,67,80,110,200,260,260,8754,0,44,48.74756683801478,28.137100000094506,259.7679999998945,2948.3572081334246
1746379707,500,POST,POST /pastes,31.900000,0.000000,47,52,54,57,62,67,83,140,200,200,200,807,0,46,51.37448364310323,30.987300000560936,195.92870000087714,2809.633209417596
1746379707,500,,Aggregated,386.100000,0.000000,45,50,53,55,60,67,81,110,200,260,260,9561,0,44,48.969292793637074,28.137100000094506,259.7679999998945,2936.6481539587908
1746379708,500,GET,GET /pastes/:slug,353.500000,0.000000,44,49,52,54,60,67,80,110,200,260,260,9103,0,44,48.59124605075274,28.137100000094506,259.7679999998945,2949.442821048006
1746379708,500,POST,POST /pastes,32.000000,0.000000,46,51,54,57,62,67,83,140,200,200,200,839,0,45,51.10878676994387,30.987300000560936,195.92870000087714,2816.61620977354
1746379708,500,,Aggregated,385.500000,0.000000,45,49,53,54,60,67,81,110,200,260,260,9942,0,44,48.803699949706655,28.137100000094506,259.7679999998945,2938.233655200161
1746379709,500,GET,GET /pastes/:slug,354.200000,0.000000,44,49,52,54,60,67,80,110,200,260,260,9454,0,44,48.4555340173491,28.137100000094506,259.7679999998945,2949.4078696847896
1746379709,500,POST,POST /pastes,33.300000,0.000000,45,51,54,56,62,67,83,140,200,200,200,869,0,45,50.8915965477374,30.987300000560936,195.92870000087714,2810.1898734177216
1746379709,500,,Aggregated,387.500000,0.000000,44,50,53,54,60,67,81,110,200,260,260,10323,0,44,48.66060408795904,28.137100000094506,259.7679999998945,2937.68836578514
1746379710,500,GET,GET /pastes/:slug,354.300000,0.000000,44,49,52,54,60,67,81,110,200,260,260,9825,0,44,48.345703877866704,28.137100000094506,259.7679999998945,2952.885496183206
1746379710,500,POST,POST /pastes,33.100000,0.000000,46,50,54,57,62,68,98,160,200,200,200,892,0,45,50.861558295950125,30.987300000560936,195.92870000087714,2804.696188340807
1746379710,500,,Aggregated,387.400000,0.000000,44,50,52,55,60,67,82,110,200,260,260,10717,0,44,48.5551040962981,28.137100000094506,259.7679999998945,2940.55136698703
1746379711,500,GET,GET /pastes/:slug,356.200000,0.000000,44,49,52,54,60,67,83,110,200,260,260,10188,0,44,48.26129265803445,28.137100000094506,259.7679999998945,2951.6652925009816
1746379711,500,POST,POST /pastes,31.600000,0.000000,45,50,54,57,62,68,98,160,200,200,200,912,0,45,50.77737105261604,30.987300000560936,195.92870000087714,2801.3267543859647
1746379711,500,,Aggregated,387.800000,0.000000,44,49,52,54,60,67,84,110,200,260,260,11100,0,44,48.46801909910268,28.137100000094506,259.7679999998945,2939.313153153153
1746379712,500,GET,GET /pastes/:slug,355.800000,0.000000,44,49,52,54,58,63,70,75,100,100,100,10552,0,44,48.12643525398308,28.137100000094506,259.7679999998945,2950.494787717968
1746379712,500,POST,POST /pastes,31.700000,0.000000,45,50,53,55,60,65,72,83,100,100,100,953,0,45,50.6004707240094,30.987300000560936,195.92870000087714,2799.99685204617
1746379712,500,,Aggregated,387.500000,0.000000,44,49,52,54,59,64,70,76,100,100,100,11505,0,44,48.33136839635027,28.137100000094506,259.7679999998945,2938.0285093437637
1746379713,500,GET,GET /pastes/:slug,358.100000,0.000000,43,48,51,53,57,61,68,73,95,100,100,10883,0,44,48.00266837269458,28.137100000094506,259.7679999998945,2948.7259027841587
1746379713,500,POST,POST /pastes,29.900000,0.000000,45,49,53,54,59,63,66,72,88,88,88,993,0,45,50.42482114802941,30.987300000560936,195.92870000087714,2806.1067472306145
1746379713,500,,Aggregated,388.000000,0.000000,44,48,51,53,58,61,68,73,95,100,100,11876,0,44,48.205194282589126,28.137100000094506,259.7679999998945,2936.8009430784778
1746379714,500,GET,GET /pastes/:slug,357.000000,0.000000,43,48,51,53,57,60,67,70,95,100,100,11232,0,44,47.966960096157656,28.137100000094506,259.7679999998945,2947.9647435897436
1746379714,500,POST,POST /pastes,30.100000,0.000000,45,49,53,55,59,62,68,71,88,88,88,1032,0,45,50.44933381782005,30.987300000560936,195.92870000087714,2804.548449612403
1746379714,500,,Aggregated,387.100000,0.000000,43,48,51,53,57,61,67,70,95,100,100,12264,0,44,48.17584868721734,28.137100000094506,259.7679999998945,2935.8964448793217
1746379715,500,GET,GET /pastes/:slug,354.800000,0.000000,43,48,51,53,57,61,68,71,95,100,100,11586,0,44,47.93583388573053,28.137100000094506,259.7679999998945,2946.8083031244605
1746379715,500,POST,POST /pastes,31.300000,0.000000,45,49,53,54,60,63,70,71,88,88,88,1059,0,45,50.3983950896965,30.987300000560936,195.92870000087714,2798.958451369216
1746379715,500,,Aggregated,386.100000,0.000000,44,48,51,53,57,61,68,71,95,100,100,12645,0,44,48.14206973507811,28.137100000094506,259.7679999998945,2934.426097271649
1746379716,500,GET,GET /pastes/:slug,354.800000,0.000000,44,49,51,53,57,61,68,71,95,100,100,11953,0,44,47.90696779888298,28.137100000094506,259.7679999998945,2947.5603614155443
1746379716,500,POST,POST /pastes,31.900000,0.000000,45,50,53,56,60,64,70,71,88,88,88,1097,0,46,50.44821668184817,30.987300000560936,195.92870000087714,2798.9453053783045
1746379716,500,,Aggregated,386.700000,0.000000,44,49,52,53,58,62,68,71,95,100,100,13050,0,44,48.12058849042426,28.137100000094506,259.7679999998945,2935.0675862068965
1746379717,500,GET,GET /pastes/:slug,355.400000,0.000000,44,49,52,54,58,63,69,73,95,100,100,12292,0,44,47.9898338594236,28.137100000094506,259.7679999998945,2949.5817604946305
1746379717,500,POST,POST /pastes,32.100000,0.000000,47,52,55,57,62,68,71,82,92,92,92,1141,0,46,50.621506573166876,30.987300000560936,195.92870000087714,2808.183172655565
1746379717,500,,Aggregated,387.500000,0.000000,45,50,52,54,59,63,70,74,95,100,100,13433,0,44,48.21336833172179,28.137100000094506,259.7679999998945,2937.571354127894
1746379718,500,GET,GET /pastes/:slug,353.800000,0.000000,45,50,53,54,59,64,70,76,95,100,100,12623,0,44,48.04258957458704,28.137100000094506,259.7679999998945,2950.1056008872692
1746379718,500,POST,POST /pastes,31.700000,0.000000,48,53,56,57,63,68,71,82,92,92,92,1183,0,46,50.645278951797714,30.987300000560936,195.92870000087714,2809.6153846153848
1746379718,500,,Aggregated,385.500000,0.000000,45,50,53,55,60,64,70,76,95,100,100,13806,0,44,48.265607214253905,28.137100000094506,259.7679999998945,2938.0673620165144
1746379719,500,GET,GET /pastes/:slug,351.300000,0.000000,45,50,53,55,60,65,72,77,95,100,100,12973,0,44,48.12315182301926,28.137100000094506,259.7679999998945,2949.5960070916517
1746379719,500,POST,POST /pastes,32.400000,0.000000,49,53,57,59,64,69,75,87,92,92,92,1228,0,46,50.76573469054167,30.987300000560936,195.92870000087714,2808.3941368078176
1746379719,500,,Aggregated,383.700000,0.000000,46,51,53,55,61,66,72,79,95,100,100,14201,0,44,48.35166331948555,28.137100000094506,259.7679999998945,2937.385888317724
1746379720,500,GET,GET /pastes/:slug,350.200000,0.000000,46,51,54,56,62,68,76,82,100,120,120,13307,0,44,48.26725364094471,28.137100000094506,259.7679999998945,2948.1019012549787
1746379720,500,POST,POST /pastes,32.700000,0.000000,49,53,57,59,65,70,80,87,93,93,93,1265,0,46,50.83263865611515,30.987300000560936,195.92870000087714,2812.4577075098814
1746379720,500,,Aggregated,382.900000,0.000000,46,51,54,56,62,68,76,83,100,120,120,14572,0,45,48.48995553802064,28.137100000094506,259.7679999998945,2936.326585231952
1746379721,500,GET,GET /pastes/:slug,348.200000,0.000000,47,51,54,56,62,68,76,82,100,120,120,13674,0,44,48.26969186778063,28.137100000094506,259.7679999998945,2949.2223928623666
1746379721,500,POST,POST /pastes,34.900000,0.000000,49,54,58,60,67,71,80,87,93,93,93,1308,0,46,50.90816880732918,30.987300000560936,195.92870000087714,2815.696483180428
1746379721,500,,Aggregated,383.100000,0.000000,47,52,55,56,62,69,76,82,100,120,120,14982,0,45,48.50004347884251,28.137100000094506,259.7679999998945,2937.5649446001867
1746379722,500,GET,GET /pastes/:slug,347.700000,0.000000,47,52,55,57,62,69,76,82,100,120,120,14020,0,45,48.2602304636268,28.137100000094506,259.7679999998945,2948.1820970042795
1746379722,500,POST,POST /pastes,36.600000,0.000000,50,55,58,61,68,71,80,87,93,93,93,1339,0,47,50.89536385360638,30.987300000560936,195.92870000087714,2817.760268857356
1746379722,500,,Aggregated,384.300000,0.000000,47,52,55,57,63,69,76,83,100,120,120,15359,0,45,48.4899618009002,28.137100000094506,259.7679999998945,2936.8119018165244
1746379723,500,GET,GET /pastes/:slug,346.800000,0.000000,47,52,55,57,63,69,76,82,100,120,120,14369,0,45,48.277694745635294,28.137100000094506,259.7679999998945,2950.6063748347137
1746379723,500,POST,POST /pastes,38.300000,0.000000,50,55,59,61,68,71,80,87,93,93,93,1377,0,47,50.858538489460884,30.987300000560936,195.92870000087714,2821.896877269426
1746379723,500,,Aggregated,385.100000,0.000000,48,52,55,58,63,69,76,82,100,120,120,15746,0,45,48.50339154706087,28.137100000094506,259.7679999998945,2939.350628731106
1746379724,500,GET,GET /pastes/:slug,347.200000,0.000000,47,52,55,58,64,70,78,86,100,120,120,14724,0,45,48.33066888753258,28.137100000094506,259.7679999998945,2952.9173458299374
1746379724,500,POST,POST /pastes,38.900000,0.000000,50,55,59,61,68,72,81,90,93,93,93,1417,0,47,50.917768383896735,30.987300000560936,195.92870000087714,2813.6880733944954
1746379724,500,,Aggregated,386.100000,0.000000,48,53,56,58,64,70,78,87,100,120,120,16141,0,45,48.55778740474642,28.137100000094506,259.7679999998945,2940.6945666315596
1746379725,500,GET,GET /pastes/:slug,346.700000,0.000000,48,53,56,58,64,70,78,86,100,120,120,15077,0,45,48.37275363799188,28.137100000094506,259.7679999998945,2953.7358227764144
1746379725,500,POST,POST /pastes,38.400000,0.000000,50,55,59,61,68,72,81,90,93,93,93,1441,0,47,50.86916870227504,30.987300000560936,195.92870000087714,2816.553782095767
1746379725,500,,Aggregated,385.100000,0.000000,48,53,56,59,64,70,79,87,100,120,120,16518,0,45,48.59053630584709,28.137100000094506,259.7679999998945,2941.7683133551277
1746379726,500,GET,GET /pastes/:slug,348.000000,0.000000,48,53,56,59,64,71,79,87,100,120,120,15441,0,45,48.40039682015376,28.137100000094506,259.7679999998945,2950.967230101677
1746379726,500,POST,POST /pastes,38.700000,0.000000,50,55,59,61,68,73,82,89,93,93,93,1483,0,47,50.91569831421158,30.987300000560936,195.92870000087714,2827.192178017532
1746379726,500,,Aggregated,386.700000,0.000000,48,53,56,59,65,71,80,87,100,120,120,16924,0,45,48.62080524107598,28.137100000094506,259.7679999998945,2940.121188844245
1746379727,500,GET,GET /pastes/:slug,347.400000,0.000000,48,53,56,59,65,72,84,93,140,140,140,15811,0,45,48.52537916640195,28.137100000094506,259.7679999998945,2951.999051293403
1746379727,500,POST,POST /pastes,38.400000,0.000000,50,56,60,62,69,77,90,96,130,130,130,1515,0,47,51.1888795379407,30.987300000560936,195.92870000087714,2823.206600660066
1746379727,500,,Aggregated,385.800000,0.000000,48,53,57,59,65,73,85,94,140,140,140,17326,0,45,48.75827787717658,28.137100000094506,259.7679999998945,2940.7373311785755
1746379728,500,GET,GET /pastes/:slug,348.300000,0.000000,47,53,56,59,65,73,85,93,140,140,140,16156,0,45,48.50642690641119,28.137100000094506,259.7679999998945,2952.305521168606
1746379728,500,POST,POST /pastes,38.300000,0.000000,50,56,60,62,69,78,90,96,130,130,130,1551,0,47,51.150949387479415,30.987300000560936,195.92870000087714,2813.85944551902
1746379728,500,,Aggregated,386.600000,0.000000,48,53,57,59,65,73,85,94,140,140,140,17707,0,45,48.738067182467944,28.137100000094506,259.7679999998945,2940.178686395211
1746379729,500,GET,GET /pastes/:slug,348.000000,0.000000,47,52,56,58,64,72,85,93,140,140,140,16501,0,45,48.45024056117745,28.137100000094506,259.7679999998945,2951.0650869644264
1746379729,500,POST,POST /pastes,38.300000,0.000000,50,56,59,61,68,77,90,96,130,130,130,1585,0,47,51.056524794942156,30.987300000560936,195.92870000087714,2816.5236593059935
1746379729,500,,Aggregated,386.300000,0.000000,47,53,56,59,64,73,85,93,140,140,140,18086,0,45,48.67864709167162,28.137100000094506,259.7679999998945,2939.2743005639722
1746379730,500,GET,GET /pastes/:slug,351.500000,0.000000,47,52,55,57,62,68,79,90,140,140,140,16865,0,45,48.42258725763323,28.137100000094506,259.7679999998945,2950.0336199229173
1746379730,500,POST,POST /pastes,37.400000,0.000000,50,55,59,60,66,73,90,96,130,130,130,1624,0,47,51.06380782018645,30.987300000560936,195.92870000087714,2822.326354679803
1746379730,500,,Aggregated,388.900000,0.000000,47,52,55,57,63,69,80,91,140,140,140,18489,0,45,48.65458153496497,28.137100000094506,259.7679999998945,2938.8163232192114
1746379731,500,GET,GET /pastes/:slug,352.800000,0.000000,46,51,55,57,62,69,79,90,140,140,140,17183,0,45,48.3650002968049,28.137100000094506,259.7679999998945,2950.2720130361404
1746379731,500,POST,POST /pastes,36.700000,0.000000,49,55,58,60,65,73,90,96,130,130,130,1651,0,47,50.99968019381338,30.987300000560936,195.92870000087714,2823.892186553604
1746379731,500,,Aggregated,389.500000,0.000000,47,51,55,57,62,69,80,91,140,140,140,18834,0,45,48.595957953699944,28.137100000094506,259.7679999998945,2939.1934798768184
1746379732,500,GET,GET /pastes/:slug,352.300000,0.000000,46,51,54,57,62,70,84,92,140,140,140,17536,0,45,48.3905735230381,28.137100000094506,259.7679999998945,2953.2304972627735
1746379732,500,POST,POST /pastes,35.000000,0.000000,50,55,59,60,66,76,90,96,130,130,130,1700,0,47,51.08521323527812,30.987300000560936,195.92870000087714,2821.2282352941174
1746379732,500,,Aggregated,387.300000,0.000000,47,51,55,57,63,71,85,93,140,140,140,19236,0,45,48.62871489914581,28.137100000094506,259.7679999998945,2941.5646704096484
1746379733,500,GET,GET /pastes/:slug,352.400000,0.000000,46,51,54,56,63,71,84,92,140,140,140,17871,0,45,48.37404609143366,28.137100000094506,259.7679999998945,2954.232107884282
1746379733,500,POST,POST /pastes,34.900000,0.000000,50,55,59,60,67,77,90,96,130,130,130,1724,0,47,51.06672349186288,30.987300000560936,195.92870000087714,2825.139211136891
1746379733,500,,Aggregated,387.300000,0.000000,47,51,55,57,63,72,86,93,140,140,140,19595,0,45,48.61095223271157,28.137100000094506,259.7679999998945,2942.8743046695586
1746379734,500,GET,GET /pastes/:slug,350.100000,0.000000,46,51,54,56,61,68,80,90,140,140,140,18223,0,45,48.31318048071194,28.137100000094506,259.7679999998945,2953.606705811337
1746379734,500,POST,POST /pastes,35.300000,0.000000,49,54,58,59,63,76,90,96,130,130,130,1759,0,47,50.98233803295859,30.987300000560936,195.92870000087714,2833.6469584991473
1746379734,500,,Aggregated,385.400000,0.000000,46,51,54,56,61,69,83,90,140,140,140,19982,0,45,48.54814435491884,28.137100000094506,259.7679999998945,2943.046742067861
1746379735,500,GET,GET /pastes/:slug,352.300000,0.000000,46,51,54,56,62,70,84,92,140,140,140,18581,0,45,48.39540661428371,28.137100000094506,259.7679999998945,2951.1724342069856
1746379735,500,POST,POST /pastes,35.500000,0.000000,49,54,58,60,63,75,90,96,130,130,130,1797,0,47,50.96846544238634,30.987300000560936,195.92870000087714,2835.643850862549
1746379735,500,,Aggregated,387.800000,0.000000,46,51,54,56,62,71,84,93,140,140,140,20378,0,45,48.62230752281749,28.137100000094506,259.7679999998945,2940.9847384434192
1746379736,500,GET,GET /pastes/:slug,349.500000,0.000000,46,51,54,56,62,68,79,87,100,110,110,18935,0,45,48.427499461314085,28.137100000094506,259.7679999998945,2949.653815685239
1746379736,500,POST,POST /pastes,34.200000,0.000000,49,54,58,59,62,69,77,83,95,95,95,1825,0,47,51.00855430135322,30.987300000560936,195.92870000087714,2837.6728767123286
1746379736,500,,Aggregated,383.700000,0.000000,46,51,54,56,62,68,79,87,100,110,110,20760,0,45,48.65439855009406,28.137100000094506,259.7679999998945,2939.809633911368
1746379737,500,GET,GET /pastes/:slug,348.300000,0.000000,46,51,54,56,62,69,80,88,110,110,110,19269,0,45,48.5082780943468,28.137100000094506,259.7679999998945,2947.3468784057295
1746379737,500,POST,POST /pastes,34.700000,0.000000,49,54,58,59,63,72,83,87,100,100,100,1867,0,48,51.13921719333812,30.987300000560936,195.92870000087714,2834.6791644349223
1746379737,500,,Aggregated,383.000000,0.000000,46,51,54,56,62,69,81,88,110,110,110,21136,0,45,48.74067605506868,28.137100000094506,259.7679999998945,2937.3946347464043
1746379738,500,GET,GET /pastes/:slug,348.000000,0.000000,46,51,54,56,62,71,84,93,130,140,140,19614,0,45,48.560785729579166,28.137100000094506,259.7679999998945,2948.5142755174875
1746379738,500,POST,POST /pastes,35.200000,0.000000,49,55,59,60,67,74,83,88,110,110,110,1898,0,48,51.22892207584954,30.987300000560936,195.92870000087714,2837.5943097997892
1746379738,500,,Aggregated,383.200000,0.000000,47,51,55,57,63,72,83,93,130,140,140,21512,0,45,48.79619493305736,28.137100000094506,259.7679999998945,2938.7278263294907
1746379739,500,GET,GET /pastes/:slug,348.900000,0.000000,47,51,55,57,63,71,84,93,130,140,140,19979,0,45,48.53969611091495,28.137100000094506,259.7679999998945,2949.8680114119825
1746379739,500,POST,POST /pastes,34.200000,0.000000,50,55,59,60,67,74,83,88,110,110,110,1933,0,48,51.16684764612376,30.987300000560936,195.92870000087714,2840.5426797723744
1746379739,500,,Aggregated,383.100000,0.000000,47,52,55,57,63,72,83,93,130,140,140,21912,0,45,48.771454230555356,28.137100000094506,259.7679999998945,2940.223713033954
1746379740,500,GET,GET /pastes/:slug,343.400000,0.000000,47,52,55,57,64,72,84,93,140,210,210,20328,0,45,48.5694008756383,28.137100000094506,259.7679999998945,2950.2984553325464
1746379740,500,POST,POST /pastes,35.200000,0.000000,50,55,59,60,68,76,83,88,110,110,110,1961,0,48,51.214592962756925,30.987300000560936,195.92870000087714,2840.2830188679245
1746379740,500,,Aggregated,378.600000,0.000000,47,52,55,57,64,72,84,93,140,210,210,22289,0,45,48.80212651083239,28.137100000094506,259.7679999998945,2940.6192292162054
1746379741,500,GET,GET /pastes/:slug,344.600000,0.000000,47,52,55,57,64,71,83,94,140,210,210,20679,0,45,48.602337903184996,28.137100000094506,259.7679999998945,2948.105179167271
1746379741,500,POST,POST /pastes,34.600000,0.000000,50,55,59,60,68,76,82,84,110,110,110,1997,0,48,51.254857886812566,30.987300000560936,195.92870000087714,2836.069103655483
1746379741,500,,Aggregated,379.200000,0.000000,47,52,56,58,64,72,83,93,140,210,210,22676,0,46,48.8359365276031,28.137100000094506,259.7679999998945,2938.238534133004
1746379742,500,GET,GET /pastes/:slug,346.200000,0.000000,48,52,56,58,64,71,83,94,140,210,210,21042,0,45,48.62463765801446,28.137100000094506,259.7679999998945,2945.360231917118
1746379742,500,POST,POST /pastes,34.500000,0.000000,50,55,59,61,68,76,82,91,110,110,110,2029,0,48,51.31777141447079,30.987300000560936,195.92870000087714,2837.483489403647
1746379742,500,,Aggregated,380.700000,0.000000,48,53,56,58,65,72,83,93,140,210,210,23071,0,46,48.86148774651733,28.137100000094506,259.7679999998945,2935.872914047939
1746379743,500,GET,GET /pastes/:slug,346.200000,0.000000,48,53,56,58,65,72,83,94,140,210,210,21398,0,45,48.68258113374868,28.137100000094506,259.7679999998945,2945.830404710721
1746379743,500,POST,POST /pastes,34.300000,0.000000,52,56,60,61,70,76,82,91,110,110,110,2056,0,48,51.39710958169311,30.987300000560936,195.92870000087714,2836.515077821012
1746379743,500,,Aggregated,380.500000,0.000000,48,53,57,59,65,72,83,93,140,210,210,23454,0,46,48.92053928540624,28.137100000094506,259.7679999998945,2936.2477189392002
1746379744,500,GET,GET /pastes/:slug,347.400000,0.000000,48,53,56,58,64,71,81,93,140,210,210,21751,0,46,48.66917795043752,28.137100000094506,259.7679999998945,2945.6504528527425
1746379744,500,POST,POST /pastes,33.100000,0.000000,52,56,60,61,71,76,82,91,110,110,110,2087,0,48,51.370716147563115,30.987300000560936,195.92870000087714,2832.7331097268807
1746379744,500,,Aggregated,380.500000,0.000000,49,53,56,58,65,71,82,92,140,210,210,23838,0,46,48.90569570433489,28.137100000094506,259.7679999998945,2935.76461951506
1746379745,500,GET,GET /pastes/:slug,347.900000,0.000000,48,53,56,58,63,69,78,90,140,210,210,22101,0,46,48.64521429346909,28.137100000094506,259.7679999998945,2945.0376001085924
1746379745,500,POST,POST /pastes,32.700000,0.000000,51,56,60,62,71,76,82,91,110,110,110,2117,0,48,51.33363977324401,30.987300000560936,195.92870000087714,2833.2664147378364
1746379745,500,,Aggregated,380.600000,0.000000,48,53,56,58,64,70,80,90,140,210,210,24218,0,46,48.880221178459074,28.137100000094506,259.7679999998945,2935.2671979519364
1746379746,500,GET,GET /pastes/:slug,351.000000,0.000000,48,52,55,57,63,68,78,88,140,210,210,22447,0,46,48.60802340624493,28.137100000094506,259.7679999998945,2944.353766650332
1746379746,500,POST,POST /pastes,32.700000,0.000000,50,55,59,61,68,75,82,91,110,110,110,2154,0,48,51.28730088206189,30.987300000560936,195.92870000087714,2832.0
1746379746,500,,Aggregated,383.700000,0.000000,48,53,55,57,63,69,78,88,140,210,210,24601,0,46,48.84261401975307,28.137100000094506,259.7679999998945,2934.5163611235316
1746379747,500,GET,GET /pastes/:slug,352.000000,0.000000,48,52,55,57,63,68,78,86,140,210,210,22815,0,46,48.63436374753361,28.137100000094506,259.7679999998945,2942.596362042516
1746379747,500,POST,POST /pastes,32.200000,0.000000,50,55,58,61,67,74,82,84,110,110,110,2183,0,48,51.30203408151922,30.987300000560936,195.92870000087714,2836.322950068713
1746379747,500,,Aggregated,384.200000,0.000000,48,52,55,57,63,69,80,86,140,210,210,24998,0,46,48.867323357866205,28.137100000094506,259.7679999998945,2933.3158252660214
1746379748,500,GET,GET /pastes/:slug,351.400000,0.000000,47,52,55,57,62,67,74,81,110,210,210,23159,0,46,48.618155956646845,28.137100000094506,259.7679999998945,2942.8211926248973
1746379748,500,POST,POST /pastes,31.800000,0.000000,49,55,57,60,66,71,80,82,92,92,92,2228,0,48,51.24104717233128,30.987300000560936,195.92870000087714,2840.3999102333933
1746379748,500,,Aggregated,383.200000,0.000000,48,52,55,57,62,68,74,81,110,210,210,25387,0,46,48.84834470004105,28.137100000094506,259.7679999998945,2933.8325520935914
1746379749,500,GET,GET /pastes/:slug,349.200000,0.000000,48,52,55,57,62,67,74,81,110,210,210,23508,0,46,48.61837404713329,28.137100000094506,259.7679999998945,2942.12965798877
1746379749,500,POST,POST /pastes,32.200000,0.000000,50,55,57,61,67,71,81,84,92,92,92,2259,0,48,51.29208397518869,30.987300000560936,195.92870000087714,2838.011066843736
1746379749,500,,Aggregated,381.400000,0.000000,48,52,55,57,62,68,75,82,110,210,210,25767,0,46,48.85277893429444,28.137100000094506,259.7679999998945,2933.0015523731904
1746379750,500,GET,GET /pastes/:slug,352.600000,0.000000,47,52,54,56,61,67,74,81,110,130,130,23832,0,46,48.5802882636798,28.137100000094506,259.7679999998945,2943.053247734139
1746379750,500,POST,POST /pastes,31.800000,0.000000,50,55,57,60,65,69,76,82,92,92,92,2295,0,48,51.263784793005385,30.987300000560936,195.92870000087714,2841.916339869281
1746379750,500,,Aggregated,384.400000,0.000000,47,52,55,57,62,67,74,81,110,130,130,26127,0,46,48.81600704252186,28.137100000094506,259.7679999998945,2934.169365024687
1746379751,500,GET,GET /pastes/:slug,352.200000,0.000000,47,51,54,56,61,66,72,76,92,110,110,24194,0,46,48.53629145656029,28.137100000094506,259.7679999998945,2942.3801769033644
1746379751,500,POST,POST /pastes,32.600000,0.000000,50,55,57,59,64,68,73,76,91,91,91,2332,0,48,51.2227201114697,30.987300000560936,195.92870000087714,2844.0188679245284
1746379751,500,,Aggregated,384.800000,0.000000,47,52,54,56,61,66,72,76,92,110,110,26526,0,46,48.77246546030205,28.137100000094506,259.7679999998945,2933.732865867451
1746379752,500,GET,GET /pastes/:slug,351.200000,0.000000,46,50,53,55,59,64,71,76,92,110,110,24522,0,46,48.50399764701158,28.137100000094506,259.7679999998945,2940.62731424843
1746379752,500,POST,POST /pastes,32.400000,0.000000,49,54,57,58,63,66,73,76,84,84,84,2371,0,48,51.208385238274005,30.987300000560936,195.92870000087714,2841.191902150991
1746379752,500,,Aggregated,383.600000,0.000000,47,51,54,55,60,64,71,76,92,110,110,26893,0,46,48.7424278325204,28.137100000094506,259.7679999998945,2931.8606700628416
1746379753,500,GET,GET /pastes/:slug,348.600000,0.000000,45,50,53,54,59,63,71,79,110,110,110,24872,0,46,48.470788095046714,28.137100000094506,259.7679999998945,2941.5788838854937
1746379753,500,POST,POST /pastes,32.700000,0.000000,48,53,55,57,63,66,73,80,110,110,110,2410,0,48,51.2045726140874,30.987300000560936,195.92870000087714,2839.6721991701243
1746379753,500,,Aggregated,381.300000,0.000000,46,50,53,55,59,63,72,80,110,110,110,27282,0,46,48.71228141265152,28.137100000094506,259.7679999998945,2932.576790557877
1746379754,500,GET,GET /pastes/:slug,349.300000,0.000000,45,50,52,54,59,64,74,81,110,110,110,25215,0,45,48.44420207416141,28.137100000094506,259.7679999998945,2940.1234186000397
1746379754,500,POST,POST /pastes,33.400000,0.000000,49,53,56,57,63,66,74,80,110,110,110,2454,0,48,51.215216055399175,30.987300000560936,195.92870000087714,2837.6577017114914
1746379754,500,,Aggregated,382.700000,0.000000,46,50,53,55,59,64,74,81,110,110,110,27669,0,46,48.68996694856827,28.137100000094506,259.7679999998945,2931.035599407279
1746379755,500,GET,GET /pastes/:slug,346.700000,0.000000,45,49,52,54,58,63,74,81,110,110,110,25550,0,45,48.39058255968695,28.137100000094506,259.7679999998945,2938.667397260274
1746379755,500,POST,POST /pastes,34.900000,0.000000,49,54,56,57,63,67,74,80,110,110,110,2482,0,48,51.179990894420165,30.987300000560936,195.92870000087714,2838.7477840451247
1746379755,500,,Aggregated,381.600000,0.000000,45,50,53,54,59,64,74,81,110,110,110,28032,0,46,48.637561422658266,28.137100000094506,259.7679999998945,2929.820348173516
1746379756,500,GET,GET /pastes/:slug,344.100000,0.000000,45,50,52,54,59,63,74,81,110,110,110,25918,0,45,48.36843689713723,28.137100000094506,259.7679999998945,2938.3376803765723
1746379756,500,POST,POST /pastes,36.100000,0.000000,49,54,56,57,63,67,74,80,110,110,110,2514,0,48,51.1397215592476,30.987300000560936,195.92870000087714,2834.8170246618934
1746379756,500,,Aggregated,380.200000,0.000000,45,50,53,54,59,64,74,81,110,110,110,28432,0,46,48.61347803531078,28.137100000094506,259.7679999998945,2929.184229037704
1746379757,500,GET,GET /pastes/:slug,345.100000,0.000000,45,49,52,54,58,62,69,75,100,110,110,26261,0,45,48.31465352804622,28.137100000094506,259.7679999998945,2937.555614789993
1746379757,500,POST,POST /pastes,36.800000,0.000000,48,53,56,57,63,66,73,80,110,110,110,2547,0,48,51.0727548880837,30.987300000560936,195.92870000087714,2827.296819787986
1746379757,500,,Aggregated,381.900000,0.000000,45,50,52,54,58,62,70,75,110,110,110,28808,0,46,48.558505380448985,28.137100000094506,259.7679999998945,2927.807310469314
1746379758,500,GET,GET /pastes/:slug,344.200000,0.000000,44,49,51,53,57,61,69,75,100,110,110,26593,0,45,48.271970988606064,28.137100000094506,259.7679999998945,2937.2466438536458
1746379758,500,POST,POST /pastes,36.900000,0.000000,48,52,55,57,62,65,71,80,110,110,110,2589,0,48,50.99719826185507,30.987300000560936,195.92870000087714,2836.830050212437
1746379758,500,,Aggregated,381.100000,0.000000,44,49,52,54,58,62,69,75,110,110,110,29182,0,46,48.51375062709708,28.137100000094506,259.7679999998945,2928.3377767116717
1746379759,500,GET,GET /pastes/:slug,348.300000,0.000000,44,49,51,53,57,61,68,75,100,110,110,26950,0,45,48.24488471985152,28.137100000094506,259.7679999998945,2937.5526530612246
1746379759,500,POST,POST /pastes,35.900000,0.000000,48,52,54,56,60,64,69,74,110,110,110,2625,0,48,50.94384213330825,30.987300000560936,195.92870000087714,2835.497142857143
1746379759,500,,Aggregated,384.200000,0.000000,44,49,51,53,57,61,68,75,110,110,110,29575,0,46,48.484437152998694,28.137100000094506,259.7679999998945,2928.494471682164
1746379760,500,GET,GET /pastes/:slug,346.900000,0.000000,44,49,51,53,57,61,69,76,100,110,110,27297,0,45,48.23360756127069,28.137100000094506,259.7679999998945,2936.550719859325
1746379760,500,POST,POST /pastes,35.900000,0.000000,48,52,54,56,60,64,70,80,110,110,110,2664,0,48,50.937097447423476,30.987300000560936,195.92870000087714,2833.0765765765764
1746379760,500,,Aggregated,382.800000,0.000000,44,49,52,54,58,62,70,76,110,110,110,29961,0,46,48.47398996027993,28.137100000094506,259.7679999998945,2927.3502553319313
1746379761,500,GET,GET /pastes/:slug,343.700000,0.000000,44,49,51,53,57,61,69,76,100,110,110,27635,0,45,48.18287581689953,28.137100000094506,259.7679999998945,2935.644653519088
1746379761,500,POST,POST /pastes,35.900000,0.000000,48,52,54,56,60,64,70,80,110,110,110,2700,0,48,50.88854274071814,30.987300000560936,195.92870000087714,2831.363703703704
1746379761,500,,Aggregated,379.600000,0.000000,44,49,52,53,57,62,69,76,110,110,110,30335,0,46,48.423696673807875,28.137100000094506,259.7679999998945,2926.3630130212628
1746379762,500,GET,GET /pastes/:slug,343.400000,0.000000,44,48,51,53,57,61,68,75,100,110,110,27979,0,45,48.132604682083375,28.137100000094506,259.7679999998945,2935.3407198255836
1746379762,500,POST,POST /pastes,37.000000,0.000000,48,52,54,55,60,64,70,80,110,110,110,2739,0,48,50.8803474625555,30.987300000560936,195.92870000087714,2830.5286600949253
1746379762,500,,Aggregated,380.400000,0.000000,44,49,51,53,57,61,68,75,110,110,110,30718,0,46,48.377609808579834,28.137100000094506,259.7679999998945,2925.9950517611824
1746379763,500,GET,GET /pastes/:slug,345.200000,0.000000,44,48,51,53,57,60,65,70,87,93,93,28330,0,45,48.10443368866992,28.137100000094506,259.7679999998945,2933.4587716201904
1746379763,500,POST,POST /pastes,37.300000,0.000000,47,51,53,55,59,63,65,70,93,93,93,2779,0,48,50.819878337509465,30.987300000560936,195.92870000087714,2829.6541921554517
1746379763,500,,Aggregated,382.500000,0.000000,44,48,51,53,57,61,65,70,90,93,93,31109,0,45,48.34700724227595,28.137100000094506,259.7679999998945,2924.185798322029
1746379764,500,GET,GET /pastes/:slug,344.600000,0.000000,44,48,51,53,57,60,65,70,87,93,93,28674,0,45,48.06728701959993,28.137100000094506,259.7679999998945,2933.0153449117665
1746379764,500,POST,POST /pastes,36.900000,0.000000,47,51,53,55,59,62,65,70,93,93,93,2817,0,48,50.797718743321376,30.987300000560936,195.92870000087714,2829.9495917642885
1746379764,500,,Aggregated,381.500000,0.000000,44,48,51,53,57,60,65,70,90,93,93,31491,0,45,48.3115354132911,28.137100000094506,259.7679999998945,2923.795687656791
1746379765,500,GET,GET /pastes/:slug,345.900000,0.000000,44,48,51,53,57,61,66,71,87,93,93,29026,0,45,48.0549783814508,28.137100000094506,259.7679999998945,2932.8314614483565
1746379765,500,POST,POST /pastes,37.000000,0.000000,47,51,53,55,60,63,66,73,93,93,93,2851,0,48,50.80205113992752,30.987300000560936,195.92870000087714,2827.2704314275693
1746379765,500,,Aggregated,382.900000,0.000000,44,49,52,53,57,61,66,71,90,93,93,31877,0,45,48.30066977130627,28.137100000094506,259.7679999998945,2923.39034413527
1746379766,500,GET,GET /pastes/:slug,345.800000,0.000000,44,49,52,53,58,62,68,73,90,93,93,29398,0,45,48.076019878903296,28.137100000094506,259.7679999998945,2930.720048982924
1746379766,500,POST,POST /pastes,36.400000,0.000000,47,52,54,56,61,65,72,80,93,93,93,2888,0,48,50.84723833100124,30.987300000560936,195.92870000087714,2830.071329639889
1746379766,500,,Aggregated,382.200000,0.000000,45,49,52,54,58,62,69,74,90,93,93,32286,0,46,48.32390685436213,28.137100000094506,259.7679999998945,2921.7169671064858
1746379767,500,GET,GET /pastes/:slug,345.100000,0.000000,44,49,52,53,58,62,68,73,90,93,93,29734,0,45,48.03817263738593,28.137100000094506,259.7679999998945,2930.3217528754963
1746379767,500,POST,POST /pastes,36.100000,0.000000,47,52,55,57,61,65,72,80,93,93,93,2929,0,48,50.813069511757,30.987300000560936,195.92870000087714,2826.7862751792422
1746379767,500,,Aggregated,381.200000,0.000000,44,49,52,54,59,63,69,73,90,93,93,32663,0,45,48.287006882404384,28.137100000094506,259.7679999998945,2921.037381746931
1746379768,500,GET,GET /pastes/:slug,346.000000,0.000000,44,49,52,53,58,62,68,73,90,93,93,30068,0,45,48.00958124916984,28.137100000094506,259.7679999998945,2930.694193162166
1746379768,500,POST,POST /pastes,36.100000,0.000000,48,52,55,57,62,65,72,80,93,93,93,2971,0,48,50.76705297877388,30.987300000560936,195.92870000087714,2826.3618310333222
1746379768,500,,Aggregated,382.100000,0.000000,44,49,52,54,59,63,69,73,90,93,93,33039,0,45,48.25754421743941,28.137100000094506,259.7679999998945,2921.31220678592
1746379769,500,GET,GET /pastes/:slug,344.000000,0.000000,44,49,52,53,58,62,68,73,90,93,93,30421,0,45,47.965887870223085,28.137100000094506,259.7679999998945,2929.5865027448144
1746379769,500,POST,POST /pastes,37.200000,0.000000,47,52,55,57,62,65,72,80,93,93,93,3000,0,48,50.717981866646944,30.987300000560936,195.92870000087714,2828.9963333333335
1746379769,500,,Aggregated,381.200000,0.000000,44,49,52,54,58,62,68,73,90,93,93,33421,0,45,48.212926617994704,28.137100000094506,259.7679999998945,2920.5571347356454
1746379770,500,GET,GET /pastes/:slug,343.500000,0.000000,44,48,51,53,58,62,68,71,83,90,90,30778,0,45,47.93572253233051,28.137100000094506,259.7679999998945,2929.704691662876
1746379770,500,POST,POST /pastes,37.700000,0.000000,47,52,55,56,62,65,71,79,93,93,93,3044,0,48,50.69120134689211,30.987300000560936,195.92870000087714,2827.574572930355
1746379770,500,,Aggregated,381.200000,0.000000,44,49,52,53,58,62,68,72,87,93,93,33822,0,45,48.18371725504146,28.137100000094506,259.7679999998945,2920.512920584235
1746379771,500,GET,GET /pastes/:slug,346.100000,0.000000,44,48,51,53,57,62,68,71,83,90,90,31123,0,45,47.87485013334341,28.137100000094506,259.7679999998945,2927.9677408990137
1746379771,500,POST,POST /pastes,38.000000,0.000000,47,52,54,56,62,65,71,79,93,93,93,3077,0,48,50.626926616813854,30.987300000560936,195.92870000087714,2826.623659408515
1746379771,500,,Aggregated,384.100000,0.000000,44,49,52,53,58,62,68,72,87,93,93,34200,0,45,48.12245654678325,28.137100000094506,259.7679999998945,2918.8497368421054
1746379772,500,GET,GET /pastes/:slug,346.300000,0.000000,43,48,51,53,57,61,67,71,83,90,90,31476,0,45,47.83367492057605,28.137100000094506,259.7679999998945,2927.6827424069133
1746379772,500,POST,POST /pastes,37.000000,0.000000,46,52,55,56,61,64,70,75,83,83,83,3109,0,48,50.58310794465683,30.987300000560936,195.92870000087714,2825.859118687681
1746379772,500,,Aggregated,383.300000,0.000000,44,48,51,53,57,62,67,71,83,90,90,34585,0,45,48.08083372560345,28.137100000094506,259.7679999998945,2918.5293624403644
1746379773,500,GET,GET /pastes/:slug,346.000000,0.000000,44,48,51,53,58,62,68,72,88,90,90,31830,0,45,47.80426891297704,28.137100000094506,259.7679999998945,2926.4029217719135
1746379773,500,POST,POST /pastes,38.100000,0.000000,47,52,55,56,61,64,70,75,83,83,83,3145,0,48,50.5464578378196,30.987300000560936,195.92870000087714,2822.2782193958665
1746379773,500,,Aggregated,384.100000,0.000000,44,49,51,53,58,62,68,73,88,90,90,34975,0,45,48.05085030450343,28.137100000094506,259.7679999998945,2917.0398856325946
1746379774,500,GET,GET /pastes/:slug,346.600000,0.000000,44,48,51,53,58,62,68,73,88,90,90,32181,0,45,47.802007594545174,28.137100000094506,259.7679999998945,2927.078244927131
1746379774,500,POST,POST /pastes,37.400000,0.000000,46,51,55,56,61,66,70,75,86,86,86,3180,0,48,50.54864616350186,30.987300000560936,195.92870000087714,2821.051886792453
1746379774,500,,Aggregated,384.000000,0.000000,44,49,51,53,58,62,69,73,88,90,90,35361,0,45,48.049011656910174,28.137100000094506,259.7679999998945,2917.5433387064845
1746379775,500,GET,GET /pastes/:slug,346.900000,0.000000,44,49,52,54,59,64,71,77,88,90,90,32534,0,45,47.839275311983236,28.137100000094506,259.7679999998945,2926.9965881846683
1746379775,500,POST,POST /pastes,35.700000,0.000000,47,52,55,57,62,66,71,75,86,86,86,3211,0,48,50.571299408265844,30.987300000560936,195.92870000087714,2820.4627841793836
1746379775,500,,Aggregated,382.600000,0.000000,44,49,52,54,59,64,71,77,88,90,90,35745,0,45,48.08469507343718,28.137100000094506,259.7679999998945,2917.4265771436562
1746379776,500,GET,GET /pastes/:slug,346.500000,0.000000,44,49,52,53,58,63,70,75,88,89,89,32869,0,45,47.83820296328007,28.137100000094506,259.7679999998945,2926.679606924458
1746379776,500,POST,POST /pastes,36.600000,0.000000,46,51,55,56,61,64,67,72,86,86,86,3244,0,48,50.57069953758932,30.987300000560936,195.92870000087714,2820.4895191122073
1746379776,500,,Aggregated,383.100000,0.000000,44,49,52,54,58,63,69,75,88,89,89,36113,0,45,48.08366080081966,28.137100000094506,259.7679999998945,2917.140641874117
1746379777,500,GET,GET /pastes/:slug,347.100000,0.000000,44,49,52,54,60,64,72,77,88,89,89,33209,0,45,47.8683966545229,28.137100000094506,259.7679999998945,2927.138817790358
1746379777,500,POST,POST /pastes,35.700000,0.000000,47,51,54,56,62,66,71,72,86,86,86,3279,0,48,50.57075300394753,30.987300000560936,195.92870000087714,2820.0805123513264
1746379777,500,,Aggregated,382.800000,0.000000,45,49,52,54,60,65,71,77,88,89,89,36488,0,45,48.11124434334584,28.137100000094506,259.7679999998945,2917.5180059197546
1746379778,500,GET,GET /pastes/:slug,346.500000,0.000000,45,50,53,55,61,67,76,84,100,110,110,33569,0,45,47.94065515207615,28.137100000094506,259.7679999998945,2927.285561083142
1746379778,500,POST,POST /pastes,35.900000,0.000000,48,52,55,57,63,67,72,78,90,90,90,3317,0,48,50.62422668071849,30.987300000560936,195.92870000087714,2819.6394332227915
1746379778,500,,Aggregated,382.400000,0.000000,45,51,53,55,61,67,75,84,100,110,110,36886,0,45,48.181977246109504,28.137100000094506,259.7679999998945,2917.605405845036
1746379779,500,GET,GET /pastes/:slug,346.500000,0.000000,46,51,54,56,63,69,78,85,100,110,110,33910,0,45,47.985849746388936,28.137100000094506,259.7679999998945,2926.515659097611
1746379779,500,POST,POST /pastes,35.500000,0.000000,48,53,56,58,65,70,76,83,90,90,90,3347,0,48,50.69316002388495,30.987300000560936,195.92870000087714,2817.1099492082462
1746379779,500,,Aggregated,382.000000,0.000000,46,51,54,56,63,69,78,85,100,110,110,37257,0,46,48.22906222991653,28.137100000094506,259.7679999998945,2916.6871460396706
1746379780,500,GET,GET /pastes/:slug,348.300000,0.000000,47,52,55,57,64,70,80,86,100,110,110,34242,0,45,48.017274913849924,28.137100000094506,259.7679999998945,2927.0106302201975
1746379780,500,POST,POST /pastes,35.200000,0.000000,49,54,57,59,67,71,77,83,90,90,90,3384,0,48,50.719825856957705,30.987300000560936,195.92870000087714,2816.0141843971633
1746379780,500,,Aggregated,383.500000,0.000000,47,52,55,58,64,70,80,86,100,110,110,37626,0,46,48.260336424281135,28.137100000094506,259.7679999998945,2917.0278530803166
1746379781,500,GET,GET /pastes/:slug,346.900000,0.000000,47,52,55,58,64,70,80,86,100,110,110,34621,0,45,47.988083570666625,28.137100000094506,259.7679999998945,2926.6927587302503
1746379781,500,POST,POST /pastes,34.300000,0.000000,50,54,58,60,67,71,77,83,90,90,90,3418,0,48,50.69910541250784,30.987300000560936,195.92870000087714,2813.8572264482154
1746379781,500,,Aggregated,381.200000,0.000000,47,52,55,58,64,70,79,86,100,110,110,38039,0,46,48.23168284129473,28.137100000094506,259.7679999998945,2916.553905202555
1746379782,500,GET,GET /pastes/:slug,346.700000,0.000000,47,52,55,58,64,70,80,86,100,110,110,34981,0,45,47.94626679054534,28.137100000094506,259.7679999998945,2926.084788885395
1746379782,500,POST,POST /pastes,34.500000,0.000000,50,54,58,60,67,71,77,83,90,90,90,3452,0,48,50.665257589787444,30.987300000560936,195.92870000087714,2816.2696987253767
1746379782,500,,Aggregated,381.200000,0.000000,47,52,56,58,64,70,79,86,100,110,110,38433,0,45,48.19048286108348,28.137100000094506,259.7679999998945,2916.221346238909
1746379783,500,GET,GET /pastes/:slug,345.900000,0.000000,47,52,55,57,64,69,78,85,100,110,110,35330,0,45,47.90712023492985,28.137100000094506,259.7679999998945,2926.106736484574
1746379783,500,POST,POST /pastes,33.600000,0.000000,50,54,58,60,67,72,77,83,90,90,90,3491,0,48,50.62662830133031,30.987300000560936,195.92870000087714,2819.7533657977656
1746379783,500,,Aggregated,379.500000,0.000000,47,52,55,58,64,70,78,85,100,110,110,38821,0,45,48.15167350918379,28.137100000094506,259.7679999998945,2916.542850519049
1746379784,500,GET,GET /pastes/:slug,347.500000,0.000000,47,52,55,57,63,69,78,85,100,110,110,35683,0,45,47.88909939467222,28.137100000094506,259.7679999998945,2926.8340666423787
1746379784,500,POST,POST /pastes,34.700000,0.000000,50,53,57,59,67,71,76,80,90,90,90,3521,0,48,50.61331647257613,30.987300000560936,195.92870000087714,2821.5924453280318
1746379784,500,,Aggregated,382.200000,0.000000,47,52,55,57,64,69,78,85,100,110,110,39204,0,45,48.133767498215434,28.137100000094506,259.7679999998945,2917.382078359351
1746379785,500,GET,GET /pastes/:slug,348.900000,0.000000,47,52,54,57,62,68,76,83,100,110,110,36041,0,45,47.89659379595704,28.137100000094506,259.7679999998945,2926.004827834966
1746379785,500,POST,POST /pastes,34.800000,0.000000,49,53,57,59,66,71,76,80,90,90,90,3557,0,48,50.619796092194754,30.987300000560936,195.92870000087714,2824.731796457689
1746379785,500,,Aggregated,383.700000,0.000000,47,52,55,57,63,68,76,83,100,110,110,39598,0,45,48.141212982979795,28.137100000094506,259.7679999998945,2916.9076973584524
1746379786,500,GET,GET /pastes/:slug,349.200000,0.000000,46,51,54,56,62,67,76,83,100,110,110,36402,0,45,47.87209331905057,28.137100000094506,259.7679999998945,2926.5858744025054
1746379786,500,POST,POST /pastes,33.700000,0.000000,50,53,57,60,65,71,76,80,90,90,90,3591,0,48,50.62118997492021,30.987300000560936,195.92870000087714,2827.4681147312726
1746379786,500,,Aggregated,382.900000,0.000000,46,51,54,56,62,68,76,82,100,110,110,39993,0,45,48.118936668917726,28.137100000094506,259.7679999998945,2917.6860200535093
1746379787,500,GET,GET /pastes/:slug,348.600000,0.000000,45,50,53,55,61,66,75,81,100,110,110,36732,0,45,47.83328096482902,28.137100000094506,259.7679999998945,2927.132935859741
1746379787,500,POST,POST /pastes,34.100000,0.000000,49,53,57,58,65,69,74,77,90,90,90,3622,0,48,50.56146305906627,30.987300000560936,195.92870000087714,2824.315019326339
1746379787,500,,Aggregated,382.700000,0.000000,46,50,53,55,61,66,75,81,100,110,110,40354,0,45,48.078150755812246,28.137100000094506,259.7679999998945,2917.904445655945
1746379788,500,GET,GET /pastes/:slug,350.600000,0.000000,45,49,53,54,60,64,72,76,88,97,97,37092,0,45,47.80571402998224,28.137100000094506,259.7679999998945,2927.3977677127145
1746379788,500,POST,POST /pastes,34.500000,0.000000,48,53,55,58,64,68,72,77,88,88,88,3669,0,48,50.51381139273266,30.987300000560936,195.92870000087714,2820.133551376397
1746379788,500,,Aggregated,385.100000,0.000000,45,50,53,54,60,65,72,76,88,97,97,40761,0,45,48.04947667623579,28.137100000094506,259.7679999998945,2917.7426461568657
1746379789,500,GET,GET /pastes/:slug,352.000000,0.000000,44,48,51,53,57,61,66,71,82,97,97,37465,0,45,47.769111803019214,28.137100000094506,259.7679999998945,2927.0274122514347
1746379789,500,POST,POST /pastes,34.800000,0.000000,47,52,54,56,61,65,69,72,88,88,88,3703,0,48,50.48788903590013,30.987300000560936,195.92870000087714,2818.821496084256
1746379789,500,,Aggregated,386.800000,0.000000,44,49,52,53,58,61,67,71,83,97,97,41168,0,45,48.01366174698947,28.137100000094506,259.7679999998945,2917.2944520015544
1746379790,500,GET,GET /pastes/:slug,351.200000,0.000000,44,48,51,53,57,60,65,69,78,97,97,37798,0,45,47.76227958093293,28.137100000094506,259.7679999998945,2927.766813058892
1746379790,500,POST,POST /pastes,34.400000,0.000000,47,51,53,55,60,64,68,71,88,88,88,3728,0,48,50.4737705740181,30.987300000560936,195.92870000087714,2818.5142167381973
1746379790,500,,Aggregated,385.600000,0.000000,44,48,51,53,57,61,65,69,81,97,97,41526,0,45,48.00570390357971,28.137100000094506,259.7679999998945,2917.958652410538
1746379791,500,GET,GET /pastes/:slug,350.900000,0.000000,44,49,52,54,58,62,67,73,82,97,97,38132,0,45,47.79477142295441,28.137100000094506,259.7679999998945,2927.933363054652
1746379791,500,POST,POST /pastes,35.400000,0.000000,47,52,54,56,61,65,71,74,88,88,88,3756,0,48,50.50379696483914,30.987300000560936,195.92870000087714,2820.3293397231096
1746379791,500,,Aggregated,386.300000,0.000000,44,49,52,54,58,62,68,73,83,97,97,41888,0,45,48.03768347259457,28.137100000094506,259.7679999998945,2918.2847593582887
1746379792,500,GET,GET /pastes/:slug,353.100000,0.000000,45,49,53,54,59,63,70,74,89,110,110,38519,0,45,47.81678050572636,28.137100000094506,259.7679999998945,2928.6058828110804
1746379792,500,POST,POST /pastes,35.500000,0.000000,48,53,55,57,61,65,71,74,88,88,88,3792,0,48,50.52807051686015,30.987300000560936,195.92870000087714,2821.8955696202534
1746379792,500,,Aggregated,388.600000,0.000000,45,50,53,54,59,63,70,74,89,110,110,42311,0,45,48.05977196710113,28.137100000094506,259.7679999998945,2919.04228214885
1746379793,500,GET,GET /pastes/:slug,355.500000,0.000000,45,50,53,55,59,64,71,74,89,110,110,38879,0,45,47.82598909437123,28.137100000094506,259.7679999998945,2928.744412150518
1746379793,500,POST,POST /pastes,34.000000,0.000000,49,53,56,57,62,66,71,74,88,88,88,3819,0,48,50.54308559830531,30.987300000560936,195.92870000087714,2822.9434406912806
1746379793,500,,Aggregated,389.500000,0.000000,45,50,53,55,60,64,71,74,89,110,110,42698,0,45,48.06901198885183,28.137100000094506,259.7679999998945,2919.2813480725094
1746379794,500,GET,GET /pastes/:slug,351.900000,0.000000,45,50,53,55,59,64,70,74,89,110,110,39253,0,45,47.80044204010011,28.137100000094506,259.7679999998945,2929.9291773877158
1746379794,500,POST,POST /pastes,33.200000,0.000000,48,53,56,58,62,66,71,74,88,88,88,3855,0,48,50.52796345004596,30.987300000560936,195.92870000087714,2823.3613488975357
1746379794,500,,Aggregated,385.100000,0.000000,45,50,53,55,60,64,71,74,89,110,110,43108,0,45,48.04435488772351,28.137100000094506,259.7679999998945,2920.399183446228
1746379795,500,GET,GET /pastes/:slug,351.200000,0.000000,45,50,53,54,59,63,69,73,89,110,110,39584,0,45,47.769593525162755,28.137100000094506,259.7679999998945,2929.70808912692
1746379795,500,POST,POST /pastes,33.800000,0.000000,48,52,56,57,61,65,71,73,88,88,88,3891,0,48,50.50200411203419,30.987300000560936,195.92870000087714,2825.717296324852
1746379795,500,,Aggregated,385.000000,0.000000,45,50,53,54,59,63,69,73,89,110,110,43475,0,45,48.01414348706094,28.137100000094506,259.7679999998945,2920.40094307073
1746379796,500,GET,GET /pastes/:slug,354.700000,0.000000,45,50,53,54,59,63,69,73,89,110,110,39947,0,45,47.749604974091575,28.137100000094506,259.7679999998945,2928.790497409067
1746379796,500,POST,POST /pastes,33.200000,0.000000,48,52,55,56,61,66,71,73,88,88,88,3932,0,48,50.46835063579138,30.987300000560936,195.92870000087714,2825.589013224822
1746379796,500,,Aggregated,387.900000,0.000000,45,50,53,54,59,63,69,73,89,110,110,43879,0,45,47.993231946944405,28.137100000094506,259.7679999998945,2919.54260580232
1746379797,500,GET,GET /pastes/:slug,355.700000,0.000000,45,50,53,55,59,64,70,73,89,110,110,40294,0,45,47.7565926564763,28.137100000094506,259.7679999998945,2929.3961632004766
1746379797,500,POST,POST /pastes,33.300000,0.000000,48,53,56,58,61,66,71,73,100,100,100,3958,0,48,50.47738069730514,30.987300000560936,195.92870000087714,2825.3812531581607
1746379797,500,,Aggregated,389.000000,0.000000,45,50,53,55,59,64,70,73,91,110,110,44252,0,45,47.99994615610588,28.137100000094506,259.7679999998945,2920.092831962397
1746379798,500,GET,GET /pastes/:slug,353.200000,0.000000,45,51,53,55,60,65,71,75,90,110,110,40643,0,45,47.7503452943939,28.137100000094506,259.7679999998945,2929.339025170386
1746379798,500,POST,POST /pastes,33.200000,0.000000,49,53,56,58,62,68,71,73,100,100,100,3997,0,48,50.474839579668206,30.987300000560936,195.92870000087714,2826.2651988991743
1746379798,500,,Aggregated,386.400000,0.000000,45,51,53,55,60,65,71,75,91,110,110,44640,0,45,47.99429250896036,28.137100000094506,259.7679999998945,2920.109946236559
1746379799,500,GET,GET /pastes/:slug,353.300000,0.000000,45,51,53,55,60,65,71,75,90,110,110,40993,0,45,47.732928219452745,28.137100000094506,259.7679999998945,2928.7086331812748
1746379799,500,POST,POST /pastes,33.600000,0.000000,49,53,56,59,62,68,73,75,100,100,100,4031,0,48,50.45119868517546,30.987300000560936,195.92870000087714,2823.790126519474
1746379799,500,,Aggregated,386.900000,0.000000,46,51,54,55,60,65,71,75,91,110,110,45024,0,45,47.97629505152766,28.137100000094506,259.7679999998945,2919.315276297086
1746379800,500,GET,GET /pastes/:slug,351.700000,0.000000,45,51,53,55,60,65,72,79,91,110,110,41325,0,45,47.74638094131929,28.137100000094506,259.7679999998945,2928.7246460980036
1746379800,500,POST,POST /pastes,33.400000,0.000000,49,53,57,59,64,69,75,80,100,100,100,4069,0,48,50.47701698204597,30.987300000560936,195.92870000087714,2820.7945441140328
1746379800,500,,Aggregated,385.100000,0.000000,46,51,54,55,60,66,73,79,100,110,110,45394,0,45,47.991148048199804,28.137100000094506,259.7679999998945,2919.050072696832
1746379801,500,GET,GET /pastes/:slug,354.900000,0.000000,46,51,54,56,61,70,85,110,140,160,160,41693,0,45,47.8823541241937,28.137100000094506,259.7679999998945,2929.253855563284
1746379801,500,POST,POST /pastes,32.800000,0.000000,49,54,58,59,64,71,86,110,130,130,130,4102,0,48,50.576965919052725,30.987300000560936,195.92870000087714,2821.2720624085814
1746379801,500,,Aggregated,387.700000,0.000000,46,51,54,56,62,70,85,110,140,160,160,45795,0,45,48.12371884921895,28.137100000094506,259.7679999998945,2919.5815918768426
1746379802,500,GET,GET /pastes/:slug,352.100000,0.000000,46,51,54,56,62,71,87,110,140,160,160,42049,0,45,47.90577920283513,28.137100000094506,259.7679999998945,2928.851506575662
1746379802,500,POST,POST /pastes,32.800000,0.000000,49,54,58,59,65,73,86,110,130,130,130,4136,0,48,50.62044422145965,30.987300000560936,195.92870000087714,2823.6392649903287
1746379802,500,,Aggregated,384.900000,0.000000,46,51,54,56,62,72,86,110,140,160,160,46185,0,46,48.14888528743062,28.137100000094506,259.7679999998945,2919.429446790083
1746379803,500,GET,GET /pastes/:slug,349.500000,0.000000,46,52,55,57,65,78,100,120,160,170,170,42406,0,45,48.00372533603714,28.137100000094506,259.7679999998945,2928.741050794699
1746379803,500,POST,POST /pastes,34.000000,0.000000,50,55,58,59,68,75,100,110,130,130,130,4170,0,48,50.70611865706288,30.987300000560936,195.92870000087714,2822.784412470024
1746379803,500,,Aggregated,383.500000,0.000000,47,52,55,58,65,77,100,120,160,170,170,46576,0,46,48.245673552901856,28.137100000094506,259.7679999998945,2919.2546375815873
1746379804,500,GET,GET /pastes/:slug,352.700000,0.000000,47,52,55,57,65,78,100,120,160,170,170,42779,0,45,48.011880135112854,28.137100000094506,259.7679999998945,2928.2171158746114
1746379804,500,POST,POST /pastes,34.800000,0.000000,50,55,58,59,67,75,100,110,130,130,130,4201,0,48,50.7137460604481,30.987300000560936,195.92870000087714,2823.3839562009043
1746379804,500,,Aggregated,387.500000,0.000000,47,52,56,58,65,78,100,120,160,170,170,46980,0,46,48.253483769688216,28.137100000094506,259.7679999998945,2918.842826734781
1746379805,500,GET,GET /pastes/:slug,351.900000,0.000000,47,52,56,58,65,78,100,120,160,170,170,43114,0,45,47.99844975645873,28.137100000094506,259.7679999998945,2928.0214083592336
1746379805,500,POST,POST /pastes,34.400000,0.000000,50,55,59,59,67,75,100,110,130,130,130,4234,0,48,50.68769782709983,30.987300000560936,195.92870000087714,2820.6343882853093
1746379805,500,,Aggregated,386.300000,0.000000,48,53,56,58,65,78,100,120,160,170,170,47348,0,46,48.23893037509337,28.137100000094506,259.7679999998945,2918.4185393258426
1746379806,500,GET,GET /pastes/:slug,350.700000,0.000000,48,53,56,59,68,80,100,120,160,170,170,43455,0,45,48.031268885052235,28.137100000094506,259.7679999998945,2928.9041307099296
1746379806,500,POST,POST /pastes,34.700000,0.000000,50,56,59,61,71,81,100,110,130,130,130,4271,0,48,50.72956504330199,30.987300000560936,195.92870000087714,2821.144930929525
1746379806,500,,Aggregated,385.400000,0.000000,48,53,57,59,68,80,100,120,160,170,170,47726,0,46,48.272739422953975,28.137100000094506,259.7679999998945,2919.2607593345347
1746379807,500,GET,GET /pastes/:slug,351.700000,0.000000,48,53,56,58,67,79,100,120,160,170,170,43819,0,45,48.02247209886015,28.137100000094506,259.7679999998945,2929.028503617152
1746379807,500,POST,POST /pastes,34.400000,0.000000,50,56,59,61,71,81,100,110,130,130,130,4302,0,48,50.72359279403544,30.241599999499158,195.92870000087714,2821.7652254765226
1746379807,500,,Aggregated,386.100000,0.000000,48,53,56,59,67,80,100,120,160,170,170,48121,0,46,48.26395131231489,28.137100000094506,259.7679999998945,2919.4392053365473
1746379808,500,GET,GET /pastes/:slug,351.800000,0.000000,47,52,56,58,66,79,100,120,160,170,170,44162,0,45,47.99913451836278,28.137100000094506,259.7679999998945,2929.590779403107
1746379808,500,POST,POST /pastes,34.200000,0.000000,50,55,59,61,71,81,100,110,130,130,130,4340,0,48,50.69123859445679,30.241599999499158,195.92870000087714,2821.749539170507
1746379808,500,,Aggregated,386.000000,0.000000,48,53,56,59,67,79,100,120,160,170,170,48502,0,46,48.24002626901757,28.137100000094506,259.7679999998945,2919.9410539771557
1746379809,500,GET,GET /pastes/:slug,348.900000,0.000000,48,53,56,58,67,79,100,120,160,170,170,44507,0,45,47.983204242027746,28.137100000094506,259.7679999998945,2929.462196957782
1746379809,500,POST,POST /pastes,34.100000,0.000000,50,55,59,61,71,81,100,110,130,130,130,4383,0,48,50.67131877708033,30.241599999499158,195.92870000087714,2822.3305954825464
1746379809,500,,Aggregated,383.000000,0.000000,48,53,56,59,67,79,100,120,160,170,170,48890,0,46,48.224194342398924,28.137100000094506,259.7679999998945,2919.857823685825
1746379810,500,GET,GET /pastes/:slug,353.300000,0.000000,47,52,55,58,65,77,100,120,160,170,170,44864,0,45,47.98581801890067,28.137100000094506,259.7679999998945,2928.7352888730384
1746379810,500,POST,POST /pastes,33.900000,0.000000,50,55,58,60,67,76,100,110,130,130,130,4413,0,48,50.66139066393382,30.241599999499158,195.92870000087714,2819.462950373895
1746379810,500,,Aggregated,387.200000,0.000000,47,52,56,58,65,77,100,120,160,170,170,49277,0,46,48.22542883292231,28.137100000094506,259.7679999998945,2918.949408446131
1746379811,500,GET,GET /pastes/:slug,349.200000,0.000000,47,52,55,57,63,70,85,97,160,170,170,45224,0,45,48.00021035290877,28.137100000094506,259.7679999998945,2929.3628162037858
1746379811,500,POST,POST /pastes,34.100000,0.000000,50,55,58,60,67,74,88,99,120,120,120,4443,0,48,50.6947745442117,30.241599999499158,195.92870000087714,2821.9815440018006
1746379811,500,,Aggregated,383.300000,0.000000,47,52,55,57,64,70,85,98,160,170,170,49667,0,46,48.24125468218115,28.137100000094506,259.7679999998945,2919.7569412285825
1746379812,500,GET,GET /pastes/:slug,350.400000,0.000000,46,51,55,56,62,69,83,95,160,170,170,45576,0,45,47.973602073458245,28.137100000094506,259.7679999998945,2929.641850974197
1746379812,500,POST,POST /pastes,35.000000,0.000000,49,54,57,59,65,71,88,99,120,120,120,4480,0,48,50.6603745758789,30.241599999499158,195.92870000087714,2817.7908482142857
1746379812,500,,Aggregated,385.400000,0.000000,46,51,55,57,62,69,84,97,160,170,170,50056,0,46,48.214067568321184,28.137100000094506,259.7679999998945,2919.6312130413935
1746379813,500,GET,GET /pastes/:slug,352.300000,0.000000,46,50,53,55,60,66,73,78,98,110,110,45916,0,45,47.97666044298129,28.137100000094506,259.7679999998945,2929.2260214304383
1746379813,500,POST,POST /pastes,34.300000,0.000000,48,53,56,57,62,68,76,81,100,100,100,4518,0,48,50.654956507290656,30.241599999499158,195.92870000087714,2818.459274015051
1746379813,500,,Aggregated,386.600000,0.000000,46,51,54,56,61,66,73,80,100,110,110,50434,0,46,48.216588698098164,28.137100000094506,259.7679999998945,2919.3032676369116
1746379814,500,GET,GET /pastes/:slug,350.900000,0.000000,46,50,53,55,60,65,72,77,98,110,110,46263,0,45,47.96791591120183,28.137100000094506,259.7679999998945,2929.314095497482
1746379814,500,POST,POST /pastes,33.600000,0.000000,48,52,55,57,62,67,72,81,100,100,100,4568,0,48,50.62476641854956,30.241599999499158,195.92870000087714,2821.236646234676
1746379814,500,,Aggregated,384.500000,0.000000,46,50,54,55,60,65,72,77,100,110,110,50831,0,46,48.20667755503293,28.137100000094506,259.7679999998945,2919.6015620389135
1746379815,500,GET,GET /pastes/:slug,350.800000,0.000000,46,50,53,55,60,65,72,78,98,110,110,46618,0,45,47.96298693422999,28.137100000094506,259.7679999998945,2929.6251447938566
1746379815,500,POST,POST /pastes,34.000000,0.000000,48,53,56,58,64,70,75,83,100,100,100,4608,0,48,50.651397916652726,30.241599999499158,195.92870000087714,2820.5401475694443
1746379815,500,,Aggregated,384.800000,0.000000,46,51,54,56,61,66,72,78,100,110,110,51226,0,46,48.20482111622777,28.137100000094506,259.7679999998945,2919.812478038496
1746379816,500,GET,GET /pastes/:slug,350.000000,0.000000,46,50,53,55,60,64,69,73,85,100,100,46966,0,45,47.96442771579304,28.137100000094506,259.7679999998945,2929.829706596261
1746379816,500,POST,POST /pastes,35.000000,0.000000,48,53,56,57,62,67,71,74,83,83,83,4637,0,48,50.654281712300005,30.241599999499158,195.92870000087714,2820.9294802674144
1746379816,500,,Aggregated,385.000000,0.000000,46,50,53,55,60,64,69,73,85,100,100,51603,0,46,48.20613562001988,28.137100000094506,259.7679999998945,2920.044028447958
1746379817,500,GET,GET /pastes/:slug,347.100000,0.000000,46,51,54,55,60,64,69,74,87,100,100,47322,0,45,47.983851181267504,28.137100000094506,259.7679999998945,2929.1247200033813
1746379817,500,POST,POST /pastes,37.000000,0.000000,49,53,56,58,62,67,71,72,83,83,83,4672,0,48,50.66657634844614,30.241599999499158,195.92870000087714,2820.377354452055
1746379817,500,,Aggregated,384.100000,0.000000,46,51,54,56,60,65,69,74,87,100,100,51994,0,46,48.224911534021174,28.137100000094506,259.7679999998945,2919.3530599684577
1746379818,500,GET,GET /pastes/:slug,348.600000,0.000000,47,51,54,56,61,65,71,75,94,100,100,47666,0,45,47.999645816723216,28.137100000094506,259.7679999998945,2928.593085217975
1746379818,500,POST,POST /pastes,37.500000,0.000000,50,54,57,58,63,68,71,79,92,92,92,4708,0,48,50.694275998287075,30.241599999499158,195.92870000087714,2820.7731520815632
1746379818,500,,Aggregated,386.100000,0.000000,47,51,54,56,61,65,71,75,94,100,100,52374,0,46,48.24187132737389,28.137100000094506,259.7679999998945,2918.9009432160997
1746379819,500,GET,GET /pastes/:slug,349.600000,0.000000,47,52,55,56,61,65,72,75,87,94,94,48028,0,45,48.00900546764252,28.137100000094506,259.7679999998945,2928.8449029732656
1746379819,500,POST,POST /pastes,36.300000,0.000000,50,55,57,60,65,69,72,79,92,92,92,4737,0,48,50.70673852647868,30.241599999499158,195.92870000087714,2822.7606079797342
1746379819,500,,Aggregated,385.900000,0.000000,47,52,55,57,62,66,72,76,87,94,94,52765,0,46,48.251195584191805,28.137100000094506,259.7679999998945,2919.3211409077985
1746379821,500,GET,GET /pastes/:slug,348.900000,0.000000,47,51,54,56,61,65,72,76,87,94,94,48380,0,45,48.012801696981185,28.137100000094506,259.7679999998945,2928.983546920215
1746379821,500,POST,POST /pastes,36.500000,0.000000,50,54,57,59,64,68,73,79,92,92,92,4773,0,48,50.704018877001275,30.241599999499158,195.92870000087714,2822.733291430966
1746379821,500,,Aggregated,385.400000,0.000000,47,52,55,56,61,66,72,76,87,94,94,53153,0,46,48.25446594171341,28.137100000094506,259.7679999998945,2919.442552631084
1746379822,500,GET,GET /pastes/:slug,350.500000,0.000000,48,52,55,57,62,66,73,76,87,95,95,48725,0,45,48.025337391482125,28.137100000094506,259.7679999998945,2929.2230477167777
1746379822,500,POST,POST /pastes,35.300000,0.000000,50,54,57,59,65,70,73,80,92,92,92,4812,0,48,50.70317761843886,30.241599999499158,195.92870000087714,2824.5960099750623
1746379822,500,,Aggregated,385.800000,0.000000,48,52,55,57,62,66,73,77,92,95,95,53537,0,46,48.266026394828096,28.137100000094506,259.7679999998945,2919.818985001027
1746379823,500,GET,GET /pastes/:slug,349.500000,0.000000,47,52,55,57,62,66,73,77,88,95,95,49065,0,45,48.01143425863555,28.137100000094506,259.7679999998945,2929.144828289004
1746379823,500,POST,POST /pastes,35.900000,0.000000,50,54,58,59,65,71,74,81,92,92,92,4850,0,48,50.682960144314514,30.241599999499158,195.92870000087714,2830.0503092783506
1746379823,500,,Aggregated,385.400000,0.000000,47,52,55,57,62,66,73,77,92,95,95,53915,0,46,48.25175514420657,28.137100000094506,259.7679999998945,2920.2306408235186
1746379824,500,GET,GET /pastes/:slug,348.900000,0.000000,47,52,55,56,61,66,73,77,88,95,95,49413,0,45,47.99452503996775,28.137100000094506,259.7679999998945,2928.5115860198734
1746379824,500,POST,POST /pastes,36.800000,0.000000,49,54,57,59,65,70,73,80,92,92,92,4890,0,48,50.66342552145768,30.241599999499158,195.92870000087714,2831.850920245399
1746379824,500,,Aggregated,385.700000,0.000000,47,52,55,57,62,66,73,77,92,95,95,54303,0,46,48.23486025817859,28.137100000094506,259.7679999998945,2919.8072666335192
1746379825,500,GET,GET /pastes/:slug,347.900000,0.000000,47,51,54,56,61,65,73,77,88,95,95,49766,0,45,47.97415877305648,28.137100000094506,259.7679999998945,2928.844914198449
1746379825,500,POST,POST /pastes,36.900000,0.000000,48,54,56,59,63,69,73,79,92,92,92,4924,0,48,50.644976909003496,30.241599999499158,195.92870000087714,2833.8168155970757
1746379825,500,,Aggregated,384.800000,0.000000,47,52,55,56,61,66,73,77,92,95,95,54690,0,46,48.214625192903235,28.137100000094506,259.7679999998945,2920.289083927592
1746379826,500,GET,GET /pastes/:slug,347.800000,0.000000,46,51,54,56,61,66,73,77,88,95,95,50119,0,45,47.963974061731726,28.137100000094506,259.7679999998945,2928.7445878808435
1746379826,500,POST,POST /pastes,36.800000,0.000000,48,53,56,58,64,68,73,81,92,92,92,4963,0,48,50.633804916369826,30.241599999499158,195.92870000087714,2834.0548055611525
1746379826,500,,Aggregated,384.600000,0.000000,47,51,54,56,61,66,73,77,92,95,95,55082,0,46,48.204531240693775,28.137100000094506,259.7679999998945,2920.212846301877
1746379827,500,GET,GET /pastes/:slug,348.400000,0.000000,46,50,54,55,60,64,71,76,88,95,95,50485,0,45,47.939776600968926,28.137100000094506,259.7679999998945,2928.3847875606616
1746379827,500,POST,POST /pastes,35.200000,0.000000,48,53,56,58,64,68,73,81,92,92,92,4992,0,48,50.619895112168685,30.241599999499158,195.92870000087714,2833.16546474359
1746379827,500,,Aggregated,383.600000,0.000000,46,51,54,55,60,65,72,77,92,95,95,55477,0,46,48.18094233826419,28.137100000094506,259.7679999998945,2919.816644735656
1746379828,500,GET,GET /pastes/:slug,347.600000,0.000000,45,50,54,55,60,64,71,74,88,95,95,50809,0,45,47.94426894447694,28.137100000094506,259.7679999998945,2927.7007813576333
1746379828,500,POST,POST /pastes,35.200000,0.000000,47,53,56,58,63,68,72,81,88,88,88,5032,0,48,50.635124582659984,30.241599999499158,195.92870000087714,2836.0532591414944
1746379828,500,,Aggregated,382.800000,0.000000,46,50,54,55,60,65,71,75,88,95,95,55841,0,46,48.186750017010674,28.137100000094506,259.7679999998945,2919.442148242331
1746379829,500,GET,GET /pastes/:slug,350.200000,0.000000,45,50,54,55,60,65,73,78,100,110,110,51156,0,45,47.95480600124956,28.137100000094506,259.7679999998945,2927.52031042302
1746379829,500,POST,POST /pastes,35.500000,0.000000,47,53,55,58,64,69,76,83,89,89,89,5066,0,48,50.65777145675976,30.241599999499158,195.92870000087714,2836.8071456770626
1746379829,500,,Aggregated,385.700000,0.000000,46,50,54,55,60,65,73,80,100,110,110,56222,0,46,48.19836231368303,28.137100000094506,259.7679999998945,2919.3464124364127
1746379830,500,GET,GET /pastes/:slug,346.500000,0.000000,45,50,53,55,60,64,72,79,100,110,110,51491,0,45,47.95329915324862,28.137100000094506,259.7679999998945,2928.032199801907
1746379830,500,POST,POST /pastes,35.900000,0.000000,47,52,55,58,64,69,81,83,89,89,89,5097,0,48,50.653066156552256,30.241599999499158,195.92870000087714,2837.200313910143
1746379830,500,,Aggregated,382.400000,0.000000,45,50,53,55,60,65,73,80,100,110,110,56588,0,46,48.19647283699533,28.137100000094506,259.7679999998945,2919.850781084329
1746379831,500,GET,GET /pastes/:slug,347.400000,0.000000,45,50,53,55,60,64,70,78,100,110,110,51840,0,45,47.93833561921148,28.137100000094506,259.7679999998945,2927.643614969136
1746379831,500,POST,POST /pastes,35.700000,0.000000,47,52,55,58,64,68,81,83,89,89,89,5140,0,48,50.627138696486774,30.241599999499158,195.92870000087714,2832.6291828793774
1746379831,500,,Aggregated,383.100000,0.000000,45,50,53,55,60,64,71,79,100,110,110,56980,0,46,48.18088472095274,28.137100000094506,259.7679999998945,2919.0726395226397
1746379832,500,GET,GET /pastes/:slug,344.000000,0.000000,45,50,53,55,60,64,72,80,100,110,110,52191,0,45,47.93880366154922,28.137100000094506,259.7679999998945,2927.4452875016764
1746379832,500,POST,POST /pastes,35.800000,0.000000,48,52,55,58,63,68,81,88,98,98,98,5176,0,48,50.63853850462652,30.241599999499158,195.92870000087714,2831.0952472952085
1746379832,500,,Aggregated,379.800000,0.000000,45,50,53,55,60,64,73,81,100,110,110,57367,0,46,48.18239017553447,28.137100000094506,259.7679999998945,2918.752000278906
1746379833,500,GET,GET /pastes/:slug,344.100000,0.000000,45,50,53,55,60,65,73,80,100,110,110,52535,0,45,47.94084352526721,28.137100000094506,259.7679999998945,2927.384201008851
1746379833,500,POST,POST /pastes,36.500000,0.000000,48,52,55,58,65,69,81,88,98,98,98,5203,0,48,50.63238965980112,30.241599999499158,195.92870000087714,2832.6396309821257
1746379833,500,,Aggregated,380.600000,0.000000,46,50,53,55,61,65,74,81,100,110,110,57738,0,46,48.18338941424857,28.137100000094506,259.7679999998945,2918.846392323946
1746379834,500,GET,GET /pastes/:slug,345.400000,0.000000,46,51,54,56,62,66,75,80,100,110,110,52918,0,45,47.959916402734464,28.137100000094506,259.7679999998945,2927.562568502211
1746379834,500,POST,POST /pastes,36.400000,0.000000,49,53,56,59,67,72,81,88,98,98,98,5246,0,48,50.67344424322231,30.241599999499158,195.92870000087714,2833.639725505147
1746379834,500,,Aggregated,381.800000,0.000000,46,51,54,56,62,67,75,81,100,110,110,58164,0,46,48.20465828862998,28.137100000094506,259.7679999998945,2919.0913623547212
1746379835,500,GET,GET /pastes/:slug,346.800000,0.000000,46,51,54,56,61,66,74,79,100,110,110,53260,0,45,47.94696890912336,28.137100000094506,259.7679999998945,2927.236425084491
1746379835,500,POST,POST /pastes,35.200000,0.000000,48,53,56,59,67,72,81,88,98,98,98,5283,0,48,50.657212379318324,30.241599999499158,195.92870000087714,2834.4334658338066
1746379835,500,,Aggregated,382.000000,0.000000,46,51,54,56,62,66,74,80,100,110,110,58543,0,46,48.191544968653425,28.137100000094506,259.7679999998945,2918.8617597321627
1746379836,500,GET,GET /pastes/:slug,347.800000,0.000000,46,51,54,56,61,66,74,79,100,110,110,53626,0,45,47.92651129489279,28.137100000094506,259.7679999998945,2927.9057360235706
1746379836,500,POST,POST /pastes,35.500000,0.000000,48,53,56,60,67,74,81,88,98,98,98,5305,0,48,50.64791462769701,30.241599999499158,195.92870000087714,2834.3344015080115
1746379836,500,,Aggregated,383.300000,0.000000,46,51,54,56,62,67,75,81,100,110,110,58931,0,46,48.17149347202463,28.137100000094506,259.7679999998945,2919.482394664947
1746379837,500,GET,GET /pastes/:slug,346.900000,0.000000,45,50,53,55,60,66,74,79,100,110,110,53962,0,45,47.89817143915933,28.137100000094506,259.7679999998945,2927.090174567288
1746379837,500,POST,POST /pastes,35.600000,0.000000,48,52,55,58,66,72,79,84,98,98,98,5343,0,48,50.6207413625185,30.241599999499158,195.92870000087714,2835.4312184166197
1746379837,500,,Aggregated,382.500000,0.000000,46,50,53,55,61,66,75,80,100,110,110,59305,0,46,48.143457521286244,28.137100000094506,259.7679999998945,2918.8322907006154
1746379838,500,GET,GET /pastes/:slug,350.800000,0.000000,45,50,53,55,60,64,72,77,88,100,100,54317,0,45,47.885666124784144,28.137100000094506,259.7679999998945,2926.7786328405473
1746379838,500,POST,POST /pastes,34.200000,0.000000,48,52,55,57,65,71,76,81,98,98,98,5380,0,48,50.61422262080638,30.241599999499158,195.92870000087714,2834.1513011152415
1746379838,500,,Aggregated,385.000000,0.000000,45,50,53,55,60,65,73,77,90,100,100,59697,0,46,48.13156849757723,28.137100000094506,259.7679999998945,2918.430892674674
1746379839,500,GET,GET /pastes/:slug,345.600000,0.000000,45,50,53,54,59,64,70,75,86,100,100,54659,0,45,47.8752775627051,28.137100000094506,259.7679999998945,2927.130591485391
1746379839,500,POST,POST /pastes,34.800000,0.000000,48,52,55,57,64,69,75,79,98,98,98,5409,0,48,50.60516977259101,30.241599999499158,195.92870000087714,2833.968755777408
1746379839,500,,Aggregated,380.400000,0.000000,45,50,53,55,60,65,71,75,90,100,100,60068,0,46,48.121098748083334,28.137100000094506,259.7679999998945,2918.7415595658254
1746379840,500,GET,GET /pastes/:slug,349.400000,0.000000,45,50,53,54,59,64,71,75,86,100,100,55042,0,45,47.86057393989878,28.137100000094506,259.7679999998945,2927.573634678972
1746379840,500,POST,POST /pastes,34.500000,0.000000,48,53,56,57,65,71,76,84,98,98,98,5437,0,48,50.602433014518624,30.241599999499158,195.92870000087714,2835.583226043774
1746379840,500,,Aggregated,383.900000,0.000000,45,50,53,55,60,64,71,75,90,100,100,60479,0,46,48.107064255359255,28.137100000094506,259.7679999998945,2919.3037913986673
1746379841,500,GET,GET /pastes/:slug,348.100000,0.000000,45,49,52,54,59,64,69,73,85,91,91,55389,0,45,47.850255913626945,28.137100000094506,259.7679999998945,2927.5044142338734
1746379841,500,POST,POST /pastes,34.200000,0.000000,48,52,55,57,63,69,74,76,79,79,79,5467,0,48,50.59372621180472,30.241599999499158,195.92870000087714,2838.644229010426
1746379841,500,,Aggregated,382.300000,0.000000,45,50,53,54,59,64,69,73,85,91,91,60856,0,46,48.09671562376504,28.137100000094506,259.7679999998945,2919.5216576837124
1746379842,500,GET,GET /pastes/:slug,352.500000,0.000000,44,49,52,54,58,63,68,72,86,91,91,55747,0,45,47.84155497694761,28.137100000094506,259.7679999998945,2927.197086838754
1746379842,500,POST,POST /pastes,33.900000,0.000000,48,52,55,56,62,68,74,74,82,82,82,5505,0,48,50.57638005448363,30.241599999499158,195.92870000087714,2838.5415077202542
1746379842,500,,Aggregated,386.400000,0.000000,45,50,53,54,59,63,69,73,86,91,91,61252,0,46,48.087346331545994,28.137100000094506,259.7679999998945,2919.2292006791613
1746379843,500,GET,GET /pastes/:slug,352.200000,0.000000,44,49,52,54,59,63,67,71,86,95,95,56070,0,45,47.86397892634023,28.137100000094506,259.7679999998945,2927.0937042981986
1746379843,500,POST,POST /pastes,32.700000,0.000000,48,52,54,56,61,66,72,74,84,84,84,5539,0,48,50.59440496478276,30.241599999499158,195.92870000087714,2837.487272070771
1746379843,500,,Aggregated,384.900000,0.000000,45,50,53,54,59,63,67,71,86,95,95,61609,0,46,48.10945977860136,28.137100000094506,259.7679999998945,2919.037575678878
1746379844,500,GET,GET /pastes/:slug,353.300000,0.000000,45,50,53,54,59,63,67,72,88,95,95,56435,0,45,47.87409125010887,28.137100000094506,259.7679999998945,2926.8609550810665
1746379844,500,POST,POST /pastes,32.600000,0.000000,49,53,56,57,62,66,73,75,84,84,84,5583,0,48,50.63651252013776,30.241599999499158,195.92870000087714,2837.537703743507
1746379844,500,,Aggregated,385.900000,0.000000,45,50,53,55,59,64,68,72,88,95,95,62018,0,46,48.122770632717035,28.137100000094506,259.7679999998945,2918.8198748750365
1746379845,500,GET,GET /pastes/:slug,350.400000,0.000000,45,50,53,55,60,64,70,76,89,95,95,56770,0,45,47.8898734666181,28.137100000094506,259.7679999998945,2926.5987669543774
1746379845,500,POST,POST /pastes,33.400000,0.000000,49,53,56,58,64,68,75,82,94,94,94,5619,0,48,50.64970275848525,30.241599999499158,195.92870000087714,2839.7131162128494
1746379845,500,,Aggregated,383.800000,0.000000,46,51,54,55,61,64,71,77,92,95,95,62389,0,46,48.13843460385422,28.137100000094506,259.7679999998945,2918.7735017390887
1746379846,500,GET,GET /pastes/:slug,349.700000,0.000000,46,51,54,56,61,64,70,77,89,95,95,57129,0,45,47.88582315286279,28.137100000094506,259.7679999998945,2926.8057553956833
1746379846,500,POST,POST /pastes,33.300000,0.000000,49,54,56,59,64,68,75,82,94,94,94,5649,0,48,50.639809134347686,30.241599999499158,195.92870000087714,2840.343600637281
1746379846,500,,Aggregated,383.000000,0.000000,46,51,54,56,61,65,71,78,92,95,95,62778,0,46,48.1336371451759,28.137100000094506,259.7679999998945,2919.0255662811815
1746379847,500,GET,GET /pastes/:slug,349.900000,0.000000,46,51,54,56,62,66,74,81,93,95,95,57476,0,45,47.89833019346993,28.137100000094506,259.7679999998945,2926.0529264388615
1746379847,500,POST,POST /pastes,33.500000,0.000000,49,53,57,59,65,70,76,82,94,94,94,5692,0,48,50.64006287771033,30.241599999499158,195.92870000087714,2841.0043921293045
1746379847,500,,Aggregated,383.400000,0.000000,47,51,54,56,62,66,74,81,94,95,95,63168,0,46,48.145384753353426,28.137100000094506,259.7679999998945,2918.389295212766
1746379848,500,GET,GET /pastes/:slug,347.900000,0.000000,47,52,55,57,62,66,75,83,95,100,100,57815,0,45,47.915427487674364,28.137100000094506,259.7679999998945,2925.679719795901
1746379848,500,POST,POST /pastes,34.200000,0.000000,50,54,57,61,66,72,79,91,100,100,100,5735,0,48,50.6797569136741,30.241599999499158,195.92870000087714,2841.907585004359
1746379848,500,,Aggregated,382.100000,0.000000,47,52,55,57,62,67,75,84,95,100,100,63550,0,46,48.16489136270398,28.137100000094506,259.7679999998945,2918.119795436664
1746379849,500,GET,GET /pastes/:slug,351.300000,0.000000,47,52,55,57,63,67,76,84,95,100,100,58164,0,46,47.927125924968905,28.137100000094506,259.7679999998945,2925.586943814043
1746379849,500,POST,POST /pastes,34.500000,0.000000,50,54,57,61,66,72,79,91,100,100,100,5768,0,48,50.68978153604765,30.241599999499158,195.92870000087714,2842.649965325936
1746379849,500,,Aggregated,385.800000,0.000000,48,53,56,57,63,68,76,84,95,100,100,63932,0,46,48.17637508915472,28.137100000094506,259.7679999998945,2918.104298316962
1746379850,500,GET,GET /pastes/:slug,348.400000,0.000000,48,53,56,58,63,68,76,84,95,100,100,58516,0,46,47.9356743779459,28.137100000094506,259.7679999998945,2925.3831772506664
1746379850,500,POST,POST /pastes,35.300000,0.000000,50,55,58,62,67,73,82,91,100,100,100,5805,0,48,50.705191576215235,30.241599999499158,195.92870000087714,2844.957622739018
1746379850,500,,Aggregated,383.700000,0.000000,48,53,56,58,64,68,77,84,95,100,100,64321,0,46,48.18562458605799,28.137100000094506,259.7679999998945,2918.1247337572486
1746379851,500,GET,GET /pastes/:slug,350.000000,0.000000,48,53,56,58,64,68,77,84,95,100,100,58855,0,46,47.93911974173638,28.137100000094506,259.7679999998945,2925.4724662305666
1746379851,500,POST,POST /pastes,35.900000,0.000000,51,55,59,62,67,73,84,91,100,100,100,5846,0,48,50.72427146765823,30.241599999499158,195.92870000087714,2845.607423879576
1746379851,500,,Aggregated,385.900000,0.000000,48,53,56,58,64,69,78,85,100,100,100,64701,0,46,48.190769592430584,28.137100000094506,259.7679999998945,2918.256332977852
1746379852,500,GET,GET /pastes/:slug,347.700000,0.000000,48,53,56,58,64,69,78,85,95,100,100,59226,0,46,47.94361216019789,28.137100000094506,259.7679999998945,2925.7798264275825
1746379852,500,POST,POST /pastes,36.600000,0.000000,51,55,59,62,66,73,79,91,100,100,100,5873,0,48,50.717203643781794,30.241599999499158,195.92870000087714,2843.329303592712
1746379852,500,,Aggregated,384.300000,0.000000,48,53,56,58,64,69,78,86,100,100,100,65099,0,46,48.19383570868737,28.137100000094506,259.7679999998945,2918.341433816188
1746379853,500,GET,GET /pastes/:slug,346.300000,0.000000,47,52,55,57,63,68,78,85,95,100,100,59569,0,46,47.922878337724136,28.137100000094506,259.7679999998945,2926.0096526716916
1746379853,500,POST,POST /pastes,37.800000,0.000000,49,54,57,59,65,70,79,91,100,100,100,5912,0,48,50.68186129904165,30.241599999499158,195.92870000087714,2841.576116373478
1746379853,500,,Aggregated,384.100000,0.000000,47,52,55,57,63,68,78,85,100,100,100,65481,0,46,48.17197513324249,28.137100000094506,259.7679999998945,2918.3865090636978
1746379854,500,GET,GET /pastes/:slug,346.300000,0.000000,47,52,55,57,62,68,75,82,95,100,100,59937,0,46,47.92470568763696,28.137100000094506,259.7679999998945,2925.852745382652
1746379854,500,POST,POST /pastes,36.800000,0.000000,50,54,56,59,65,69,75,86,100,100,100,5949,0,48,50.682392654217296,30.241599999499158,195.92870000087714,2839.4449487308793
1746379854,500,,Aggregated,383.100000,0.000000,47,52,55,57,63,68,75,83,100,100,100,65886,0,46,48.17370365024229,28.137100000094506,259.7679999998945,2918.050784688705
1746379855,500,GET,GET /pastes/:slug,348.100000,0.000000,47,51,55,57,62,68,75,82,95,100,100,60299,0,46,47.910995421149586,28.137100000094506,259.7679999998945,2925.9139952569694
1746379855,500,POST,POST /pastes,37.000000,0.000000,49,54,56,59,65,69,75,86,100,100,100,5984,0,48,50.66833253675427,30.241599999499158,195.92870000087714,2840.5264037433153
1746379855,500,,Aggregated,385.100000,0.000000,47,52,55,57,62,68,75,82,100,100,100,66283,0,46,48.15992659957855,28.137100000094506,259.7679999998945,2918.2052411628924
1746379856,500,GET,GET /pastes/:slug,349.100000,0.000000,46,51,54,56,61,67,73,79,95,100,100,60660,0,45,47.8919703907009,28.137100000094506,259.7679999998945,2926.340586877679
1746379856,500,POST,POST /pastes,36.700000,0.000000,49,54,56,59,65,68,74,86,100,100,100,6012,0,48,50.661142431792726,30.241599999499158,195.92870000087714,2840.7513306719893
1746379856,500,,Aggregated,385.800000,0.000000,46,51,54,56,61,67,73,80,100,100,100,66672,0,46,48.1416743490503,28.137100000094506,259.7679999998945,2918.622765178786
1746379857,500,GET,GET /pastes/:slug,350.000000,0.000000,45,50,53,55,60,66,71,77,88,98,98,61014,0,45,47.87295956993317,28.137100000094506,259.7679999998945,2926.437096404104
1746379857,500,POST,POST /pastes,36.500000,0.000000,48,53,55,58,62,66,73,75,100,100,100,6048,0,48,50.635929844566284,30.241599999499158,195.92870000087714,2838.528439153439
1746379857,500,,Aggregated,386.500000,0.000000,46,50,53,55,60,66,71,77,89,100,100,67062,0,46,48.122138601590564,28.137100000094506,259.7679999998945,2918.5090364140647
1746379858,500,GET,GET /pastes/:slug,351.200000,0.000000,45,50,53,54,60,65,70,75,88,98,98,61365,0,45,47.86731044569222,28.137100000094506,259.7679999998945,2926.437382872973
1746379858,500,POST,POST /pastes,35.400000,0.000000,48,52,55,57,61,66,73,77,100,100,100,6085,0,48,50.62896174197901,30.241599999499158,195.92870000087714,2837.719309778143
1746379858,500,,Aggregated,386.600000,0.000000,45,50,53,55,60,65,70,76,89,100,100,67450,0,46,48.116452745735685,28.137100000094506,259.7679999998945,2918.4336842105263
1746379859,500,GET,GET /pastes/:slug,351.500000,0.000000,45,49,52,54,59,64,70,74,89,98,98,61703,0,45,47.858955144804945,28.137100000094506,259.7679999998945,2926.282158079834
1746379859,500,POST,POST /pastes,35.700000,0.000000,47,51,55,56,60,65,69,75,100,100,100,6123,0,48,50.61208734279669,30.241599999499158,195.92870000087714,2837.8690184550055
1746379859,500,,Aggregated,387.200000,0.000000,45,50,52,54,59,64,70,74,91,100,100,67826,0,46,48.10749447261918,28.137100000094506,259.7679999998945,2918.3006516675023
1746379860,500,GET,GET /pastes/:slug,352.500000,0.000000,45,49,52,54,59,65,71,79,95,100,100,62076,0,45,47.86336301952264,28.137100000094506,259.7679999998945,2926.173255364392
1746379860,500,POST,POST /pastes,35.100000,0.000000,47,51,55,56,61,66,75,87,97,97,97,6160,0,48,50.64112946427703,30.241599999499158,195.92870000087714,2837.565909090909
1746379860,500,,Aggregated,387.600000,0.000000,45,49,52,54,59,65,71,80,97,100,100,68236,0,46,48.11412568585288,28.137100000094506,259.7679999998945,2918.1742335424115
1746379861,500,GET,GET /pastes/:slug,352.100000,0.000000,45,49,52,54,60,65,72,79,94,100,100,62410,0,45,47.88665418041792,28.137100000094506,259.7679999998945,2925.6141964428775
1746379861,500,POST,POST /pastes,34.600000,0.000000,47,51,55,56,61,66,77,87,97,97,97,6187,0,48,50.651645918853326,30.241599999499158,195.92870000087714,2837.202036528204
1746379861,500,,Aggregated,386.700000,0.000000,45,50,53,55,60,65,72,80,94,100,100,68597,0,46,48.13603832091568,28.137100000094506,259.7679999998945,2917.6399988337685
1746379862,500,GET,GET /pastes/:slug,353.700000,0.000000,45,50,53,55,60,66,72,79,94,100,100,62768,0,46,47.89117265485424,28.137100000094506,259.7679999998945,2925.834326408361
1746379862,500,POST,POST /pastes,35.000000,0.000000,48,52,55,57,61,68,77,87,97,97,97,6220,0,48,50.65367102892967,30.241599999499158,195.92870000087714,2835.674276527331
1746379862,500,,Aggregated,388.700000,0.000000,46,50,53,55,60,66,73,80,94,100,100,68988,0,46,48.14024118687105,28.137100000094506,259.7679999998945,2917.7054415260627
1746379863,500,GET,GET /pastes/:slug,353.600000,0.000000,46,51,54,56,62,68,77,85,94,110,110,63119,0,46,47.93391644829439,28.137100000094506,259.7679999998945,2926.0830811641504
1746379863,500,POST,POST /pastes,34.000000,0.000000,48,54,57,58,66,73,87,94,110,110,110,6255,0,48,50.72052733812009,30.241599999499158,195.92870000087714,2834.671942446043
1746379863,500,,Aggregated,387.600000,0.000000,46,51,54,56,62,68,78,86,99,110,110,69374,0,46,48.185166932854685,28.137100000094506,259.7679999998945,2917.841136448814
1746379864,500,GET,GET /pastes/:slug,353.900000,0.000000,46,51,54,56,63,69,79,87,96,110,110,63459,0,46,47.947125373861674,28.137100000094506,259.7679999998945,2926.605745441939
1746379864,500,POST,POST /pastes,34.800000,0.000000,49,56,58,61,69,77,88,94,110,110,110,6294,0,48,50.762275023823165,30.241599999499158,195.92870000087714,2834.743883063235
1746379864,500,,Aggregated,388.700000,0.000000,47,52,55,57,63,70,80,88,99,110,110,69753,0,46,48.201143866211595,28.137100000094506,259.7679999998945,2918.3168035783406
1746379865,500,GET,GET /pastes/:slug,353.900000,0.000000,47,52,55,57,63,70,81,88,100,110,110,63808,0,46,47.956476999747366,28.137100000094506,259.7679999998945,2926.337465521565
1746379865,500,POST,POST /pastes,34.400000,0.000000,49,56,59,61,69,77,89,94,110,110,110,6322,0,48,50.77299509647837,30.241599999499158,195.92870000087714,2835.3712432774437
1746379865,500,,Aggregated,388.300000,0.000000,47,52,55,57,64,71,82,89,100,110,110,70130,0,46,48.210377290743494,28.137100000094506,259.7679999998945,2918.1371453015827
1746379866,500,GET,GET /pastes/:slug,351.800000,0.000000,48,53,56,58,65,73,85,91,100,110,110,64179,0,46,47.990827047786325,28.137100000094506,259.7679999998945,2926.3137786503376
1746379866,500,POST,POST /pastes,33.900000,0.000000,50,56,60,63,70,83,94,97,110,110,110,6353,0,48,50.790693451902854,30.241599999499158,195.92870000087714,2835.4010703604595
1746379866,500,,Aggregated,385.700000,0.000000,48,53,56,59,66,74,86,92,110,110,110,70532,0,46,48.2430182697193,28.137100000094506,259.7679999998945,2918.1250354449044
1746379867,500,GET,GET /pastes/:slug,351.700000,0.000000,48,53,56,58,65,73,85,91,100,110,110,64542,0,46,47.990911573857396,28.137100000094506,259.7679999998945,2926.1055436769857
1746379867,500,POST,POST /pastes,33.900000,0.000000,51,57,60,63,70,82,94,97,110,110,110,6381,0,48,50.79032546621757,30.241599999499158,195.92870000087714,2837.983701614167
1746379867,500,,Aggregated,385.600000,0.000000,48,53,57,59,66,74,86,92,110,110,110,70923,0,46,48.24277711884526,28.137100000094506,259.7679999998945,2918.1771498667567
1746379868,500,GET,GET /pastes/:slug,349.000000,0.000000,48,54,57,59,66,74,85,91,100,110,110,64925,0,46,48.00840731767247,28.137100000094506,259.7679999998945,2926.334108586831
1746379868,500,POST,POST /pastes,34.500000,0.000000,51,58,61,64,72,83,94,99,110,110,110,6405,0,48,50.79653867290226,30.241599999499158,195.92870000087714,2836.7728337236535
1746379868,500,,Aggregated,383.500000,0.000000,48,54,57,60,67,75,86,92,110,110,110,71330,0,46,48.25876454927588,28.137100000094506,259.7679999998945,2918.292051030422
1746379869,500,GET,GET /pastes/:slug,352.400000,0.000000,49,54,57,60,66,74,85,91,110,110,110,65254,0,46,48.023603513959046,28.137100000094506,259.7679999998945,2926.348561007754
1746379869,500,POST,POST /pastes,33.100000,0.000000,53,59,62,64,72,82,94,99,110,110,110,6435,0,48,50.8224969386078,30.241599999499158,195.92870000087714,2837.0763014763015
1746379869,500,,Aggregated,385.500000,0.000000,49,55,58,60,67,75,86,92,110,110,110,71689,0,46,48.274839815032266,28.137100000094506,259.7679999998945,2918.3352397159956
1746379870,500,GET,GET /pastes/:slug,353.500000,0.000000,49,54,57,60,67,74,85,90,110,110,110,65620,0,46,48.04166779335394,28.137100000094506,259.7679999998945,2926.6410545565377
1746379870,500,POST,POST /pastes,31.900000,0.000000,53,59,62,63,71,81,92,99,110,110,110,6461,0,48,50.832026543870526,30.241599999499158,195.92870000087714,2837.4592168394984
1746379870,500,,Aggregated,385.400000,0.000000,49,55,58,60,67,74,85,91,110,110,110,72081,0,46,48.291782357346,28.137100000094506,259.7679999998945,2918.647216326078
1746379871,500,GET,GET /pastes/:slug,354.600000,0.000000,49,54,57,59,66,73,83,90,110,110,110,65986,0,46,48.04774346073227,28.137100000094506,259.7679999998945,2926.359879368351
1746379871,500,POST,POST /pastes,31.800000,0.000000,53,59,62,63,71,82,93,99,110,110,110,6488,0,48,50.84565359123749,30.241599999499158,195.92870000087714,2837.110665844636
1746379871,500,,Aggregated,386.400000,0.000000,49,54,57,60,66,74,85,91,110,110,110,72474,0,46,48.2982172986154,28.137100000094506,259.7679999998945,2918.3701327372573
1746379872,500,GET,GET /pastes/:slug,353.300000,0.000000,49,54,57,59,65,72,82,89,100,110,110,66349,0,46,48.064093424164014,28.137100000094506,259.7679999998945,2926.3623566293386
1746379872,500,POST,POST /pastes,30.700000,0.000000,52,57,61,63,70,80,89,93,110,110,110,6517,0,48,50.85683584470632,30.241599999499158,195.92870000087714,2837.6260549332515
1746379872,500,,Aggregated,384.000000,0.000000,49,54,57,59,66,72,82,89,110,110,110,72866,0,46,48.31387113056613,28.137100000094506,259.7679999998945,2918.4259462575137
1746379873,500,GET,GET /pastes/:slug,355.700000,0.000000,49,54,57,59,66,72,82,89,100,110,110,66702,0,46,48.0918877005166,28.137100000094506,259.7679999998945,2926.2808311594854
1746379873,500,POST,POST /pastes,29.800000,0.000000,53,58,61,62,68,80,87,93,110,110,110,6551,0,48,50.89706531826589,30.241599999499158,195.92870000087714,2837.377041673027
1746379873,500,,Aggregated,385.500000,0.000000,49,54,57,60,66,73,82,89,110,110,110,73253,0,46,48.34275413020408,28.137100000094506,259.7679999998945,2918.3301844293064
1746379874,500,GET,GET /pastes/:slug,355.800000,0.000000,50,55,58,61,67,74,86,94,130,150,150,67033,0,46,48.15244114241992,28.137100000094506,259.7679999998945,2926.7823161726315
1746379874,500,POST,POST /pastes,29.200000,0.000000,53,58,62,63,73,83,93,140,150,150,150,6589,0,48,50.97479679768771,30.241599999499158,195.92870000087714,2838.151919866444
1746379874,500,,Aggregated,385.000000,0.000000,50,55,59,61,67,75,86,94,140,150,150,73622,0,46,48.40503549482249,28.137100000094506,259.7679999998945,2918.8500991551437
1746379875,500,GET,GET /pastes/:slug,355.200000,0.000000,50,55,58,61,67,74,84,90,130,150,150,67412,0,46,48.184719788759494,28.137100000094506,259.7679999998945,2926.5293271227674
1746379875,500,POST,POST /pastes,29.400000,0.000000,53,59,62,65,73,83,88,140,150,150,150,6622,0,49,51.027028299602215,30.241599999499158,195.92870000087714,2839.1667170039264
1746379875,500,,Aggregated,384.600000,0.000000,51,55,59,61,68,75,85,91,140,150,150,74034,0,46,48.43895118188726,28.137100000094506,259.7679999998945,2918.7151443931166
1746379876,500,GET,GET /pastes/:slug,355.300000,0.000000,50,55,58,60,67,74,83,90,130,150,150,67762,0,46,48.17968752102724,28.137100000094506,259.7679999998945,2926.3321182963905
1746379876,500,POST,POST /pastes,29.600000,0.000000,53,59,62,64,73,82,88,140,150,150,150,6658,0,49,51.01661476418829,30.241599999499158,195.92870000087714,2838.8685791528987
1746379876,500,,Aggregated,384.900000,0.000000,50,55,58,61,67,74,85,91,140,150,150,74420,0,46,48.43349377720816,28.137100000094506,259.7679999998945,2918.5071754904598
1746379877,500,GET,GET /pastes/:slug,356.400000,0.000000,50,55,58,60,66,73,82,90,130,150,150,68116,0,46,48.1828918961748,28.137100000094506,259.7679999998945,2926.3304069528454
1746379877,500,POST,POST /pastes,29.800000,0.000000,53,58,62,64,72,82,88,140,150,150,150,6695,0,49,51.01964361463273,30.241599999499158,195.92870000087714,2839.585063480209
1746379877,500,,Aggregated,386.200000,0.000000,50,55,58,60,67,73,83,90,140,150,150,74811,0,46,48.43675901137306,28.137100000094506,259.7679999998945,2918.567376455334
1746379878,500,GET,GET /pastes/:slug,356.800000,0.000000,50,55,58,61,68,76,90,110,140,150,150,68471,0,46,48.23980175548533,28.137100000094506,259.7679999998945,2926.677016547151
1746379878,500,POST,POST /pastes,30.100000,0.000000,53,59,64,67,77,87,110,140,150,150,150,6730,0,49,51.109402971761405,30.241599999499158,195.92870000087714,2839.632986627043
1746379878,500,,Aggregated,386.900000,0.000000,50,55,59,61,68,77,92,110,150,150,150,75201,0,46,48.4966123854711,28.137100000094506,259.7679999998945,2918.887142458212
1746379879,500,GET,GET /pastes/:slug,353.500000,0.000000,50,55,58,60,67,76,91,110,140,150,150,68814,0,46,48.240844958871854,28.137100000094506,259.7679999998945,2926.629959019967
1746379879,500,POST,POST /pastes,31.200000,0.000000,53,59,64,67,77,86,110,120,150,150,150,6768,0,49,51.12560427008805,30.241599999499158,195.92870000087714,2839.697990543735
1746379879,500,,Aggregated,384.700000,0.000000,50,55,58,61,68,77,93,110,150,150,150,75582,0,46,48.49916110581599,28.137100000094506,259.7679999998945,2918.8456246196183
1746379880,500,GET,GET /pastes/:slug,352.900000,0.000000,50,55,59,61,68,77,91,110,140,150,150,69185,0,46,48.26388048276088,28.137100000094506,259.7679999998945,2926.710414107104
1746379880,500,POST,POST /pastes,32.300000,0.000000,53,59,64,67,78,86,110,120,150,150,150,6791,0,49,51.1293610661116,30.241599999499158,195.92870000087714,2840.7339125312915
1746379880,500,,Aggregated,385.200000,0.000000,50,56,59,61,69,78,93,110,150,150,150,75976,0,46,48.52000713646147,28.137100000094506,259.7679999998945,2919.025534379278
1746379881,500,GET,GET /pastes/:slug,350.800000,0.000000,50,55,59,61,68,77,91,110,140,150,150,69543,0,46,48.261935399678215,28.137100000094506,259.7679999998945,2926.4348820154437
1746379881,500,POST,POST /pastes,32.400000,0.000000,53,59,63,66,77,85,110,120,150,150,150,6819,0,49,51.12316609472959,30.241599999499158,195.92870000087714,2841.692183604634
1746379881,500,,Aggregated,383.200000,0.000000,50,56,59,61,68,77,92,110,150,150,150,76362,0,46,48.5174385571332,28.137100000094506,259.7679999998945,2918.867499541657
1746379882,500,GET,GET /pastes/:slug,353.500000,0.000000,50,55,58,60,67,76,91,110,140,150,150,69894,0,46,48.267052934441104,28.137100000094506,259.7679999998945,2926.140584313389
1746379882,500,POST,POST /pastes,32.500000,0.000000,53,57,63,65,75,85,110,120,150,150,150,6858,0,49,51.136217016617024,30.241599999499158,195.92870000087714,2841.1459609215513
1746379882,500,,Aggregated,386.000000,0.000000,50,55,58,61,68,77,92,110,150,150,150,76752,0,46,48.52342055060204,28.137100000094506,259.7679999998945,2918.546083489681
1746379883,500,GET,GET /pastes/:slug,354.500000,0.000000,49,54,57,59,67,76,91,110,140,150,150,70242,0,46,48.277681493975486,28.137100000094506,259.7679999998945,2926.2932433586743
1746379883,500,POST,POST /pastes,32.900000,0.000000,52,57,63,65,73,84,110,120,150,150,150,6896,0,49,51.15229995649053,30.241599999499158,195.92870000087714,2841.5377030162413
1746379883,500,,Aggregated,387.400000,0.000000,49,54,58,60,67,76,91,110,150,150,150,77138,0,46,48.534667271640544,28.137100000094506,259.7679999998945,2918.7162488008503
1746379884,500,GET,GET /pastes/:slug,352.800000,0.000000,48,53,56,58,65,72,83,100,140,150,150,70589,1,46,48.28998022921153,28.137100000094506,259.7679999998945,2926.6303248381478
1746379884,500,POST,POST /pastes,33.700000,0.000000,51,56,61,63,68,79,94,110,120,120,120,6924,0,49,51.16949835354678,30.241599999499158,195.92870000087714,2842.548960138648
1746379884,500,,Aggregated,386.500000,0.000000,49,53,57,59,65,73,84,100,140,150,150,77513,1,46,48.54719880535902,28.137100000094506,259.7679999998945,2919.119592842491
1746379885,500,GET,GET /pastes/:slug,354.000000,0.000000,49,54,57,59,66,73,83,100,140,150,150,70938,1,46,48.31100624347766,28.137100000094506,259.7679999998945,2926.5565141391075
1746379885,500,POST,POST /pastes,34.300000,0.000000,52,57,62,64,68,78,94,110,120,120,120,6974,0,49,51.19451669055958,30.241599999499158,195.92870000087714,2842.0012905075996
1746379885,500,,Aggregated,388.300000,0.000000,49,54,58,60,66,73,84,100,140,150,150,77912,1,46,48.56911284910926,28.137100000094506,259.7679999998945,2918.987870931307
1746379886,500,GET,GET /pastes/:slug,354.500000,0.000000,49,54,57,59,66,73,83,100,140,150,150,71272,1,46,48.3121472654032,28.137100000094506,259.7679999998945,2926.187955999551
1746379886,500,POST,POST /pastes,33.700000,0.000000,52,57,62,63,68,78,94,110,120,120,120,7009,0,49,51.180474061914836,30.241599999499158,195.92870000087714,2842.1428163789415
1746379886,500,,Aggregated,388.200000,0.000000,49,54,58,60,66,73,84,100,140,150,150,78281,1,46,48.56896696005157,28.137100000094506,259.7679999998945,2918.662855609918
1746379887,500,GET,GET /pastes/:slug,352.700000,0.100000,48,53,57,59,64,71,81,94,140,150,150,71639,1,46,48.30786437415115,28.137100000094506,259.7679999998945,2925.934784125965
1746379887,500,POST,POST /pastes,33.900000,0.000000,51,56,60,62,66,70,79,82,120,120,120,7038,0,49,51.17639021028249,30.241599999499158,195.92870000087714,2842.4053708439897
1746379887,500,,Aggregated,386.600000,0.100000,49,53,57,59,65,70,81,93,140,150,150,78677,1,46,48.56446649211079,28.137100000094506,259.7679999998945,2918.4627146434154
1746379888,500,GET,GET /pastes/:slug,350.200000,0.100000,48,53,56,58,63,69,76,81,94,100,100,71994,1,46,48.306585879376364,28.137100000094506,259.7679999998945,2926.454385087646
1746379888,500,POST,POST /pastes,35.100000,0.000000,51,56,60,62,66,68,74,79,86,86,86,7076,0,49,51.17801213962135,30.241599999499158,195.92870000087714,2842.303561334087
1746379888,500,,Aggregated,385.300000,0.100000,48,53,57,59,64,69,76,81,94,100,100,79070,1,46,48.56355074870116,28.137100000094506,259.7679999998945,2918.9237005185278
1746379889,500,GET,GET /pastes/:slug,350.600000,0.100000,47,52,56,58,63,68,75,81,94,100,100,72341,1,46,48.293186688044194,28.137100000094506,259.7679999998945,2925.9753804896254
1746379889,500,POST,POST /pastes,34.300000,0.000000,50,56,59,61,66,68,72,79,86,86,86,7105,0,49,51.16675949330903,30.241599999499158,195.92870000087714,2842.037438423645
1746379889,500,,Aggregated,384.900000,0.100000,48,53,56,58,63,68,75,81,94,100,100,79446,1,46,48.5501755204766,28.137100000094506,259.7679999998945,2918.4686579563477
1746379890,500,GET,GET /pastes/:slug,352.100000,0.100000,47,52,55,57,62,67,74,80,94,100,100,72682,1,46,48.288152974599285,28.137100000094506,259.7679999998945,2925.2705759335186
1746379890,500,POST,POST /pastes,34.500000,0.000000,50,56,59,61,66,68,72,79,86,86,86,7144,0,49,51.16305821667953,30.241599999499158,195.92870000087714,2841.921752519597
1746379890,500,,Aggregated,386.600000,0.100000,47,52,56,58,63,67,74,80,94,100,100,79826,1,46,48.545441615511265,28.137100000094506,259.7679999998945,2917.8113020820283
1746379891,500,GET,GET /pastes/:slug,354.000000,0.100000,47,52,55,57,63,69,77,86,120,140,140,73025,1,46,48.3063417117403,28.137100000094506,259.7679999998945,2925.4473810338927
1746379891,500,POST,POST /pastes,33.900000,0.000000,50,56,59,62,66,69,78,86,120,120,120,7173,0,49,51.18912784050741,30.241599999499158,195.92870000087714,2843.529206747525
1746379891,500,,Aggregated,387.900000,0.100000,48,52,56,58,63,69,77,86,120,140,140,80198,1,46,48.56418136985726,28.137100000094506,259.7679999998945,2918.120526696426
1746379892,500,GET,GET /pastes/:slug,351.400000,0.100000,47,52,55,57,62,68,76,85,120,140,140,73386,1,46,48.306929784970706,28.137100000094506,259.7679999998945,2925.723039816859
1746379892,500,POST,POST /pastes,35.200000,0.000000,50,55,58,60,66,68,78,86,120,120,120,7207,0,49,51.181562897177734,30.241599999499158,195.92870000087714,2843.3636742056333
1746379892,500,,Aggregated,386.600000,0.100000,47,52,55,57,63,68,76,85,120,140,140,80593,1,46,48.5639928157512,28.137100000094506,259.7679999998945,2918.358083208219
1746379893,500,GET,GET /pastes/:slug,349.600000,0.100000,47,52,55,57,62,69,78,90,120,140,140,73733,1,46,48.30477958580109,28.137100000094506,259.7679999998945,2925.7834755129998
1746379893,500,POST,POST /pastes,35.400000,0.000000,50,55,58,60,66,70,82,90,120,120,120,7246,0,49,51.18851956941237,30.241599999499158,195.92870000087714,2843.802097709081
1746379893,500,,Aggregated,385.000000,0.100000,47,52,55,57,63,69,78,90,120,140,140,80979,1,46,48.56281660677275,28.137100000094506,259.7679999998945,2918.447782758493
1746379894,500,GET,GET /pastes/:slug,346.500000,0.100000,46,51,54,56,61,67,75,87,120,140,140,74064,1,46,48.30103923768448,28.137100000094506,259.7679999998945,2925.6507344998918
1746379894,500,POST,POST /pastes,35.200000,0.000000,50,54,58,59,65,68,78,90,120,120,120,7289,0,49,51.18298765262272,30.241599999499158,195.92870000087714,2843.926876114693
1746379894,500,,Aggregated,381.700000,0.100000,46,51,54,56,62,67,75,89,120,140,140,81353,1,46,48.55925371037142,28.137100000094506,259.7679999998945,2918.328506631593
1746379895,500,GET,GET /pastes/:slug,349.200000,0.100000,46,51,54,56,61,67,75,87,120,140,140,74430,1,46,48.31211205293348,28.137100000094506,259.7679999998945,2925.54058847239
1746379895,500,POST,POST /pastes,34.600000,0.000000,49,53,57,59,64,68,79,90,120,120,120,7335,0,49,51.17886023176101,30.241599999499158,195.92870000087714,2845.635582822086
1746379895,500,,Aggregated,383.800000,0.100000,47,51,54,56,61,67,75,87,120,140,140,81765,1,46,48.569283188403595,28.137100000094506,259.7679999998945,2918.372445422858
1746379896,500,GET,GET /pastes/:slug,347.000000,0.100000,46,51,54,56,61,67,74,87,120,140,140,74766,1,46,48.31194144664456,28.137100000094506,259.7679999998945,2925.6451729395712
1746379896,500,POST,POST /pastes,35.800000,0.000000,49,53,57,58,64,68,79,90,120,120,120,7372,0,49,51.173962615296375,30.241599999499158,195.92870000087714,2847.818502441671
1746379896,500,,Aggregated,382.800000,0.100000,47,51,54,56,61,67,75,87,120,140,140,82138,1,46,48.56881183617579,28.137100000094506,259.7679999998945,2918.660120772359
1746379897,500,GET,GET /pastes/:slug,348.300000,0.000000,46,51,54,56,61,67,76,89,120,140,140,75110,1,46,48.31081924111062,28.137100000094506,259.7679999998945,2925.3477832512317
1746379897,500,POST,POST /pastes,36.000000,0.000000,49,53,56,58,62,68,77,90,120,120,120,7419,0,49,51.16937116861577,30.241599999499158,195.92870000087714,2848.7103383205285
1746379897,500,,Aggregated,384.300000,0.000000,47,51,54,56,61,68,77,90,120,140,140,82529,1,46,48.56779069054269,28.137100000094506,259.7679999998945,2918.4584085594156
1746379898,500,GET,GET /pastes/:slug,348.900000,0.000000,46,51,54,56,61,68,77,89,120,140,140,75462,1,46,48.30495205401183,28.137100000094506,259.7679999998945,2925.5743022978454
1746379898,500,POST,POST /pastes,36.000000,0.000000,49,53,56,57,62,68,77,90,120,120,120,7454,0,49,51.143787711291004,30.241599999499158,195.92870000087714,2848.3286825865307
1746379898,500,,Aggregated,384.900000,0.000000,47,51,54,56,62,68,77,90,120,140,140,82916,1,46,48.560158298758054,28.137100000094506,259.7679999998945,2918.6300593371607
1746379899,500,GET,GET /pastes/:slug,346.000000,0.000000,46,51,54,56,61,68,77,89,120,140,140,75828,1,46,48.29365964419258,28.137100000094506,259.7679999998945,2924.927572928206
1746379899,500,POST,POST /pastes,37.900000,0.000000,49,53,56,58,62,68,79,90,120,120,120,7484,0,49,51.1339816675529,30.241599999499158,195.92870000087714,2846.816675574559
1746379899,500,,Aggregated,383.900000,0.000000,47,51,54,56,61,68,77,90,120,140,140,83312,1,46,48.54880860260012,28.137100000094506,259.7679999998945,2917.9107931630497
1746379900,500,GET,GET /pastes/:slug,346.300000,0.000000,46,50,53,55,60,65,71,78,100,120,120,76162,1,46,48.278470024419434,28.137100000094506,259.7679999998945,2924.9903101284103
1746379900,500,POST,POST /pastes,37.300000,0.000000,49,52,56,57,61,67,75,79,97,97,97,7516,0,49,51.13091104310397,30.241599999499158,195.92870000087714,2846.5380521554016
1746379900,500,,Aggregated,383.600000,0.000000,46,51,53,55,60,65,71,78,100,120,120,83678,1,46,48.53467770979017,28.137100000094506,259.7679999998945,2917.9436889026983
1746379901,500,GET,GET /pastes/:slug,345.900000,0.000000,46,50,53,55,60,65,72,79,100,120,120,76531,1,46,48.279047559809996,28.137100000094506,259.7679999998945,2924.929557956906
1746379901,500,POST,POST /pastes,37.800000,0.000000,48,52,56,57,61,68,75,79,97,97,97,7554,0,49,51.12786654752155,30.241599999499158,195.92870000087714,2846.3481599152765
1746379901,500,,Aggregated,383.700000,0.000000,46,51,54,55,60,65,72,79,100,120,120,84085,1,46,48.5349788035894,28.137100000094506,259.7679999998945,2917.869988701909
1746379902,500,GET,GET /pastes/:slug,345.300000,0.000000,46,50,53,55,60,65,72,78,95,100,100,76872,1,46,48.27772198849802,28.137100000094506,259.7679999998945,2924.8380424601937
1746379902,500,POST,POST /pastes,36.800000,0.000000,48,52,56,57,61,66,72,76,97,97,97,7589,0,49,51.12201591777278,30.241599999499158,195.92870000087714,2846.3109764132296
1746379902,500,,Aggregated,382.100000,0.000000,46,51,53,55,60,65,72,77,96,100,100,84461,1,46,48.53328783106781,28.137100000094506,259.7679999998945,2917.782219012325
1746379903,500,GET,GET /pastes/:slug,347.200000,0.000000,47,51,54,56,61,66,73,80,97,100,100,77217,1,46,48.29616869471517,28.137100000094506,259.7679999998945,2925.2747970006603
1746379903,500,POST,POST /pastes,37.600000,0.000000,49,53,56,58,62,68,76,78,97,97,97,7626,0,49,51.14366559139531,30.241599999499158,195.92870000087714,2845.4771833202203
1746379903,500,,Aggregated,384.800000,0.000000,47,51,54,56,61,66,74,79,97,100,100,84843,1,46,48.55211215892673,28.137100000094506,259.7679999998945,2918.1022948269156
1746379904,500,GET,GET /pastes/:slug,347.900000,0.000000,47,51,54,56,61,67,74,78,97,100,100,77578,1,46,48.31676432751333,28.137100000094506,259.7679999998945,2925.455348165717
1746379904,500,POST,POST /pastes,37.700000,0.000000,49,54,56,58,63,69,75,77,97,97,97,7654,0,49,51.16294248758556,30.241599999499158,195.92870000087714,2846.6071335249544
1746379904,500,,Aggregated,385.600000,0.000000,47,52,54,56,61,67,74,78,97,100,100,85232,1,46,48.57235668293397,28.137100000094506,259.7679999998945,2918.374624554158
1746379905,500,GET,GET /pastes/:slug,344.600000,0.000000,47,51,54,56,61,67,74,79,97,100,100,77943,1,46,48.314286050059934,28.137100000094506,259.7679999998945,2924.8013548362264
1746379905,500,POST,POST /pastes,38.300000,0.000000,50,55,57,59,63,69,75,77,97,97,97,7688,0,49,51.1722800598316,30.241599999499158,195.92870000087714,2845.3653746097816
1746379905,500,,Aggregated,382.900000,0.000000,47,52,55,56,62,68,75,79,97,100,100,85631,1,46,48.570878381658815,28.137100000094506,259.7679999998945,2917.669547243405
1746379906,500,GET,GET /pastes/:slug,347.400000,0.000000,47,51,54,56,61,67,74,77,96,100,100,78273,1,46,48.319971641559775,28.137100000094506,259.7679999998945,2924.8487473330524
1746379906,500,POST,POST /pastes,37.500000,0.000000,50,55,58,59,64,69,73,76,95,95,95,7732,0,49,51.17884195550777,30.241599999499158,195.92870000087714,2846.534919813761
1746379906,500,,Aggregated,384.900000,0.000000,47,52,55,56,62,67,74,77,96,100,100,86005,1,46,48.576989085516104,28.137100000094506,259.7679999998945,2917.808197197837
1746379907,500,GET,GET /pastes/:slug,348.200000,0.000000,48,52,55,57,62,68,75,79,96,100,100,78636,1,46,48.33922122818833,28.137100000094506,259.7679999998945,2924.87142021466
1746379907,500,POST,POST /pastes,35.600000,0.000000,51,56,59,61,67,72,76,77,95,95,95,7779,0,49,51.207570780305076,30.241599999499158,195.92870000087714,2848.486566396709
1746379907,500,,Aggregated,383.800000,0.000000,48,52,56,57,63,68,75,78,96,100,100,86415,1,46,48.597427455879526,28.137100000094506,259.7679999998945,2917.995324885726
1746379908,500,GET,GET /pastes/:slug,350.400000,0.000000,48,52,55,57,63,68,75,79,96,100,100,78976,1,46,48.33389235590344,28.137100000094506,259.7679999998945,2924.473093091572
1746379908,500,POST,POST /pastes,35.800000,0.000000,51,56,59,61,67,72,76,78,220,220,220,7805,0,49,51.21835852658418,30.241599999499158,220.0527000004513,2846.9882126841767
1746379908,500,,Aggregated,386.200000,0.000000,48,53,56,58,63,69,75,79,96,220,220,86781,1,46,48.59331847984968,28.137100000094506,259.7679999998945,2917.5041771816414
1746379909,500,GET,GET /pastes/:slug,351.400000,0.000000,48,53,56,58,64,70,77,82,100,190,190,79317,1,46,48.35001713882066,28.137100000094506,259.7679999998945,2924.0723300175246
1746379909,500,POST,POST /pastes,36.000000,0.000000,50,56,59,61,67,72,77,80,220,220,220,7848,0,49,51.21133018603296,30.241599999499158,220.0527000004513,2846.9631753312947
1746379909,500,,Aggregated,387.400000,0.000000,49,54,57,59,64,70,77,82,100,220,220,87165,1,46,48.607638716225864,28.137100000094506,259.7679999998945,2917.1297194975045
1746379910,500,GET,GET /pastes/:slug,350.400000,0.000000,48,53,56,58,64,70,77,82,100,190,190,79679,1,46,48.35027752732618,28.137100000094506,259.7679999998945,2923.746532963516
1746379910,500,POST,POST /pastes,35.500000,0.000000,51,56,59,61,67,73,77,80,220,220,220,7880,0,49,51.21823717004938,30.241599999499158,220.0527000004513,2846.6441624365484
1746379910,500,,Aggregated,385.900000,0.000000,49,53,56,58,64,70,77,82,100,220,220,87559,1,46,48.60838374124661,28.137100000094506,259.7679999998945,2916.807592594708
1746379911,500,GET,GET /pastes/:slug,350.700000,0.000000,49,53,56,58,64,70,77,82,100,190,190,80024,1,46,48.34924779940783,28.137100000094506,259.7679999998945,2923.6027066879938
1746379911,500,POST,POST /pastes,35.500000,0.000000,51,57,59,61,67,72,77,80,220,220,220,7918,0,49,51.20495381409267,30.241599999499158,220.0527000004513,2847.37395807022
1746379911,500,,Aggregated,386.200000,0.000000,49,54,57,59,64,70,77,82,100,220,220,87942,1,46,48.606365902524324,28.137100000094506,259.7679999998945,2916.739328193582
1746379912,500,GET,GET /pastes/:slug,350.100000,0.000000,49,53,56,58,64,69,76,81,100,190,190,80364,1,46,48.35695116718681,28.137100000094506,259.7679999998945,2923.842790304116
1746379912,500,POST,POST /pastes,36.700000,0.000000,51,57,59,61,66,72,77,83,220,220,220,7963,0,49,51.21249795303088,30.241599999499158,220.0527000004513,2846.5723973376867
1746379912,500,,Aggregated,386.800000,0.000000,49,54,57,59,64,69,76,81,100,220,220,88327,1,46,48.61438908600738,28.137100000094506,259.7679999998945,2916.8765836041075
1746379913,500,GET,GET /pastes/:slug,347.100000,0.000000,48,53,56,58,64,69,77,82,100,190,190,80700,1,46,48.3748037757097,28.137100000094506,259.7679999998945,2923.780074349442
1746379913,500,POST,POST /pastes,36.700000,0.000000,51,57,59,61,66,71,78,84,220,220,220,7999,0,49,51.23323179147196,30.241599999499158,220.0527000004513,2846.9004875609453
1746379913,500,,Aggregated,383.800000,0.000000,49,53,56,58,64,69,77,83,100,220,220,88699,1,46,48.632580816015476,28.137100000094506,259.7679999998945,2916.846965580221
1746379914,500,GET,GET /pastes/:slug,348.900000,0.000000,49,53,56,59,65,75,99,190,310,320,320,81040,1,46,48.48397347359045,28.137100000094506,324.41519999883894,2923.8884378084895
1746379914,500,POST,POST /pastes,36.500000,0.000000,51,57,59,61,66,73,84,220,290,290,290,8028,0,49,51.329032349275366,30.241599999499158,286.50259999994887,2847.0296462381666
1746379914,500,,Aggregated,385.400000,0.000000,49,53,57,59,65,74,99,190,310,320,320,89068,1,46,48.74040824987375,28.137100000094506,324.41519999883894,2916.9608950464813
1746379915,500,GET,GET /pastes/:slug,348.900000,0.000000,49,53,56,58,65,74,99,190,310,320,320,81399,1,46,48.485855027700474,28.137100000094506,324.41519999883894,2923.852627182152
1746379915,500,POST,POST /pastes,37.000000,0.000000,51,56,59,61,66,73,84,220,290,290,290,8070,0,49,51.33551309789227,30.241599999499158,286.50259999994887,2847.873110285006
1746379915,500,,Aggregated,385.900000,0.000000,49,53,57,59,65,74,97,190,310,320,320,89469,1,46,48.74289087952011,28.137100000094506,324.41519999883894,2916.9993629078226
1746379916,500,GET,GET /pastes/:slug,344.500000,0.000000,48,53,56,58,64,72,99,190,310,320,320,81741,1,46,48.482410534490704,28.137100000094506,324.41519999883894,2923.932286123243
1746379916,500,POST,POST /pastes,36.200000,0.000000,50,54,58,60,65,73,87,220,290,290,290,8106,0,49,51.337926535897886,30.241599999499158,286.50259999994887,2848.340858623242
1746379916,500,,Aggregated,380.700000,0.000000,48,53,56,58,64,72,99,190,310,320,320,89847,1,46,48.740035304459866,28.137100000094506,324.41519999883894,2917.112424454907
1746379917,500,GET,GET /pastes/:slug,346.400000,0.000000,48,53,56,58,65,74,99,190,310,320,320,82110,1,46,48.49086428692978,28.137100000094506,324.41519999883894,2923.9906588722447
1746379917,500,POST,POST /pastes,38.600000,0.000000,50,54,58,60,65,71,84,170,290,290,290,8142,0,49,51.32827229181954,30.241599999499158,286.50259999994887,2847.5798329648733
1746379917,500,,Aggregated,385.000000,0.000000,49,53,56,58,65,73,97,180,310,320,320,90252,1,46,48.74683840357899,28.137100000094506,324.41519999883894,2917.0973274830476
1746379918,500,GET,GET /pastes/:slug,345.000000,0.000000,49,53,56,58,65,73,99,180,310,320,320,82458,1,46,48.517035357391705,28.137100000094506,324.41519999883894,2924.249423949162
1746379918,500,POST,POST /pastes,37.500000,0.000000,51,55,59,61,66,72,83,170,290,290,290,8171,0,49,51.3418609105368,30.241599999499158,286.50259999994887,2847.057765267409
1746379918,500,,Aggregated,382.500000,0.000000,49,53,57,59,65,73,97,180,310,320,320,90629,1,46,48.771718180712625,28.137100000094506,324.41519999883894,2917.2899182380916
1746379919,500,GET,GET /pastes/:slug,346.500000,0.000000,49,54,58,60,67,76,100,180,310,320,320,82811,1,46,48.55372549902565,28.137100000094506,324.41519999883894,2925.188900025359
1746379919,500,POST,POST /pastes,36.100000,0.000000,52,57,60,63,69,78,86,170,290,290,290,8210,0,49,51.393880207064434,30.241599999499158,286.50259999994887,2845.616321559074
1746379919,500,,Aggregated,382.600000,0.000000,50,54,58,60,67,76,99,180,310,320,320,91021,1,46,48.809904514340744,28.137100000094506,324.41519999883894,2918.011535799431
1746379920,500,GET,GET /pastes/:slug,346.600000,0.000000,49,54,58,60,68,77,100,180,310,320,320,83152,1,46,48.55750531315931,28.137100000094506,324.41519999883894,2925.6389383298056
1746379920,500,POST,POST /pastes,36.700000,0.000000,52,57,60,63,71,79,89,170,290,290,290,8244,0,49,51.39259610625913,30.241599999499158,286.50259999994887,2845.9505094614265
1746379920,500,,Aggregated,383.300000,0.000000,50,54,58,61,68,77,99,180,310,320,320,91396,1,46,48.81323300910118,28.137100000094506,324.41519999883894,2918.4509715961312
1746379921,500,GET,GET /pastes/:slug,344.800000,0.000000,49,54,58,61,68,79,100,180,310,320,320,83487,1,46,48.56864286295832,28.137100000094506,324.41519999883894,2925.164253117252
1746379921,500,POST,POST /pastes,36.300000,0.000000,52,58,61,64,71,82,120,170,290,290,290,8282,0,49,51.41264186186963,30.241599999499158,286.50259999994887,2845.0690654431296
1746379921,500,,Aggregated,381.100000,0.000000,50,55,59,61,69,79,100,180,310,320,320,91769,1,46,48.82530905425359,28.137100000094506,324.41519999883894,2917.9357953121425
1746379922,500,GET,GET /pastes/:slug,347.100000,0.000000,50,55,59,61,70,83,110,180,310,320,320,83867,1,46,48.60418638319952,28.137100000094506,324.41519999883894,2925.2590530244315
1746379922,500,POST,POST /pastes,36.000000,0.000000,52,58,62,65,73,83,120,170,290,290,290,8321,0,49,51.45609346232496,30.241599999499158,286.50259999994887,2844.797500300445
1746379922,500,,Aggregated,383.100000,0.000000,50,55,59,62,71,83,110,180,310,320,320,92188,1,46,48.86160295374449,28.137100000094506,324.41519999883894,2917.9964962901895
1746379923,500,GET,GET /pastes/:slug,347.200000,0.000000,50,56,60,62,71,82,100,130,290,320,320,84234,1,46,48.64423989837578,28.137100000094506,324.41519999883894,2925.022235676805
1746379923,500,POST,POST /pastes,35.800000,0.000000,53,59,64,66,74,83,110,120,290,290,290,8352,0,49,51.50248687739591,30.241599999499158,286.50259999994887,2845.31561302682
1746379923,500,,Aggregated,383.000000,0.000000,51,56,60,63,72,82,100,130,290,320,320,92586,1,47,48.902076707059386,28.137100000094506,324.41519999883894,2917.8320588425895
1746379924,500,GET,GET /pastes/:slug,347.400000,0.000000,50,56,59,62,69,79,90,100,130,140,140,84562,1,46,48.648865878288056,28.137100000094506,324.41519999883894,2925.044594498711
1746379924,500,POST,POST /pastes,36.600000,0.000000,53,59,63,66,73,82,94,110,120,120,120,8385,0,49,51.50037884317311,30.241599999499158,286.50259999994887,2844.6776386404294
1746379924,500,,Aggregated,384.000000,0.000000,51,56,60,62,70,79,90,100,130,140,140,92947,1,47,48.90610856724592,28.137100000094506,324.41519999883894,2917.794474270283
1746379925,500,GET,GET /pastes/:slug,348.400000,0.000000,50,55,59,62,69,78,90,100,130,140,140,84947,1,46,48.64864974395569,28.137100000094506,324.41519999883894,2925.0639339823656
1746379925,500,POST,POST /pastes,34.500000,0.000000,53,60,64,66,73,81,94,110,120,120,120,8412,0,49,51.507708630528285,30.241599999499158,286.50259999994887,2844.8559201141225
1746379925,500,,Aggregated,382.900000,0.000000,50,56,60,62,70,78,90,100,130,140,140,93359,1,47,48.906261793718954,28.137100000094506,324.41519999883894,2917.836887713022
1746379926,500,GET,GET /pastes/:slug,352.700000,0.000000,50,56,59,62,70,79,90,100,130,140,140,85281,1,46,48.65440738851353,28.137100000094506,324.41519999883894,2925.3454110528724
1746379926,500,POST,POST /pastes,35.900000,0.000000,53,60,64,66,73,82,97,110,120,120,120,8449,0,49,51.516607882588886,30.241599999499158,286.50259999994887,2844.622322168304
1746379926,500,,Aggregated,388.600000,0.000000,51,56,60,62,70,79,92,100,130,140,140,93730,1,47,48.912411570466354,28.137100000094506,324.41519999883894,2918.0688786941214
1746379927,500,GET,GET /pastes/:slug,351.300000,0.000000,49,55,58,61,69,77,90,100,130,140,140,85647,1,46,48.64734379954704,28.137100000094506,324.41519999883894,2925.3804102887434
1746379927,500,POST,POST /pastes,34.500000,0.000000,53,59,63,66,73,83,97,110,120,120,120,8475,0,49,51.512032271385905,30.241599999499158,286.50259999994887,2844.2717404129794
1746379927,500,,Aggregated,385.800000,0.000000,49,55,59,61,69,78,90,100,130,140,140,94122,1,47,48.90528811436,28.137100000094506,324.41519999883894,2918.0771658060817
1746379928,500,GET,GET /pastes/:slug,350.800000,0.000000,50,56,59,62,72,84,97,110,130,140,140,85989,1,46,48.70933110746497,28.137100000094506,324.41519999883894,2925.5411738710764
1746379928,500,POST,POST /pastes,34.300000,0.000000,53,60,64,66,74,88,110,110,120,120,120,8501,0,49,51.54276481590374,30.241599999499158,286.50259999994887,2843.28255499353
1746379928,500,,Aggregated,385.100000,0.000000,50,56,60,63,72,84,97,110,130,140,140,94490,1,47,48.96424718276848,28.137100000094506,324.41519999883894,2918.1405968885597
1746379929,500,GET,GET /pastes/:slug,351.700000,0.000000,50,55,59,62,72,84,97,110,130,140,140,86332,1,46,48.736929767638564,28.137100000094506,324.41519999883894,2925.575661400176
1746379929,500,POST,POST /pastes,33.900000,0.000000,53,60,64,67,75,92,110,110,120,120,120,8532,0,49,51.59087691045418,30.241599999499158,286.50259999994887,2844.058602906704
1746379929,500,,Aggregated,385.600000,0.000000,50,56,59,62,72,84,97,110,130,140,140,94864,1,47,48.99361172309577,28.137100000094506,324.41519999883894,2918.2440757294653
1746379930,500,GET,GET /pastes/:slug,350.100000,0.000000,50,56,59,62,72,83,97,110,130,140,140,86678,1,46,48.73096467961614,28.137100000094506,324.41519999883894,2925.494566095203
1746379930,500,POST,POST /pastes,32.400000,0.000000,54,61,65,68,75,92,110,120,120,120,120,8563,0,49,51.59125039121737,30.241599999499158,286.50259999994887,2843.3280392385846
1746379930,500,,Aggregated,382.500000,0.000000,50,56,60,62,72,84,97,110,130,140,140,95241,1,47,48.98812941485025,28.137100000094506,324.41519999883894,2918.10707573419
1746379931,500,GET,GET /pastes/:slug,351.100000,0.000000,49,55,59,61,70,79,92,100,130,140,140,87025,1,46,48.732178223496135,28.137100000094506,324.41519999883894,2925.6757138753233
1746379931,500,POST,POST /pastes,33.000000,0.000000,53,60,63,66,72,80,97,110,110,110,110,8602,0,49,51.59741363636262,30.241599999499158,286.50259999994887,2843.786561264822
1746379931,500,,Aggregated,384.100000,0.000000,50,55,59,61,70,80,93,100,130,140,140,95627,1,47,48.98991667624974,28.137100000094506,324.41519999883894,2918.309483723216
1746379932,500,GET,GET /pastes/:slug,348.800000,0.000000,49,54,57,59,67,76,89,97,120,130,130,87374,1,46,48.734617619655154,28.137100000094506,324.41519999883894,2925.6659990386156
1746379932,500,POST,POST /pastes,32.200000,0.000000,52,58,62,64,70,78,92,110,110,110,110,8633,0,49,51.5981021776897,30.241599999499158,286.50259999994887,2843.0521255646936
1746379932,500,,Aggregated,381.000000,0.000000,49,54,58,60,67,76,89,97,120,130,130,96007,1,47,48.99210365910543,28.137100000094506,324.41519999883894,2918.2373160290394
1746379933,500,GET,GET /pastes/:slug,350.900000,0.000000,48,53,57,59,66,75,88,97,120,130,130,87734,1,46,48.72223657760677,28.137100000094506,324.41519999883894,2924.95046390225
1746379933,500,POST,POST /pastes,32.400000,0.000000,52,57,61,63,69,77,92,110,110,110,110,8659,0,49,51.5993052200021,30.241599999499158,286.50259999994887,2844.117911999076
1746379933,500,,Aggregated,383.300000,0.000000,48,54,57,59,66,75,88,97,120,130,130,96393,1,47,48.980684155485804,28.137100000094506,324.41519999883894,2917.6892616683785
1746379934,500,GET,GET /pastes/:slug,351.600000,0.000000,48,53,57,59,66,76,90,97,120,130,130,88095,1,46,48.73168437936009,28.137100000094506,324.41519999883894,2924.5559225835746
1746379934,500,POST,POST /pastes,30.900000,0.000000,52,57,61,63,69,77,92,110,110,110,110,8696,0,49,51.605367766788454,30.241599999499158,286.50259999994887,2843.304277828887
1746379934,500,,Aggregated,382.500000,0.000000,48,54,57,59,66,76,90,97,120,130,130,96791,1,47,48.9898648996261,28.137100000094506,324.41519999883894,2917.2560258701737
1746379935,500,GET,GET /pastes/:slug,348.700000,0.000000,48,53,56,59,66,75,89,97,120,130,130,88453,1,46,48.73272291159974,28.137100000094506,324.41519999883894,2924.2643211649124
1746379935,500,POST,POST /pastes,31.600000,0.000000,52,57,61,63,69,78,92,110,110,110,110,8731,0,49,51.61020832665088,30.241599999499158,286.50259999994887,2842.093001947085
1746379935,500,,Aggregated,380.300000,0.000000,49,54,57,59,66,76,89,97,120,130,130,97184,1,47,48.99123588862065,28.137100000094506,324.41519999883894,2916.882058775107
1746379936,500,GET,GET /pastes/:slug,351.200000,0.000000,49,54,57,59,66,75,89,97,120,130,130,88819,1,46,48.73424220605644,28.137100000094506,324.41519999883894,2924.307985903917
1746379936,500,POST,POST /pastes,30.400000,0.000000,52,58,61,63,69,77,92,110,110,110,110,8760,0,49,51.610290353880245,30.241599999499158,286.50259999994887,2842.33299086758
1746379936,500,,Aggregated,381.600000,0.000000,49,54,57,59,67,76,89,97,120,130,130,97579,1,47,48.99243486815513,28.137100000094506,324.41519999883894,2916.948810707222
1746379937,500,GET,GET /pastes/:slug,349.400000,0.000000,49,54,57,60,68,78,92,100,140,150,150,89159,1,46,48.76328344642414,28.137100000094506,324.41519999883894,2924.514171311926
1746379937,500,POST,POST /pastes,30.700000,0.000000,53,58,61,63,70,77,88,100,110,110,110,8788,0,49,51.634528732360536,30.241599999499158,286.50259999994887,2842.790509786072
1746379937,500,,Aggregated,380.100000,0.000000,49,55,58,60,68,78,92,100,140,150,150,97947,1,47,49.02089729445212,28.137100000094506,324.41519999883894,2917.181761564928
1746379938,500,GET,GET /pastes/:slug,352.100000,0.000000,48,53,56,58,64,69,80,88,140,150,150,89501,1,46,48.76698627948007,28.137100000094506,324.41519999883894,2924.7527737120254
1746379938,500,POST,POST /pastes,30.900000,0.000000,52,56,60,62,67,72,79,83,100,100,100,8829,0,49,51.63962718314517,30.241599999499158,286.50259999994887,2842.8383735417374
1746379938,500,,Aggregated,383.000000,0.000000,48,53,56,58,64,70,79,88,140,150,150,98330,1,47,49.024919225055626,28.137100000094506,324.41519999883894,2917.3977219566764
1746379939,500,GET,GET /pastes/:slug,350.100000,0.000000,47,52,55,57,63,69,78,88,140,150,150,89841,1,46,48.75717875691221,28.137100000094506,324.41519999883894,2924.548480092608
1746379939,500,POST,POST /pastes,30.500000,0.000000,51,56,60,61,67,72,79,83,100,100,100,8853,0,49,51.640254749801215,30.241599999499158,286.50259999994887,2842.2690613351406
1746379939,500,,Aggregated,380.600000,0.000000,48,53,55,58,63,69,78,88,140,150,150,98694,1,47,49.015795002732936,28.137100000094506,324.41519999883894,2917.1678926783798
1746379940,500,GET,GET /pastes/:slug,351.100000,0.000000,48,53,55,58,63,70,80,88,140,150,150,90189,1,46,48.76746064375631,28.137100000094506,324.41519999883894,2924.4306179245805
1746379940,500,POST,POST /pastes,32.300000,0.000000,51,56,60,61,67,73,82,88,100,100,100,8896,0,49,51.65559750449491,30.241599999499158,286.50259999994887,2840.654339028777
1746379940,500,,Aggregated,383.400000,0.000000,48,53,56,58,64,70,80,88,140,150,150,99085,1,47,49.026761905431755,28.137100000094506,324.41519999883894,2916.9090578795985
1746379941,500,GET,GET /pastes/:slug,351.100000,0.000000,48,52,55,57,63,69,80,88,140,150,150,90544,1,46,48.76598441089135,28.137100000094506,324.41519999883894,2924.7986062025093
1746379941,500,POST,POST /pastes,32.200000,0.000000,51,56,60,61,68,75,82,88,100,100,100,8932,0,49,51.64900132109216,30.241599999499158,286.50259999994887,2839.5669502910882
1746379941,500,,Aggregated,383.300000,0.000000,48,53,56,58,63,70,80,88,140,150,150,99476,1,47,49.02485194720053,28.137100000094506,324.41519999883894,2917.1456130121837
1746379942,500,GET,GET /pastes/:slug,350.200000,0.000000,48,52,55,57,62,69,80,88,140,150,150,90896,1,46,48.75367494718968,28.137100000094506,324.41519999883894,2925.48532388664
1746379942,500,POST,POST /pastes,32.000000,0.000000,50,56,60,61,67,75,82,88,100,100,100,8964,0,49,51.63823599955403,30.241599999499158,286.50259999994887,2839.8472780008924
1746379942,500,,Aggregated,382.200000,0.000000,48,53,55,57,63,70,80,88,140,150,150,99860,1,47,49.01260950830895,28.137100000094506,324.41519999883894,2917.7979671540156
1746379943,500,GET,GET /pastes/:slug,348.700000,0.000000,48,52,55,57,62,68,79,86,140,150,150,91243,1,46,48.74874246133671,28.137100000094506,324.41519999883894,2925.0986925024386
1746379943,500,POST,POST /pastes,32.200000,0.000000,50,56,59,60,67,72,82,88,100,100,100,8998,0,49,51.6321847077129,30.241599999499158,286.50259999994887,2839.599355412314
1746379943,500,,Aggregated,380.900000,0.000000,48,52,55,57,62,69,80,87,140,150,150,100241,1,47,49.00757081832503,28.137100000094506,324.41519999883894,2917.423958260592
1746379944,500,GET,GET /pastes/:slug,349.200000,0.000000,47,52,55,57,62,69,81,90,150,160,160,91592,1,46,48.74978998056326,28.137100000094506,324.41519999883894,2924.860839374618
1746379944,500,POST,POST /pastes,33.000000,0.000000,50,56,59,60,67,76,87,90,130,130,130,9029,0,49,51.63931255953099,30.241599999499158,286.50259999994887,2839.460073097796
1746379944,500,,Aggregated,382.200000,0.000000,48,52,55,57,63,70,82,90,150,160,160,100621,1,47,49.00907481539371,28.137100000094506,324.41519999883894,2917.1975929477944
1746379945,500,GET,GET /pastes/:slug,351.000000,0.000000,47,51,54,56,62,68,80,89,150,160,160,91933,1,46,48.737840358736825,28.137100000094506,324.41519999883894,2924.6011334341315
1746379945,500,POST,POST /pastes,32.900000,0.000000,50,55,59,60,65,73,83,90,130,130,130,9067,0,49,51.62841024594712,30.241599999499158,286.50259999994887,2838.6153082607257
1746379945,500,,Aggregated,383.900000,0.000000,47,52,55,57,62,69,80,90,150,160,160,101000,1,47,48.99733339999729,28.137100000094506,324.41519999883894,2916.8819900990097
1746379946,500,GET,GET /pastes/:slug,348.600000,0.000000,46,51,54,56,61,68,82,96,150,160,160,92300,1,46,48.73484301299826,28.137100000094506,324.41519999883894,2924.7886998916574
1746379946,500,POST,POST /pastes,33.600000,0.000000,49,54,57,60,65,72,83,90,130,130,130,9104,0,49,51.61176237917411,30.241599999499158,286.50259999994887,2837.634446397188
1746379946,500,,Aggregated,382.200000,0.000000,46,51,54,56,62,69,82,91,150,160,160,101404,1,47,48.99313138337457,28.137100000094506,324.41519999883894,2916.9640349493116
1746379947,500,GET,GET /pastes/:slug,348.700000,0.000000,45,50,53,55,60,64,76,84,130,160,160,92650,1,46,48.72268151753629,28.137100000094506,324.41519999883894,2924.9660550458716
1746379947,500,POST,POST /pastes,33.500000,0.000000,48,53,56,58,63,72,82,88,130,130,130,9139,0,49,51.6030599737386,30.241599999499158,286.50259999994887,2837.575336470073
1746379947,500,,Aggregated,382.200000,0.000000,46,50,53,55,60,65,77,85,130,160,160,101789,1,47,48.981292749704856,28.137100000094506,324.41519999883894,2917.1197870103842
1746379948,500,GET,GET /pastes/:slug,346.100000,0.000000,45,50,53,55,60,66,78,86,130,160,160,92990,1,46,48.71820504462576,28.137100000094506,324.41519999883894,2924.7176470588233
1746379948,500,POST,POST /pastes,34.500000,0.000000,48,53,57,58,64,75,82,88,130,130,130,9173,0,49,51.60644418401689,30.241599999499158,286.50259999994887,2837.143791562193
1746379948,500,,Aggregated,380.600000,0.000000,46,50,53,55,60,66,79,86,130,160,160,102163,1,47,48.977533936941036,28.137100000094506,324.41519999883894,2916.854575531259
1746379949,500,GET,GET /pastes/:slug,347.900000,0.000000,45,50,53,55,59,64,75,85,130,160,160,93357,1,46,48.70535104598202,28.137100000094506,324.41519999883894,2924.9202416530093
1746379949,500,POST,POST /pastes,35.100000,0.000000,48,53,56,57,62,72,81,82,130,130,130,9202,0,49,51.600509367527096,30.241599999499158,286.50259999994887,2837.7315800912843
1746379949,500,,Aggregated,383.000000,0.000000,45,50,53,55,59,64,77,85,130,160,160,102559,1,47,48.96511612632435,28.137100000094506,324.41519999883894,2917.097329342135
1746379950,500,GET,GET /pastes/:slug,348.200000,0.000000,45,50,53,54,59,64,77,88,130,160,160,93697,1,46,48.70037146546562,28.137100000094506,324.41519999883894,2924.542557392446
1746379950,500,POST,POST /pastes,34.700000,0.000000,48,53,56,57,63,75,82,88,130,130,130,9241,0,49,51.609418515310544,30.241599999499158,286.50259999994887,2837.9146196299102
1746379950,500,,Aggregated,382.900000,0.000000,45,50,53,55,59,65,78,88,130,160,160,102938,1,47,48.961523846389895,28.137100000094506,324.41519999883894,2916.7657522003537
1746379951,500,GET,GET /pastes/:slug,349.300000,0.000000,45,50,53,54,59,65,75,88,130,160,160,94056,1,46,48.702054449473955,28.137100000094506,324.41519999883894,2924.743833460917
1746379951,500,POST,POST /pastes,34.000000,0.000000,49,54,56,58,63,75,87,88,130,130,130,9274,0,49,51.62524163251952,30.241599999499158,286.50259999994887,2837.3221910718134
1746379951,500,,Aggregated,383.300000,0.000000,45,50,53,55,60,66,78,88,130,160,160,103330,1,47,48.964414247553215,28.137100000094506,324.41519999883894,2916.8976289557727
1746379952,500,GET,GET /pastes/:slug,349.600000,0.000000,45,50,53,54,59,65,75,88,130,160,160,94401,1,46,48.69497432759938,28.137100000094506,324.41519999883894,2924.7203631317466
1746379952,500,POST,POST /pastes,34.700000,0.000000,48,53,56,58,63,76,87,88,130,130,130,9310,0,49,51.61555744360722,30.241599999499158,286.50259999994887,2837.7575725026854
1746379952,500,,Aggregated,384.300000,0.000000,45,50,53,55,60,66,78,88,130,160,160,103711,1,47,48.957151230820806,28.137100000094506,324.41519999883894,2916.9138278485407
1746379953,500,GET,GET /pastes/:slug,349.100000,0.000000,45,49,53,54,60,66,76,89,130,160,160,94735,1,46,48.686364153689,28.137100000094506,324.41519999883894,2924.3260568955507
1746379953,500,POST,POST /pastes,34.500000,0.000000,48,53,56,58,64,76,87,88,130,130,130,9348,0,49,51.61120646127363,30.241599999499158,286.50259999994887,2836.7488232777064
1746379953,500,,Aggregated,383.600000,0.000000,45,50,53,55,60,66,79,89,130,160,160,104083,1,47,48.94905283379296,28.137100000094506,324.41519999883894,2916.460488264174
1746379954,500,GET,GET /pastes/:slug,348.500000,0.000000,45,50,53,54,59,64,73,85,100,110,110,95106,1,46,48.6778674731325,28.137100000094506,324.41519999883894,2924.1273736672765
1746379954,500,POST,POST /pastes,34.600000,0.000000,48,53,56,58,64,75,82,88,91,91,91,9389,0,49,51.59917416125116,30.241599999499158,286.50259999994887,2836.4489295984663
1746379954,500,,Aggregated,383.100000,0.000000,45,50,53,55,60,65,75,85,100,110,110,104495,1,47,48.94035035264543,28.137100000094506,324.41519999883894,2916.2493612134554
1746379955,500,GET,GET /pastes/:slug,348.900000,0.000000,45,49,52,54,59,64,73,85,100,110,110,95445,1,46,48.663859455180955,28.137100000094506,324.41519999883894,2924.119691969197
1746379955,500,POST,POST /pastes,34.800000,0.000000,48,53,56,58,64,75,82,88,91,91,91,9417,0,49,51.583281947539916,30.241599999499158,286.50259999994887,2837.156100669003
1746379955,500,,Aggregated,383.700000,0.000000,45,50,53,55,60,65,75,85,100,110,110,104862,1,47,48.92603451965145,28.137100000094506,324.41519999883894,2916.3100360473763
1746379956,500,GET,GET /pastes/:slug,346.600000,0.000000,44,49,52,54,58,63,70,76,100,110,110,95791,1,46,48.651579435434975,28.137100000094506,324.41519999883894,2924.6215093275987
1746379956,500,POST,POST /pastes,35.300000,0.000000,48,53,56,58,63,74,81,88,91,91,91,9445,0,49,51.57975108522881,30.241599999499158,286.50259999994887,2838.198517734251
1746379956,500,,Aggregated,381.900000,0.000000,45,49,52,54,59,63,72,80,100,110,110,105236,1,47,48.91438476091547,28.137100000094506,324.41519999883894,2916.8649891672053
1746379957,500,GET,GET /pastes/:slug,347.300000,0.000000,44,49,52,53,58,62,69,73,100,110,110,96150,1,46,48.63421338949306,28.137100000094506,324.41519999883894,2924.7720228809153
1746379957,500,POST,POST /pastes,35.800000,0.000000,48,53,56,58,63,69,81,88,91,91,91,9482,0,49,51.57191495464916,30.241599999499158,286.50259999994887,2838.1470153975956
1746379957,500,,Aggregated,383.200000,0.000000,45,49,52,54,58,63,70,75,100,110,110,105632,1,47,48.89791459973968,28.137100000094506,324.41519999883894,2916.9961754013934
1746379958,500,GET,GET /pastes/:slug,351.300000,0.000000,44,49,52,54,59,64,70,73,100,110,110,96497,1,46,48.63667785215884,28.137100000094506,324.41519999883894,2925.366830056893
1746379958,500,POST,POST /pastes,33.800000,0.000000,49,53,56,58,63,70,81,88,91,91,91,9530,0,49,51.57488697796233,30.241599999499158,286.50259999994887,2836.7821615949633
1746379958,500,,Aggregated,385.100000,0.000000,45,49,52,54,59,64,71,74,100,110,110,106027,1,47,48.90077221462181,28.137100000094506,324.41519999883894,2917.404595055976
1746379959,500,GET,GET /pastes/:slug,350.200000,0.000000,45,49,52,54,59,64,70,73,94,100,100,96823,1,46,48.635092794065166,28.137100000094506,324.41519999883894,2924.9266083471903
1746379959,500,POST,POST /pastes,33.800000,0.000000,49,53,56,58,63,69,78,81,88,88,88,9564,0,49,51.5879541509808,30.241599999499158,286.50259999994887,2837.4271225428693
1746379959,500,,Aggregated,384.000000,0.000000,45,50,52,54,60,65,70,74,94,100,100,106387,1,47,48.900549720357816,28.137100000094506,324.41519999883894,2917.0605619107596
1746379960,500,GET,GET /pastes/:slug,348.400000,0.000000,45,49,52,53,59,63,69,73,89,100,100,97175,1,46,48.62350665397278,28.137100000094506,324.41519999883894,2925.092801646514
1746379960,500,POST,POST /pastes,34.900000,0.000000,49,53,56,58,63,68,78,81,82,82,82,9597,0,49,51.58443562571371,30.241599999499158,286.50259999994887,2837.585287068876
1746379960,500,,Aggregated,383.300000,0.000000,45,49,52,54,59,64,70,73,89,100,100,106772,1,47,48.889644174500226,28.137100000094506,324.41519999883894,2917.227353613307
1746379961,500,GET,GET /pastes/:slug,346.700000,0.000000,44,48,51,53,58,63,69,73,89,100,100,97553,1,46,48.60854446813347,28.137100000094506,324.41519999883894,2925.124598935963
1746379961,500,POST,POST /pastes,35.900000,0.000000,49,53,56,58,63,68,78,81,83,83,83,9625,0,49,51.57731683116553,30.241599999499158,286.50259999994887,2837.4491428571428
1746379961,500,,Aggregated,382.600000,0.000000,45,49,52,53,59,63,69,73,89,100,100,107178,1,46,48.875151738227515,28.137100000094506,324.41519999883894,2917.2510030043477
1746379962,500,GET,GET /pastes/:slug,348.500000,0.000000,44,49,51,53,58,62,69,72,86,96,96,97913,1,46,48.60237157169959,28.137100000094506,324.41519999883894,2925.132995618559
1746379962,500,POST,POST /pastes,36.300000,0.000000,48,53,56,58,63,67,78,80,83,83,83,9661,0,49,51.566971120997884,30.241599999499158,286.50259999994887,2837.2965531518475
1746379962,500,,Aggregated,384.800000,0.000000,45,49,52,53,59,63,69,73,86,96,96,107574,1,46,48.86861616840262,28.137100000094506,324.41519999883894,2917.244585122799
1746379963,500,GET,GET /pastes/:slug,348.800000,0.000000,44,48,51,53,58,62,68,72,86,96,96,98245,1,46,48.586466115322146,28.137100000094506,324.41519999883894,2925.1641508473713
1746379963,500,POST,POST /pastes,35.700000,0.000000,49,53,56,58,63,68,78,80,83,83,83,9684,0,49,51.5630831474562,30.241599999499158,286.50259999994887,2837.358116480793
1746379963,500,,Aggregated,384.500000,0.000000,45,49,51,53,58,63,69,73,86,96,96,107929,1,46,48.85354502218818,28.137100000094506,324.41519999883894,2917.285697078635
1746379964,500,GET,GET /pastes/:slug,350.300000,0.000000,44,48,51,52,58,62,68,72,86,96,96,98577,1,46,48.57082366373316,28.137100000094506,324.41519999883894,2925.3856071903183
1746379964,500,POST,POST /pastes,34.300000,0.000000,48,53,55,57,62,67,78,80,83,83,83,9726,0,49,51.533967252720416,30.241599999499158,286.50259999994887,2835.6640962368906
1746379964,500,,Aggregated,384.600000,0.000000,44,48,51,53,58,63,69,73,86,96,96,108303,1,46,48.83692464474428,28.137100000094506,324.41519999883894,2917.328291921738
1746379965,500,GET,GET /pastes/:slug,349.200000,0.000000,44,48,51,53,58,62,69,73,93,99,99,98946,1,46,48.561943934063095,28.137100000094506,324.41519999883894,2924.8920118044184
1746379965,500,POST,POST /pastes,34.500000,0.000000,48,53,55,57,63,68,78,80,83,83,83,9757,0,49,51.52047791328889,30.241599999499158,286.50259999994887,2835.6564517782103
1746379965,500,,Aggregated,383.700000,0.000000,44,49,51,53,58,63,70,74,93,99,99,108703,1,46,48.827497010199544,28.137100000094506,324.41519999883894,2916.882376751332
1746379966,500,GET,GET /pastes/:slug,351.900000,0.000000,44,49,51,53,59,64,70,75,93,99,99,99308,1,46,48.5642944737564,28.137100000094506,324.41519999883894,2924.5803963426915
1746379966,500,POST,POST /pastes,33.900000,0.000000,48,53,55,57,63,68,78,80,83,83,83,9804,0,49,51.51640481435746,30.241599999499158,286.50259999994887,2835.56262749898
1746379966,500,,Aggregated,385.800000,0.000000,45,49,52,54,59,64,71,76,93,99,99,109112,1,46,48.8295493474569,28.137100000094506,324.41519999883894,2916.5819158296063
1746379967,500,GET,GET /pastes/:slug,349.900000,0.000000,44,49,51,53,59,63,70,75,93,99,99,99662,1,46,48.550811037304136,28.137100000094506,324.41519999883894,2924.499889626939
1746379967,500,POST,POST /pastes,34.000000,0.000000,48,53,55,57,63,69,78,80,83,83,83,9833,0,49,51.50477050747006,30.241599999499158,286.50259999994887,2835.766195464253
1746379967,500,,Aggregated,383.800000,0.000000,45,49,52,54,59,64,71,76,93,99,99,109495,1,46,48.81608601305735,28.137100000094506,324.41519999883894,2916.5313210648887
1746379968,500,GET,GET /pastes/:slug,348.400000,0.000000,44,49,51,53,58,62,68,72,88,99,99,100019,1,46,48.548797445483245,28.137100000094506,324.41519999883894,2924.781821453924
1746379968,500,POST,POST /pastes,35.100000,0.000000,47,52,55,56,62,67,76,79,83,83,83,9878,0,49,51.50246119659362,30.241599999499158,286.50259999994887,2835.2461024498884
1746379968,500,,Aggregated,383.500000,0.000000,45,49,52,54,58,62,69,73,88,99,99,109897,1,46,48.81428504326505,28.137100000094506,324.41519999883894,2916.733978179568
1746379969,500,GET,GET /pastes/:slug,348.300000,0.000000,44,48,51,53,58,61,66,71,87,99,99,100353,1,46,48.53649839665776,28.137100000094506,324.41519999883894,2925.0530028997637
1746379969,500,POST,POST /pastes,35.200000,0.000000,47,51,55,56,61,64,73,76,83,83,83,9909,0,49,51.48956050054981,30.241599999499158,286.50259999994887,2834.455848218791
1746379969,500,,Aggregated,383.500000,0.000000,44,49,51,53,58,62,67,72,87,99,99,110262,1,46,48.80188350111282,28.137100000094506,324.41519999883894,2916.911238686039
1746379970,500,GET,GET /pastes/:slug,351.100000,0.000000,44,49,51,53,58,62,67,72,87,99,99,100715,1,46,48.52828988134648,28.137100000094506,324.41519999883894,2924.429886312863
1746379970,500,POST,POST /pastes,34.800000,0.000000,47,51,54,56,60,64,73,74,85,85,85,9946,0,49,51.477199316302226,30.241599999499158,286.50259999994887,2836.236275889805
1746379970,500,,Aggregated,385.900000,0.000000,44,49,51,53,58,62,67,72,87,99,99,110661,1,46,48.79333224713051,28.137100000094506,324.41519999883894,2916.5032125138937
1746379971,500,GET,GET /pastes/:slug,351.100000,0.000000,44,49,52,53,58,62,68,72,88,99,99,101070,1,46,48.52109803007641,28.137100000094506,324.41519999883894,2924.503413475809
1746379971,500,POST,POST /pastes,34.700000,0.000000,47,51,55,56,61,64,73,79,85,85,85,9976,0,49,51.47474325380367,30.241599999499158,286.50259999994887,2835.372393744988
1746379971,500,,Aggregated,385.800000,0.000000,45,49,52,54,59,62,69,73,88,99,99,111046,1,46,48.786443605350264,28.137100000094506,324.41519999883894,2916.4961817625126
1746379972,500,GET,GET /pastes/:slug,349.200000,0.000000,44,48,51,53,58,62,68,74,92,99,99,101438,1,46,48.50968841361041,28.137100000094506,324.41519999883894,2924.5856188016323
1746379972,500,POST,POST /pastes,34.300000,0.000000,47,51,55,56,62,65,73,79,85,85,85,10006,0,49,51.47374092543864,30.241599999499158,286.50259999994887,2835.4356386168297
1746379972,500,,Aggregated,383.500000,0.000000,44,49,52,54,58,62,69,74,92,99,99,111444,1,46,48.77581588061906,28.137100000094506,324.41519999883894,2916.581287462762
1746379973,500,GET,GET /pastes/:slug,349.600000,0.000000,44,49,52,54,59,62,69,74,92,99,99,101776,1,46,48.50195384864595,28.137100000094506,324.41519999883894,2924.2153356390504
1746379973,500,POST,POST /pastes,34.000000,0.000000,47,52,55,57,61,65,73,79,85,85,85,10037,0,49,51.47716251867424,30.241599999499158,286.50259999994887,2835.314436584637
1746379973,500,,Aggregated,383.600000,0.000000,45,49,52,54,59,63,69,74,92,99,99,111813,1,46,48.76902627690591,28.137100000094506,324.41519999883894,2916.2350621126343
1746379974,500,GET,GET /pastes/:slug,349.800000,0.000000,45,49,53,54,60,64,73,82,99,110,110,102123,1,46,48.51306730315184,28.137100000094506,324.41519999883894,2924.581778835326
1746379974,500,POST,POST /pastes,35.200000,0.000000,48,53,56,57,63,68,78,83,100,100,100,10072,0,49,51.48398231730976,30.241599999499158,286.50259999994887,2836.713760921366
1746379974,500,,Aggregated,385.000000,0.000000,45,50,53,55,60,64,73,82,100,110,110,112195,1,46,48.77977309238091,28.137100000094506,324.41519999883894,2916.693667275725
1746379975,500,GET,GET /pastes/:slug,351.600000,0.000000,45,49,53,55,60,64,71,82,98,110,110,102484,1,46,48.51233269193039,28.137100000094506,324.41519999883894,2924.1790230670154
1746379975,500,POST,POST /pastes,34.800000,0.000000,49,54,56,58,63,68,78,83,100,100,100,10104,0,49,51.49022183293179,30.241599999499158,286.50259999994887,2836.1071852731593
1746379975,500,,Aggregated,386.400000,0.000000,45,50,53,55,60,64,72,82,100,110,110,112588,1,46,48.77957779692057,28.137100000094506,324.41519999883894,2916.275180303407
1746379976,500,GET,GET /pastes/:slug,349.000000,0.000000,45,49,53,55,60,64,73,82,98,110,110,102849,1,46,48.51314768543966,28.137100000094506,324.41519999883894,2924.099563437661
1746379976,500,POST,POST /pastes,34.400000,0.000000,49,54,57,58,63,68,78,83,100,100,100,10135,0,49,51.48554819930298,30.241599999499158,286.50259999994887,2837.2293043907252
1746379976,500,,Aggregated,383.400000,0.000000,45,50,53,55,60,65,74,82,100,110,110,112984,1,46,48.77978083002615,28.137100000094506,324.41519999883894,2916.307043475182
1746379977,500,GET,GET /pastes/:slug,351.200000,0.000000,45,50,54,56,62,68,80,86,100,110,110,103195,1,46,48.53082755365833,28.137100000094506,324.41519999883894,2923.965967343379
1746379977,500,POST,POST /pastes,33.900000,0.000000,49,54,57,59,65,74,83,90,100,100,100,10177,0,49,51.5010797484456,30.241599999499158,286.50259999994887,2837.3860666208116
1746379977,500,,Aggregated,385.100000,0.000000,46,51,54,56,62,69,80,86,100,110,110,113372,1,46,48.79745649719206,28.137100000094506,324.41519999883894,2916.1939985181525
1746379978,500,GET,GET /pastes/:slug,353.800000,0.000000,46,50,54,56,62,69,82,88,100,120,120,103564,1,46,48.53494108956572,28.137100000094506,324.41519999883894,2924.0462515932177
1746379978,500,POST,POST /pastes,33.500000,0.000000,49,54,57,59,66,78,84,90,100,100,100,10206,0,49,51.502933117767206,30.241599999499158,286.50259999994887,2837.697628845777
1746379978,500,,Aggregated,387.300000,0.000000,46,51,54,56,63,70,82,89,100,120,120,113770,1,46,48.80119165333279,28.137100000094506,324.41519999883894,2916.300149424277
1746379979,500,GET,GET /pastes/:slug,351.700000,0.000000,46,50,54,56,62,70,82,88,100,120,120,103895,1,46,48.52583335193966,28.137100000094506,324.41519999883894,2924.02836517638
1746379979,500,POST,POST /pastes,33.700000,0.000000,49,54,58,59,66,77,84,90,100,100,100,10245,0,49,51.49478737920288,30.241599999499158,286.50259999994887,2837.8201073694486
1746379979,500,,Aggregated,385.400000,0.000000,46,51,54,56,63,70,82,89,100,120,120,114140,1,46,48.792321296650286,28.137100000094506,324.41519999883894,2916.2904678465043
1746379980,500,GET,GET /pastes/:slug,350.900000,0.000000,46,51,54,56,62,69,81,88,100,120,120,104254,1,46,48.51926415197276,28.137100000094506,324.41519999883894,2923.77259385731
1746379980,500,POST,POST /pastes,33.400000,0.000000,49,55,58,59,65,77,83,90,100,100,100,10288,0,49,51.49322833397502,30.241599999499158,286.50259999994887,2836.6113919129084
1746379980,500,,Aggregated,384.300000,0.000000,46,51,54,57,63,69,82,89,100,120,120,114542,1,46,48.78638139721378,28.137100000094506,324.41519999883894,2915.943898308044
1746379981,500,GET,GET /pastes/:slug,353.100000,0.000000,47,53,57,59,68,80,93,100,120,130,130,104586,1,46,48.589257925532884,28.137100000094506,324.41519999883894,2924.2309869389783
1746379981,500,POST,POST /pastes,33.400000,0.000000,51,57,60,61,75,87,100,110,130,130,130,10321,0,49,51.58030758646804,30.241599999499158,286.50259999994887,2836.560507702742
1746379981,500,,Aggregated,386.500000,0.000000,48,53,57,59,68,80,93,100,120,130,130,114907,1,46,48.857915392445,28.137100000094506,324.41519999883894,2916.3563838582504
1746379982,500,GET,GET /pastes/:slug,352.300000,0.000000,50,56,62,66,86,99,110,120,130,140,140,104902,1,46,48.72701692531889,28.137100000094506,324.41519999883894,2923.9462736649443
1746379982,500,POST,POST /pastes,33.500000,0.000000,53,59,65,75,94,100,110,120,140,140,140,10355,0,49,51.73769464992091,30.241599999499158,286.50259999994887,2837.302172863351
1746379982,500,,Aggregated,385.800000,0.000000,50,57,62,67,87,100,110,120,140,140,140,115257,1,46,48.99750433899627,28.137100000094506,324.41519999883894,2916.161933765411
1746379983,500,GET,GET /pastes/:slug,353.100000,0.000000,53,62,73,84,110,130,150,170,190,230,230,105203,1,46,48.971166924895435,28.137100000094506,324.41519999883894,2924.4660038211837
1746379983,500,POST,POST /pastes,34.500000,0.000000,55,66,84,94,120,140,170,170,200,200,200,10392,0,49,52.064165463812756,30.241599999499158,286.50259999994887,2837.22603926097
1746379983,500,,Aggregated,387.600000,0.000000,53,62,74,84,110,130,150,170,200,230,230,115595,1,47,49.24922774773714,28.137100000094506,324.41519999883894,2916.6231238375362
1746379984,500,GET,GET /pastes/:slug,348.900000,0.000000,56,74,94,110,180,210,220,230,270,280,280,105532,1,46,49.46178956051019,28.137100000094506,324.41519999883894,2924.504737899405
1746379984,500,POST,POST /pastes,34.800000,0.000000,59,86,100,120,180,220,230,230,270,270,270,10426,0,49,52.5988488586165,30.241599999499158,286.50259999994887,2838.919336274698
1746379984,500,,Aggregated,383.700000,0.000000,57,75,96,110,180,210,220,230,270,280,280,115958,1,47,49.74384841149085,28.137100000094506,324.41519999883894,2916.809594853309
1746379985,500,GET,GET /pastes/:slug,346.300000,0.000000,63,99,130,170,210,230,250,270,290,290,290,105857,1,46,49.95354936187266,28.137100000094506,324.41519999883894,2924.419773845849
1746379985,500,POST,POST /pastes,34.900000,0.000000,68,110,140,160,220,230,260,290,300,300,300,10462,0,49,53.158677633332736,30.241599999499158,300.1786999993783,2839.107245268591
1746379985,500,,Aggregated,381.200000,0.000000,64,100,130,170,210,230,250,270,290,300,300,116319,1,47,50.24182601466347,28.137100000094506,324.41519999883894,2916.7465676286765
1746379986,500,GET,GET /pastes/:slug,342.700000,0.000000,83,130,180,190,220,240,270,290,340,350,350,106165,1,46,50.41904364526663,28.137100000094506,354.2347999991762,2924.302981208496
1746379986,500,POST,POST /pastes,35.400000,0.000000,91,140,170,190,230,250,280,290,340,340,340,10491,0,49,53.576854503853845,30.241599999499158,339.84290000080364,2838.534076827757
1746379986,500,,Aggregated,378.100000,0.000000,84,130,180,190,220,240,280,290,340,350,350,116656,1,47,50.70302898436105,28.137100000094506,354.2347999991762,2916.589691057468
1746379987,500,GET,GET /pastes/:slug,338.000000,0.000000,110,170,200,210,240,280,320,360,380,390,390,106401,1,46,50.87918933562419,28.137100000094506,388.14710000042396,2924.458191182414
1746379987,500,POST,POST /pastes,35.600000,0.000000,110,170,200,220,250,290,340,360,380,380,380,10518,0,49,54.129472219046,30.241599999499158,383.7327999990521,2839.2065031374786
1746379987,500,,Aggregated,373.600000,0.000000,110,170,200,210,240,280,330,360,380,390,390,116919,1,47,51.17158385976305,28.137100000094506,388.14710000042396,2916.788973562894
1746379988,500,GET,GET /pastes/:slug,329.600000,0.000000,150,200,230,250,330,350,370,380,400,420,420,106733,1,46,51.7777292655481,28.137100000094506,421.43729999952484,2924.3759661960216
1746379988,500,POST,POST /pastes,35.500000,0.000000,150,210,230,250,330,360,380,380,410,410,410,10553,0,49,55.11113121386564,30.241599999499158,406.04069999972126,2839.5623045579455
1746379988,500,,Aggregated,365.100000,0.000000,150,200,230,250,330,350,370,380,410,420,420,117286,1,47,52.0776575669699,28.137100000094506,421.43729999952484,2916.744718039664
1746379989,500,GET,GET /pastes/:slug,327.500000,0.000000,180,230,270,290,330,350,370,380,400,420,420,107005,1,47,52.3987845782884,28.137100000094506,421.43729999952484,2924.403812905939
1746379989,500,POST,POST /pastes,34.900000,0.000000,180,230,270,300,340,360,380,380,410,410,410,10573,0,49,55.57350390616872,30.241599999499158,406.04069999972126,2838.621772439232
1746379989,500,,Aggregated,362.400000,0.000000,180,230,270,290,330,350,370,380,410,420,420,117578,1,47,52.68426576910334,28.137100000094506,421.43729999952484,2916.690010035891
1746379990,500,GET,GET /pastes/:slug,317.100000,0.000000,210,250,280,300,330,350,370,380,410,420,420,107312,1,47,52.942731923734044,28.137100000094506,421.43729999952484,2924.71727299836
1746379990,500,POST,POST /pastes,34.100000,0.000000,210,250,290,300,340,360,380,380,410,410,410,10605,0,50,56.15505780291574,30.241599999499158,406.04069999972126,2839.2295143800093
1746379990,500,,Aggregated,351.200000,0.000000,210,250,280,300,330,350,370,380,410,420,420,117917,1,47,53.23163611862265,28.137100000094506,421.43729999952484,2917.028833840752
1746379991,500,GET,GET /pastes/:slug,312.400000,0.000000,220,260,290,300,330,350,370,390,650,670,670,107628,1,47,53.49093434050392,28.137100000094506,666.7449999986275,2925.033504292563
1746379991,500,POST,POST /pastes,33.700000,0.000000,220,260,300,300,340,370,380,410,850,850,850,10642,0,50,56.829432710008845,30.241599999499158,846.7827000004036,2840.4358203345237
1746379991,500,,Aggregated,346.100000,0.000000,220,260,290,300,330,360,380,390,660,850,850,118270,1,47,53.791334269887805,28.137100000094506,846.7827000004036,2917.4213579098673
1746379992,500,GET,GET /pastes/:slug,309.300000,0.000000,230,280,300,310,340,360,390,430,650,670,670,107940,1,47,54.05095063553596,28.137100000094506,666.7449999986275,2924.586983509357
1746379992,500,POST,POST /pastes,32.300000,0.000000,230,290,300,310,340,370,410,440,850,850,850,10671,0,50,57.46060836846762,30.241599999499158,846.7827000004036,2840.126229969075
1746379992,500,,Aggregated,341.600000,0.000000,230,280,300,310,340,360,390,430,660,850,850,118611,1,47,54.3577051327417,28.137100000094506,846.7827000004036,2916.9883568977584
1746379993,500,GET,GET /pastes/:slug,305.300000,0.000000,240,290,300,320,340,370,400,430,650,670,670,108260,1,47,54.63921088398079,28.137100000094506,666.7449999986275,2924.4061610936633
1746379993,500,POST,POST /pastes,31.800000,0.000000,260,300,310,330,350,380,420,440,850,850,850,10711,0,50,58.30412376994774,30.241599999499158,846.7827000004036,2840.7192605732425
1746379993,500,,Aggregated,337.100000,0.000000,240,290,300,320,350,370,400,430,660,850,850,118971,1,47,54.96916425010824,28.137100000094506,846.7827000004036,2916.871800690925
1746379994,500,GET,GET /pastes/:slug,299.400000,0.000000,240,290,300,320,340,370,400,430,650,670,670,108589,1,47,55.00699734503251,28.137100000094506,666.7449999986275,2924.504378896573
1746379994,500,POST,POST /pastes,31.100000,0.000000,260,300,320,330,350,380,430,450,850,850,850,10733,0,50,58.57271459050656,30.241599999499158,846.7827000004036,2840.7633466877855
1746379994,500,,Aggregated,330.500000,0.000000,240,290,300,320,350,370,400,430,660,850,850,119322,1,47,55.32773319588676,28.137100000094506,846.7827000004036,2916.971882804512
1746379995,500,GET,GET /pastes/:slug,298.300000,0.000000,230,280,300,310,340,370,400,430,650,670,670,108928,1,47,55.315089700533726,28.137100000094506,666.7449999986275,2923.8640845329023
1746379995,500,POST,POST /pastes,30.700000,0.000000,260,300,320,330,350,380,430,450,850,850,850,10765,0,50,58.854495392466845,30.241599999499158,846.7827000004036,2840.846353924756
1746379995,500,,Aggregated,329.000000,0.000000,230,290,300,320,340,370,400,430,660,850,850,119693,1,47,55.6334182767547,28.137100000094506,846.7827000004036,2916.3976005280174
1746379996,500,GET,GET /pastes/:slug,301.700000,0.000000,230,280,300,310,350,370,410,500,650,670,670,109246,1,47,55.659845521115045,28.137100000094506,666.7449999986275,2923.932601651319
1746379996,500,POST,POST /pastes,31.500000,0.000000,250,300,310,330,350,380,430,450,850,850,850,10800,0,50,59.218947601843716,30.241599999499158,846.7827000004036,2840.1427777777776
1746379996,500,,Aggregated,333.200000,0.000000,230,280,300,320,350,370,410,500,660,850,850,120046,1,47,55.98004196640961,28.137100000094506,846.7827000004036,2916.394407143928
1746379997,500,GET,GET /pastes/:slug,302.500000,0.000000,200,260,290,300,330,350,410,500,650,670,670,109530,1,47,55.750471966582026,28.137100000094506,666.7449999986275,2924.401825983749
1746379997,500,POST,POST /pastes,30.200000,0.000000,220,280,300,310,340,360,430,450,850,850,850,10836,0,50,59.356536157245095,30.241599999499158,846.7827000004036,2839.09496124031
1746379997,500,,Aggregated,332.700000,0.000000,200,270,290,300,330,350,410,500,660,850,850,120366,1,47,56.07510941876943,28.137100000094506,846.7827000004036,2916.722039446355
1746379998,500,GET,GET /pastes/:slug,304.700000,0.000000,200,230,260,280,310,340,410,500,650,670,670,109857,1,47,56.28341608727448,28.137100000094506,666.7449999986275,2924.7705744740892
1746379998,500,POST,POST /pastes,30.600000,0.000000,220,250,280,300,320,350,430,450,850,850,850,10867,0,50,59.86682914326979,30.241599999499158,846.7827000004036,2839.547345173461
1746379998,500,,Aggregated,335.300000,0.000000,200,240,260,280,310,340,410,500,660,850,850,120724,1,47,56.6059778784632,28.137100000094506,846.7827000004036,2917.0991849176635
1746379999,500,GET,GET /pastes/:slug,307.300000,0.000000,200,230,250,260,310,360,410,500,650,670,670,110189,1,47,56.88227964587856,28.137100000094506,666.7449999986275,2924.716478051348
1746379999,500,POST,POST /pastes,30.900000,0.000000,210,250,260,280,330,380,440,460,850,850,850,10898,0,50,60.488966920527865,30.241599999499158,846.7827000004036,2839.746559001652
1746379999,500,,Aggregated,338.200000,0.000000,200,230,250,260,320,360,420,490,660,850,850,121087,1,47,57.20688656420253,28.137100000094506,846.7827000004036,2917.0690660434234
1746380000,500,GET,GET /pastes/:slug,310.300000,0.000000,180,220,240,250,300,350,410,500,650,670,670,110500,1,47,57.18140585067617,28.137100000094506,666.7449999986275,2924.4512760180996
1746380000,500,POST,POST /pastes,31.500000,0.000000,190,240,260,280,330,380,440,460,850,850,850,10933,0,50,60.8225980792017,30.241599999499158,846.7827000004036,2840.2396414524833
1746380000,500,,Aggregated,341.800000,0.000000,180,220,240,250,300,360,420,460,660,850,850,121433,1,47,57.50923399158053,28.137100000094506,846.7827000004036,2916.8694341735772
1746380001,500,GET,GET /pastes/:slug,310.000000,0.000000,170,210,230,240,290,340,400,430,600,620,620,110823,1,47,57.364062001567426,28.137100000094506,666.7449999986275,2924.6480153036823
1746380001,500,POST,POST /pastes,31.400000,0.000000,180,230,250,260,320,350,420,440,530,530,530,10968,0,50,61.02456365790568,30.241599999499158,846.7827000004036,2839.779722830051
1746380001,500,,Aggregated,341.400000,0.000000,170,210,230,250,290,350,410,430,600,620,620,121791,1,47,57.69371182927791,28.137100000094506,846.7827000004036,2917.0051235312953
1746380002,500,GET,GET /pastes/:slug,314.400000,0.000000,160,190,220,230,260,320,380,410,600,620,620,111179,1,47,57.564372675592686,28.137100000094506,666.7449999986275,2924.3835526493312
1746380002,500,POST,POST /pastes,31.700000,0.000000,160,200,230,250,300,340,410,420,530,530,530,10995,0,50,61.17390884946892,30.241599999499158,846.7827000004036,2840.9354251932696
1746380002,500,,Aggregated,346.100000,0.000000,160,190,220,230,260,330,380,410,600,620,620,122174,1,47,57.88921143205263,28.137100000094506,846.7827000004036,2916.873671976034
1746380003,500,GET,GET /pastes/:slug,316.700000,0.000000,160,180,210,220,250,270,360,400,600,620,620,111512,1,47,57.978967531742754,28.137100000094506,666.7449999986275,2924.4738862185236
1746380003,500,POST,POST /pastes,32.400000,0.000000,160,180,210,230,260,280,360,420,530,530,530,11033,0,50,61.61152431794677,30.241599999499158,846.7827000004036,2841.897217438593
1746380003,500,,Aggregated,349.100000,0.000000,160,180,210,220,250,280,360,400,600,620,620,122545,1,47,58.306014730911684,28.137100000094506,846.7827000004036,2917.039324329838
1746380004,500,GET,GET /pastes/:slug,321.800000,0.000000,150,170,210,220,250,270,360,400,600,620,620,111851,1,47,58.05052792375325,28.137100000094506,666.7449999986275,2924.5897220409292
1746380004,500,POST,POST /pastes,33.100000,0.000000,150,170,200,230,260,280,360,420,530,530,530,11063,0,50,61.66678449786706,30.241599999499158,846.7827000004036,2841.36048088222
1746380004,500,,Aggregated,354.900000,0.000000,150,170,200,220,250,270,360,400,600,620,620,122914,1,47,58.37601278698598,28.137100000094506,846.7827000004036,2917.0985892575295
1746380005,500,GET,GET /pastes/:slug,321.700000,0.000000,130,170,200,220,250,270,360,400,600,620,620,112201,1,47,58.146670205254374,28.137100000094506,666.7449999986275,2924.742658265078
1746380005,500,POST,POST /pastes,32.700000,0.000000,140,170,200,230,260,280,360,420,530,530,530,11094,0,50,61.74806908237886,30.241599999499158,846.7827000004036,2841.2978186407067
1746380005,500,,Aggregated,354.400000,0.000000,130,170,200,220,250,270,360,400,600,620,620,123295,1,48,58.47072161968954,28.137100000094506,846.7827000004036,2917.234348513727
1746380006,500,GET,GET /pastes/:slug,324.700000,0.000000,120,160,190,220,250,270,340,370,420,430,430,112543,1,47,58.271354995866034,28.137100000094506,666.7449999986275,2924.69397474743
1746380006,500,POST,POST /pastes,32.000000,0.000000,130,160,190,220,250,280,340,410,460,460,460,11134,0,50,61.904678677915335,30.241599999499158,846.7827000004036,2841.7680977186997
1746380006,500,,Aggregated,356.700000,0.000000,120,160,190,220,250,270,340,370,430,460,460,123677,1,48,58.598444316240105,28.137100000094506,846.7827000004036,2917.2285873687106
1746380007,500,GET,GET /pastes/:slug,326.700000,0.000000,130,160,200,220,250,270,340,370,420,430,430,112852,1,47,58.566712371953784,28.137100000094506,666.7449999986275,2924.717674476305
1746380007,500,POST,POST /pastes,32.700000,0.000000,130,160,200,220,250,280,340,410,460,460,460,11165,0,50,62.18311962381596,30.241599999499158,846.7827000004036,2842.306762203314
1746380007,500,,Aggregated,359.400000,0.000000,130,160,200,220,250,270,340,370,430,460,460,124017,1,48,58.892290211822576,28.137100000094506,846.7827000004036,2917.2983865115266
1746380008,500,GET,GET /pastes/:slug,326.800000,0.000000,120,150,170,180,230,260,340,370,420,430,430,113205,1,47,58.75371215670449,28.137100000094506,666.7449999986275,2924.7636411819267
1746380008,500,POST,POST /pastes,32.700000,0.000000,120,150,180,190,250,280,340,410,460,460,460,11192,0,50,62.35444706039138,30.241599999499158,846.7827000004036,2842.5779127948535
1746380008,500,,Aggregated,359.500000,0.000000,120,150,170,180,230,270,340,370,430,460,460,124397,1,48,59.077670331274845,28.137100000094506,846.7827000004036,2917.3693899370564
1746380009,500,GET,GET /pastes/:slug,326.900000,0.000000,110,130,150,160,200,230,260,270,290,300,300,113575,1,47,58.870227721767485,28.137100000094506,666.7449999986275,2924.9901298701297
1746380009,500,POST,POST /pastes,33.100000,0.000000,110,140,160,170,200,240,270,280,300,300,300,11213,0,50,62.40491927226445,30.241599999499158,846.7827000004036,2842.672522964416
1746380009,500,,Aggregated,360.000000,0.000000,110,130,150,160,200,230,260,270,290,300,300,124788,1,48,59.187842367051395,28.137100000094506,846.7827000004036,2917.5933663493283
1746380010,500,GET,GET /pastes/:slug,334.900000,0.000000,100,120,130,150,190,230,260,270,290,300,300,113909,1,47,58.9578578435395,28.137100000094506,666.7449999986275,2925.020024756604
1746380010,500,POST,POST /pastes,32.900000,0.000000,110,120,140,160,200,240,270,280,300,300,300,11243,0,50,62.477756950983,30.241599999499158,846.7827000004036,2842.7394823445698
1746380010,500,,Aggregated,367.800000,0.000000,100,120,130,150,190,230,260,270,290,300,300,125152,1,48,59.27406713835661,28.137100000094506,846.7827000004036,2917.6283718997697
1746380011,500,GET,GET /pastes/:slug,335.800000,0.000000,99,110,130,140,190,230,260,270,290,300,300,114271,1,48,59.08501810782891,28.137100000094506,666.7449999986275,2924.829991861452
1746380011,500,POST,POST /pastes,32.200000,0.000000,100,110,130,150,200,240,270,280,300,300,300,11282,0,50,62.6014061513829,30.241599999499158,846.7827000004036,2843.0686048572948
1746380011,500,,Aggregated,368.000000,0.000000,99,110,130,140,190,230,260,270,290,300,300,125553,1,48,59.40099534379571,28.137100000094506,846.7827000004036,2917.4830390353077
1746380012,500,GET,GET /pastes/:slug,337.600000,0.000000,94,110,120,130,190,230,260,270,290,300,300,114583,1,48,59.12317991848457,28.137100000094506,666.7449999986275,2924.704834050426
1746380012,500,POST,POST /pastes,31.500000,0.000000,98,110,120,140,190,230,270,280,300,300,300,11324,0,50,62.649025406207706,30.241599999499158,846.7827000004036,2842.83442246556
1746380012,500,,Aggregated,369.100000,0.000000,95,110,120,130,190,230,260,270,290,300,300,125907,1,48,59.44029234514031,28.137100000094506,846.7827000004036,2917.341458378009
1746380013,500,GET,GET /pastes/:slug,337.100000,0.000000,93,100,110,120,150,180,230,250,270,270,270,114916,1,48,59.2407715226746,28.137100000094506,666.7449999986275,2924.077865571374
1746380013,500,POST,POST /pastes,30.800000,0.000000,96,110,110,120,150,190,230,250,270,270,270,11356,0,50,62.76731617646156,30.241599999499158,846.7827000004036,2843.489080662205
1746380013,500,,Aggregated,367.900000,0.000000,93,100,110,120,150,180,230,250,270,270,270,126272,1,48,59.55792371071606,28.137100000094506,846.7827000004036,2916.830286999493
1746380014,500,GET,GET /pastes/:slug,340.900000,0.000000,95,110,120,120,150,180,230,250,270,270,270,115241,1,48,59.383758664882,28.137100000094506,666.7449999986275,2923.6654402512995
1746380014,500,POST,POST /pastes,31.200000,0.000000,98,110,120,120,160,190,230,250,270,270,270,11386,0,50,62.88339365887047,30.241599999499158,846.7827000004036,2844.636746882136
1746380014,500,,Aggregated,372.100000,0.000000,95,110,120,120,150,180,230,250,270,270,270,126627,1,48,59.6984375567575,28.137100000094506,846.7827000004036,2916.5593672755417
1746380015,500,GET,GET /pastes/:slug,342.200000,0.000000,99,110,130,140,170,200,240,250,270,270,270,115540,1,48,59.63923035658347,28.137100000094506,666.7449999986275,2923.8346460100397
1746380015,500,POST,POST /pastes,32.500000,0.000000,100,120,130,140,180,210,240,250,270,270,270,11416,0,51,63.16560041169385,30.241599999499158,846.7827000004036,2844.6586370007008
1746380015,500,,Aggregated,374.700000,0.000000,99,110,130,140,170,200,240,250,270,270,270,126956,1,48,59.95632478732406,28.137100000094506,846.7827000004036,2916.71506663726
1746380016,500,GET,GET /pastes/:slug,339.300000,0.000000,100,120,140,160,230,260,280,290,330,330,330,115823,1,48,60.120940531670435,28.137100000094506,666.7449999986275,2923.5371903680616
1746380016,500,POST,POST /pastes,32.300000,0.000000,110,130,170,190,240,270,290,310,320,320,320,11456,0,51,63.86096483064729,30.241599999499158,846.7827000004036,2844.286749301676
1746380016,500,,Aggregated,371.600000,0.000000,100,130,150,170,230,260,280,290,330,330,330,127279,1,48,60.457568870744765,28.137100000094506,846.7827000004036,2916.4040965123863
1746380017,500,GET,GET /pastes/:slug,335.000000,0.000000,110,130,150,180,250,280,320,390,440,440,440,116155,1,48,60.63373477422117,28.137100000094506,666.7449999986275,2923.617450820025
1746380017,500,POST,POST /pastes,32.400000,0.000000,110,140,170,200,270,290,320,380,410,410,410,11493,0,51,64.38960965804344,30.241599999499158,846.7827000004036,2843.734795092665
1746380017,500,,Aggregated,367.400000,0.000000,110,130,160,180,250,280,320,380,440,440,440,127648,1,48,60.97190121662316,28.137100000094506,846.7827000004036,2916.4250830408623
1746380018,500,GET,GET /pastes/:slug,332.600000,0.000000,110,140,170,190,250,280,320,390,440,440,440,116448,1,48,60.92054268686149,28.137100000094506,666.7449999986275,2924.0654541082713
1746380018,500,POST,POST /pastes,32.300000,0.000000,120,160,180,210,270,290,320,380,410,410,410,11515,0,51,64.61355872339517,30.241599999499158,846.7827000004036,2843.6574902301345
1746380018,500,,Aggregated,364.900000,0.000000,110,140,170,190,250,280,320,380,440,440,440,127963,1,48,61.25286593389886,28.137100000094506,846.7827000004036,2916.829786735228
1746380019,500,GET,GET /pastes/:slug,327.100000,0.000000,130,170,190,210,260,290,320,390,440,440,440,116766,1,48,61.30650005052519,28.137100000094506,666.7449999986275,2924.3696110169058
1746380019,500,POST,POST /pastes,32.100000,0.000000,130,170,200,220,270,290,320,380,410,410,410,11555,0,51,65.10725084378127,30.241599999499158,846.7827000004036,2843.019818260493
1746380019,500,,Aggregated,359.200000,0.000000,130,170,190,210,260,290,320,390,440,440,440,128321,1,48,61.64874859453616,28.137100000094506,846.7827000004036,2917.0442562012454
1746380020,500,GET,GET /pastes/:slug,324.200000,0.000000,150,190,220,240,280,310,370,400,440,440,440,117110,1,48,61.863476414479024,28.137100000094506,666.7449999986275,2924.697088207668
1746380020,500,POST,POST /pastes,32.100000,0.000000,160,200,230,250,280,310,370,380,410,410,410,11594,0,51,65.73381001379163,30.241599999499158,846.7827000004036,2843.762549594618
1746380020,500,,Aggregated,356.300000,0.000000,150,190,220,240,280,310,370,400,440,440,440,128704,1,48,62.21212640010793,28.137100000094506,846.7827000004036,2917.4062888488315
1746380021,500,GET,GET /pastes/:slug,327.400000,0.000000,170,200,230,250,280,310,370,400,440,440,440,117397,1,48,62.19436315663635,28.137100000094506,666.7449999986275,2924.06260807346
1746380021,500,POST,POST /pastes,33.000000,0.000000,170,220,240,260,290,310,370,380,410,410,410,11629,0,51,66.16491647604292,30.241599999499158,846.7827000004036,2843.6439074726977
1746380021,500,,Aggregated,360.400000,0.000000,170,210,230,250,280,310,370,400,440,440,440,129026,1,48,62.552225638239506,28.137100000094506,846.7827000004036,2916.814541255251
1746380022,500,GET,GET /pastes/:slug,316.700000,0.000000,170,200,230,250,280,310,370,400,440,440,440,117730,1,48,62.35661463942613,28.137100000094506,666.7449999986275,2923.8715450607324
1746380022,500,POST,POST /pastes,34.200000,0.000000,180,220,240,260,290,310,370,380,410,410,410,11657,0,51,66.3097115295444,30.241599999499158,846.7827000004036,2843.35995539161
1746380022,500,,Aggregated,350.900000,0.000000,170,210,230,250,290,310,370,400,440,440,440,129387,1,48,62.7127651835152,28.137100000094506,846.7827000004036,2916.6179291582616
1746380023,500,GET,GET /pastes/:slug,317.500000,0.000000,190,220,240,260,290,320,370,400,440,440,440,118060,1,48,62.80993923343779,28.137100000094506,666.7449999986275,2923.890852109097
1746380023,500,POST,POST /pastes,34.800000,0.000000,200,230,260,270,290,310,370,380,410,410,410,11685,0,51,66.71163206674387,30.241599999499158,846.7827000004036,2842.427214377407
1746380023,500,,Aggregated,352.300000,0.000000,190,220,240,260,290,320,370,400,440,440,440,129745,1,48,63.16133066090802,28.137100000094506,846.7827000004036,2916.5541331072486
1746380024,500,GET,GET /pastes/:slug,310.800000,0.000000,210,240,250,260,290,320,370,400,440,440,440,118364,1,48,63.29443706109677,28.137100000094506,666.7449999986275,2923.8181119259234
1746380024,500,POST,POST /pastes,34.300000,0.000000,220,240,260,270,290,310,370,380,410,410,410,11713,0,51,67.16623400494318,30.241599999499158,846.7827000004036,2842.8304448049175
1746380024,500,,Aggregated,345.100000,0.000000,210,240,260,270,290,320,370,400,440,440,440,130077,1,48,63.643079462160884,28.137100000094506,846.7827000004036,2916.525442622447
1746380025,500,GET,GET /pastes/:slug,311.700000,0.000000,210,240,250,260,290,320,370,400,440,440,440,118735,1,48,63.62401101865199,28.137100000094506,666.7449999986275,2924.0179643744473
1746380025,500,POST,POST /pastes,33.300000,0.000000,220,250,260,270,290,310,370,380,410,410,410,11744,0,51,67.4557158974709,30.241599999499158,846.7827000004036,2843.5516008174386
1746380025,500,,Aggregated,345.000000,0.000000,210,240,250,260,290,320,370,400,440,440,440,130479,1,48,63.96889059388473,28.137100000094506,846.7827000004036,2916.77544279156
1746380026,500,GET,GET /pastes/:slug,310.700000,0.000000,190,230,240,250,280,310,360,400,440,440,440,119079,1,48,63.563314294708896,28.137100000094506,666.7449999986275,2923.8937512071816
1746380026,500,POST,POST /pastes,32.700000,0.000000,200,230,250,260,280,300,370,380,410,410,410,11781,0,51,67.38731408198777,30.241599999499158,846.7827000004036,2843.260758848994
1746380026,500,,Aggregated,343.400000,0.000000,190,230,240,250,280,310,360,400,440,440,440,130860,1,48,63.907579475007466,28.137100000094506,846.7827000004036,2916.6345636558153
1746380027,500,GET,GET /pastes/:slug,311.200000,0.000000,170,220,230,250,270,290,330,360,400,410,410,119444,1,48,63.50487886875553,28.137100000094506,666.7449999986275,2924.0897324269113
1746380027,500,POST,POST /pastes,32.400000,0.000000,200,230,240,250,280,290,320,360,400,400,400,11809,0,51,67.33909202302495,30.241599999499158,846.7827000004036,2842.93902955373
1746380027,500,,Aggregated,343.600000,0.000000,180,220,240,250,270,290,330,360,400,410,410,131253,1,48,63.849847921948246,28.137100000094506,846.7827000004036,2916.7885000723795
1746380028,500,GET,GET /pastes/:slug,318.300000,0.000000,160,210,230,240,270,290,320,360,400,410,410,119800,1,48,63.44447818947947,28.137100000094506,666.7449999986275,2924.437896494157
1746380028,500,POST,POST /pastes,32.300000,0.000000,180,220,240,250,280,290,320,330,400,400,400,11838,0,51,67.28704972122843,30.241599999499158,846.7827000004036,2842.6090555837136
1746380028,500,,Aggregated,350.600000,0.000000,160,210,230,240,270,290,320,360,400,410,410,131638,1,48,63.790034653363655,28.137100000094506,846.7827000004036,2917.079156474574
1746380029,500,GET,GET /pastes/:slug,325.200000,0.000000,120,200,220,240,260,290,320,360,400,410,410,120159,1,48,63.38732186435999,28.137100000094506,666.7449999986275,2924.6502883679127
1746380029,500,POST,POST /pastes,32.300000,0.000000,130,210,230,250,270,290,320,330,400,400,400,11878,0,51,67.22295510186095,30.241599999499158,846.7827000004036,2842.087388449234
1746380029,500,,Aggregated,357.500000,0.000000,120,200,230,240,260,290,320,350,400,410,410,132037,1,48,63.732374020914534,28.137100000094506,846.7827000004036,2917.2229602308444
1746380030,500,GET,GET /pastes/:slug,327.600000,0.000000,55,150,210,220,250,260,280,300,330,330,330,120514,1,48,63.32393056491073,28.137100000094506,666.7449999986275,2924.541737889374
1746380030,500,POST,POST /pastes,31.700000,0.000000,57,160,220,230,250,270,290,300,330,330,330,11915,0,51,67.15992773813677,30.241599999499158,846.7827000004036,2842.2543013008813
1746380030,500,,Aggregated,359.300000,0.000000,55,150,210,220,250,260,280,300,330,330,330,132429,1,48,63.669065741639024,28.137100000094506,846.7827000004036,2917.1381117428964
1746380031,500,GET,GET /pastes/:slug,327.000000,0.000000,48,76,170,210,240,260,280,290,330,330,330,120857,1,48,63.26172870416819,28.137100000094506,666.7449999986275,2924.593436871675
1746380031,500,POST,POST /pastes,31.400000,0.000000,49,63,160,210,250,260,280,290,330,330,330,11955,0,51,67.0851780259217,30.241599999499158,846.7827000004036,2841.537599330824
1746380031,500,,Aggregated,358.400000,0.000000,48,73,170,210,240,260,280,290,330,330,330,132812,1,48,63.60589441691643,28.137100000094506,846.7827000004036,2917.117210794205
1746380032,500,GET,GET /pastes/:slug,338.500000,0.000000,45,53,130,210,240,260,280,290,330,330,330,121206,1,48,63.2038981040516,28.137100000094506,666.7449999986275,2924.8963582660926
1746380032,500,POST,POST /pastes,32.200000,0.000000,47,56,65,210,250,260,280,290,330,330,330,11987,0,51,67.02451297237836,30.241599999499158,846.7827000004036,2841.317510636523
1746380032,500,,Aggregated,370.700000,0.000000,45,53,110,210,240,260,280,290,330,330,330,133193,1,48,63.547742828823964,28.137100000094506,846.7827000004036,2917.374494155098
1746380033,500,GET,GET /pastes/:slug,339.800000,0.000000,43,48,53,58,230,250,270,270,290,300,300,121562,1,48,63.14435227208878,28.137100000094506,666.7449999986275,2924.8927625409256
1746380033,500,POST,POST /pastes,31.900000,0.000000,46,50,56,60,240,250,270,280,300,300,300,12034,0,51,66.9379081685142,30.241599999499158,846.7827000004036,2841.995762007645
1746380033,500,,Aggregated,371.700000,0.000000,44,48,54,58,230,250,270,280,290,300,300,133596,1,48,63.48606648252599,28.137100000094506,846.7827000004036,2917.4256040600017
1746380034,500,GET,GET /pastes/:slug,344.800000,0.000000,42,46,49,51,60,210,240,250,280,290,290,121898,1,48,63.081840021982835,28.137100000094506,666.7449999986275,2924.8964462091258
1746380034,500,POST,POST /pastes,32.500000,0.000000,45,48,50,54,61,210,240,260,280,280,280,12079,0,51,66.85081247619104,30.241599999499158,846.7827000004036,2841.418412120209
1746380034,500,,Aggregated,377.300000,0.000000,42,46,49,51,60,210,240,250,280,290,290,133977,1,48,63.421640273327256,28.137100000094506,846.7827000004036,2917.3702949013636
1746380035,500,GET,GET /pastes/:slug,345.900000,0.000000,41,44,46,48,53,57,62,68,77,82,82,122254,1,48,63.01551308504999,28.137100000094506,666.7449999986275,2924.7608503607244
1746380035,500,POST,POST /pastes,32.900000,0.000000,44,46,48,50,56,61,64,67,76,76,76,12114,0,51,66.78242136370424,30.241599999499158,846.7827000004036,2840.802625061912
1746380035,500,,Aggregated,378.800000,0.000000,41,44,47,48,53,57,62,68,77,82,82,134368,1,48,63.35512018560675,28.137100000094506,846.7827000004036,2917.1915634674924
1746380037,500,GET,GET /pastes/:slug,349.400000,0.000000,40,43,45,47,51,56,61,66,77,82,82,122609,1,48,62.947729597335496,28.137100000094506,666.7449999986275,2924.8306241793016
1746380037,500,POST,POST /pastes,34.900000,0.000000,44,46,48,49,55,58,62,65,76,76,76,12154,0,51,66.70583695079057,30.241599999499158,846.7827000004036,2841.0048543689322
1746380037,500,,Aggregated,384.300000,0.000000,41,44,46,47,52,56,61,66,77,82,82,134763,1,48,63.28666563151326,28.137100000094506,846.7827000004036,2917.270549037941
1746380038,500,GET,GET /pastes/:slug,350.800000,0.000000,40,43,45,47,51,55,60,64,77,80,80,122963,1,48,62.887621371467155,28.137100000094506,666.7449999986275,2924.836885892504
1746380038,500,POST,POST /pastes,36.900000,0.000000,44,47,48,50,55,60,64,68,76,76,76,12194,0,51,66.6417445792937,30.241599999499158,846.7827000004036,2841.3855994751516
1746380038,500,,Aggregated,387.700000,0.000000,41,44,46,47,52,56,61,64,77,80,80,135157,1,48,63.22632212981661,28.137100000094506,846.7827000004036,2917.30782719356
1746380039,500,GET,GET /pastes/:slug,351.000000,0.000000,40,43,45,46,50,54,58,61,77,80,80,123317,1,48,62.8287479706748,28.137100000094506,666.7449999986275,2924.8135374684757
1746380039,500,POST,POST /pastes,37.100000,0.000000,44,46,48,49,55,58,64,66,76,76,76,12225,0,51,66.59297608179163,30.241599999499158,846.7827000004036,2841.2997955010223
1746380039,500,,Aggregated,388.100000,0.000000,41,43,45,47,51,55,59,62,77,80,80,135542,1,48,63.168256673943254,28.137100000094506,846.7827000004036,2917.2811453276477
1746380040,500,GET,GET /pastes/:slug,351.000000,0.000000,41,44,46,47,52,55,61,66,88,89,89,123649,1,48,62.78899241724287,28.137100000094506,666.7449999986275,2924.6876966251243
1746380040,500,POST,POST /pastes,37.100000,0.000000,44,47,48,50,56,60,64,66,76,76,76,12261,0,51,66.54399424189691,30.241599999499158,846.7827000004036,2841.8996819182776
1746380040,500,,Aggregated,388.100000,0.000000,41,44,46,48,52,56,62,66,88,89,89,135910,1,48,63.12774657346455,28.137100000094506,846.7827000004036,2917.219049370907
1746380041,500,GET,GET /pastes/:slug,351.400000,0.000000,41,44,47,48,53,58,64,71,88,89,89,124014,1,48,62.74686135597313,28.137100000094506,666.7449999986275,2924.4781556920993
1746380041,500,POST,POST /pastes,38.700000,0.000000,44,47,49,50,56,61,66,72,79,79,79,12300,0,51,66.49085833332529,30.241599999499158,846.7827000004036,2842.178130081301
1746380041,500,,Aggregated,390.100000,0.000000,42,45,47,49,53,58,64,71,88,89,89,136314,1,48,63.08469285399561,28.137100000094506,846.7827000004036,2917.051990257787
1746380042,500,GET,GET /pastes/:slug,348.400000,0.000000,42,45,48,50,54,60,68,77,89,94,94,124373,1,48,62.70914817283227,28.137100000094506,666.7449999986275,2924.3183488377704
1746380042,500,POST,POST /pastes,38.300000,0.000000,45,48,50,52,59,64,74,79,100,100,100,12333,0,51,66.46494618502359,30.241599999499158,846.7827000004036,2842.454390659207
1746380042,500,,Aggregated,386.700000,0.000000,42,46,48,50,55,61,69,77,92,100,100,136706,1,48,63.047979364472454,28.137100000094506,846.7827000004036,2916.932951004345
1746380043,500,GET,GET /pastes/:slug,349.300000,0.000000,42,46,48,50,55,60,68,77,89,94,94,124712,1,48,62.66205281929315,28.137100000094506,666.7449999986275,2923.929076592469
1746380043,500,POST,POST /pastes,38.500000,0.000000,46,49,51,53,60,64,74,82,100,100,100,12373,0,51,66.40818808695488,30.241599999499158,846.7827000004036,2841.569384951103
1746380043,500,,Aggregated,387.800000,0.000000,43,46,49,50,55,61,69,78,92,100,100,137085,1,48,63.00017100630694,28.137100000094506,846.7827000004036,2916.495466316519
1746380044,500,GET,GET /pastes/:slug,349.900000,0.000000,42,46,49,50,55,60,69,78,89,94,94,125061,1,48,62.60760007596024,28.137100000094506,666.7449999986275,2924.0195104788863
1746380044,500,POST,POST /pastes,37.600000,0.000000,46,50,52,54,60,66,75,85,100,100,100,12409,0,51,66.36052770568932,30.241599999499158,846.7827000004036,2841.820049963736
1746380044,500,,Aggregated,387.500000,0.000000,43,46,49,51,56,61,71,78,92,100,100,137470,1,48,62.94636547173645,28.137100000094506,846.7827000004036,2916.599614461337
1746380045,500,GET,GET /pastes/:slug,349.600000,0.000000,43,47,49,51,56,61,71,78,89,94,94,125428,1,48,62.55732006090884,28.137100000094506,666.7449999986275,2923.8334183754823
1746380045,500,POST,POST /pastes,38.500000,0.000000,47,50,53,55,61,68,81,85,100,100,100,12444,0,50,66.31186923014235,30.241599999499158,846.7827000004036,2842.4337029893923
1746380045,500,,Aggregated,388.100000,0.000000,44,47,50,52,56,62,71,79,92,100,100,137872,1,48,62.89619677164034,28.137100000094506,846.7827000004036,2916.486472960427
1746380046,500,GET,GET /pastes/:slug,348.400000,0.000000,44,48,50,52,57,62,72,80,91,94,94,125794,1,48,62.51118526400049,28.137100000094506,666.7449999986275,2923.8539993958375
1746380046,500,POST,POST /pastes,37.300000,0.000000,47,51,53,56,63,69,81,85,100,100,100,12473,0,50,66.27164344583437,30.241599999499158,846.7827000004036,2841.750982121382
1746380046,500,,Aggregated,385.700000,0.000000,44,48,50,52,58,63,73,81,92,100,100,138267,1,48,62.85041439967297,28.137100000094506,846.7827000004036,2916.44752543991
1746380047,500,GET,GET /pastes/:slug,351.200000,0.000000,44,48,51,52,58,63,73,81,93,96,96,126122,1,48,62.466164649305206,28.137100000094506,666.7449999986275,2923.9268010339197
1746380047,500,POST,POST /pastes,36.500000,0.000000,48,51,54,56,62,68,81,85,100,100,100,12508,0,50,66.21958967859659,30.241599999499158,846.7827000004036,2841.245522865366
1746380047,500,,Aggregated,387.700000,0.000000,45,48,51,53,58,64,73,81,94,100,100,138630,1,48,62.80482035345577,28.137100000094506,846.7827000004036,2916.4668181490297
1746380048,500,GET,GET /pastes/:slug,352.200000,0.000000,45,49,51,53,58,64,74,81,93,96,96,126495,1,48,62.42370303569068,28.137100000094506,666.7449999986275,2923.9789477844974
1746380048,500,POST,POST /pastes,35.900000,0.000000,48,52,54,56,62,69,82,86,100,100,100,12539,0,50,66.1846397719028,30.241599999499158,846.7827000004036,2841.205040274344
1746380048,500,,Aggregated,388.100000,0.000000,45,49,52,53,59,65,75,81,94,100,100,139034,1,48,62.76288903145701,28.137100000094506,846.7827000004036,2916.5138527266713
1746380049,500,GET,GET /pastes/:slug,350.000000,0.000000,45,48,51,53,58,64,72,80,93,96,96,126837,1,48,62.37633773425504,28.137100000094506,666.7449999986275,2924.4038805711266
1746380049,500,POST,POST /pastes,35.300000,0.000000,48,52,55,57,63,73,82,86,100,100,100,12578,0,50,66.1456844569792,30.241599999499158,846.7827000004036,2841.0932580696453
1746380049,500,,Aggregated,385.300000,0.000000,45,49,51,53,59,64,73,81,94,100,100,139415,1,48,62.71640761969378,28.137100000094506,846.7827000004036,2916.8876089373452
1746380050,500,GET,GET /pastes/:slug,351.800000,0.000000,44,47,50,52,57,61,71,80,93,96,96,127182,1,48,62.316624274659155,28.137100000094506,666.7449999986275,2924.5568712553663
1746380050,500,POST,POST /pastes,34.400000,0.000000,48,52,54,56,62,72,82,86,100,100,100,12610,0,50,66.0862505313141,30.241599999499158,846.7827000004036,2841.7474226804125
1746380050,500,,Aggregated,386.200000,0.000000,44,48,50,52,57,62,72,81,94,100,100,139792,1,48,62.65666510028873,28.137100000094506,846.7827000004036,2917.08700784022
1746380051,500,GET,GET /pastes/:slug,350.000000,0.000000,43,47,49,51,56,60,68,77,92,96,96,127538,1,48,62.268629351249736,28.137100000094506,666.7449999986275,2924.372053819254
1746380051,500,POST,POST /pastes,35.100000,0.000000,47,51,53,55,60,68,81,85,90,90,90,12643,0,50,66.04142930474352,30.241599999499158,846.7827000004036,2842.703393181998
1746380051,500,,Aggregated,385.100000,0.000000,44,47,50,52,57,61,69,79,92,96,96,140181,1,48,62.60890021400579,28.137100000094506,846.7827000004036,2917.00631326642
1746380052,500,GET,GET /pastes/:slug,351.300000,0.000000,43,46,49,50,55,60,67,75,92,96,96,127891,1,48,62.20980639919685,28.137100000094506,666.7449999986275,2924.077229828526
1746380052,500,POST,POST /pastes,34.700000,0.000000,47,50,53,54,60,64,77,85,90,90,90,12680,0,50,65.97198222396469,30.241599999499158,846.7827000004036,2842.4592271293377
1746380052,500,,Aggregated,386.000000,0.000000,43,47,49,51,56,60,68,77,92,96,96,140571,1,48,62.54916792794772,28.137100000094506,846.7827000004036,2916.714998114832
1746380053,500,GET,GET /pastes/:slug,350.300000,0.000000,43,46,49,50,56,60,67,75,92,96,96,128245,1,47,62.155899795701146,28.137100000094506,666.7449999986275,2924.305657140629
1746380053,500,POST,POST /pastes,34.200000,0.000000,46,49,52,54,60,63,74,81,90,90,90,12714,0,50,65.91688740757225,30.241599999499158,846.7827000004036,2842.266399244927
1746380053,500,,Aggregated,384.500000,0.000000,43,46,49,51,56,61,68,76,92,96,96,140959,1,48,62.49512748955034,28.137100000094506,846.7827000004036,2916.9060081300236
1746380054,500,GET,GET /pastes/:slug,351.400000,0.000000,42,45,48,50,55,59,67,74,92,96,96,128607,1,47,62.09537796931516,28.137100000094506,666.7449999986275,2924.004642049033
1746380054,500,POST,POST /pastes,34.600000,0.000000,46,49,52,53,60,63,74,81,90,90,90,12741,0,50,65.86893655128175,30.241599999499158,846.7827000004036,2841.1908798367476
1746380054,500,,Aggregated,386.000000,0.000000,42,46,48,50,55,60,67,75,92,96,96,141348,1,48,62.43552363740244,28.137100000094506,846.7827000004036,2916.5398732207036
1746380055,500,GET,GET /pastes/:slug,352.000000,0.000000,42,45,47,49,54,59,65,70,92,96,96,128957,1,47,62.04005373651456,28.137100000094506,666.7449999986275,2924.2300999557992
1746380055,500,POST,POST /pastes,33.900000,0.000000,45,48,52,54,60,63,73,81,90,90,90,12773,0,50,65.81856988960163,30.241599999499158,846.7827000004036,2841.266969388554
1746380055,500,,Aggregated,385.900000,0.000000,42,45,48,49,55,59,65,73,92,96,96,141730,1,48,62.380581407602946,28.137100000094506,846.7827000004036,2916.753291469696
1746380056,500,GET,GET /pastes/:slug,353.100000,0.000000,41,44,47,48,54,58,64,69,92,99,99,129327,1,47,61.98422072343511,28.137100000094506,666.7449999986275,2924.3389006162674
1746380056,500,POST,POST /pastes,33.000000,0.000000,45,48,52,53,60,63,77,90,99,99,99,12805,0,50,65.77391901600066,30.241599999499158,846.7827000004036,2841.553143303397
1746380056,500,,Aggregated,386.100000,0.000000,42,45,47,49,54,58,64,72,95,99,99,142132,1,48,62.32564339135146,28.137100000094506,846.7827000004036,2916.8805406242086
1746380057,500,GET,GET /pastes/:slug,351.700000,0.000000,41,43,46,47,52,56,62,66,92,99,99,129689,1,47,61.92863647880472,28.137100000094506,666.7449999986275,2924.6771275898495
1746380057,500,POST,POST /pastes,32.600000,0.000000,44,48,51,53,57,62,74,86,99,99,99,12833,0,50,65.73217280447967,30.241599999499158,846.7827000004036,2841.185147666173
1746380057,500,,Aggregated,384.300000,0.000000,41,44,46,48,53,57,62,68,95,99,99,142522,1,48,62.27111540603955,28.137100000094506,846.7827000004036,2917.1593227712215
1746380058,500,GET,GET /pastes/:slug,352.300000,0.000000,41,43,45,47,51,55,61,65,92,99,99,130046,1,47,61.87348619488254,28.137100000094506,666.7449999986275,2924.905879458038
1746380058,500,POST,POST /pastes,33.000000,0.000000,44,46,48,51,56,59,63,86,99,99,99,12862,0,50,65.68568396826971,30.241599999499158,846.7827000004036,2841.1963924739543
1746380058,500,,Aggregated,385.300000,0.000000,41,43,45,47,52,56,61,66,95,99,99,142908,1,48,62.216591463735774,28.137100000094506,846.7827000004036,2917.371861617264
1746380059,500,GET,GET /pastes/:slug,355.100000,0.000000,41,43,45,47,52,56,61,67,92,99,99,130421,1,47,61.81778452549593,28.137100000094506,666.7449999986275,2925.0216529546624
1746380059,500,POST,POST /pastes,32.200000,0.000000,44,47,49,52,56,59,69,86,99,99,99,12894,0,50,65.63699668837354,30.241599999499158,846.7827000004036,2840.0833721110594
1746380059,500,,Aggregated,387.300000,0.000000,41,44,46,47,52,56,62,68,95,99,99,143315,1,48,62.16139769667928,28.137100000094506,846.7827000004036,2917.3797857865543
1746380060,500,GET,GET /pastes/:slug,353.600000,0.000000,41,43,45,46,51,55,60,64,92,99,99,130772,1,47,61.76052142430865,28.137100000094506,666.7449999986275,2924.890840546906
1746380060,500,POST,POST /pastes,32.300000,0.000000,43,46,48,50,54,57,62,69,99,99,99,12924,0,50,65.58102132465837,30.241599999499158,846.7827000004036,2839.712472918601
1746380060,500,,Aggregated,385.900000,0.000000,41,43,45,47,51,55,60,64,95,99,99,143696,1,48,62.104136700392324,28.137100000094506,846.7827000004036,2917.2299089745015
1746380061,500,GET,GET /pastes/:slug,356.700000,0.000000,41,43,45,46,51,55,61,64,92,99,99,131118,1,47,61.70807010021285,28.137100000094506,666.7449999986275,2924.857975258927
1746380061,500,POST,POST /pastes,31.600000,0.000000,44,46,49,51,55,59,62,69,99,99,99,12953,0,50,65.5370469466446,30.241599999499158,846.7827000004036,2840.537327260094
1746380061,500,,Aggregated,388.300000,0.000000,41,43,45,47,52,56,61,64,95,99,99,144071,1,48,62.052322150187,28.137100000094506,846.7827000004036,2917.276953724205
1746380062,500,GET,GET /pastes/:slug,357.800000,0.000000,41,43,45,47,51,56,60,64,92,99,99,131475,1,47,61.660203674460625,28.137100000094506,666.7449999986275,2924.7501806427076
1746380062,500,POST,POST /pastes,31.400000,0.000000,45,47,49,51,56,59,62,69,99,99,99,12987,0,50,65.4939705628619,30.241599999499158,846.7827000004036,2839.7958727958726
1746380062,500,,Aggregated,389.200000,0.000000,41,43,46,47,52,56,60,64,95,99,99,144462,1,48,62.00485576691167,28.137100000094506,846.7827000004036,2917.112867051543
1746380063,500,GET,GET /pastes/:slug,356.000000,0.000000,41,44,46,48,53,58,65,76,100,110,110,131789,1,47,61.631274992599614,28.137100000094506,666.7449999986275,2924.9131945761787
1746380063,500,POST,POST /pastes,30.700000,0.000000,45,48,51,53,57,61,99,110,120,120,120,13022,0,50,65.47614629088379,30.241599999499158,846.7827000004036,2839.489479342651
1746380063,500,,Aggregated,386.700000,0.000000,41,44,46,48,54,58,66,78,110,120,120,144811,1,48,61.97702161437737,28.137100000094506,846.7827000004036,2917.2315431838742
1746380064,500,GET,GET /pastes/:slug,356.400000,0.000000,41,44,47,49,54,59,69,80,100,110,110,132155,1,47,61.58858151791228,28.137100000094506,666.7449999986275,2925.2498808217624
1746380064,500,POST,POST /pastes,30.500000,0.000000,45,49,52,54,58,62,95,110,120,120,120,13075,0,50,65.40968052771692,30.241599999499158,846.7827000004036,2839.4279923518166
1746380064,500,,Aggregated,386.900000,0.000000,42,45,47,49,54,59,70,81,110,120,120,145230,1,48,61.932593564687785,28.137100000094506,846.7827000004036,2917.523369827171
1746380065,500,GET,GET /pastes/:slug,354.400000,0.000000,41,44,46,48,54,59,67,77,100,110,110,132486,1,47,61.53719836359827,28.137100000094506,666.7449999986275,2925.1257868755943
1746380065,500,POST,POST /pastes,30.500000,0.000000,45,49,52,53,58,61,74,110,120,120,120,13099,0,50,65.36994372088704,30.241599999499158,846.7827000004036,2839.5663791129095
1746380065,500,,Aggregated,384.900000,0.000000,42,45,47,49,54,59,68,78,110,120,120,145585,1,47,61.88204935398305,28.137100000094506,846.7827000004036,2917.4275852594706
1746380066,500,GET,GET /pastes/:slug,354.400000,0.000000,42,44,47,48,54,59,69,78,100,110,110,132875,1,47,61.4854836733749,28.137100000094506,666.7449999986275,2925.204455315146
1746380066,500,POST,POST /pastes,33.100000,0.000000,45,48,51,53,58,61,71,110,120,120,120,13138,0,50,65.31026277210306,30.241599999499158,846.7827000004036,2839.333384076724
1746380066,500,,Aggregated,387.500000,0.000000,42,45,47,49,54,59,69,79,110,120,120,146013,1,47,61.82963075479317,28.137100000094506,846.7827000004036,2917.4779231986195
1746380067,500,GET,GET /pastes/:slug,354.500000,0.000000,42,44,47,48,54,59,69,78,100,110,110,133220,1,47,61.433633239751465,28.137100000094506,666.7449999986275,2925.09804834109
1746380067,500,POST,POST /pastes,32.800000,0.000000,45,48,51,52,58,61,71,110,120,120,120,13172,0,50,65.25716420436495,30.241599999499158,846.7827000004036,2839.2157607045247
1746380067,500,,Aggregated,387.300000,0.000000,42,45,47,49,54,59,69,79,110,120,120,146392,1,47,61.77766535807705,28.137100000094506,846.7827000004036,2917.370566697634
1746380068,500,GET,GET /pastes/:slug,353.800000,0.000000,42,44,47,49,54,59,69,79,100,110,110,133558,1,47,61.38754754937698,28.137100000094506,666.7449999986275,2925.326854250588
1746380068,500,POST,POST /pastes,32.900000,0.000000,45,48,51,52,58,61,71,110,120,120,120,13215,0,50,65.1938367839494,30.241599999499158,846.7827000004036,2839.29474082482
1746380068,500,,Aggregated,386.700000,0.000000,42,45,47,49,54,59,69,80,110,120,120,146773,1,47,61.73025439760448,28.137100000094506,846.7827000004036,2917.5807812063526
1746380069,500,GET,GET /pastes/:slug,351.100000,0.000000,42,45,47,49,54,59,69,79,100,110,110,133913,1,47,61.33426964670873,28.137100000094506,666.7449999986275,2925.508247892288
1746380069,500,POST,POST /pastes,34.000000,0.000000,46,48,51,52,58,61,71,110,120,120,120,13244,0,50,65.14751311536479,30.241599999499158,846.7827000004036,2839.67313500453
1746380069,500,,Aggregated,385.100000,0.000000,42,45,47,49,54,59,69,80,110,120,120,147157,1,47,61.67745819022964,28.137100000094506,846.7827000004036,2917.7831635600073
1746380070,500,GET,GET /pastes/:slug,350.600000,0.000000,42,44,47,48,53,58,68,79,100,110,110,134266,1,47,61.27932724144391,28.137100000094506,666.7449999986275,2925.364857819552
1746380070,500,POST,POST /pastes,34.800000,0.000000,45,48,50,52,57,61,71,110,120,120,120,13284,0,50,65.08000984642386,30.241599999499158,846.7827000004036,2839.3005118940077
1746380070,500,,Aggregated,385.400000,0.000000,42,45,47,49,54,59,69,79,110,120,120,147550,1,47,61.62150458962811,28.137100000094506,846.7827000004036,2917.616441884107
1746380071,500,GET,GET /pastes/:slug,348.300000,0.000000,42,44,47,48,53,59,70,79,100,110,110,134610,1,47,61.23608879874975,28.137100000094506,666.7449999986275,2925.4636802614964
1746380071,500,POST,POST /pastes,35.100000,0.000000,45,47,50,52,58,63,76,110,120,120,120,13329,0,50,65.01919247504671,30.241599999499158,846.7827000004036,2839.5559306774703
1746380071,500,,Aggregated,383.400000,0.000000,42,45,47,49,54,60,72,79,110,120,120,147939,1,47,61.57693866863796,28.137100000094506,846.7827000004036,2917.723568497827
1746380072,500,GET,GET /pastes/:slug,347.400000,0.000000,42,44,47,49,53,59,70,80,95,110,110,134967,1,47,61.1978985359362,28.137100000094506,666.7449999986275,2925.3170256433054
1746380072,500,POST,POST /pastes,35.900000,0.000000,45,48,50,52,56,62,74,79,110,110,110,13358,0,50,64.98383542445686,30.241599999499158,846.7827000004036,2839.1602784848033
1746380072,500,,Aggregated,383.300000,0.000000,42,45,47,49,53,59,71,79,110,110,110,148325,1,47,61.53885619618821,28.137100000094506,846.7827000004036,2917.5578358334737
1746380073,500,GET,GET /pastes/:slug,349.200000,0.000000,42,44,46,48,52,57,66,75,90,91,91,135318,1,47,61.15444795001176,28.006700000332785,666.7449999986275,2925.1684772166304
1746380073,500,POST,POST /pastes,37.300000,0.000000,45,47,49,50,54,60,67,72,79,79,79,13392,0,50,64.94210273296717,30.241599999499158,846.7827000004036,2839.0814665471926
1746380073,500,,Aggregated,386.500000,0.000000,42,45,47,48,52,57,66,75,90,91,91,148710,1,47,61.49554318808141,28.006700000332785,846.7827000004036,2917.415957232197
1746380074,500,GET,GET /pastes/:slug,348.300000,0.000000,42,44,47,48,52,57,66,75,90,91,91,135662,1,47,61.10834010334279,28.006700000332785,666.7449999986275,2925.3669855965563
1746380074,500,POST,POST /pastes,36.700000,0.000000,45,47,49,50,54,60,67,72,79,79,79,13423,0,50,64.89377566862045,30.241599999499158,846.7827000004036,2838.9134321686656
1746380074,500,,Aggregated,385.000000,0.000000,42,45,47,48,52,58,66,75,90,91,91,149085,1,47,61.449165146725555,28.006700000332785,846.7827000004036,2917.583063353121
1746380075,500,GET,GET /pastes/:slug,349.700000,0.000000,42,44,46,48,52,56,65,73,90,91,91,136024,1,47,61.06007134770119,28.006700000332785,666.7449999986275,2925.3275966006
1746380075,500,POST,POST /pastes,37.300000,0.000000,45,47,49,50,54,61,67,72,79,79,79,13451,0,50,64.8515127351051,30.241599999499158,846.7827000004036,2839.046316259014
1746380075,500,,Aggregated,387.000000,0.000000,42,45,47,48,52,57,65,72,90,91,91,149475,1,47,61.401256683723766,28.006700000332785,846.7827000004036,2917.563291520321
1746380076,500,GET,GET /pastes/:slug,349.500000,0.000000,42,45,48,49,53,59,67,75,90,91,91,136379,1,47,61.029742775645076,28.006700000332785,666.7449999986275,2925.4670293813565
1746380076,500,POST,POST /pastes,35.200000,0.000000,45,48,50,51,57,61,67,72,79,79,79,13488,0,50,64.81163352608934,30.241599999499158,846.7827000004036,2839.5171263345196
1746380076,500,,Aggregated,384.700000,0.000000,43,46,48,49,53,59,67,75,90,91,91,149867,1,47,61.37011218613558,28.006700000332785,846.7827000004036,2917.731555312377
1746380077,500,GET,GET /pastes/:slug,350.900000,0.000000,43,46,48,49,54,60,69,76,90,91,91,136722,1,47,60.99127535436652,28.006700000332785,666.7449999986275,2925.5221105601145
1746380077,500,POST,POST /pastes,34.900000,0.000000,46,49,50,52,59,63,72,74,86,86,86,13528,0,50,64.77534857332195,30.241599999499158,846.7827000004036,2840.3135718509757
1746380077,500,,Aggregated,385.800000,0.000000,43,46,48,50,54,61,70,76,90,91,91,150250,1,47,61.3319804625595,28.006700000332785,846.7827000004036,2917.8502229617307
1746380078,500,GET,GET /pastes/:slug,348.800000,0.000000,43,46,48,50,55,61,72,77,91,95,95,137060,1,47,60.95267182255737,28.006700000332785,666.7449999986275,2925.469487815555
1746380078,500,POST,POST /pastes,35.200000,0.000000,46,49,52,53,60,63,72,76,88,88,88,13572,0,50,64.72577752725473,30.241599999499158,846.7827000004036,2841.8729000884173
1746380078,500,,Aggregated,384.000000,0.000000,43,46,49,50,55,62,72,77,91,95,95,150632,1,47,61.292630069305226,28.006700000332785,846.7827000004036,2917.9374037389134
1746380079,500,GET,GET /pastes/:slug,349.100000,0.000000,43,46,48,50,55,61,72,77,91,95,95,137437,1,47,60.90108010069873,28.006700000332785,666.7449999986275,2925.5209805219847
1746380079,500,POST,POST /pastes,35.100000,0.000000,47,50,52,53,60,64,72,76,88,88,88,13604,0,50,64.68399451631146,30.241599999499158,846.7827000004036,2841.5019112025875
1746380079,500,,Aggregated,384.200000,0.000000,44,47,49,51,55,62,72,77,91,95,95,151041,1,47,61.24180061837243,28.006700000332785,846.7827000004036,2917.9535291741977
1746380080,500,GET,GET /pastes/:slug,348.400000,0.000000,43,46,48,50,54,60,70,77,91,95,95,137783,1,47,60.85126495576161,28.006700000332785,666.7449999986275,2925.399512276551
1746380080,500,POST,POST /pastes,35.700000,0.000000,47,50,51,53,58,63,70,74,88,88,88,13641,0,50,64.63052411845895,30.241599999499158,846.7827000004036,2842.325562642035
1746380080,500,,Aggregated,384.100000,0.000000,43,46,48,50,54,61,70,76,91,95,95,151424,1,47,61.1917187427328,28.006700000332785,846.7827000004036,2917.915812552832
1746380081,500,GET,GET /pastes/:slug,350.700000,0.000000,42,45,47,49,53,59,66,73,87,95,95,138133,1,47,60.80023775057171,28.006700000332785,666.7449999986275,2925.47288482839
1746380081,500,POST,POST /pastes,35.700000,0.000000,46,49,51,53,58,63,69,72,88,88,88,13675,0,50,64.58088176233275,30.241599999499158,846.7827000004036,2842.9649725776967
1746380081,500,,Aggregated,386.400000,0.000000,43,46,48,49,54,59,67,73,88,95,95,151808,1,47,61.14080153417212,28.006700000332785,846.7827000004036,2918.040498524452
1746380082,500,GET,GET /pastes/:slug,351.400000,0.000000,42,45,47,49,53,59,65,72,87,95,95,138484,1,47,60.75358557522677,28.006700000332785,666.7449999986275,2925.3631394240488
1746380082,500,POST,POST /pastes,35.100000,0.000000,46,49,51,53,58,63,67,72,88,88,88,13713,0,50,64.52637363085361,30.241599999499158,846.7827000004036,2842.1524830452854
1746380082,500,,Aggregated,386.500000,0.000000,43,45,48,49,54,59,66,72,88,95,95,152197,1,47,61.09351502591753,28.006700000332785,846.7827000004036,2917.8658317838067
1746380083,500,GET,GET /pastes/:slug,350.600000,0.000000,42,45,47,48,53,58,65,72,87,95,95,138825,1,47,60.71036109562184,28.006700000332785,666.7449999986275,2925.288478300018
1746380083,500,POST,POST /pastes,34.700000,0.000000,46,49,51,53,58,63,67,72,88,88,88,13748,0,50,64.47597775675715,30.241599999499158,846.7827000004036,2843.323610707012
1746380083,500,,Aggregated,385.300000,0.000000,43,45,47,49,54,58,66,72,88,95,95,152573,1,47,61.04967209991001,28.006700000332785,846.7827000004036,2917.9028137350647
1746380084,500,GET,GET /pastes/:slug,350.800000,0.000000,42,45,47,49,54,59,66,75,90,95,95,139181,1,47,60.66971011991379,28.006700000332785,666.7449999986275,2925.347468404452
1746380084,500,POST,POST /pastes,35.500000,0.000000,46,49,51,53,58,62,67,72,88,88,88,13779,0,50,64.43668327163826,30.241599999499158,846.7827000004036,2843.866028013644
1746380084,500,,Aggregated,386.300000,0.000000,43,46,48,49,54,59,66,74,90,95,95,152960,1,47,61.00904800601197,28.006700000332785,846.7827000004036,2918.0074267782425
1746380085,500,GET,GET /pastes/:slug,350.900000,0.000000,42,44,46,48,52,57,64,70,90,95,95,139539,1,47,60.6208040117798,28.006700000332785,666.7449999986275,2925.6782691577264
1746380085,500,POST,POST /pastes,34.900000,0.000000,46,48,50,52,56,60,67,72,88,88,88,13815,0,50,64.3812880926454,30.241599999499158,846.7827000004036,2844.4689106044157
1746380085,500,,Aggregated,385.800000,0.000000,42,45,47,48,53,57,65,71,90,95,95,153354,1,47,60.95956979276449,28.006700000332785,846.7827000004036,2918.3624685368495
1746380086,500,GET,GET /pastes/:slug,349.000000,0.000000,41,44,46,47,52,55,61,67,90,95,95,139890,1,47,60.57473604760704,28.006700000332785,666.7449999986275,2925.5839087854743
1746380086,500,POST,POST /pastes,35.100000,0.000000,45,48,49,51,55,58,63,67,88,88,88,13864,0,50,64.31382471868868,30.241599999499158,846.7827000004036,2843.849394114253
1746380086,500,,Aggregated,384.100000,0.000000,42,44,46,47,52,56,61,67,90,95,95,153754,1,47,60.911889717338205,28.006700000332785,846.7827000004036,2918.2139066300715
1746380087,500,GET,GET /pastes/:slug,348.000000,0.000000,41,44,46,47,52,55,63,71,90,95,95,140259,1,47,60.53630228933443,28.006700000332785,666.7449999986275,2925.5218845136496
1746380087,500,POST,POST /pastes,36.300000,0.000000,44,47,49,50,55,58,63,67,71,71,71,13897,0,50,64.27289183276255,30.241599999499158,846.7827000004036,2843.830898755127
1746380087,500,,Aggregated,384.300000,0.000000,42,44,46,47,52,56,63,70,90,95,95,154156,1,47,60.87315187601926,28.006700000332785,846.7827000004036,2918.1575287371234
1746380088,500,GET,GET /pastes/:slug,348.700000,0.000000,41,44,46,47,52,56,65,71,90,95,95,140586,1,47,60.49502388573383,28.006700000332785,666.7449999986275,2925.783940079382
1746380088,500,POST,POST /pastes,37.500000,0.000000,44,47,49,50,55,58,63,67,71,71,71,13925,0,50,64.23709319209372,30.241599999499158,846.7827000004036,2843.652854578097
1746380088,500,,Aggregated,386.200000,0.000000,42,44,46,48,52,56,64,71,90,95,95,154511,1,47,60.832270522484805,28.006700000332785,846.7827000004036,2918.3820375248365
1746380089,500,GET,GET /pastes/:slug,352.300000,0.000000,42,45,47,48,52,56,65,71,90,95,95,140959,1,47,60.450398104411796,28.006700000332785,666.7449999986275,2925.81847913223
1746380089,500,POST,POST /pastes,37.000000,0.000000,44,47,49,50,55,59,64,67,78,78,78,13964,0,50,64.18647433399484,30.241599999499158,846.7827000004036,2843.1772414780867
1746380089,500,,Aggregated,389.300000,0.000000,42,45,47,48,52,57,64,71,90,95,95,154923,1,47,60.787149706626224,28.006700000332785,846.7827000004036,2918.3696029640532
1746380090,500,GET,GET /pastes/:slug,351.900000,0.000000,42,45,47,48,53,58,66,72,90,95,95,141298,1,47,60.41226119053191,28.006700000332785,666.7449999986275,2925.6905830231144
1746380090,500,POST,POST /pastes,34.900000,0.000000,44,47,49,51,57,60,67,71,78,78,78,14004,0,50,64.14274159525158,30.241599999499158,846.7827000004036,2843.724864324479
1746380090,500,,Aggregated,386.800000,0.000000,42,45,47,49,53,58,66,72,90,95,95,155302,1,47,60.74864866517913,28.006700000332785,846.7827000004036,2918.2995132065266
1746380091,500,GET,GET /pastes/:slug,351.100000,0.000000,42,45,48,49,53,59,68,73,90,95,95,141669,1,47,60.37468431766843,28.006700000332785,666.7449999986275,2925.6898192265066
1746380091,500,POST,POST /pastes,35.200000,0.000000,45,48,50,52,57,64,71,73,78,78,78,14041,0,50,64.1047355743822,30.241599999499158,846.7827000004036,2843.1172281176555
1746380091,500,,Aggregated,386.400000,0.000000,43,46,48,49,54,59,68,73,90,95,95,155710,1,47,60.7110381144412,28.006700000332785,846.7827000004036,2918.2439149701368
1746380092,500,GET,GET /pastes/:slug,349.400000,0.000000,42,45,48,49,53,59,68,72,90,95,95,142004,1,47,60.336195207175564,28.006700000332785,666.7449999986275,2925.6363764401003
1746380092,500,POST,POST /pastes,36.200000,0.000000,45,48,50,52,58,64,71,73,78,78,78,14075,0,50,64.06530344581917,30.241599999499158,846.7827000004036,2843.1533925399644
1746380092,500,,Aggregated,385.600000,0.000000,43,46,48,49,54,59,68,73,90,95,95,156079,1,47,60.67248130882201,28.006700000332785,846.7827000004036,2918.198168876018
1746380093,500,GET,GET /pastes/:slug,350.800000,0.000000,42,45,48,49,53,58,67,72,86,91,91,142349,1,47,60.29442898299079,28.006700000332785,666.7449999986275,2926.062438092294
1746380093,500,POST,POST /pastes,36.200000,0.000000,45,48,50,51,58,64,71,73,78,78,78,14107,0,50,64.02473049549168,30.241599999499158,846.7827000004036,2843.5992769547033
1746380093,500,,Aggregated,387.000000,0.000000,43,46,48,49,54,59,67,72,86,91,91,156456,1,47,60.630775070304935,28.006700000332785,846.7827000004036,2918.6270708697652
1746380094,500,GET,GET /pastes/:slug,350.100000,0.000000,43,46,48,49,54,60,70,74,92,100,100,142708,1,47,60.26045644042208,28.006700000332785,666.7449999986275,2925.8173753398546
1746380094,500,POST,POST /pastes,36.300000,0.000000,46,49,51,53,59,67,72,74,79,79,79,14143,0,50,63.98897417096126,30.241599999499158,846.7827000004036,2843.322491692003
1746380094,500,,Aggregated,386.400000,0.000000,43,46,48,50,55,61,70,74,92,100,100,156851,1,47,60.596650830403576,28.006700000332785,846.7827000004036,2918.3789456235536
1746380095,500,GET,GET /pastes/:slug,349.400000,0.000000,43,47,49,50,56,62,72,76,92,100,100,143050,1,47,60.231508807408325,28.006700000332785,666.7449999986275,2925.91607130374
1746380095,500,POST,POST /pastes,36.500000,0.000000,46,49,52,55,61,68,73,78,84,84,84,14178,0,50,63.96011124981711,30.241599999499158,846.7827000004036,2843.299548596417
1746380095,500,,Aggregated,385.900000,0.000000,44,47,49,50,56,63,72,77,92,100,100,157228,1,47,60.56773470501208,28.006700000332785,846.7827000004036,2918.46614470705
1746380096,500,GET,GET /pastes/:slug,351.900000,0.000000,43,47,49,50,57,63,72,77,92,100,100,143404,1,47,60.194702154052464,28.006700000332785,666.7449999986275,2925.9052746087973
1746380096,500,POST,POST /pastes,36.400000,0.000000,47,50,54,56,61,69,73,78,84,84,84,14201,0,50,63.9427933948246,30.241599999499158,846.7827000004036,2844.1806915005986
1746380096,500,,Aggregated,388.300000,0.000000,44,47,49,51,58,64,73,78,92,100,100,157605,1,47,60.53242395037982,28.006700000332785,846.7827000004036,2918.541480282986
1746380097,500,GET,GET /pastes/:slug,350.400000,0.000000,44,47,49,50,57,62,72,76,92,100,100,143765,1,47,60.1559019761399,28.006700000332785,666.7449999986275,2926.065092338191
1746380097,500,POST,POST /pastes,36.200000,0.000000,47,51,54,56,61,68,73,78,84,84,84,14236,0,50,63.90379341808793,30.241599999499158,846.7827000004036,2843.6187833661143
1746380097,500,,Aggregated,386.600000,0.000000,44,47,49,51,57,63,72,76,92,100,100,158001,1,47,60.49358960196216,28.006700000332785,846.7827000004036,2918.636622553022
1746380098,500,GET,GET /pastes/:slug,350.200000,0.000000,43,47,49,50,56,62,71,76,92,100,100,144134,1,47,60.111452922972816,28.006700000332785,666.7449999986275,2926.2064953446097
1746380098,500,POST,POST /pastes,33.700000,0.000000,47,51,54,56,61,68,73,74,84,84,84,14272,0,50,63.86256382426416,30.241599999499158,846.7827000004036,2843.1022281390133
1746380098,500,,Aggregated,383.900000,0.000000,44,47,49,51,57,63,72,76,92,100,100,158406,1,47,60.44941900243448,28.006700000332785,846.7827000004036,2918.719000542909
1746380099,500,GET,GET /pastes/:slug,349.700000,0.000000,43,46,48,50,55,62,71,75,92,100,100,144485,1,47,60.06649536214663,28.006700000332785,666.7449999986275,2926.5183583070907
1746380099,500,POST,POST /pastes,34.000000,0.000000,47,50,54,56,61,67,72,74,84,84,84,14298,0,50,63.824413036781316,30.241599999499158,846.7827000004036,2843.364176807945
1746380099,500,,Aggregated,383.700000,0.000000,43,47,49,50,56,62,71,75,92,100,100,158783,1,47,60.404886165393215,28.006700000332785,846.7827000004036,2919.030538533722
1746380100,500,GET,GET /pastes/:slug,352.100000,0.000000,43,46,48,50,56,63,71,77,92,100,100,144857,1,47,60.03381862388255,28.006700000332785,666.7449999986275,2926.921066983301
1746380100,500,POST,POST /pastes,34.700000,0.000000,47,51,54,56,62,67,70,79,90,90,90,14336,0,50,63.79550172292847,30.241599999499158,846.7827000004036,2843.6510184151784
1746380100,500,,Aggregated,386.800000,0.000000,43,47,49,50,57,63,71,77,92,100,100,159193,1,47,60.37257402712197,28.006700000332785,846.7827000004036,2919.422248465699
1746380101,500,GET,GET /pastes/:slug,351.000000,0.000000,43,46,49,50,56,63,71,77,92,100,100,145195,1,47,59.996603511138545,28.006700000332785,666.7449999986275,2926.8815041840285
1746380101,500,POST,POST /pastes,34.000000,0.000000,46,51,54,56,61,67,70,79,90,90,90,14375,0,50,63.74615812868873,30.241599999499158,846.7827000004036,2843.195060869565
1746380101,500,,Aggregated,384.900000,0.000000,43,47,49,51,57,63,71,77,92,100,100,159570,1,47,60.334385347494106,28.006700000332785,846.7827000004036,2919.3425393244343
1746380102,500,GET,GET /pastes/:slug,353.400000,0.000000,43,47,49,51,60,68,77,85,120,130,130,145547,1,47,59.980736723531116,28.006700000332785,666.7449999986275,2926.859536781933
1746380102,500,POST,POST /pastes,32.900000,0.000000,48,52,56,58,65,74,90,110,130,130,130,14420,0,50,63.742328460464904,30.241599999499158,846.7827000004036,2843.5047850208043
1746380102,500,,Aggregated,386.300000,0.000000,44,47,50,52,60,69,78,88,120,130,130,159967,1,47,60.319820114771495,28.006700000332785,846.7827000004036,2919.345640038258
1746380103,500,GET,GET /pastes/:slug,352.000000,0.000000,44,48,50,52,61,70,79,93,130,130,130,145912,1,47,59.96769123101448,28.006700000332785,666.7449999986275,2926.9841274192663
1746380103,500,POST,POST /pastes,33.000000,0.000000,48,53,57,60,67,78,100,110,130,130,130,14449,0,50,63.73967876669041,30.241599999499158,846.7827000004036,2843.7448958405425
1746380103,500,,Aggregated,385.000000,0.000000,44,48,51,53,62,71,80,95,130,130,130,160361,1,47,60.30755845498378,28.006700000332785,846.7827000004036,2919.4840266648375
1746380104,500,GET,GET /pastes/:slug,351.800000,0.000000,44,48,51,54,63,72,85,95,130,130,130,146250,1,47,59.95725286769083,28.006700000332785,666.7449999986275,2927.0646495726496
1746380104,500,POST,POST /pastes,33.800000,0.000000,49,55,58,63,72,85,100,110,130,130,130,14492,0,50,63.73173534363112,30.241599999499158,846.7827000004036,2842.1088186585703
1746380104,500,,Aggregated,385.600000,0.000000,45,49,52,55,64,74,88,100,130,130,130,160742,1,47,60.29754849696812,28.006700000332785,846.7827000004036,2919.405295442386
1746380105,500,GET,GET /pastes/:slug,352.800000,0.000000,45,48,51,54,63,72,85,95,130,130,130,146615,1,47,59.92142850526753,28.006700000332785,666.7449999986275,2927.161722879651
1746380105,500,POST,POST /pastes,34.200000,0.000000,49,53,57,61,71,80,100,110,130,130,130,14529,0,50,63.69104255626061,30.241599999499158,846.7827000004036,2841.848441048937
1746380105,500,,Aggregated,387.000000,0.000000,45,49,52,54,63,74,88,100,130,130,130,161144,1,47,60.261302919126194,28.006700000332785,846.7827000004036,2919.4697413493523
1746380106,500,GET,GET /pastes/:slug,353.100000,0.000000,45,48,51,53,62,71,84,95,130,130,130,146974,1,47,59.885176801337664,28.006700000332785,666.7449999986275,2927.1294106440596
1746380106,500,POST,POST /pastes,34.200000,0.000000,49,54,57,62,72,85,100,110,130,130,130,14547,0,50,63.677579975246516,30.241599999499158,846.7827000004036,2841.857152677528
1746380106,500,,Aggregated,387.300000,0.000000,45,49,52,54,63,73,88,100,130,130,130,161521,1,47,60.22673046290991,28.006700000332785,846.7827000004036,2919.4495700249504
1746380107,500,GET,GET /pastes/:slug,353.300000,0.000000,45,48,51,53,62,71,84,95,130,130,130,147328,1,47,59.845553605558905,28.006700000332785,666.7449999986275,2927.3337247502172
1746380107,500,POST,POST /pastes,34.200000,0.000000,49,53,57,62,73,85,100,110,130,130,130,14572,0,50,63.64772512351864,30.241599999499158,846.7827000004036,2841.8850535273127
1746380107,500,,Aggregated,387.500000,0.000000,45,49,52,54,63,73,89,100,130,130,130,161900,1,47,60.187772526866326,28.006700000332785,846.7827000004036,2919.642816553428
1746380108,500,GET,GET /pastes/:slug,356.200000,0.000000,45,49,52,54,63,72,85,95,130,130,130,147667,1,46,59.80931687377547,28.006700000332785,666.7449999986275,2927.3507418719146
1746380108,500,POST,POST /pastes,34.500000,0.000000,49,54,58,63,73,85,100,110,130,130,130,14612,0,50,63.60174356692535,30.241599999499158,846.7827000004036,2841.096222283055
1746380108,500,,Aggregated,390.700000,0.000000,45,49,52,55,63,73,89,100,130,130,130,162279,1,47,60.15079629403483,28.006700000332785,846.7827000004036,2919.5841729367326
1746380109,500,GET,GET /pastes/:slug,353.800000,0.000000,46,49,53,55,63,72,85,95,130,130,130,148036,1,46,59.782540650921106,28.006700000332785,666.7449999986275,2927.6241724985816
1746380109,500,POST,POST /pastes,33.600000,0.000000,50,54,60,63,74,85,100,110,130,130,130,14639,0,50,63.580863371808924,30.241599999499158,846.7827000004036,2841.1099118792267
1746380109,500,,Aggregated,387.400000,0.000000,46,50,53,56,64,74,89,100,130,130,130,162675,1,47,60.124348834791014,28.006700000332785,846.7827000004036,2919.8388197325958
1746380110,500,GET,GET /pastes/:slug,353.600000,0.000000,45,49,52,54,62,71,85,95,130,130,130,148406,1,46,59.74008256808844,28.006700000332785,666.7449999986275,2927.4594827702385
1746380110,500,POST,POST /pastes,33.500000,0.000000,49,54,58,62,73,80,100,110,130,130,130,14675,0,50,63.54191505280524,30.241599999499158,846.7827000004036,2841.1603407155026
1746380110,500,,Aggregated,387.100000,0.000000,46,49,52,55,63,73,87,100,130,130,130,163081,1,47,60.08219410599402,28.006700000332785,846.7827000004036,2919.6937718066483
1746380111,500,GET,GET /pastes/:slug,355.200000,0.000000,45,49,52,54,63,72,87,96,130,130,130,148745,1,46,59.7061358405306,28.006700000332785,666.7449999986275,2927.3581632996065
1746380111,500,POST,POST /pastes,33.700000,0.000000,48,54,59,62,74,85,100,110,130,130,130,14714,0,50,63.50060197090663,30.241599999499158,846.7827000004036,2841.111186624983
1746380111,500,,Aggregated,388.900000,0.000000,45,49,52,55,63,73,89,100,130,130,130,163459,1,47,60.04770023675418,28.006700000332785,846.7827000004036,2919.594516056014
1746380112,500,GET,GET /pastes/:slug,353.000000,0.000000,44,48,50,52,58,66,74,84,97,110,110,149095,1,46,59.66859355176053,28.006700000332785,666.7449999986275,2927.6677957007278
1746380112,500,POST,POST /pastes,34.500000,0.000000,48,52,54,57,66,74,85,96,100,100,100,14744,0,50,63.46785318094972,30.241599999499158,846.7827000004036,2840.665626695605
1746380112,500,,Aggregated,387.500000,0.000000,44,48,50,52,59,66,76,85,100,110,110,163839,1,47,60.010491903024416,28.006700000332785,846.7827000004036,2919.8384023339986
1746380113,500,GET,GET /pastes/:slug,354.200000,0.000000,44,47,49,51,57,62,69,73,90,97,97,149446,1,46,59.63867807836775,28.006700000332785,666.7449999986275,2927.321748323809
1746380113,500,POST,POST /pastes,34.400000,0.000000,47,51,53,55,62,67,78,80,96,96,96,14777,0,50,63.43651677606542,30.241599999499158,846.7827000004036,2840.1898220207077
1746380113,500,,Aggregated,388.600000,0.000000,44,47,50,51,57,63,69,74,93,97,97,164223,1,47,59.98041256401125,28.006700000332785,846.7827000004036,2919.4815038088454
1746380114,500,GET,GET /pastes/:slug,354.600000,0.000000,44,47,49,51,56,61,68,73,90,97,97,149823,1,46,59.60376557604468,28.006700000332785,666.7449999986275,2927.539323067887
1746380114,500,POST,POST /pastes,32.800000,0.000000,47,51,53,55,60,65,76,80,96,96,96,14807,0,50,63.40896821772943,30.241599999499158,846.7827000004036,2840.907408658067
1746380114,500,,Aggregated,387.400000,0.000000,44,47,50,51,56,62,69,73,93,97,97,164630,1,47,59.94600961124714,28.006700000332785,846.7827000004036,2919.7475551236107
1746380115,500,GET,GET /pastes/:slug,354.700000,0.000000,43,46,49,50,55,61,68,73,90,97,97,150166,1,46,59.56507666049428,28.006700000332785,666.7449999986275,2927.3028448516975
1746380115,500,POST,POST /pastes,32.200000,0.000000,46,50,52,54,60,66,73,78,96,96,96,14848,0,49,63.36021311287213,30.241599999499158,846.7827000004036,2841.454337284483
1746380115,500,,Aggregated,386.900000,0.000000,43,47,49,50,56,61,69,73,93,97,97,165014,1,47,59.90656396487367,28.006700000332785,846.7827000004036,2919.578175185136
1746380116,500,GET,GET /pastes/:slug,354.100000,0.000000,43,46,48,50,55,60,68,72,90,97,97,150524,1,46,59.52455871023763,28.006700000332785,666.7449999986275,2927.3828226727965
1746380116,500,POST,POST /pastes,32.000000,0.000000,45,49,52,53,60,65,73,78,96,96,96,14879,0,49,63.31977519994103,30.241599999499158,846.7827000004036,2841.433429665972
1746380116,500,,Aggregated,386.100000,0.000000,43,47,49,50,56,61,69,73,93,97,97,165403,1,47,59.86596138219795,28.006700000332785,846.7827000004036,2919.651155057647
1746380117,500,GET,GET /pastes/:slug,355.400000,0.000000,43,46,48,50,55,60,68,73,90,97,97,150867,1,46,59.48844532601438,28.006700000332785,666.7449999986275,2927.195854626923
1746380117,500,POST,POST /pastes,32.200000,0.000000,46,49,52,53,59,65,73,78,96,96,96,14921,0,49,63.275964506395226,30.241599999499158,846.7827000004036,2841.4901816232154
1746380117,500,,Aggregated,387.600000,0.000000,43,47,49,50,56,60,69,73,93,97,97,165788,1,47,59.82932387989296,28.006700000332785,846.7827000004036,2919.4823026998333
1746380118,500,GET,GET /pastes/:slug,352.000000,0.000000,43,46,48,49,54,59,67,72,90,97,97,151219,1,46,59.449532753158145,28.006700000332785,666.7449999986275,2927.285678386975
1746380118,500,POST,POST /pastes,32.600000,0.000000,46,49,51,52,56,62,70,78,96,96,96,14961,0,49,63.22441014637536,30.241599999499158,846.7827000004036,2841.881959762048
1746380118,500,,Aggregated,384.600000,0.000000,43,46,48,50,54,59,67,72,93,97,97,166180,1,47,59.789380753398106,28.006700000332785,846.7827000004036,2919.596876880491
1746380119,500,GET,GET /pastes/:slug,352.500000,0.000000,42,45,47,49,53,57,66,70,90,97,97,151589,1,46,59.40529626357991,28.006700000332785,666.7449999986275,2927.0868532677173
1746380119,500,POST,POST /pastes,34.200000,0.000000,45,49,50,52,56,60,69,74,96,96,96,14990,0,49,63.187597785184956,30.241599999499158,846.7827000004036,2841.9350233488994
1746380119,500,,Aggregated,386.700000,0.000000,43,45,48,49,53,58,66,71,93,97,97,166579,1,47,59.745655491386636,28.006700000332785,846.7827000004036,2919.4242671645284
1746380120,500,GET,GET /pastes/:slug,352.000000,0.000000,43,46,48,49,54,59,69,75,92,97,97,151948,1,46,59.37582993523979,28.006700000332785,666.7449999986275,2927.0233369310554
1746380120,500,POST,POST /pastes,35.400000,0.000000,46,49,51,52,57,63,71,78,96,96,96,15018,0,49,63.163819336790425,30.241599999499158,846.7827000004036,2841.8062991077372
1746380120,500,,Aggregated,387.400000,0.000000,43,46,48,49,54,59,69,77,93,97,97,166966,1,47,59.71654615789856,28.006700000332785,846.7827000004036,2919.3583663739923
1746380121,500,GET,GET /pastes/:slug,352.400000,0.000000,43,46,48,49,54,59,69,79,91,94,94,152305,1,46,59.344428765961794,28.006700000332785,666.7449999986275,2926.6858868717377
1746380121,500,POST,POST /pastes,34.800000,0.000000,46,49,51,52,57,65,73,83,86,86,86,15057,0,49,63.133043003249234,30.241599999499158,846.7827000004036,2841.2383608952646
1746380121,500,,Aggregated,387.200000,0.000000,43,46,48,49,54,60,70,80,91,94,94,167362,1,47,59.68527773150233,28.006700000332785,846.7827000004036,2918.9984584314243
1746380122,500,GET,GET /pastes/:slug,353.200000,0.000000,43,46,48,50,55,63,71,81,91,94,94,152658,1,46,59.31533140942391,28.006700000332785,666.7449999986275,2926.49057370069
1746380122,500,POST,POST /pastes,33.700000,0.000000,45,49,51,52,57,65,73,83,86,86,86,15085,0,49,63.10071485581185,30.241599999499158,846.7827000004036,2840.4316208153796
1746380122,500,,Aggregated,386.900000,0.000000,43,46,48,50,55,63,71,81,91,94,94,167743,1,47,59.655748054462556,28.006700000332785,846.7827000004036,2918.751357731768
1746380123,500,GET,GET /pastes/:slug,353.100000,0.000000,42,45,47,49,54,61,71,81,91,94,94,153014,1,46,59.27827706484265,28.006700000332785,666.7449999986275,2926.412406707883
1746380123,500,POST,POST /pastes,34.000000,0.000000,45,48,50,52,57,64,73,77,86,86,86,15125,0,49,63.053770796689506,30.241599999499158,846.7827000004036,2840.800991735537
1746380123,500,,Aggregated,387.100000,0.000000,42,45,48,49,54,62,71,81,91,94,94,168139,1,47,59.6179028666741,28.006700000332785,846.7827000004036,2918.7112032306604
1746380124,500,GET,GET /pastes/:slug,352.500000,0.000000,42,45,47,49,54,61,70,81,91,94,94,153369,1,46,59.24293593685698,28.006700000332785,666.7449999986275,2926.490086001734
1746380124,500,POST,POST /pastes,33.900000,0.000000,45,48,50,52,57,64,73,77,86,86,86,15161,0,49,63.01497569421084,30.241599999499158,846.7827000004036,2840.209418903766
1746380124,500,,Aggregated,386.400000,0.000000,43,45,48,49,54,62,71,81,91,94,94,168530,1,47,59.582269555566974,28.006700000332785,846.7827000004036,2918.7282560968374
1746380125,500,GET,GET /pastes/:slug,354.200000,0.000000,43,46,49,50,57,65,74,83,92,110,110,153719,1,46,59.22951323193485,28.006700000332785,666.7449999986275,2926.640714550576
1746380125,500,POST,POST /pastes,33.900000,0.000000,46,50,52,54,62,70,77,83,100,100,100,15204,0,49,63.00381316100573,30.241599999499158,846.7827000004036,2840.4507366482503
1746380125,500,,Aggregated,388.100000,0.000000,43,47,49,51,57,65,75,83,94,110,110,168923,1,47,59.56922100483464,28.006700000332785,846.7827000004036,2918.8831420232887
1746380126,500,GET,GET /pastes/:slug,354.500000,0.000000,43,47,49,51,58,66,75,84,93,110,110,154062,1,46,59.20667948293395,28.006700000332785,666.7449999986275,2926.561708922382
1746380126,500,POST,POST /pastes,34.800000,0.000000,47,51,54,56,63,70,77,83,100,100,100,15239,0,49,62.98216475490078,30.241599999499158,846.7827000004036,2839.9547870595184
1746380126,500,,Aggregated,389.300000,0.000000,44,47,50,52,59,67,76,84,94,110,110,169301,1,47,59.546515751233954,28.006700000332785,846.7827000004036,2918.7661088829955
1746380127,500,GET,GET /pastes/:slug,352.300000,0.000000,44,47,50,52,59,68,79,87,100,110,110,154422,1,46,59.177391042077815,28.006700000332785,666.7449999986275,2926.3799199595915
1746380127,500,POST,POST /pastes,35.100000,0.000000,47,51,54,56,64,70,77,83,100,100,100,15277,0,49,62.94366061399072,30.241599999499158,846.7827000004036,2840.746088891798
1746380127,500,,Aggregated,387.400000,0.000000,44,48,50,52,60,68,79,87,100,110,110,169699,1,47,59.51644607628585,28.006700000332785,846.7827000004036,2918.6708112599367
1746380128,500,GET,GET /pastes/:slug,354.200000,0.000000,45,48,51,53,60,69,79,87,100,110,110,154746,1,46,59.15383093391578,28.006700000332785,666.7449999986275,2926.3804298657155
1746380128,500,POST,POST /pastes,36.100000,0.000000,48,51,55,57,64,72,79,83,100,100,100,15311,0,49,62.91078761021041,30.241599999499158,846.7827000004036,2840.1903859969957
1746380128,500,,Aggregated,390.300000,0.000000,45,49,51,54,61,69,79,87,100,110,110,170057,1,47,59.49208671680446,28.006700000332785,846.7827000004036,2918.6203508235476
1746380129,500,GET,GET /pastes/:slug,354.600000,0.000000,45,49,52,54,61,69,80,87,100,110,110,155122,1,46,59.12774703136707,28.006700000332785,666.7449999986275,2926.537267441111
1746380129,500,POST,POST /pastes,35.600000,0.000000,48,52,55,57,64,70,79,83,100,100,100,15346,0,49,62.878429864455235,30.241599999499158,846.7827000004036,2839.419066857813
1746380129,500,,Aggregated,390.200000,0.000000,45,49,52,55,61,69,80,87,100,110,110,170468,1,47,59.46539385514939,28.006700000332785,846.7827000004036,2918.6946465025694
1746380130,500,GET,GET /pastes/:slug,352.800000,0.000000,45,48,51,53,59,66,74,80,100,110,110,155472,1,46,59.09090705142879,28.006700000332785,666.7449999986275,2926.598178450139
1746380130,500,POST,POST /pastes,34.900000,0.000000,47,51,53,56,61,66,75,79,100,100,100,15386,0,49,62.83251999869552,30.241599999499158,846.7827000004036,2839.207006369427
1746380130,500,,Aggregated,387.700000,0.000000,45,49,51,53,59,66,74,80,100,110,110,170858,1,47,59.427844489573936,28.006700000332785,846.7827000004036,2918.7284821313606
1746380131,500,GET,GET /pastes/:slug,350.500000,0.000000,45,48,51,53,58,65,73,79,100,110,110,155834,1,46,59.057854690245605,28.006700000332785,666.7449999986275,2926.6187674063426
1746380131,500,POST,POST /pastes,35.400000,0.000000,47,51,54,56,61,66,75,79,100,100,100,15418,0,49,62.80365060318678,30.241599999499158,846.7827000004036,2839.4208068491375
1746380131,500,,Aggregated,385.900000,0.000000,45,49,51,53,58,65,73,79,100,110,110,171252,1,47,59.39509268679858,28.006700000332785,846.7827000004036,2918.7682421227196
1746380132,500,GET,GET /pastes/:slug,350.900000,0.000000,45,48,51,52,57,63,72,79,100,110,110,156180,1,46,59.02224521641517,28.006700000332785,666.7449999986275,2926.6663209117683
1746380132,500,POST,POST /pastes,35.900000,0.000000,48,51,54,56,60,65,75,79,100,100,100,15454,0,49,62.76750179241202,30.241599999499158,846.7827000004036,2839.298175229714
1746380132,500,,Aggregated,386.800000,0.000000,45,48,51,52,58,64,72,79,100,110,110,171634,1,47,59.35946974725066,28.006700000332785,846.7827000004036,2918.799655079996
1746380133,500,GET,GET /pastes/:slug,351.000000,0.000000,45,48,51,53,58,64,73,79,100,110,110,156522,1,46,58.994173342403876,28.006700000332785,666.7449999986275,2926.281947585643
1746380133,500,POST,POST /pastes,36.000000,0.000000,48,52,54,56,61,66,75,81,100,100,100,15486,0,49,62.73783891256243,30.241599999499158,846.7827000004036,2839.2950406819064
1746380133,500,,Aggregated,387.000000,0.000000,45,49,51,53,58,64,73,79,100,110,110,172008,1,47,59.33121816019978,28.006700000332785,846.7827000004036,2918.450455792754
1746380134,500,GET,GET /pastes/:slug,352.500000,0.000000,45,49,52,54,60,68,77,85,100,110,110,156913,1,46,58.98181091687584,28.006700000332785,666.7449999986275,2926.278287968492
1746380134,500,POST,POST /pastes,36.900000,0.000000,48,52,56,58,64,73,81,86,100,100,100,15522,0,49,62.733617381777144,30.241599999499158,846.7827000004036,2839.425718335266
1746380134,500,,Aggregated,389.400000,0.000000,46,49,52,55,60,68,78,86,100,110,110,172435,1,47,59.319535508450414,28.006700000332785,846.7827000004036,2918.4601212050916
1746380135,500,GET,GET /pastes/:slug,349.800000,0.000000,45,48,51,52,58,64,75,82,100,100,100,157253,1,46,58.951100752925065,28.006700000332785,666.7449999986275,2926.36592624624
1746380135,500,POST,POST /pastes,36.400000,0.000000,47,51,53,55,61,67,78,81,97,97,97,15551,0,49,62.70359616744534,30.241599999499158,846.7827000004036,2839.130988360877
1746380135,500,,Aggregated,386.200000,0.000000,45,48,51,53,58,64,76,82,100,100,100,172804,1,47,59.28879580738661,28.006700000332785,846.7827000004036,2918.5154683919354
1746380136,500,GET,GET /pastes/:slug,349.400000,0.000000,45,48,50,52,57,63,72,78,92,100,100,157610,1,46,58.917254056847426,28.006700000332785,666.7449999986275,2926.4337415138634
1746380136,500,POST,POST /pastes,35.800000,0.000000,46,51,53,54,61,67,79,81,97,97,97,15580,0,49,62.67493218869977,30.241599999499158,846.7827000004036,2839.4566110397946
1746380136,500,,Aggregated,385.200000,0.000000,45,48,51,52,58,63,73,79,93,100,100,173190,1,47,59.25529104105104,28.006700000332785,846.7827000004036,2918.6093654368037
1746380137,500,GET,GET /pastes/:slug,351.300000,0.000000,44,48,50,52,57,62,74,81,95,100,100,157959,1,46,58.88900640799032,28.006700000332785,666.7449999986275,2926.422881887072
1746380137,500,POST,POST /pastes,34.800000,0.000000,47,51,53,55,61,70,80,83,97,97,97,15622,0,49,62.64300304058012,30.241599999499158,846.7827000004036,2838.7582895916016
1746380137,500,,Aggregated,386.100000,0.000000,44,48,50,52,57,63,75,81,96,100,100,173581,1,47,59.22685983315941,28.006700000332785,846.7827000004036,2918.5332150408167
1746380138,500,GET,GET /pastes/:slug,351.000000,0.000000,44,47,50,51,57,61,72,80,95,100,100,158305,1,46,58.85804975584929,28.006700000332785,666.7449999986275,2926.335137866776
1746380138,500,POST,POST /pastes,33.700000,0.000000,47,51,53,55,61,70,80,83,97,97,97,15666,0,49,62.60135029362583,30.241599999499158,846.7827000004036,2840.1300268096516
1746380138,500,,Aggregated,384.700000,0.000000,44,48,50,52,57,62,73,81,96,100,100,173971,1,47,59.1951320639625,28.006700000332785,846.7827000004036,2918.57241149387
1746380139,500,GET,GET /pastes/:slug,351.500000,0.000000,44,48,50,52,58,65,81,91,120,280,280,158625,1,46,58.84756995051023,28.006700000332785,666.7449999986275,2926.5589598108745
1746380139,500,POST,POST /pastes,34.400000,0.000000,47,51,54,57,62,73,86,97,270,270,270,15709,0,49,62.58908546056048,30.241599999499158,846.7827000004036,2839.949201094914
1746380139,500,,Aggregated,385.900000,0.000000,45,48,51,52,59,66,81,92,120,280,280,174334,1,47,59.18471283226214,28.006700000332785,846.7827000004036,2918.7546720662635
1746380140,500,GET,GET /pastes/:slug,351.200000,0.000000,45,50,53,57,69,85,100,120,140,280,280,158983,1,46,58.888578492667015,28.006700000332785,666.7449999986275,2926.6100274872156
1746380140,500,POST,POST /pastes,34.000000,0.000000,48,53,57,59,71,84,110,120,270,270,270,15731,0,49,62.618625719912615,30.241599999499158,846.7827000004036,2840.7604093827476
1746380140,500,,Aggregated,385.200000,0.000000,46,50,54,57,69,85,100,120,140,280,280,174714,1,47,59.22442663838951,28.006700000332785,846.7827000004036,2918.8802500085853
1746380141,500,GET,GET /pastes/:slug,349.400000,0.000000,48,54,61,67,89,110,120,120,140,280,280,159357,1,46,58.958049589284904,28.006700000332785,666.7449999986275,2926.5676939199407
1746380141,500,POST,POST /pastes,35.500000,0.000000,50,58,62,70,86,110,120,130,270,270,270,15765,0,49,62.683284992067506,30.241599999499158,846.7827000004036,2841.0810022201076
1746380141,500,,Aggregated,384.900000,0.000000,48,54,61,67,89,110,120,120,140,280,280,175122,1,47,59.29340628989835,28.006700000332785,846.7827000004036,2918.8719292835854
1746380142,500,GET,GET /pastes/:slug,348.800000,0.000000,50,60,70,77,97,110,120,120,140,280,280,159666,1,46,59.00455029937286,28.006700000332785,666.7449999986275,2926.4199203336966
1746380142,500,POST,POST /pastes,36.200000,0.000000,53,61,75,81,100,110,120,140,270,270,270,15802,0,49,62.746078641940166,30.241599999499158,846.7827000004036,2841.818757119352
1746380142,500,,Aggregated,385.000000,0.000000,50,60,70,78,97,110,120,130,140,280,280,175468,1,47,59.34149852280509,28.006700000332785,846.7827000004036,2918.8010520436774
1746380143,500,GET,GET /pastes/:slug,346.300000,0.000000,53,69,81,89,110,110,120,130,140,280,280,160006,1,46,59.08027935952181,28.006700000332785,666.7449999986275,2926.3959601514944
1746380143,500,POST,POST /pastes,34.300000,0.000000,57,72,84,91,110,120,130,140,270,270,270,15839,0,49,62.82594719994532,30.241599999499158,846.7827000004036,2841.6037628638173
1746380143,500,,Aggregated,380.600000,0.000000,53,69,82,89,110,110,120,130,140,280,280,175845,1,47,59.41766531263063,28.006700000332785,846.7827000004036,2918.758417924877
1746380144,500,GET,GET /pastes/:slug,346.400000,0.000000,59,78,89,95,110,120,130,130,160,280,280,160372,1,46,59.14323139637618,28.006700000332785,666.7449999986275,2926.196474446911
1746380144,500,POST,POST /pastes,33.700000,0.000000,58,78,87,96,110,120,130,140,270,270,270,15871,0,49,62.85790975363462,30.241599999499158,846.7827000004036,2841.2653897044925
1746380144,500,,Aggregated,380.100000,0.000000,59,78,89,95,110,120,130,130,160,280,280,176243,1,47,59.47774488177985,28.006700000332785,846.7827000004036,2918.5482770946933
1746380145,500,GET,GET /pastes/:slug,344.700000,0.000000,59,78,90,95,110,120,130,130,160,280,280,160716,1,46,59.10836926939216,28.006700000332785,666.7449999986275,2926.0342031907217
1746380145,500,POST,POST /pastes,34.600000,0.000000,58,78,87,96,110,120,130,140,270,270,270,15905,0,49,62.82131895001116,30.241599999499158,846.7827000004036,2841.282426909777
1746380145,500,,Aggregated,379.300000,0.000000,59,78,89,95,110,120,130,130,160,280,280,176621,1,47,59.44272625225485,28.006700000332785,846.7827000004036,2918.402171882166
1746380146,500,GET,GET /pastes/:slug,342.000000,0.000000,57,78,89,95,110,120,130,130,160,280,280,161069,1,46,59.0722720660067,28.006700000332785,666.7449999986275,2926.115857179221
1746380146,500,POST,POST /pastes,34.600000,0.000000,57,78,87,96,110,120,130,140,270,270,270,15940,0,49,62.78171249058507,30.241599999499158,846.7827000004036,2841.0162484316184
1746380146,500,,Aggregated,376.600000,0.000000,57,78,89,95,110,120,130,130,160,280,280,177009,1,47,59.406314291925824,28.006700000332785,846.7827000004036,2918.45247416798
1746380147,500,GET,GET /pastes/:slug,342.500000,0.000000,56,78,89,95,110,120,130,130,160,280,280,161418,1,46,59.03343326456589,28.006700000332785,666.7449999986275,2926.17135635431
1746380147,500,POST,POST /pastes,34.900000,0.000000,56,78,87,97,110,120,130,140,270,270,270,15968,0,49,62.7511051978908,30.241599999499158,846.7827000004036,2841.7937124248497
1746380147,500,,Aggregated,377.400000,0.000000,56,78,89,95,110,120,130,130,160,280,280,177386,1,47,59.36809206194152,28.006700000332785,846.7827000004036,2918.575817708275
1746380148,500,GET,GET /pastes/:slug,342.000000,0.000000,54,77,89,95,110,120,130,130,160,280,280,161782,1,46,58.99626969687401,28.006700000332785,666.7449999986275,2926.004172281218
1746380148,500,POST,POST /pastes,35.400000,0.000000,56,78,87,97,110,120,130,140,270,270,270,16010,0,49,62.70501653965813,30.241599999499158,846.7827000004036,2840.976389756402
1746380148,500,,Aggregated,377.400000,0.000000,55,77,89,95,110,120,130,130,160,280,280,177792,1,47,59.33023881220492,28.006700000332785,846.7827000004036,2918.347501574874
1746380149,500,GET,GET /pastes/:slug,341.900000,0.000000,49,70,84,91,110,110,130,130,160,160,160,162155,1,46,58.9548490925329,28.006700000332785,666.7449999986275,2926.0736764207086
1746380149,500,POST,POST /pastes,34.500000,0.000000,52,76,86,94,110,120,130,130,140,140,140,16036,0,49,62.679604714387416,30.241599999499158,846.7827000004036,2840.633886255924
1746380149,500,,Aggregated,376.400000,0.000000,49,71,85,91,110,120,130,130,160,160,160,178191,1,47,59.29005222373481,28.006700000332785,846.7827000004036,2918.3846658922166
1746380150,500,GET,GET /pastes/:slug,345.100000,0.000000,45,57,78,88,110,110,120,130,160,160,160,162505,1,46,58.91214970985301,28.006700000332785,666.7449999986275,2926.1073320820897
1746380150,500,POST,POST /pastes,34.400000,0.000000,49,61,82,87,110,120,130,130,140,140,140,16079,0,49,62.62763436158448,30.241599999499158,846.7827000004036,2841.0020523664407
1746380150,500,,Aggregated,379.500000,0.000000,45,57,78,88,110,110,120,130,160,160,160,178584,1,47,59.2466773143144,28.006700000332785,846.7827000004036,2918.4447878869328
1746380151,500,GET,GET /pastes/:slug,345.700000,0.000000,43,48,54,71,97,110,120,130,160,160,160,162867,1,46,58.87339593041965,28.006700000332785,666.7449999986275,2926.126023074042
1746380151,500,POST,POST /pastes,33.500000,0.000000,47,52,61,76,100,110,120,130,130,130,130,16113,0,49,62.5901716564213,30.241599999499158,846.7827000004036,2840.79122447713
1746380151,500,,Aggregated,379.200000,0.000000,43,48,55,72,97,110,120,130,160,160,160,178980,1,47,59.20800542462579,28.006700000332785,846.7827000004036,2918.4436026371664
1746380152,500,GET,GET /pastes/:slug,349.000000,0.000000,42,45,49,52,85,110,120,130,160,160,160,163208,1,46,58.842750015315865,28.006700000332785,666.7449999986275,2926.4116219793145
1746380152,500,POST,POST /pastes,33.100000,0.000000,45,49,53,57,83,100,120,130,130,130,130,16147,0,49,62.568875791163606,30.241599999499158,846.7827000004036,2840.830804483805
1746380152,500,,Aggregated,382.100000,0.000000,42,46,49,52,84,110,120,130,160,160,160,179355,1,47,59.17820624961412,28.006700000332785,846.7827000004036,2918.706938752753
1746380153,500,GET,GET /pastes/:slug,350.000000,0.000000,41,44,46,48,53,66,96,110,130,160,160,163556,1,46,58.81268317945949,28.006700000332785,666.7449999986275,2926.464843845533
1746380153,500,POST,POST /pastes,34.300000,0.000000,44,48,49,51,58,72,91,100,130,130,130,16188,0,49,62.526972034835204,30.241599999499158,846.7827000004036,2840.1372003953547
1746380153,500,,Aggregated,384.300000,0.000000,42,44,46,48,54,67,95,110,130,160,160,179744,1,46,59.14719731061701,28.006700000332785,846.7827000004036,2918.690053631832
1746380154,500,GET,GET /pastes/:slug,349.200000,0.000000,40,43,45,46,50,54,61,68,94,160,160,163918,1,46,58.76693909698556,28.006700000332785,666.7449999986275,2926.391994777877
1746380154,500,POST,POST /pastes,34.200000,0.000000,44,47,49,50,55,61,72,80,92,92,92,16225,0,49,62.48029840985609,30.241599999499158,846.7827000004036,2840.285115562404
1746380154,500,,Aggregated,383.400000,0.000000,41,43,45,46,50,55,62,70,94,160,160,180143,1,46,59.101391475658495,28.006700000332785,846.7827000004036,2918.636577607789
1746380155,500,GET,GET /pastes/:slug,352.900000,0.000000,40,43,45,46,50,55,64,72,94,160,160,164259,1,46,58.737725820196715,28.006700000332785,666.7449999986275,2926.3954121235365
1746380155,500,POST,POST /pastes,34.800000,0.000000,43,46,48,50,55,64,72,80,92,92,92,16273,0,49,62.4325428501146,30.241599999499158,846.7827000004036,2840.633626252074
1746380155,500,,Aggregated,387.700000,0.000000,41,43,45,47,51,56,66,73,94,160,160,180532,1,46,59.07077346564352,28.006700000332785,846.7827000004036,2918.6649181308576
1746380156,500,GET,GET /pastes/:slug,354.200000,0.000000,40,43,45,46,50,56,67,73,94,160,160,164607,1,46,58.70240913205222,28.006700000332785,666.7449999986275,2926.570164087797
1746380156,500,POST,POST /pastes,35.300000,0.000000,43,46,48,49,55,64,72,80,92,92,92,16315,0,49,62.38386520379508,30.241599999499158,846.7827000004036,2840.3230156297886
1746380156,500,,Aggregated,389.500000,0.000000,40,43,45,46,51,57,68,73,94,160,160,180922,1,46,59.034391731241,28.006700000332785,846.7827000004036,2918.792656503908
1746380157,500,GET,GET /pastes/:slug,353.800000,0.000000,40,42,44,46,50,56,67,73,94,160,160,164969,1,46,58.658842538899414,28.006700000332785,666.7449999986275,2926.4654268377694
1746380157,500,POST,POST /pastes,36.100000,0.000000,43,45,48,49,54,64,72,80,92,92,92,16350,0,49,62.33755759632532,30.241599999499158,846.7827000004036,2840.2877064220183
1746380157,500,,Aggregated,389.900000,0.000000,40,43,45,46,50,57,68,73,94,160,160,181319,1,46,58.99056172546487,28.006700000332785,846.7827000004036,2918.6945604156213
1746380158,500,GET,GET /pastes/:slug,353.300000,0.000000,40,42,44,46,50,55,66,72,88,160,160,165331,1,46,58.62037508996926,28.006700000332785,666.7449999986275,2926.4134796257204
1746380158,500,POST,POST /pastes,37.500000,0.000000,43,45,48,49,53,63,71,78,84,84,84,16380,0,49,62.302497509152516,30.241599999499158,846.7827000004036,2841.2384004884007
1746380158,500,,Aggregated,390.800000,0.000000,40,43,45,46,50,56,66,72,88,160,160,181711,1,46,58.9522931644181,28.006700000332785,846.7827000004036,2918.735530595286
1746380159,500,GET,GET /pastes/:slug,353.300000,0.000000,41,44,46,47,52,58,68,73,88,160,160,165686,1,46,58.59845739169104,28.006700000332785,666.7449999986275,2926.436144272902
1746380159,500,POST,POST /pastes,37.500000,0.000000,43,47,48,51,57,64,72,78,84,84,84,16414,0,49,62.28336781405624,30.241599999499158,846.7827000004036,2840.7523455586693
1746380159,500,,Aggregated,390.800000,0.000000,41,44,46,47,53,59,69,73,88,160,160,182100,1,46,58.93060522075558,28.006700000332785,846.7827000004036,2918.7128390993958
1746380160,500,GET,GET /pastes/:slug,352.600000,0.000000,41,44,46,47,53,58,68,73,88,160,160,166035,1,46,58.56358283253378,28.006700000332785,666.7449999986275,2926.504453880206
1746380160,500,POST,POST /pastes,37.300000,0.000000,44,47,49,51,58,64,72,78,84,84,84,16452,0,49,62.24864200096806,30.241599999499158,846.7827000004036,2840.225382932166
1746380160,500,,Aggregated,389.900000,0.000000,41,44,46,48,53,59,69,73,88,160,160,182487,1,46,58.8958070098123,28.006700000332785,846.7827000004036,2918.726018839698
1746380161,500,GET,GET /pastes/:slug,355.000000,0.000000,41,44,46,48,54,61,72,77,88,160,160,166388,1,46,58.53861317943446,28.006700000332785,666.7449999986275,2926.69949755992
1746380161,500,POST,POST /pastes,37.100000,0.000000,44,47,50,52,60,65,73,80,110,110,110,16491,0,49,62.21949249287084,30.241599999499158,846.7827000004036,2840.858589533685
1746380161,500,,Aggregated,392.100000,0.000000,42,45,47,49,54,62,72,77,88,160,160,182879,1,46,58.87053418052165,28.006700000332785,846.7827000004036,2918.9588471065567
1746380162,500,GET,GET /pastes/:slug,352.400000,0.000000,41,44,46,48,53,58,71,77,88,160,160,166737,1,46,58.50713056130152,28.006700000332785,666.7449999986275,2926.9808200939206
1746380162,500,POST,POST /pastes,37.000000,0.000000,44,47,49,51,57,62,71,73,110,110,110,16512,0,49,62.1988707061488,30.241599999499158,846.7827000004036,2840.6262718023254
1746380162,500,,Aggregated,389.400000,0.000000,41,44,46,48,53,59,71,76,88,160,160,183249,1,46,58.83978183509655,28.006700000332785,846.7827000004036,2919.199679125125
1746380163,500,GET,GET /pastes/:slug,351.700000,0.000000,41,44,47,48,53,58,71,77,88,120,120,167087,1,46,58.47658859097206,28.006700000332785,666.7449999986275,2927.064505317589
1746380163,500,POST,POST /pastes,37.600000,0.000000,44,47,50,51,58,62,71,73,110,110,110,16543,0,49,62.16902777609419,30.241599999499158,846.7827000004036,2840.709726168168
1746380163,500,,Aggregated,389.300000,0.000000,42,45,47,49,54,59,71,76,88,120,120,183630,1,46,58.809235878667025,28.006700000332785,846.7827000004036,2919.2849098731144
1746380164,500,GET,GET /pastes/:slug,351.100000,0.000000,42,45,47,49,54,60,71,77,88,120,120,167440,1,46,58.44805673972618,28.006700000332785,666.7449999986275,2926.7698041089347
1746380164,500,POST,POST /pastes,37.900000,0.000000,45,48,50,53,58,62,71,73,110,110,110,16588,0,49,62.127077489747144,30.241599999499158,846.7827000004036,2841.2355317096694
1746380164,500,,Aggregated,389.000000,0.000000,42,45,48,49,55,60,71,76,88,120,120,184028,1,46,58.77967799410758,28.006700000332785,846.7827000004036,2919.0598767578845
1746380165,500,GET,GET /pastes/:slug,351.600000,0.000000,42,45,47,49,53,58,69,74,88,120,120,167775,1,46,58.416041451943066,28.006700000332785,666.7449999986275,2926.6154850245866
1746380165,500,POST,POST /pastes,35.500000,0.000000,45,48,50,52,58,62,66,72,110,110,110,16624,0,49,62.090895524538375,30.241599999499158,846.7827000004036,2841.6350457170356
1746380165,500,,Aggregated,387.100000,0.000000,42,45,47,49,54,59,69,73,88,120,120,184399,1,46,58.747338118968244,28.006700000332785,846.7827000004036,2918.9543001860097
1746380166,500,GET,GET /pastes/:slug,352.200000,0.000000,42,45,47,49,53,58,68,73,86,120,120,168148,1,46,58.38165795132701,28.006700000332785,666.7449999986275,2926.6346670790017
1746380166,500,POST,POST /pastes,35.800000,0.000000,46,48,51,53,58,62,65,72,110,110,110,16656,0,49,62.06218027136916,30.241599999499158,846.7827000004036,2841.584233909702
1746380166,500,,Aggregated,388.000000,0.000000,43,46,48,49,54,59,67,73,88,120,120,184804,1,46,58.713375770002855,28.006700000332785,846.7827000004036,2918.9692485011146
1746380167,500,GET,GET /pastes/:slug,351.500000,0.000000,43,46,48,49,54,59,70,74,91,120,120,168497,1,46,58.35384820560433,28.006700000332785,666.7449999986275,2926.538834519309
1746380167,500,POST,POST /pastes,35.500000,0.000000,46,48,51,53,58,62,66,72,110,110,110,16693,0,49,62.02459490204996,30.241599999499158,846.7827000004036,2841.9768765350746
1746380167,500,,Aggregated,387.000000,0.000000,43,46,48,50,55,60,70,74,91,120,120,185190,1,46,58.684728785569355,28.006700000332785,846.7827000004036,2918.916431772774
1746380168,500,GET,GET /pastes/:slug,351.100000,0.000000,43,46,48,49,54,59,68,74,91,120,120,168857,1,46,58.326668044556776,28.006700000332785,666.7449999986275,2926.6061756397426
1746380168,500,POST,POST /pastes,34.600000,0.000000,46,49,51,53,58,62,66,73,110,110,110,16738,0,49,61.98874369697237,30.241599999499158,846.7827000004036,2842.173198709523
1746380168,500,,Aggregated,385.700000,0.000000,43,46,48,50,54,59,68,73,91,120,120,185595,1,46,58.65693460491721,28.006700000332785,846.7827000004036,2918.9915353323095
1746380169,500,GET,GET /pastes/:slug,350.900000,0.000000,43,45,47,49,53,58,68,74,91,120,120,169190,1,46,58.29491845439877,28.006700000332785,666.7449999986275,2926.3370057331995
1746380169,500,POST,POST /pastes,34.200000,0.000000,46,48,50,51,56,61,66,73,110,110,110,16776,0,49,61.95060442894153,30.241599999499158,846.7827000004036,2841.357474964235
1746380169,500,,Aggregated,385.100000,0.000000,43,46,48,49,54,59,68,73,91,120,120,185966,1,46,58.624698026518914,28.006700000332785,846.7827000004036,2918.670998999817
1746380170,500,GET,GET /pastes/:slug,350.600000,0.000000,43,46,48,49,53,58,68,74,91,120,120,169543,1,46,58.26243436296226,28.006700000332785,666.7449999986275,2926.4171979969683
1746380170,500,POST,POST /pastes,35.100000,0.000000,46,48,50,51,55,60,63,73,110,110,110,16810,0,49,61.91803444377904,30.241599999499158,846.7827000004036,2840.9358120166567
1746380170,500,,Aggregated,385.800000,0.000000,43,46,48,49,54,59,67,73,91,120,120,186353,1,46,58.592188310355105,28.006700000332785,846.7827000004036,2918.706336898252
1746380171,500,GET,GET /pastes/:slug,349.700000,0.000000,43,45,47,48,52,56,61,65,91,92,92,169893,1,46,58.22851153843728,28.006700000332785,666.7449999986275,2926.230951245784
1746380171,500,POST,POST /pastes,35.900000,0.000000,45,47,49,50,54,59,62,63,74,74,74,16843,0,49,61.884446304098304,30.241599999499158,846.7827000004036,2840.753903698866
1746380171,500,,Aggregated,385.600000,0.000000,43,45,47,49,52,56,61,65,91,92,92,186736,1,46,58.55826535804358,28.006700000332785,846.7827000004036,2918.5211903435866
1746380172,500,GET,GET /pastes/:slug,348.500000,0.000000,43,45,47,48,52,56,62,66,91,92,92,170230,1,46,58.20080169828911,28.006700000332785,666.7449999986275,2926.0804441050345
1746380172,500,POST,POST /pastes,36.200000,0.000000,46,47,49,51,54,59,62,65,77,77,77,16872,0,49,61.86025343764343,30.241599999499158,846.7827000004036,2840.3681839734472
1746380172,500,,Aggregated,384.700000,0.000000,43,46,47,49,52,56,62,66,91,92,92,187102,1,46,58.530794267830636,28.006700000332785,846.7827000004036,2918.3513057049095
1746380173,500,GET,GET /pastes/:slug,349.600000,0.000000,42,45,47,48,52,57,65,70,91,92,92,170577,1,46,58.17603145031105,28.006700000332785,666.7449999986275,2926.0741424693833
1746380173,500,POST,POST /pastes,35.900000,0.000000,46,48,50,52,56,62,70,76,82,82,82,16921,0,49,61.82985918089499,30.241599999499158,846.7827000004036,2841.0980438508363
1746380173,500,,Aggregated,385.500000,0.000000,43,46,47,49,53,58,65,70,91,92,92,187498,1,46,58.50577586907383,28.006700000332785,846.7827000004036,2918.4053643238863
1746380174,500,GET,GET /pastes/:slug,350.200000,0.000000,42,45,47,49,53,57,65,70,91,92,92,170917,1,46,58.14737188810762,28.006700000332785,666.7449999986275,2926.121000251584
1746380174,500,POST,POST /pastes,35.400000,0.000000,46,48,50,52,56,62,71,76,82,82,82,16960,0,49,61.79633098466554,30.241599999499158,846.7827000004036,2840.9521816037736
1746380174,500,,Aggregated,385.600000,0.000000,43,46,47,49,53,58,65,70,91,92,92,187877,1,46,58.476770091600336,28.006700000332785,846.7827000004036,2918.4326554075274
1746380175,500,GET,GET /pastes/:slug,348.700000,0.000000,42,45,47,49,53,58,65,70,91,92,92,171269,1,46,58.11707085169919,28.006700000332785,666.7449999986275,2925.762700780643
1746380175,500,POST,POST /pastes,37.100000,0.000000,46,48,50,52,55,61,71,76,82,82,82,17002,0,49,61.754425332309346,30.241599999499158,846.7827000004036,2840.9553581931536
1746380175,500,,Aggregated,385.800000,0.000000,43,46,47,49,53,58,66,71,91,92,92,188271,1,46,58.44554576753499,28.006700000332785,846.7827000004036,2918.1040893180575
1746380176,500,GET,GET /pastes/:slug,347.300000,0.000000,42,45,47,49,53,58,66,71,91,92,92,171630,1,46,58.08603123171747,28.006700000332785,666.7449999986275,2925.6540989337527
1746380176,500,POST,POST /pastes,37.400000,0.000000,46,48,50,52,56,61,70,76,82,82,82,17035,0,49,61.72400847079063,30.241599999499158,846.7827000004036,2840.3287936601114
1746380176,500,,Aggregated,384.700000,0.000000,43,46,48,49,53,59,67,71,91,92,92,188665,1,46,58.41451262608107,28.006700000332785,846.7827000004036,2917.949879415896
1746380177,500,GET,GET /pastes/:slug,345.800000,0.000000,42,45,47,49,53,58,65,70,78,83,83,171977,1,46,58.05696707292063,28.006700000332785,666.7449999986275,2925.699105112893
1746380177,500,POST,POST /pastes,37.700000,0.000000,46,48,51,52,56,64,71,76,82,82,82,17061,0,49,61.70383115291716,30.241599999499158,846.7827000004036,2840.2041498153685
1746380177,500,,Aggregated,383.500000,0.000000,43,46,47,49,53,58,66,70,80,83,83,189038,1,46,58.38610273912965,28.006700000332785,846.7827000004036,2917.9830404468944
1746380178,500,GET,GET /pastes/:slug,345.200000,0.000000,42,45,47,48,52,57,65,70,78,83,83,172311,1,46,58.02945808799009,28.006700000332785,666.7449999986275,2925.693054999391
1746380178,500,POST,POST /pastes,37.500000,0.000000,45,48,51,53,56,62,70,76,82,82,82,17107,0,49,61.66386054830945,30.241599999499158,846.7827000004036,2840.48740281756
1746380178,500,,Aggregated,382.700000,0.000000,43,45,47,49,53,58,65,70,80,83,83,189418,1,46,58.35769364579705,28.006700000332785,846.7827000004036,2917.9978354749815
1746380179,500,GET,GET /pastes/:slug,345.500000,0.000000,42,45,47,48,52,57,65,70,78,83,83,172689,1,46,57.99311456896302,28.006700000332785,666.7449999986275,2925.5102119996063
1746380179,500,POST,POST /pastes,37.300000,0.000000,45,49,51,53,57,62,71,76,82,82,82,17138,0,49,61.63276286614144,30.241599999499158,846.7827000004036,2841.0989613723887
1746380179,500,,Aggregated,382.800000,0.000000,42,45,47,49,53,57,65,70,80,83,83,189827,1,46,58.32171004019228,28.006700000332785,846.7827000004036,2917.8893782233295
1746380180,500,GET,GET /pastes/:slug,346.200000,0.000000,43,45,48,49,53,59,67,71,90,93,93,173037,1,46,57.97183597958619,28.006700000332785,666.7449999986275,2925.650912810555
1746380180,500,POST,POST /pastes,36.300000,0.000000,45,49,51,53,58,64,71,76,82,82,82,17174,0,49,61.6019250029074,30.241599999499158,846.7827000004036,2841.1342145103063
1746380180,500,,Aggregated,382.400000,0.000000,43,46,48,50,54,59,67,71,90,93,93,190211,1,46,58.29959383211058,28.006700000332785,846.7827000004036,2918.0199672994727
1746380181,500,GET,GET /pastes/:slug,347.400000,0.000000,43,46,48,50,55,61,70,77,93,95,95,173394,1,46,57.95246528599398,28.006700000332785,666.7449999986275,2925.7164377083404
1746380181,500,POST,POST /pastes,36.400000,0.000000,46,50,52,54,59,66,72,80,97,97,97,17212,0,49,61.5828860446158,30.241599999499158,846.7827000004036,2841.3328491749944
1746380181,500,,Aggregated,383.800000,0.000000,43,46,49,50,56,62,70,77,93,97,97,190606,1,46,58.28029757929746,28.006700000332785,846.7827000004036,2918.0964765012645
1746380182,500,GET,GET /pastes/:slug,348.600000,0.000000,43,46,48,50,55,62,74,85,95,110,110,173741,1,46,57.935508335393685,28.006700000332785,666.7449999986275,2925.5140870606247
1746380182,500,POST,POST /pastes,36.100000,0.000000,46,50,53,55,59,70,76,86,97,97,97,17245,0,49,61.57307181791385,30.241599999499158,846.7827000004036,2841.1096549724557
1746380182,500,,Aggregated,384.700000,0.000000,43,47,49,50,56,63,75,85,97,110,110,190986,1,46,58.26396058977917,28.006700000332785,846.7827000004036,2917.892824604945
1746380183,500,GET,GET /pastes/:slug,349.000000,0.000000,44,47,50,51,58,68,84,90,120,120,120,174106,1,46,57.932306814811945,28.006700000332785,666.7449999986275,2925.6640782052314
1746380183,500,POST,POST /pastes,35.800000,0.000000,47,51,53,55,60,70,87,96,110,110,110,17278,0,49,61.56418911910685,30.241599999499158,846.7827000004036,2840.908727862021
1746380183,500,,Aggregated,384.800000,0.000000,44,47,50,52,59,68,84,90,120,120,120,191384,1,46,58.260190349765814,28.006700000332785,846.7827000004036,2918.0124305062072
1746380184,500,GET,GET /pastes/:slug,346.300000,0.000000,44,47,50,52,59,68,84,90,120,120,120,174454,1,46,57.906607474174535,28.006700000332785,666.7449999986275,2925.5608125924314
1746380184,500,POST,POST /pastes,36.500000,0.000000,47,51,54,55,62,70,87,96,110,110,110,17306,0,49,61.545026759501354,30.241599999499158,846.7827000004036,2841.142551716168
1746380184,500,,Aggregated,382.800000,0.000000,44,47,50,52,59,69,84,90,120,120,120,191760,1,46,58.234968363577295,28.006700000332785,846.7827000004036,2917.942214226116
1746380185,500,GET,GET /pastes/:slug,347.500000,0.000000,44,48,51,53,59,68,85,90,120,120,120,174817,1,46,57.884761296096066,28.006700000332785,666.7449999986275,2925.5671759611478
1746380185,500,POST,POST /pastes,36.300000,0.000000,48,52,55,57,62,70,87,96,110,110,110,17346,0,49,61.52041982589246,30.241599999499158,846.7827000004036,2841.4407356162806
1746380185,500,,Aggregated,383.800000,0.000000,44,48,51,53,59,69,85,91,120,120,120,192163,1,46,58.212941709900264,28.006700000332785,846.7827000004036,2917.9733247295267
1746380186,500,GET,GET /pastes/:slug,351.200000,0.000000,45,48,51,53,60,71,86,91,120,120,120,175166,1,46,57.866204323325476,28.006700000332785,666.7449999986275,2925.522030531039
1746380186,500,POST,POST /pastes,35.400000,0.000000,49,53,56,58,64,74,96,99,110,110,110,17375,0,49,61.511759090643324,30.241599999499158,846.7827000004036,2841.0898417266185
1746380186,500,,Aggregated,386.600000,0.000000,45,49,52,54,61,71,86,93,120,120,120,192541,1,46,58.19518108194912,28.006700000332785,846.7827000004036,2917.9028258916283
1746380187,500,GET,GET /pastes/:slug,354.000000,0.000000,45,49,52,54,62,73,86,92,120,120,120,175525,1,46,57.845431616576704,28.006700000332785,666.7449999986275,2925.528636946304
1746380187,500,POST,POST /pastes,34.000000,0.000000,49,53,56,58,64,76,96,99,110,110,110,17417,0,49,61.48267907216677,30.241599999499158,846.7827000004036,2841.3475340184877
1746380187,500,,Aggregated,388.000000,0.000000,45,49,52,54,62,73,87,93,120,120,120,192942,1,46,58.17376831327323,28.006700000332785,846.7827000004036,2917.929553959221
1746380188,500,GET,GET /pastes/:slug,354.400000,0.000000,45,49,52,55,63,74,86,92,120,120,120,175852,1,46,57.82728964867993,28.006700000332785,666.7449999986275,2925.416134021791
1746380188,500,POST,POST /pastes,34.200000,0.000000,49,54,56,58,66,76,96,99,110,110,110,17457,0,49,61.45805340550706,30.241599999499158,846.7827000004036,2840.759122415077
1746380188,500,,Aggregated,388.600000,0.000000,45,50,53,55,63,74,87,93,120,120,120,193309,1,46,58.155170103821376,28.006700000332785,846.7827000004036,2917.7710815326755
1746380189,500,GET,GET /pastes/:slug,354.000000,0.000000,46,50,53,56,65,77,91,100,120,120,120,176215,1,46,57.821055337511794,28.006700000332785,666.7449999986275,2925.404795278495
1746380189,500,POST,POST /pastes,34.000000,0.000000,49,54,58,60,69,86,99,110,120,120,120,17498,0,49,61.455398394098715,30.241599999499158,846.7827000004036,2840.7958623842724
1746380189,500,,Aggregated,388.000000,0.000000,46,50,54,56,66,78,92,100,120,120,120,193713,1,46,58.14934375803167,28.006700000332785,846.7827000004036,2917.762111990419
1746380190,500,GET,GET /pastes/:slug,353.500000,0.000000,45,50,53,55,64,75,90,100,120,120,120,176558,1,46,57.79164696416828,28.006700000332785,666.7449999986275,2925.39564335799
1746380190,500,POST,POST /pastes,35.800000,0.000000,49,54,58,59,69,85,99,110,120,120,120,17532,0,49,61.42415698721979,30.241599999499158,846.7827000004036,2841.1745379876797
1746380190,500,,Aggregated,389.300000,0.000000,46,50,53,56,65,76,91,100,120,120,120,194090,1,46,58.11976879282586,28.006700000332785,846.7827000004036,2917.788015868927
1746380191,500,GET,GET /pastes/:slug,352.300000,0.000000,45,49,53,55,65,76,91,100,120,120,120,176910,1,46,57.7659534667325,28.006700000332785,666.7449999986275,2925.5097846362555
1746380191,500,POST,POST /pastes,35.800000,0.000000,48,54,58,60,69,86,99,110,120,120,120,17562,0,49,61.40054120828726,30.241599999499158,846.7827000004036,2840.9523972212733
1746380191,500,,Aggregated,388.100000,0.000000,45,50,53,56,66,77,92,100,120,120,120,194472,1,46,58.094178763521704,28.006700000332785,846.7827000004036,2917.8737401785347
1746380192,500,GET,GET /pastes/:slug,350.500000,0.000000,44,48,52,54,63,71,90,100,120,120,120,177276,1,46,57.73593229145308,28.006700000332785,666.7449999986275,2925.6218721090277
1746380192,500,POST,POST /pastes,35.600000,0.000000,47,53,56,59,66,78,99,110,120,120,120,17596,0,49,61.37343761650055,30.241599999499158,846.7827000004036,2840.6378722436916
1746380192,500,,Aggregated,386.100000,0.000000,45,49,52,54,63,72,90,100,120,120,120,194872,1,46,58.06438144628056,28.006700000332785,846.7827000004036,2917.9482275544974
1746380193,500,GET,GET /pastes/:slug,351.000000,0.000000,44,47,50,52,60,68,84,94,110,120,120,177601,1,46,57.708366749622115,28.006700000332785,666.7449999986275,2925.575199463967
1746380193,500,POST,POST /pastes,35.900000,0.000000,47,52,56,58,64,74,96,110,120,120,120,17626,0,49,61.347089254507544,30.241599999499158,846.7827000004036,2840.2126971519347
1746380193,500,,Aggregated,386.900000,0.000000,44,47,51,53,61,69,85,96,120,120,120,195227,1,46,58.036887511971166,28.006700000332785,846.7827000004036,2917.8682764166842
1746380194,500,GET,GET /pastes/:slug,351.300000,0.000000,44,47,50,52,59,67,82,94,110,120,120,177964,1,46,57.67931439504427,28.006700000332785,666.7449999986275,2925.621636960284
1746380194,500,POST,POST /pastes,35.200000,0.000000,46,51,55,57,64,74,96,110,120,120,120,17666,0,49,61.310404137889,30.241599999499158,846.7827000004036,2839.7856900260385
1746380194,500,,Aggregated,386.500000,0.000000,44,47,50,52,60,68,83,96,120,120,120,195630,1,46,58.00721313959829,28.006700000332785,846.7827000004036,2917.8703828656135
1746380195,500,GET,GET /pastes/:slug,350.800000,0.000000,43,46,49,51,58,66,75,92,110,120,120,178329,1,46,57.648948746977084,28.006700000332785,666.7449999986275,2925.481839745639
1746380195,500,POST,POST /pastes,34.600000,0.000000,46,50,53,56,63,72,89,96,120,120,120,17700,0,49,61.28098750847143,30.241599999499158,846.7827000004036,2839.924632768362
1746380195,500,,Aggregated,385.400000,0.000000,43,47,49,52,59,67,77,93,120,120,120,196029,1,46,57.976895561369126,28.006700000332785,846.7827000004036,2917.756643149738
1746380196,500,GET,GET /pastes/:slug,348.400000,0.000000,43,46,48,50,57,66,75,93,110,120,120,178658,1,46,57.62261723572228,28.006700000332785,666.7449999986275,2925.5634452417466
1746380196,500,POST,POST /pastes,35.000000,0.000000,45,49,52,55,61,72,87,96,120,120,120,17738,0,49,61.24902757920566,30.241599999499158,846.7827000004036,2840.443962115233
1746380196,500,,Aggregated,383.400000,0.000000,43,46,49,51,58,66,76,93,120,120,120,196396,1,46,57.95014563076451,28.006700000332785,846.7827000004036,2917.8756644738182
1746380197,500,GET,GET /pastes/:slug,348.900000,0.000000,43,46,48,49,55,64,73,92,110,120,120,179021,1,46,57.593125684135856,28.006700000332785,666.7449999986275,2925.7021801911505
1746380197,500,POST,POST /pastes,35.700000,0.000000,45,49,52,54,61,72,89,96,120,120,120,17766,0,49,61.226189001460526,30.241599999499158,846.7827000004036,2840.770629291906
1746380197,500,,Aggregated,384.600000,0.000000,43,46,48,50,56,65,74,93,120,120,120,196787,1,46,57.92111992611117,28.006700000332785,846.7827000004036,2918.034529719951
1746380198,500,GET,GET /pastes/:slug,348.500000,0.000000,42,45,47,48,53,58,65,67,90,93,93,179393,1,46,57.56133043652586,28.006700000332785,666.7449999986275,2925.6524390583804
1746380198,500,POST,POST /pastes,35.400000,0.000000,45,48,50,52,57,61,67,73,93,93,93,17803,0,49,61.19487204403445,30.241599999499158,846.7827000004036,2840.458237375723
1746380198,500,,Aggregated,383.900000,0.000000,42,45,47,48,53,59,65,68,91,93,93,197196,1,46,57.88936924683887,28.006700000332785,846.7827000004036,2917.9610438345603
1746380199,500,GET,GET /pastes/:slug,347.900000,0.000000,42,44,46,48,52,57,64,67,90,93,93,179719,1,46,57.53102614303272,28.006700000332785,666.7449999986275,2925.3947106315973
1746380199,500,POST,POST /pastes,36.000000,0.000000,45,47,50,52,56,60,67,69,93,93,93,17827,0,49,61.17030338250668,30.241599999499158,846.7827000004036,2839.766477814551
1746380199,500,,Aggregated,383.900000,0.000000,42,45,47,48,52,57,65,67,91,93,93,197546,1,46,57.85944279205677,28.006700000332785,846.7827000004036,2917.6674242961135
1746380200,500,GET,GET /pastes/:slug,346.300000,0.000000,42,44,46,47,52,57,64,67,90,93,93,180098,1,46,57.49874928649799,28.006700000332785,666.7449999986275,2925.528434518984
1746380200,500,POST,POST /pastes,34.600000,0.000000,45,47,50,51,56,61,67,69,93,93,93,17859,0,49,61.14180150064099,30.241599999499158,846.7827000004036,2840.082871381376
1746380200,500,,Aggregated,380.900000,0.000000,42,45,47,48,52,57,64,67,91,93,93,197957,1,46,57.827412933110026,28.006700000332785,846.7827000004036,2917.8198295589445
1746380201,500,GET,GET /pastes/:slug,348.500000,0.000000,42,44,46,47,51,55,60,63,69,77,77,180452,1,46,57.46801250692544,28.006700000332785,666.7449999986275,2925.5102575754217
1746380201,500,POST,POST /pastes,33.200000,0.000000,44,47,50,51,55,59,65,67,77,77,77,17886,0,49,61.11786042155569,30.241599999499158,846.7827000004036,2840.0018450184502
1746380201,500,,Aggregated,381.700000,0.000000,42,44,46,47,51,55,60,64,72,77,77,198338,1,46,57.79715356814957,28.006700000332785,846.7827000004036,2917.7991610281438
1746380202,500,GET,GET /pastes/:slug,349.900000,0.000000,41,44,46,47,51,55,60,63,69,77,77,180798,1,46,57.435331730437966,28.006700000332785,666.7449999986275,2925.5491377117005
1746380202,500,POST,POST /pastes,32.500000,0.000000,44,47,49,50,54,59,62,66,73,73,73,17925,0,49,61.07813606694255,30.241599999499158,846.7827000004036,2840.383709902371
1746380202,500,,Aggregated,382.400000,0.000000,42,44,46,47,51,55,60,63,70,77,77,198723,1,46,57.76391608017021,28.006700000332785,846.7827000004036,2917.8671366676226
1746380203,500,GET,GET /pastes/:slug,350.500000,0.000000,41,44,45,47,50,53,57,60,67,77,77,181151,1,46,57.40335941617615,28.006700000332785,666.7449999986275,2925.5214103151516
1746380203,500,POST,POST /pastes,32.100000,0.000000,45,47,49,50,53,57,61,65,73,73,73,17961,0,49,61.045795067087006,30.241599999499158,846.7827000004036,2840.2818328600856
1746380203,500,,Aggregated,382.600000,0.000000,41,44,46,47,50,53,58,60,67,77,77,199112,1,46,57.73192719072521,28.006700000332785,846.7827000004036,2917.8323305476315
1746380204,500,GET,GET /pastes/:slug,352.100000,0.000000,41,44,45,47,50,53,58,61,76,80,80,181497,1,46,57.37637479572524,28.006700000332785,666.7449999986275,2925.4190482487315
1746380204,500,POST,POST /pastes,32.300000,0.000000,45,47,49,50,54,59,62,63,67,67,67,17991,0,49,61.02396357623013,30.241599999499158,846.7827000004036,2840.63370574176
1746380204,500,,Aggregated,384.400000,0.000000,41,44,46,47,50,54,59,62,76,80,80,199488,1,46,57.705335784607065,28.006700000332785,846.7827000004036,2917.772607876163
1746380205,500,GET,GET /pastes/:slug,351.900000,0.000000,41,44,46,47,51,55,61,65,76,80,80,181869,1,46,57.35107391693886,28.006700000332785,666.7449999986275,2925.369705667266
1746380205,500,POST,POST /pastes,33.200000,0.000000,45,47,49,50,55,59,63,65,75,75,75,18030,0,49,60.99345136993706,30.241599999499158,846.7827000004036,2841.4168607875763
1746380205,500,,Aggregated,385.100000,0.000000,41,44,46,47,51,55,62,65,76,80,80,199899,1,46,57.67960015007438,28.006700000332785,846.7827000004036,2917.7975327540407
1746380206,500,GET,GET /pastes/:slug,352.600000,0.000000,41,44,46,47,50,55,62,66,79,84,84,182208,1,46,57.32506103244513,28.006700000332785,666.7449999986275,2925.30763742536
1746380206,500,POST,POST /pastes,33.600000,0.000000,45,47,49,50,54,59,63,65,85,85,85,18072,0,49,60.95929048251285,30.241599999499158,846.7827000004036,2841.3616091190793
1746380206,500,,Aggregated,386.200000,0.000000,41,44,46,47,51,55,62,66,80,85,85,200280,1,46,57.652990903733425,28.006700000332785,846.7827000004036,2917.732878969443
1746380207,500,GET,GET /pastes/:slug,352.100000,0.000000,41,44,46,47,51,55,62,66,79,84,84,182564,1,46,57.29743672958377,28.006700000332785,666.7449999986275,2925.42387874937
1746380207,500,POST,POST /pastes,32.700000,0.000000,45,47,49,50,54,59,63,65,85,85,85,18106,0,49,60.932458085715744,30.241599999499158,846.7827000004036,2841.388655694245
1746380207,500,,Aggregated,384.800000,0.000000,41,44,46,48,51,55,62,65,80,85,85,200670,1,46,57.62541648078788,28.006700000332785,846.7827000004036,2917.8415707380277
1746380208,500,GET,GET /pastes/:slug,353.100000,0.000000,41,44,46,47,51,54,61,65,79,84,84,182914,1,46,57.26735423860253,28.006700000332785,666.7449999986275,2925.323807909728
1746380208,500,POST,POST /pastes,33.200000,0.000000,45,47,49,50,53,59,63,65,85,85,85,18141,0,49,60.8980324458391,30.241599999499158,846.7827000004036,2840.778678132407
1746380208,500,,Aggregated,386.300000,0.000000,41,44,46,48,51,55,62,65,80,85,85,201055,1,46,57.59494685434189,28.006700000332785,846.7827000004036,2917.695381860685
1746380209,500,GET,GET /pastes/:slug,352.000000,0.000000,41,44,46,47,50,54,61,65,79,84,84,183287,1,46,57.23784205917365,28.006700000332785,666.7449999986275,2925.4078412544263
1746380209,500,POST,POST /pastes,34.000000,0.000000,45,47,49,50,53,59,63,65,85,85,85,18176,0,49,60.86989433868654,30.241599999499158,846.7827000004036,2841.424625880282
1746380209,500,,Aggregated,386.000000,0.000000,42,44,46,48,51,55,62,65,80,85,85,201463,1,46,57.56552596258234,28.006700000332785,846.7827000004036,2917.830872170076
1746380210,500,GET,GET /pastes/:slug,353.600000,0.000000,41,44,46,47,50,54,60,65,79,84,84,183618,1,46,57.207678814711834,28.006700000332785,666.7449999986275,2925.3262044026183
1746380210,500,POST,POST /pastes,34.000000,0.000000,45,47,49,50,53,57,62,63,85,85,85,18209,0,49,60.83796971826997,30.241599999499158,846.7827000004036,2841.165522543797
1746380210,500,,Aggregated,387.600000,0.000000,41,44,46,47,51,54,61,65,80,85,85,201827,1,46,57.53520668294992,28.006700000332785,846.7827000004036,2917.7331576052757
1746380211,500,GET,GET /pastes/:slug,351.100000,0.000000,42,44,46,48,51,56,63,68,80,86,86,183996,1,46,57.18333337028947,28.006700000332785,666.7449999986275,2925.576854931629
1746380211,500,POST,POST /pastes,34.300000,0.000000,45,48,49,51,54,59,65,75,85,85,85,18237,0,49,60.824712332071265,30.241599999499158,846.7827000004036,2840.8345670888853
1746380211,500,,Aggregated,385.400000,0.000000,42,44,47,48,52,56,63,68,83,86,86,202233,1,46,57.51170622796361,28.006700000332785,846.7827000004036,2917.9349512690806
1746380212,500,GET,GET /pastes/:slug,352.700000,0.000000,42,44,47,48,51,56,63,68,80,86,86,184349,1,46,57.15605775512633,28.006700000332785,666.7449999986275,2925.5810826204643
1746380212,500,POST,POST /pastes,35.400000,0.000000,45,48,50,51,55,59,65,75,85,85,85,18277,0,49,60.79016695847118,30.241599999499158,846.7827000004036,2840.7355145811675
1746380212,500,,Aggregated,388.100000,0.000000,42,45,47,48,52,56,63,68,83,86,86,202626,1,46,57.48385682291392,28.006700000332785,846.7827000004036,2917.9279559385272
1746380213,500,GET,GET /pastes/:slug,351.900000,0.000000,42,45,47,48,52,57,65,70,80,86,86,184701,1,46,57.134388223127054,28.006700000332785,666.7449999986275,2925.5706466126335
1746380213,500,POST,POST /pastes,35.300000,0.000000,45,48,51,52,58,62,67,75,85,85,85,18312,0,49,60.77152044014669,30.241599999499158,846.7827000004036,2841.2166885102665
1746380213,500,,Aggregated,387.200000,0.000000,43,45,47,49,53,58,65,70,83,86,86,203013,1,46,57.462461623146055,28.006700000332785,846.7827000004036,2917.9618251047964
1746380214,500,GET,GET /pastes/:slug,354.000000,0.000000,42,45,47,49,52,56,63,68,80,86,86,185050,1,46,57.11169627776147,28.006700000332785,666.7449999986275,2925.4540394487976
1746380214,500,POST,POST /pastes,35.000000,0.000000,45,48,51,52,56,61,67,75,85,85,85,18353,0,49,60.738722252491776,30.241599999499158,846.7827000004036,2840.5664469024136
1746380214,500,,Aggregated,389.000000,0.000000,43,45,48,49,53,57,63,68,83,86,86,203403,1,46,57.43896189190784,28.006700000332785,846.7827000004036,2917.7946539628224
1746380215,500,GET,GET /pastes/:slug,353.600000,0.000000,43,45,47,48,52,55,61,65,80,86,86,185394,1,46,57.08514181958295,28.006700000332785,666.7449999986275,2925.7444092041815
1746380215,500,POST,POST /pastes,35.500000,0.000000,45,48,51,52,56,60,67,75,85,85,85,18389,0,49,60.70811857632136,30.241599999499158,846.7827000004036,2840.424384142694
1746380215,500,,Aggregated,389.100000,0.000000,43,46,48,49,52,56,62,66,83,86,86,203783,1,46,57.41207252322187,28.006700000332785,846.7827000004036,2918.0452883704725
1746380216,500,GET,GET /pastes/:slug,353.800000,0.000000,42,45,47,48,52,55,60,65,78,86,86,185768,1,46,57.05464341597996,28.006700000332785,666.7449999986275,2925.895611730761
1746380216,500,POST,POST /pastes,34.200000,0.000000,45,48,51,52,56,61,65,73,82,82,82,18429,0,49,60.67860435726124,30.241599999499158,846.7827000004036,2839.789136686744
1746380216,500,,Aggregated,388.000000,0.000000,43,45,47,49,52,55,61,65,80,86,86,204197,1,46,57.381709808663764,28.006700000332785,846.7827000004036,2918.1244092714387
1746380217,500,GET,GET /pastes/:slug,352.100000,0.000000,43,45,47,48,52,55,62,67,82,86,86,186133,1,46,57.03155773344745,28.006700000332785,666.7449999986275,2926.1663004410825
1746380217,500,POST,POST /pastes,35.700000,0.000000,45,48,51,52,56,61,71,79,90,90,90,18465,0,49,60.65622363390019,30.241599999499158,846.7827000004036,2839.7255889520716
1746380217,500,,Aggregated,387.800000,0.000000,43,46,48,49,53,56,62,70,83,90,90,204598,1,46,57.35868437130237,28.006700000332785,846.7827000004036,2918.365013343239
1746380218,500,GET,GET /pastes/:slug,352.500000,0.000000,43,45,47,48,52,55,62,67,82,86,86,186467,1,46,57.005168629300435,28.006700000332785,666.7449999986275,2925.9701073112133
1746380218,500,POST,POST /pastes,35.300000,0.000000,46,48,51,52,56,61,67,79,90,90,90,18510,0,49,60.61866212317486,30.241599999499158,846.7827000004036,2840.335440302539
1746380218,500,,Aggregated,387.800000,0.000000,43,46,48,49,53,56,62,70,83,90,90,204977,1,46,57.331477261837726,28.006700000332785,846.7827000004036,2918.2370558648045
1746380219,500,GET,GET /pastes/:slug,354.600000,0.000000,42,45,47,48,52,56,62,68,82,86,86,186826,1,45,56.9767065376327,28.006700000332785,666.7449999986275,2926.16690931669
1746380219,500,POST,POST /pastes,35.100000,0.000000,46,48,51,52,56,61,67,79,90,90,90,18541,0,49,60.59314459845572,30.241599999499158,846.7827000004036,2839.756863168114
1746380219,500,,Aggregated,389.700000,0.000000,43,45,47,49,53,56,63,70,83,90,90,205367,1,46,57.30320679368992,28.006700000332785,846.7827000004036,2918.365613754888
1746380220,500,GET,GET /pastes/:slug,356.300000,0.000000,43,45,48,49,52,56,62,68,81,84,84,187184,1,45,56.954039464376045,28.006700000332785,666.7449999986275,2926.2124220018804
1746380220,500,POST,POST /pastes,35.700000,0.000000,46,49,51,52,56,59,63,73,90,90,90,18585,0,49,60.56341711057157,30.241599999499158,846.7827000004036,2840.1736884584343
1746380220,500,,Aggregated,392.000000,0.000000,43,46,48,49,53,56,63,69,82,90,90,205769,1,46,57.2800374696855,28.006700000332785,846.7827000004036,2918.4414270371144
1746380221,500,GET,GET /pastes/:slug,353.600000,0.000000,43,45,48,49,53,56,64,72,86,91,91,187527,1,45,56.930540972765336,28.006700000332785,666.7449999986275,2926.095932852336
1746380221,500,POST,POST /pastes,36.900000,0.000000,46,48,50,52,55,59,63,73,90,90,90,18622,0,49,60.530245822144536,30.241599999499158,846.7827000004036,2839.9160133175815
1746380221,500,,Aggregated,390.500000,0.000000,43,46,48,49,53,57,64,72,86,91,91,206149,1,46,57.25571210483543,28.006700000332785,846.7827000004036,2918.3110662676027
1746380222,500,GET,GET /pastes/:slug,353.400000,0.000000,43,45,47,49,52,57,64,72,86,91,91,187878,1,45,56.905408051500174,28.006700000332785,666.7449999986275,2925.931790842994
1746380222,500,POST,POST /pastes,36.000000,0.000000,45,48,49,51,55,59,63,73,90,90,90,18654,0,48,60.502413208962295,30.241599999499158,846.7827000004036,2839.5832529216254
1746380222,500,,Aggregated,389.400000,0.000000,43,46,48,49,53,57,64,72,86,91,91,206532,1,46,57.23029007562851,28.006700000332785,846.7827000004036,2918.132778455639
1746380223,500,GET,GET /pastes/:slug,352.800000,0.000000,43,46,48,49,53,58,65,78,120,130,130,188225,1,45,56.89220410359803,28.006700000332785,666.7449999986275,2925.9677991765175
1746380223,500,POST,POST /pastes,37.300000,0.000000,46,48,50,51,55,59,65,67,90,90,90,18687,0,48,60.48655001872865,30.241599999499158,846.7827000004036,2839.779846952427
1746380223,500,,Aggregated,390.100000,0.000000,43,46,48,49,53,58,65,76,120,130,130,206912,1,46,57.21682298561559,28.006700000332785,846.7827000004036,2918.183841439839
1746380224,500,GET,GET /pastes/:slug,351.200000,0.000000,43,45,47,49,53,57,65,78,120,130,130,188572,1,45,56.865121590690826,28.006700000332785,666.7449999986275,2925.7842521689327
1746380224,500,POST,POST /pastes,38.200000,0.000000,46,48,50,51,55,59,63,66,90,90,90,18718,0,48,60.46254798055276,30.241599999499158,846.7827000004036,2839.1525269793783
1746380224,500,,Aggregated,389.400000,0.000000,43,46,48,49,53,57,65,76,120,130,130,207290,1,46,57.189964212936985,28.006700000332785,846.7827000004036,2917.9615273288628
1746380225,500,GET,GET /pastes/:slug,351.100000,0.000000,43,45,47,49,53,57,66,78,120,130,130,188907,1,45,56.84150915370931,28.006700000332785,666.7449999986275,2925.8458712488155
1746380225,500,POST,POST /pastes,37.100000,0.000000,46,48,50,52,55,59,63,66,90,90,90,18759,0,48,60.430146244468595,30.241599999499158,846.7827000004036,2838.94759848606
1746380225,500,,Aggregated,388.200000,0.000000,43,46,48,49,53,58,65,76,120,130,130,207666,1,46,57.165679904749545,28.006700000332785,846.7827000004036,2917.9961283984862
1746380226,500,GET,GET /pastes/:slug,350.500000,0.000000,43,45,47,49,53,57,64,75,120,130,130,189263,1,45,56.81692321742641,28.006700000332785,666.7449999986275,2925.7892033836515
1746380226,500,POST,POST /pastes,37.000000,0.000000,46,48,49,51,54,59,61,65,76,76,76,18806,0,48,60.39375932680984,30.241599999499158,846.7827000004036,2838.9141763267044
1746380226,500,,Aggregated,387.500000,0.000000,43,46,48,49,53,57,64,72,120,130,130,208069,1,46,57.14021010722276,28.006700000332785,846.7827000004036,2917.9371362384595
1746380227,500,GET,GET /pastes/:slug,349.700000,0.000000,42,45,47,49,53,57,64,75,120,130,130,189597,1,45,56.79125920557684,28.006700000332785,666.7449999986275,2925.755407522271
1746380227,500,POST,POST /pastes,36.400000,0.000000,46,48,49,51,55,59,61,65,76,76,76,18836,0,48,60.37071133998628,30.241599999499158,846.7827000004036,2838.2669356551287
1746380227,500,,Aggregated,386.100000,0.000000,43,46,47,49,53,57,64,74,120,130,130,208433,1,46,57.11473274577301,28.006700000332785,846.7827000004036,2917.849112184731
1746380228,500,GET,GET /pastes/:slug,348.200000,0.000000,43,46,48,49,53,58,68,81,120,130,130,189949,1,45,56.77358044527621,28.006700000332785,666.7449999986275,2925.9270541039964
1746380228,500,POST,POST /pastes,36.400000,0.000000,46,48,50,51,56,59,62,66,76,76,76,18883,0,48,60.34299028755919,30.241599999499158,846.7827000004036,2838.0995604511995
1746380228,500,,Aggregated,384.600000,0.000000,43,46,48,49,54,58,67,78,120,130,130,208832,1,46,57.09633350061163,28.006700000332785,846.7827000004036,2917.985519460619
1746380229,500,GET,GET /pastes/:slug,348.800000,0.000000,43,46,48,50,54,59,68,81,120,130,130,190297,1,45,56.749742936566385,28.006700000332785,666.7449999986275,2925.9751756464893
1746380229,500,POST,POST /pastes,37.400000,0.000000,46,49,50,52,56,59,65,73,76,76,76,18922,0,48,60.31652299968173,30.241599999499158,846.7827000004036,2838.755311277878
1746380229,500,,Aggregated,386.200000,0.000000,43,46,48,50,54,59,68,78,120,130,130,209219,1,46,57.0723265085854,28.006700000332785,846.7827000004036,2918.086913712426
1746380230,500,GET,GET /pastes/:slug,345.300000,0.000000,43,45,47,49,54,58,67,80,120,130,130,190672,1,45,56.72023805173173,28.006700000332785,666.7449999986275,2926.0232021481916
1746380230,500,POST,POST /pastes,36.700000,0.000000,46,48,50,51,56,60,65,73,76,76,76,18950,0,48,60.29522958838926,30.241599999499158,846.7827000004036,2838.252137203166
1746380230,500,,Aggregated,382.000000,0.000000,43,46,48,49,54,59,66,78,120,130,130,209622,1,46,57.043420206370264,28.006700000332785,846.7827000004036,2918.0886261938153
1746380231,500,GET,GET /pastes/:slug,347.500000,0.000000,43,45,47,49,54,58,65,75,120,130,130,191026,1,45,56.69524795368053,28.006700000332785,666.7449999986275,2925.9370242794175
1746380231,500,POST,POST /pastes,36.800000,0.000000,46,49,50,52,56,60,65,73,76,76,76,18979,0,48,60.27552706148771,30.241599999499158,846.7827000004036,2838.7043047578904
1746380231,500,,Aggregated,384.300000,0.000000,43,46,48,49,54,58,65,74,120,130,130,210005,1,46,57.01881223637404,28.006700000332785,846.7827000004036,2918.053451108307
1746380232,500,GET,GET /pastes/:slug,345.900000,0.000000,42,45,47,49,53,58,65,75,120,130,130,191382,1,45,56.6673893981659,28.006700000332785,666.7449999986275,2926.0036314804947
1746380232,500,POST,POST /pastes,37.700000,0.000000,46,49,51,52,56,60,65,73,76,76,76,19009,0,48,60.25039830080358,30.241599999499158,846.7827000004036,2838.6638960492396
1746380232,500,,Aggregated,383.600000,0.000000,43,46,48,49,54,58,65,74,120,130,130,210391,1,46,56.99111720130492,28.006700000332785,846.7827000004036,2918.1124145044228
1746380233,500,GET,GET /pastes/:slug,348.000000,0.000000,42,45,47,48,53,57,65,73,89,96,96,191729,1,45,56.64646867088321,28.006700000332785,666.7449999986275,2926.0754293820964
1746380233,500,POST,POST /pastes,36.300000,0.000000,46,49,50,52,56,59,70,75,90,90,90,19049,0,48,60.226947850279686,30.241599999499158,846.7827000004036,2838.5900047246573
1746380233,500,,Aggregated,384.300000,0.000000,42,45,47,49,53,57,65,74,90,96,96,210778,1,46,56.9700534277758,28.006700000332785,846.7827000004036,2918.1689597586087
1746380234,500,GET,GET /pastes/:slug,348.900000,0.000000,42,45,47,48,53,57,65,73,89,96,96,192084,1,45,56.617681208220155,28.006700000332785,666.7449999986275,2926.1871785260614
1746380234,500,POST,POST /pastes,35.400000,0.000000,46,48,50,51,55,59,70,75,90,90,90,19086,0,48,60.19475749240147,30.241599999499158,846.7827000004036,2838.2154458765585
1746380234,500,,Aggregated,384.300000,0.000000,42,45,47,49,53,57,65,74,90,96,96,211170,1,46,56.94098507695089,28.006700000332785,846.7827000004036,2918.2361036132024
1746380235,500,GET,GET /pastes/:slug,348.500000,0.000000,42,45,47,48,53,58,68,75,89,96,96,192453,1,45,56.596812165566476,28.006700000332785,666.7449999986275,2926.189178656607
1746380235,500,POST,POST /pastes,35.300000,0.000000,46,48,50,51,56,61,73,75,90,90,90,19122,0,48,60.174799450892856,30.241599999499158,846.7827000004036,2838.3590628595334
1746380235,500,,Aggregated,383.800000,0.000000,42,45,47,49,54,58,69,75,90,96,96,211575,1,46,56.9201881451009,28.006700000332785,846.7827000004036,2918.251154436961
1746380236,500,GET,GET /pastes/:slug,348.000000,0.000000,42,45,47,48,53,58,68,75,89,96,96,192777,1,45,56.57105074101047,28.006700000332785,666.7449999986275,2926.336865912427
1746380236,500,POST,POST /pastes,36.400000,0.000000,45,48,50,52,56,61,73,75,90,90,90,19149,0,48,60.15192449213915,30.241599999499158,846.7827000004036,2838.3717165387225
1746380236,500,,Aggregated,384.400000,0.000000,42,45,47,49,54,58,68,75,90,96,96,211926,1,46,56.89460779139759,28.006700000332785,846.7827000004036,2918.3885979068164
1746380237,500,GET,GET /pastes/:slug,350.300000,0.000000,42,45,48,49,55,61,72,78,89,96,96,193130,1,45,56.55791069434981,28.006700000332785,666.7449999986275,2926.4599285455392
1746380237,500,POST,POST /pastes,36.600000,0.000000,46,49,51,52,59,63,74,75,90,90,90,19185,0,48,60.13441204586803,30.241599999499158,846.7827000004036,2838.211571540266
1746380237,500,,Aggregated,386.900000,0.000000,42,46,48,50,55,61,73,77,90,96,96,212315,1,46,56.88108700515618,28.006700000332785,846.7827000004036,2918.485716977133
1746380238,500,GET,GET /pastes/:slug,353.000000,0.000000,42,45,47,49,54,59,70,75,85,96,96,193485,1,45,56.530607978395174,28.006700000332785,666.7449999986275,2926.492637672171
1746380238,500,POST,POST /pastes,36.200000,0.000000,45,48,50,52,58,63,73,75,90,90,90,19222,0,48,60.106802658410764,30.241599999499158,846.7827000004036,2838.354593694725
1746380238,500,,Aggregated,389.200000,0.000000,42,45,47,49,54,60,70,75,85,96,96,212707,1,46,56.853783116680425,28.006700000332785,846.7827000004036,2918.527740036764
1746380239,500,GET,GET /pastes/:slug,349.600000,0.000000,42,45,47,49,54,59,70,75,85,96,96,193841,1,45,56.507941665590806,28.006700000332785,666.7449999986275,2926.5266326525348
1746380239,500,POST,POST /pastes,34.200000,0.000000,45,48,50,52,58,63,73,75,90,90,90,19259,0,48,60.07896904823584,30.241599999499158,846.7827000004036,2838.106962978348
1746380239,500,,Aggregated,383.800000,0.000000,42,45,47,49,54,59,70,75,85,96,96,213100,1,46,56.830674731580174,28.006700000332785,846.7827000004036,2918.535668700141
1746380240,500,GET,GET /pastes/:slug,349.900000,0.000000,42,45,47,48,53,59,70,75,85,96,96,194207,1,45,56.48096165483115,28.006700000332785,666.7449999986275,2926.309860097731
1746380240,500,POST,POST /pastes,34.700000,0.000000,45,48,50,51,58,62,73,75,90,90,90,19296,0,48,60.04930702736209,30.241599999499158,846.7827000004036,2837.915215588723
1746380240,500,,Aggregated,384.600000,0.000000,42,45,47,49,54,59,70,75,85,96,96,213503,1,46,56.80346200521653,28.006700000332785,846.7827000004036,2918.3209182072383
1746380241,500,GET,GET /pastes/:slug,351.000000,0.000000,42,45,47,48,54,59,71,76,85,96,96,194543,1,45,56.45910977624376,28.006700000332785,666.7449999986275,2926.1220758392747
1746380241,500,POST,POST /pastes,33.700000,0.000000,45,48,50,51,58,63,73,75,90,90,90,19330,0,48,60.024916952921394,30.241599999499158,846.7827000004036,2838.1956544231766
1746380241,500,,Aggregated,384.700000,0.000000,42,45,47,49,54,60,71,76,85,96,96,213873,1,46,56.78139006746871,28.006700000332785,846.7827000004036,2918.175220808611
1746380243,500,GET,GET /pastes/:slug,352.500000,0.000000,42,45,47,48,53,58,66,74,84,85,85,194913,1,45,56.43417560347333,28.006700000332785,666.7449999986275,2926.2403482579407
1746380243,500,POST,POST /pastes,33.800000,0.000000,44,47,50,51,57,62,71,74,85,85,85,19371,0,48,59.99343378761939,30.241599999499158,846.7827000004036,2838.1897682102112
1746380243,500,,Aggregated,386.300000,0.000000,42,45,47,49,54,59,67,74,84,85,85,214284,1,46,56.7559279988228,28.006700000332785,846.7827000004036,2918.280688245506
1746380244,500,GET,GET /pastes/:slug,349.200000,0.000000,42,45,47,49,54,58,67,74,84,85,85,195253,1,45,56.41042984281842,28.006700000332785,666.7449999986275,2926.144853088045
1746380244,500,POST,POST /pastes,35.000000,0.000000,45,48,50,51,57,62,71,74,85,85,85,19402,0,48,59.97107130192566,30.241599999499158,846.7827000004036,2838.8801669930936
1746380244,500,,Aggregated,384.200000,0.000000,43,46,48,49,54,59,67,74,84,85,85,214655,1,46,56.732265185995004,28.006700000332785,846.7827000004036,2918.2572686403764
1746380245,500,GET,GET /pastes/:slug,351.600000,0.000000,43,45,48,49,53,58,66,74,83,85,85,195593,1,45,56.39390894050309,28.006700000332785,666.7449999986275,2926.2605154581197
1746380245,500,POST,POST /pastes,36.100000,0.000000,45,48,50,51,56,61,66,75,85,85,85,19433,0,48,59.954383507433896,30.241599999499158,846.7827000004036,2839.2328513353573
1746380245,500,,Aggregated,387.700000,0.000000,43,46,48,49,54,58,66,74,84,85,85,215026,1,46,56.71568724758753,28.006700000332785,846.7827000004036,2918.39538009357
1746380246,500,GET,GET /pastes/:slug,351.000000,0.000000,43,45,47,49,53,57,64,73,83,85,85,195988,1,45,56.363412206868915,28.006700000332785,666.7449999986275,2926.0540492275036
1746380246,500,POST,POST /pastes,35.100000,0.000000,45,48,50,51,56,60,66,75,85,85,85,19464,0,48,59.931522908958236,30.241599999499158,846.7827000004036,2838.5591348129883
1746380246,500,,Aggregated,386.100000,0.000000,43,46,48,49,53,57,64,73,84,85,85,215452,1,46,56.68575642602419,28.006700000332785,846.7827000004036,2918.1497317267886
1746380247,500,GET,GET /pastes/:slug,349.400000,0.000000,42,45,47,48,51,54,59,64,81,85,85,196339,1,45,56.33768812003642,28.006700000332785,666.7449999986275,2925.809665934939
1746380247,500,POST,POST /pastes,34.500000,0.000000,45,48,50,51,54,57,62,69,85,85,85,19501,0,48,59.90465216655359,30.241599999499158,846.7827000004036,2838.592379877955
1746380247,500,,Aggregated,383.900000,0.000000,42,45,47,48,52,55,59,65,81,85,85,215840,1,46,56.65996094190034,28.006700000332785,846.7827000004036,2917.92964232765
1746380248,500,GET,GET /pastes/:slug,352.100000,0.000000,42,45,47,48,51,54,59,65,81,85,85,196694,1,45,56.31156754145952,28.006700000332785,666.7449999986275,2925.7802424069873
1746380248,500,POST,POST /pastes,34.000000,0.000000,45,48,50,51,54,57,61,63,85,85,85,19531,0,48,59.88142391582418,30.241599999499158,846.7827000004036,2838.5997644769855
1746380248,500,,Aggregated,386.100000,0.000000,42,45,47,48,51,55,59,65,81,85,85,216225,1,46,56.63402269163965,28.006700000332785,846.7827000004036,2917.9054734651404
1746380249,500,GET,GET /pastes/:slug,353.800000,0.000000,42,45,46,48,52,55,61,69,85,85,85,197070,1,45,56.28959021413632,28.006700000332785,666.7449999986275,2925.9183031410157
1746380249,500,POST,POST /pastes,35.000000,0.000000,46,48,50,51,55,59,70,75,85,85,85,19559,0,48,59.867427450276864,30.241599999499158,846.7827000004036,2838.926376604121
1746380249,500,,Aggregated,388.800000,0.000000,42,45,47,48,52,56,61,70,85,85,85,216629,1,46,56.61262599651844,28.006700000332785,846.7827000004036,2918.0639757373206
1746380250,500,GET,GET /pastes/:slug,355.000000,0.000000,42,45,46,48,52,56,62,71,85,85,85,197420,1,45,56.2636896246573,28.006700000332785,666.7449999986275,2925.8413737210008
1746380250,500,POST,POST /pastes,34.500000,0.000000,46,48,50,51,56,59,70,75,85,85,85,19590,0,48,59.846530964775965,30.241599999499158,846.7827000004036,2838.262991322103
1746380250,500,,Aggregated,389.500000,0.000000,42,45,47,48,52,56,62,71,85,85,85,217010,1,46,56.587121087967326,28.006700000332785,846.7827000004036,2917.935468411594
1746380251,500,GET,GET /pastes/:slug,357.100000,0.000000,42,45,46,47,51,55,61,70,85,85,85,197749,1,45,56.24008505479087,28.006700000332785,666.7449999986275,2925.834573120471
1746380251,500,POST,POST /pastes,33.700000,0.000000,45,48,50,52,56,59,65,72,85,85,85,19634,0,48,59.8118907456431,30.241599999499158,846.7827000004036,2838.1680248548437
1746380251,500,,Aggregated,390.800000,0.000000,42,45,47,48,52,56,61,70,85,85,85,217383,1,46,56.5626900097973,28.006700000332785,846.7827000004036,2917.916543611966
1746380252,500,GET,GET /pastes/:slug,354.900000,0.000000,42,45,46,48,52,56,63,71,85,85,85,198109,1,45,56.21996900897907,28.006700000332785,666.7449999986275,2926.0985921891483
1746380252,500,POST,POST /pastes,32.900000,0.000000,46,48,50,52,56,59,70,74,78,78,78,19660,0,48,59.79600740081149,30.241599999499158,846.7827000004036,2837.784435401831
1746380252,500,,Aggregated,387.800000,0.000000,42,45,47,48,52,56,64,72,85,85,85,217769,1,46,56.542810711808215,28.006700000332785,846.7827000004036,2918.1256652691613
1746380253,500,GET,GET /pastes/:slug,352.600000,0.000000,42,45,47,48,52,56,63,70,85,85,85,198466,1,45,56.19756779851377,28.006700000332785,666.7449999986275,2925.8796116211342
1746380253,500,POST,POST /pastes,33.500000,0.000000,46,48,50,52,57,61,72,74,78,78,78,19694,0,48,59.77697269726579,30.241599999499158,846.7827000004036,2838.2614501878743
1746380253,500,,Aggregated,386.100000,0.000000,42,45,47,48,53,57,64,71,85,85,85,218160,1,46,56.52069211129337,28.006700000332785,846.7827000004036,2917.970040337367
1746380254,500,GET,GET /pastes/:slug,354.600000,0.000000,42,44,46,47,51,56,61,66,84,85,85,198820,1,45,56.17420454280176,28.006700000332785,666.7449999986275,2925.879272708983
1746380254,500,POST,POST /pastes,33.000000,0.000000,45,47,50,51,56,61,70,74,78,78,78,19729,0,48,59.750139373508624,30.241599999499158,846.7827000004036,2837.872776116377
1746380254,500,,Aggregated,387.600000,0.000000,42,45,46,48,52,56,61,68,84,85,85,218549,1,46,56.49701369898637,28.006700000332785,846.7827000004036,2917.9346919912696
1746380255,500,GET,GET /pastes/:slug,353.200000,0.000000,42,45,47,48,52,57,66,74,88,93,93,199156,1,45,56.15754566319795,28.006700000332785,666.7449999986275,2925.8471298881277
1746380255,500,POST,POST /pastes,32.000000,0.000000,45,48,50,52,58,63,73,75,81,81,81,19782,0,48,59.71921814275387,30.241599999499158,846.7827000004036,2838.6236477605903
1746380255,500,,Aggregated,385.200000,0.000000,42,45,47,48,53,57,68,74,88,93,93,218938,1,45,56.479358253933924,28.006700000332785,846.7827000004036,2917.966109126785
1746380256,500,GET,GET /pastes/:slug,355.100000,0.000000,42,45,47,48,52,57,66,74,88,93,93,199514,1,45,56.132586977855475,28.006700000332785,666.7449999986275,2925.9029892639114
1746380256,500,POST,POST /pastes,32.600000,0.000000,45,48,50,52,59,64,73,75,81,81,81,19817,0,48,59.69576921329981,30.241599999499158,846.7827000004036,2838.4694958873692
1746380256,500,,Aggregated,387.700000,0.000000,42,45,47,48,53,58,68,74,88,93,93,219331,1,45,56.45452770834855,28.006700000332785,846.7827000004036,2918.003196082633
1746380257,500,GET,GET /pastes/:slug,354.400000,0.000000,43,46,48,49,54,58,68,74,88,93,93,199869,1,45,56.116596218522396,28.006700000332785,666.7449999986275,2925.983564234574
1746380257,500,POST,POST /pastes,34.600000,0.000000,45,48,50,53,59,64,73,75,81,81,81,19856,0,48,59.672038492141546,30.241599999499158,846.7827000004036,2839.0001007252217
1746380257,500,,Aggregated,389.000000,0.000000,43,46,48,49,54,59,68,74,88,93,93,219725,1,45,56.43789266537622,28.006700000332785,846.7827000004036,2918.123085675276
1746380258,500,GET,GET /pastes/:slug,350.400000,0.000000,43,46,48,49,53,57,66,72,88,93,93,200206,1,45,56.09663471274503,28.006700000332785,666.7449999986275,2926.0050348141413
1746380258,500,POST,POST /pastes,35.100000,0.000000,45,48,50,53,58,63,73,75,81,81,81,19893,0,48,59.64968537676401,30.241599999499158,846.7827000004036,2839.1461820740965
1746380258,500,,Aggregated,385.500000,0.000000,43,46,48,49,53,58,66,73,88,93,93,220099,1,45,56.4177667345139,28.006700000332785,846.7827000004036,2918.1545531783427
1746380259,500,GET,GET /pastes/:slug,351.800000,0.000000,43,46,48,50,54,59,66,72,88,93,93,200566,1,45,56.08037980714477,28.006700000332785,666.7449999986275,2926.4053329078706
1746380259,500,POST,POST /pastes,35.200000,0.000000,45,48,50,53,58,64,74,77,86,86,86,19921,0,48,59.63609019627372,30.241599999499158,846.7827000004036,2839.3494302494855
1746380259,500,,Aggregated,387.000000,0.000000,43,46,48,50,54,59,67,74,88,93,93,220487,1,45,56.40163823354548,28.006700000332785,846.7827000004036,2918.539832280361
1746380260,500,GET,GET /pastes/:slug,348.900000,0.000000,44,47,49,51,56,64,75,85,110,120,120,200914,1,45,56.07703190121049,28.006700000332785,666.7449999986275,2926.334093194103
1746380260,500,POST,POST /pastes,36.100000,0.000000,46,49,52,54,60,69,78,82,86,86,86,19958,0,48,59.62658363062318,30.241599999499158,846.7827000004036,2838.834752981261
1746380260,500,,Aggregated,385.000000,0.000000,44,47,50,51,57,64,75,84,110,120,120,220872,1,45,56.3977694931895,28.006700000332785,846.7827000004036,2918.427650403854
1746380261,500,GET,GET /pastes/:slug,347.000000,0.000000,44,48,51,52,60,69,82,90,130,130,130,201266,1,45,56.0765064168802,28.006700000332785,666.7449999986275,2926.359067105224
1746380261,500,POST,POST /pastes,35.900000,0.000000,47,50,54,56,64,71,81,83,100,100,100,19997,0,48,59.62319775466227,30.241599999499158,846.7827000004036,2837.9570935640345
1746380261,500,,Aggregated,382.900000,0.000000,45,48,51,53,60,69,82,89,130,130,130,221263,1,46,56.39704435897443,28.006700000332785,846.7827000004036,2918.3695963626997
1746380262,500,GET,GET /pastes/:slug,347.900000,0.000000,44,48,51,52,59,69,82,90,130,130,130,201626,1,45,56.05522402765421,28.006700000332785,666.7449999986275,2926.3202067193715
1746380262,500,POST,POST /pastes,36.600000,0.000000,47,51,54,56,62,69,81,83,100,100,100,20023,0,48,59.606999350745824,30.241599999499158,846.7827000004036,2838.1992208959696
1746380262,500,,Aggregated,384.500000,0.000000,45,48,51,53,60,69,82,89,130,130,130,221649,1,45,56.37607906103687,28.006700000332785,846.7827000004036,2918.359663251357
1746380263,500,GET,GET /pastes/:slug,348.700000,0.000000,45,48,51,52,60,70,82,90,130,130,130,201964,1,45,56.03375241429072,28.006700000332785,666.7449999986275,2926.3310887088787
1746380263,500,POST,POST /pastes,36.400000,0.000000,47,51,54,56,62,69,81,83,100,100,100,20064,0,48,59.57951971192086,30.241599999499158,846.7827000004036,2837.4427332535884
1746380263,500,,Aggregated,385.100000,0.000000,45,48,51,53,60,70,82,89,130,130,130,222028,1,45,56.354172699388194,28.006700000332785,846.7827000004036,2918.2985164033366
1746380264,500,GET,GET /pastes/:slug,350.400000,0.000000,45,48,51,52,59,68,80,90,130,130,130,202325,1,45,56.01517248634521,28.006700000332785,666.7449999986275,2926.3454590386755
1746380264,500,POST,POST /pastes,36.100000,0.000000,48,51,54,56,62,68,79,83,100,100,100,20099,0,48,59.56058900940245,30.241599999499158,846.7827000004036,2837.2763321558286
1746380264,500,,Aggregated,386.500000,0.000000,45,49,51,53,60,68,80,88,130,130,130,222424,1,45,56.335548555010924,28.006700000332785,846.7827000004036,2918.2968654461747
