Timestamp,User Count,Type,Name,Requests/s,Failures/s,50%,66%,75%,80%,90%,95%,98%,99%,99.9%,99.99%,100%,Total Request Count,Total Failure Count,Total Median Response Time,Total Average Response Time,Total Min Response Time,Total Max Response Time,Total Average Content Size
1746394045,0,,Aggregated,0.000000,0.000000,N/A,N/A,N/A,N/A,N/A,N/A,N/A,N/A,N/A,N/A,N/A,0,0,0,0.0,0,0,0
1746394046,0,,Aggregated,0.000000,0.000000,N/A,N/A,N/A,N/A,N/A,N/A,N/A,N/A,N/A,N/A,N/A,0,0,0,0.0,0,0,0
1746394047,100,GET,GET /pastes/:slug,0.000000,0.000000,0,0,0,0,0,0,0,0,0,0,0,94,0,280.0,264.3391861702378,35.163499996997416,340.5750999991142,3126.936170212766
1746394047,100,POST,POST /pastes,0.000000,0.000000,0,0,0,0,0,0,0,0,0,0,0,15,0,260.0,248.43614666630552,34.964800001034746,334.2140999993717,2434.5333333333333
1746394047,100,,Aggregated,0.000000,0.000000,280,290,300,320,320,330,340,340,340,340,340,109,0,280.0,262.15069449538476,34.964800001034746,340.5750999991142,3031.651376146789
1746394048,200,GET,GET /pastes/:slug,0.000000,0.000000,0,0,0,0,0,0,0,0,0,0,0,275,0,180.0,165.44657963624394,31.611500002327375,340.5750999991142,3037.3963636363637
1746394048,200,POST,POST /pastes,0.000000,0.000000,0,0,0,0,0,0,0,0,0,0,0,26,0,200.0,178.39259615385134,32.59849999813014,334.2140999993717,2554.076923076923
1746394048,200,,Aggregated,0.000000,0.000000,190,200,260,270,300,320,330,340,340,340,340,301,0,190.0,166.56484019922664,31.611500002327375,340.5750999991142,2995.6478405315615
1746394049,300,GET,GET /pastes/:slug,0.000000,0.000000,71,160,190,190,210,220,230,230,250,250,250,526,0,150.0,135.98143422044288,31.611500002327375,340.5750999991142,3037.977186311787
1746394049,300,POST,POST /pastes,0.000000,0.000000,46,84,160,180,190,200,210,210,210,210,210,51,0,84,134.19971960798185,32.59450000041397,334.2140999993717,2886.7843137254904
1746394049,300,,Aggregated,0.000000,0.000000,150,190,210,220,270,300,320,330,340,340,340,577,0,150.0,135.82395164637788,31.611500002327375,340.5750999991142,3024.6135181975737
1746394051,500,GET,GET /pastes/:slug,32.333333,0.000000,53,160,180,190,210,220,230,230,250,250,250,837,0,71,120.07077945034123,31.611500002327375,340.5750999991142,2992.6164874551973
1746394051,500,POST,POST /pastes,5.000000,0.000000,46,73,170,180,190,200,210,210,210,210,210,82,0,49,116.57119390252862,32.59450000041397,334.2140999993717,2871.6463414634145
1746394051,500,,Aggregated,37.333333,0.000000,68,180,200,210,240,290,320,330,340,340,340,919,0,68,119.75852045695643,31.611500002327375,340.5750999991142,2981.822633297062
1746394052,600,GET,GET /pastes/:slug,105.200000,0.000000,54,120,180,190,220,240,260,260,290,290,290,1243,0,60,113.62822469824961,30.941799999709474,340.5750999991142,2937.7441673370877
1746394052,600,POST,POST /pastes,10.200000,0.000000,48,73,160,180,210,230,240,260,260,260,260,115,0,49,110.01233652198647,32.59450000041397,334.2140999993717,2817.939130434783
1746394052,600,,Aggregated,115.400000,0.000000,59,160,190,200,240,270,300,320,340,340,340,1358,0,59,113.32201914576783,30.941799999709474,340.5750999991142,2927.598674521355
1746394053,700,GET,GET /pastes/:slug,139.500000,0.000000,53,92,180,190,220,250,270,280,290,290,290,1709,0,55,107.61548689289019,30.883300001733005,340.5750999991142,2923.1913399648915
1746394053,700,POST,POST /pastes,13.666667,0.000000,48,71,120,180,200,220,240,260,270,270,270,147,0,49,102.42124897982018,32.59450000041397,334.2140999993717,2829.4285714285716
1746394053,700,,Aggregated,153.166667,0.000000,55,110,190,200,240,270,290,320,340,340,340,1856,0,55,107.20408981680113,30.883300001733005,340.5750999991142,2915.7650862068967
1746394054,800,GET,GET /pastes/:slug,176.142857,0.000000,56,84,150,190,230,280,290,300,320,330,330,2235,0,58,106.12904970917216,30.883300001733005,340.5750999991142,2923.758836689038
1746394054,800,POST,POST /pastes,16.428571,0.000000,51,71,97,170,210,240,290,290,300,300,300,199,0,53,100.51826683427944,32.59450000041397,334.2140999993717,2790.638190954774
1746394054,800,,Aggregated,192.571429,0.000000,57,94,180,200,250,290,300,320,340,340,340,2434,0,57,105.67032095317231,30.883300001733005,340.5750999991142,2912.875102711586
1746394055,900,GET,GET /pastes/:slug,211.125000,0.000000,58,93,130,180,240,290,310,330,370,370,370,2838,0,59,106.69615042283249,30.883300001733005,369.1690000014205,2922.3548273431993
1746394055,900,POST,POST /pastes,18.125000,0.000000,53,74,110,130,210,260,290,300,350,350,350,259,0,56,99.10913436307199,32.59450000041397,347.1529000016744,2812.4401544401544
1746394055,900,,Aggregated,229.250000,0.000000,59,97,150,190,260,290,320,330,370,370,370,3097,0,59,106.06165343882311,30.883300001733005,369.1690000014205,2913.162738133678
1746394056,1000,GET,GET /pastes/:slug,245.222222,0.000000,62,89,120,180,250,290,320,330,370,370,370,3464,0,63,105.57764653578371,30.883300001733005,369.1690000014205,2893.0756351039263
1746394056,1000,POST,POST /pastes,22.000000,0.000000,57,74,98,120,210,270,290,300,350,350,350,336,0,58,96.77222619059951,32.59450000041397,347.1529000016744,2799.7261904761904
1746394056,1000,,Aggregated,267.222222,0.000000,63,94,130,190,270,290,320,330,370,370,370,3800,0,63,104.79906199999922,30.883300001733005,369.1690000014205,2884.8215789473684
1746394057,1100,GET,GET /pastes/:slug,245.222222,0.000000,70,110,190,210,300,380,480,530,620,690,690,3925,0,71,130.71904710826635,30.883300001733005,690.6503999998677,2906.7768152866242
1746394057,1100,POST,POST /pastes,22.000000,0.000000,65,110,170,190,300,410,470,500,620,620,620,390,0,68,127.0196423078279,32.59450000041397,619.1045000014128,2836.0358974358974
1746394057,1100,,Aggregated,267.222222,0.000000,70,110,180,210,300,380,480,530,620,690,690,4315,0,71,130.38468607184208,30.883300001733005,690.6503999998677,2900.383082271147
1746394058,1200,GET,GET /pastes/:slug,342.300000,0.000000,90,210,290,320,430,560,870,930,980,980,980,4597,0,95,185.30624750923343,30.883300001733005,982.1693999983836,2900.531868609963
1746394058,1200,POST,POST /pastes,33.100000,0.000000,87,190,290,350,440,580,690,890,980,980,980,465,0,92,185.27120774208444,32.59450000041397,980.1993000000948,2833.221505376344
1746394058,1200,,Aggregated,375.400000,0.000000,90,200,290,320,430,560,860,930,980,980,980,5062,0,95,185.30302872382754,30.883300001733005,982.1693999983836,2894.348676412485
1746394059,1300,GET,GET /pastes/:slug,392.500000,0.000000,130,270,320,370,470,630,790,930,980,1100,1100,5472,0,130.0,209.0297421966374,30.883300001733005,1077.9141999992135,2906.00274122807
1746394059,1300,POST,POST /pastes,39.000000,0.000000,120,270,320,380,460,610,730,890,980,980,980,534,0,120.0,201.56392902635082,32.59450000041397,980.1993000000948,2826.4719101123596
1746394059,1300,,Aggregated,431.500000,0.000000,130,270,320,380,470,620,790,930,980,1100,1100,6006,0,130.0,208.36594861806023,30.883300001733005,1077.9141999992135,2898.9315684315684
1746394060,1400,GET,GET /pastes/:slug,446.000000,0.000000,130,260,320,370,450,580,790,930,980,1100,1100,6286,0,120.0,201.2471716831072,30.883300001733005,1077.9141999992135,2901.1896277441933
1746394060,1400,POST,POST /pastes,44.700000,0.000000,120,260,320,380,450,580,730,880,980,980,980,619,0,120.0,196.77545848154767,32.59450000041397,980.1993000000948,2831.751211631664
1746394060,1400,,Aggregated,490.700000,0.000000,130,260,320,370,450,580,780,930,980,1100,1100,6905,0,120.0,200.84630412745665,30.883300001733005,1077.9141999992135,2894.964808110065
1746394061,1500,GET,GET /pastes/:slug,509.300000,0.000000,170,270,320,380,470,660,800,930,980,1100,1100,7123,0,150.0,210.9085972202773,30.883300001733005,1077.9141999992135,2896.233188263372
1746394061,1500,POST,POST /pastes,50.000000,0.000000,160,270,320,380,470,640,800,880,980,980,980,691,0,150.0,206.06461534019556,32.59450000041397,980.1993000000948,2832.188133140376
1746394061,1500,,Aggregated,559.300000,0.000000,170,270,320,380,470,650,800,930,980,1100,1100,7814,0,150.0,210.48023895573422,30.883300001733005,1077.9141999992135,2890.5696186332225
1746394062,1600,GET,GET /pastes/:slug,570.100000,0.000000,200,270,330,380,470,660,820,930,980,1100,1100,8008,0,170.0,216.07848337913347,30.883300001733005,1149.705300002097,2896.704795204795
1746394062,1600,POST,POST /pastes,56.100000,0.000000,180,270,340,390,460,650,800,870,980,980,980,776,0,160.0,212.70039768051367,32.59450000041397,980.1993000000948,2833.667525773196
1746394062,1600,,Aggregated,626.200000,0.000000,200,270,330,380,470,660,820,910,980,1100,1100,8784,0,170.0,215.78005504328047,30.883300001733005,1149.705300002097,2891.1359289617485
1746394063,1700,GET,GET /pastes/:slug,620.500000,0.000000,220,280,340,380,480,720,930,1200,1200,1200,1200,9029,0,190.0,228.2839339351222,30.883300001733005,1222.7468999990379,2899.7181304684905
1746394063,1700,POST,POST /pastes,60.400000,0.000000,210,280,360,400,490,720,890,1200,1200,1200,1200,853,0,180.0,227.75756119591392,32.59450000041397,1224.2265000022599,2835.2989449003517
1746394063,1700,,Aggregated,680.900000,0.000000,220,280,340,380,480,720,930,1200,1200,1200,1200,9882,0,190.0,228.23849819877816,30.883300001733005,1224.2265000022599,2894.157559198543
1746394064,1800,GET,GET /pastes/:slug,671.400000,0.000000,250,330,390,420,560,770,980,1200,2100,2300,2300,9879,0,210.0,252.71830069847485,30.883300001733005,2334.6095999986574,2904.715558254884
1746394064,1800,POST,POST /pastes,65.700000,0.000000,260,350,390,420,570,720,980,1200,1900,1900,1900,950,0,210.0,249.79578021063244,32.59450000041397,1860.465399997338,2838.392631578947
1746394064,1800,,Aggregated,737.100000,0.000000,260,340,390,420,560,750,980,1200,2100,2300,2300,10829,0,210.0,252.46191557856892,30.883300001733005,2334.6095999986574,2898.897220426632
1746394065,1900,GET,GET /pastes/:slug,718.700000,0.000000,290,360,410,430,570,870,1200,1500,2100,2300,2300,10973,0,230.0,273.5917393511534,30.883300001733005,2334.6095999986574,2904.3878611136424
1746394065,1900,POST,POST /pastes,69.200000,0.000000,300,370,410,440,610,820,1200,1400,1900,1900,1900,1071,0,240.0,271.1371549020306,32.59450000041397,1860.465399997338,2817.9785247432305
1746394065,1900,,Aggregated,787.900000,0.000000,290,360,410,430,570,860,1200,1400,2100,2300,2300,12044,0,230.0,273.3734680172924,30.883300001733005,2334.6095999986574,2896.7040019926935
1746394066,2000,GET,GET /pastes/:slug,733.500000,0.000000,310,380,430,490,670,890,1400,1500,2100,2300,2300,11687,0,240.0,291.9955255412165,30.883300001733005,2334.6095999986574,2906.50842816805
1746394066,2000,POST,POST /pastes,72.100000,0.000000,320,380,430,510,670,830,1200,1400,1900,1900,1900,1144,0,250.0,289.35679055949424,32.59450000041397,1860.465399997338,2812.9003496503497
1746394066,2000,,Aggregated,805.600000,0.000000,310,380,430,500,670,880,1400,1500,2100,2300,2300,12831,0,240.0,291.76025838985623,30.883300001733005,2334.6095999986574,2898.1624191411424
1746394067,2100,GET,GET /pastes/:slug,780.200000,0.000000,320,410,550,600,790,880,1400,1700,2400,3000,3000,12644,0,260.0,328.33366235370323,30.883300001733005,2995.5195000002277,2905.552673204682
1746394067,2100,POST,POST /pastes,77.800000,0.000000,320,420,560,610,800,850,1200,1400,2000,2000,2000,1237,0,270.0,325.18191026681353,32.59450000041397,1984.0870999978506,2820.1794664510912
1746394067,2100,,Aggregated,858.000000,0.000000,320,410,550,600,790,880,1400,1700,2400,3000,3000,13881,0,260.0,328.0527951732777,30.883300001733005,2995.5195000002277,2897.944672574022
1746394068,2200,GET,GET /pastes/:slug,787.700000,0.000000,350,460,580,610,790,870,1400,1800,3200,3600,3600,13687,0,280.0,347.72785697377986,30.883300001733005,3619.2713000018557,2910.8625703222037
1746394068,2200,POST,POST /pastes,77.300000,0.000000,350,450,590,620,790,840,1200,1400,2900,2900,2900,1334,0,290.0,341.43659880063166,32.59450000041397,2908.2452000002377,2819.3125937031487
1746394068,2200,,Aggregated,865.000000,0.000000,350,460,580,610,790,870,1400,1800,3200,3600,3600,15021,0,280.0,347.16913662207344,30.883300001733005,3619.2713000018557,2902.732108381599
1746394069,2300,GET,GET /pastes/:slug,815.100000,0.000000,400,530,590,620,790,890,1500,2100,4100,4200,4200,14536,0,300.0,363.738369076784,30.883300001733005,4197.167199999967,2909.6561640066043
1746394069,2300,POST,POST /pastes,79.500000,0.000000,390,530,590,640,800,860,1400,1800,4200,4200,4200,1420,0,310.0,360.5588516901628,32.59450000041397,4182.233800001995,2825.279577464789
1746394069,2300,,Aggregated,894.600000,0.000000,400,530,590,620,790,880,1500,2100,4100,4200,4200,15956,0,300.0,363.45540876787135,30.883300001733005,4197.167199999967,2902.1470920030083
1746394070,2400,GET,GET /pastes/:slug,858.600000,0.000000,450,570,620,660,790,890,1700,2900,4900,5400,5400,15478,0,320.0,384.7608366714119,30.883300001733005,5420.81749999852,2910.896369039928
1746394070,2400,POST,POST /pastes,81.500000,0.000000,450,560,620,660,790,860,1400,1900,4900,4900,4900,1507,0,320.0,375.41093370939745,32.59450000041397,4889.8819999994885,2822.3357664233577
1746394070,2400,,Aggregated,940.100000,0.000000,450,570,620,660,790,890,1700,2700,4900,5400,5400,16985,0,320.0,383.93126329703614,30.883300001733005,5420.81749999852,2903.0387989402416
1746394071,2500,GET,GET /pastes/:slug,865.000000,0.000000,500,590,650,670,790,1100,1900,3500,5000,5500,5500,16418,0,340.0,403.26266126203893,30.883300001733005,5496.534900001279,2910.6593373127057
1746394071,2500,POST,POST /pastes,83.700000,0.000000,500,600,650,690,800,890,1700,3500,5000,5000,5000,1606,0,350.0,401.7083111457575,32.59450000041397,4974.636999999348,2815.7378580323784
1746394071,2500,,Aggregated,948.700000,0.000000,500,590,650,670,790,1100,1800,3500,5000,5500,5500,18024,0,340.0,403.1241633544288,30.883300001733005,5496.534900001279,2902.201509098979
1746394072,2600,GET,GET /pastes/:slug,875.600000,0.000000,560,620,670,710,800,990,2100,4100,5700,6200,6200,17202,0,360.0,422.3386725613411,30.883300001733005,6243.8260999988415,2909.858621090571
1746394072,2600,POST,POST /pastes,85.000000,0.000000,550,630,690,730,800,980,1900,4500,6200,6200,6200,1692,0,360.0,431.092708333384,32.59450000041397,6240.528900001664,2809.252955082742
1746394072,2600,,Aggregated,960.600000,0.000000,560,620,670,710,800,990,2100,4200,6000,6200,6200,18894,0,360.0,423.1226160633141,30.883300001733005,6243.8260999988415,2900.849158463004
1746394073,2700,GET,GET /pastes/:slug,884.100000,0.000000,590,670,750,800,950,1000,2100,4400,6800,6900,6900,18157,0,380.0,452.6360940078315,30.883300001733005,6850.924800000939,2911.780415266839
1746394073,2700,POST,POST /pastes,87.400000,0.000000,600,700,760,810,950,1000,2000,4800,6800,6800,6800,1790,0,380.0,461.5872937989205,32.59450000041397,6849.47370000009,2816.0882681564244
1746394073,2700,,Aggregated,971.500000,0.000000,590,670,750,800,950,1000,2100,4500,6800,6900,6900,19947,0,380.0,453.4393550308434,30.883300001733005,6850.924800000939,2903.1932120118313
1746394074,2800,GET,GET /pastes/:slug,880.400000,0.000000,630,720,790,840,950,1000,2700,4700,8500,8500,8500,19021,0,400.0,474.8928034751205,30.883300001733005,8513.00640000045,2912.618579464802
1746394074,2800,POST,POST /pastes,86.400000,0.000000,650,740,810,890,960,1000,2900,4900,8500,8500,8500,1892,0,400.0,486.57502896410244,32.59450000041397,8512.334400002146,2811.2151162790697
1746394074,2800,,Aggregated,966.800000,0.000000,630,720,800,850,950,1000,2700,4800,8500,8500,8500,20913,0,400.0,475.9496949122702,30.883300001733005,8513.00640000045,2903.444603834935
1746394075,2900,GET,GET /pastes/:slug,856.400000,0.000000,670,770,860,910,970,1000,2900,4900,8500,8800,8800,19838,0,420.0,495.38902121182815,30.883300001733005,8832.515600002807,2911.612259300333
1746394075,2900,POST,POST /pastes,87.600000,0.000000,670,800,890,920,970,1000,3500,6000,8800,8800,8800,1969,0,420.0,509.43072046727315,32.59450000041397,8833.0311000027,2809.075165058405
1746394075,2900,,Aggregated,944.000000,0.000000,670,780,870,910,970,1000,2900,4900,8500,8800,8800,21807,0,420.0,496.6568758380458,30.883300001733005,8833.0311000027,2902.3539689090658
1746394076,3000,GET,GET /pastes/:slug,885.700000,0.000000,700,830,910,940,980,1000,3200,5000,9600,9700,9700,20824,0,430.0,521.761811875733,30.883300001733005,9682.614600002125,2908.8342297349213
1746394076,3000,POST,POST /pastes,90.600000,0.000000,710,840,920,940,980,1000,3500,6000,8800,8800,8800,2069,0,430.0,524.5559904301964,32.59450000041397,8833.0311000027,2820.1846302561626
1746394076,3000,,Aggregated,976.300000,0.000000,700,830,910,940,980,1000,3200,5000,9600,9700,9700,22893,0,430.0,522.0143412702705,30.883300001733005,9682.614600002125,2900.82234744245
1746394077,3100,GET,GET /pastes/:slug,855.900000,0.000000,720,890,930,950,980,1000,3500,5700,10000,10000,10000,21633,0,450.0,536.7737019507377,30.883300001733005,10105.233099999168,2905.490408172699
1746394077,3100,POST,POST /pastes,87.300000,0.000000,730,900,940,950,980,1000,4200,6000,10000,10000,10000,2161,0,450.0,545.0082676076297,32.59450000041397,10101.658999999927,2826.84266543267
1746394077,3100,,Aggregated,943.200000,0.000000,720,890,930,950,980,1000,3500,5700,10000,10000,10000,23794,0,450.0,537.5215752122535,30.883300001733005,10105.233099999168,2898.34752458603
1746394079,3200,GET,GET /pastes/:slug,882.900000,0.000000,840,930,950,960,990,1000,1200,6900,11000,11000,11000,22478,0,470.0,554.4003239078348,30.883300001733005,10960.95360000254,2904.9882106949017
1746394079,3200,POST,POST /pastes,90.000000,0.000000,830,930,950,960,990,1000,4500,6200,10000,10000,10000,2240,0,470.0,556.7363891964638,32.59450000041397,10101.658999999927,2826.422767857143
1746394079,3200,,Aggregated,972.900000,0.000000,840,930,950,960,990,1000,1200,6900,11000,11000,11000,24718,0,470.0,554.6120233271442,30.883300001733005,10960.95360000254,2897.868435957602
1746394080,3300,GET,GET /pastes/:slug,882.900000,0.000000,900,940,960,980,1000,1100,1100,7900,12000,13000,13000,23411,0,490.0,575.1583516338619,30.883300001733005,12621.95150000116,2905.392806800222
1746394080,3300,POST,POST /pastes,90.000000,0.000000,900,950,960,980,1000,1100,1200,6800,12000,12000,12000,2322,0,500.0,573.5762546942582,32.59450000041397,11852.61360000004,2836.0581395348836
1746394080,3300,,Aggregated,972.900000,0.000000,900,940,960,980,1000,1100,1100,7900,12000,13000,13000,25733,0,490.0,575.0155921773741,30.883300001733005,12621.95150000116,2899.1364395911864
1746394081,3400,GET,GET /pastes/:slug,854.100000,0.000000,920,960,980,1000,1100,1100,1100,8800,13000,13000,13000,24111,0,510.0,593.8787497407974,30.883300001733005,13369.117000002007,2906.8824602878353
1746394081,3400,POST,POST /pastes,88.900000,0.000000,920,960,980,990,1000,1100,1100,7600,13000,13000,13000,2380,0,520.0,588.0914981932973,32.59450000041397,12859.579100000701,2835.4789915966385
1746394081,3400,,Aggregated,943.000000,0.000000,920,960,980,1000,1100,1100,1100,8800,13000,13000,13000,26491,0,510.0,593.3588124533,30.883300001733005,13369.117000002007,2900.4674417726774
1746394082,3500,GET,GET /pastes/:slug,842.800000,0.000000,930,970,1000,1100,1100,1200,1300,8800,14000,14000,14000,25269,0,540.0,620.9338626617762,30.883300001733005,14286.908800000674,2906.504412521271
1746394082,3500,POST,POST /pastes,86.000000,0.000000,940,970,1000,1000,1100,1200,1300,7900,14000,14000,14000,2474,0,540.0,612.6911062651819,32.59450000041397,14285.467499998049,2832.021018593371
1746394082,3500,,Aggregated,928.800000,0.000000,930,970,1000,1100,1100,1200,1300,8800,14000,14000,14000,27743,0,540.0,620.1988095195359,30.883300001733005,14286.908800000674,2899.8623076091267
1746394083,3700,GET,GET /pastes/:slug,822.800000,0.000000,940,1000,1100,1100,1200,1500,1700,9700,16000,16000,16000,25808,0,560.0,643.2107284059402,30.883300001733005,15702.872000001662,2908.7113298202107
1746394083,3700,POST,POST /pastes,82.000000,0.000000,940,990,1100,1100,1300,1500,1700,7900,14000,14000,14000,2527,0,560.0,629.543489632006,32.59450000041397,14285.467499998049,2834.2536604669567
1746394083,3700,,Aggregated,904.800000,0.000000,940,1000,1100,1100,1200,1500,1700,9700,16000,16000,16000,28335,0,560.0,641.9918431974787,30.883300001733005,15702.872000001662,2902.070972295747
1746394084,3800,GET,GET /pastes/:slug,847.100000,0.000000,980,1100,1200,1300,1600,1700,1900,10000,16000,16000,16000,26733,0,580.0,681.1498987618461,30.883300001733005,15827.85199999853,2909.542475591965
1746394084,3800,POST,POST /pastes,82.800000,0.000000,970,1100,1200,1300,1600,1700,1900,7900,16000,16000,16000,2613,0,580.0,666.2327814007215,32.59450000041397,15809.512600000744,2832.572139303483
1746394084,3800,,Aggregated,929.900000,0.000000,980,1100,1200,1300,1600,1700,1900,10000,16000,16000,16000,29346,0,580.0,679.8216622844849,30.883300001733005,15827.85199999853,2902.688952497785
1746394085,3900,GET,GET /pastes/:slug,810.900000,0.000000,1000,1100,1300,1400,1600,1700,1900,12000,17000,17000,17000,28138,0,600.0,712.9655901521212,30.883300001733005,17453.2586000023,2911.0657829270026
1746394085,3900,POST,POST /pastes,78.800000,0.000000,990,1100,1300,1400,1600,1700,1900,2000,17000,17000,17000,2755,0,600.0,693.2729835208975,32.59450000041397,16648.81840000089,2835.3553539019963
1746394085,3900,,Aggregated,889.700000,0.000000,990,1100,1300,1400,1600,1700,1900,11000,17000,17000,17000,30893,0,600.0,711.2094275499446,30.883300001733005,17453.2586000023,2904.3140193571357
1746394087,4000,GET,GET /pastes/:slug,783.200000,0.000000,1100,1200,1400,1500,1600,1800,1900,13000,18000,18000,18000,28841,0,610.0,723.7826961929339,30.883300001733005,18300.056699998095,2912.637079158143
1746394087,4000,POST,POST /pastes,74.200000,0.000000,1100,1200,1400,1500,1600,1700,1900,2000,18000,18000,18000,2818,0,610.0,704.752931298817,32.59450000041397,18299.22609999994,2832.628459900639
1746394087,4000,,Aggregated,857.400000,0.000000,1100,1200,1400,1500,1600,1800,1900,13000,18000,18000,18000,31659,0,610.0,722.0888373385277,30.883300001733005,18300.056699998095,2905.515430051486
1746394088,4100,GET,GET /pastes/:slug,812.800000,0.000000,1100,1300,1400,1400,1600,1700,1900,14000,20000,20000,20000,30364,0,650.0,752.5993595046909,30.883300001733005,19799.711100000422,2912.2786194177315
1746394088,4100,POST,POST /pastes,77.000000,0.000000,1100,1300,1400,1400,1600,1700,1900,12000,19000,19000,19000,2977,0,650.0,733.7637890829914,32.59450000041397,19256.638400001975,2829.7907289217333
1746394088,4100,,Aggregated,889.800000,0.000000,1100,1300,1400,1400,1600,1700,1900,14000,20000,20000,20000,33341,0,650.0,750.9175415284617,30.883300001733005,19799.711100000422,2904.9133199364146
1746394089,4200,GET,GET /pastes/:slug,786.600000,0.000000,1200,1300,1400,1500,1600,1800,2000,16000,21000,21000,21000,30583,0,650.0,761.5120384789086,30.883300001733005,20950.612900000124,2912.3929634110455
1746394089,4200,POST,POST /pastes,72.400000,0.000000,1200,1300,1400,1500,1600,1700,1900,14000,21000,21000,21000,3004,0,650.0,743.3018831891081,32.59450000041397,20949.405300001672,2829.135153129161
1746394089,4200,,Aggregated,859.000000,0.000000,1200,1300,1400,1500,1600,1800,1900,16000,21000,21000,21000,33587,0,650.0,759.8833337273495,30.883300001733005,20950.612900000124,2904.9464376097894
1746394090,4300,GET,GET /pastes/:slug,802.800000,0.000000,1200,1400,1400,1500,1600,1800,1900,16000,21000,21000,21000,31131,0,660.0,771.834926696878,30.883300001733005,20950.612900000124,2912.1448395490024
1746394090,4300,POST,POST /pastes,73.900000,0.000000,1200,1400,1400,1500,1600,1700,1900,14000,21000,21000,21000,3064,0,660.0,757.2019617820102,32.59450000041397,20949.405300001672,2832.948759791123
1746394090,4300,,Aggregated,876.700000,0.000000,1200,1400,1400,1500,1600,1800,1900,16000,21000,21000,21000,34195,0,660.0,770.5237582658443,30.883300001733005,20950.612900000124,2905.0485743529757
1746394091,4400,GET,GET /pastes/:slug,797.300000,0.000000,1300,1400,1500,1500,1600,1800,1900,16000,22000,23000,23000,32660,0,690.0,801.5822137630286,30.883300001733005,22542.06179999892,2911.795866503368
1746394091,4400,POST,POST /pastes,74.700000,0.000000,1300,1400,1500,1500,1600,1700,1900,16000,23000,23000,23000,3243,0,690.0,797.9733029294148,32.59450000041397,23026.685400000133,2844.9423373419672
1746394091,4400,,Aggregated,872.000000,0.000000,1300,1400,1500,1500,1600,1700,1900,16000,22000,23000,23000,35903,0,690.0,801.2562327075888,30.883300001733005,23026.685400000133,2905.7572069186417
1746394093,4500,GET,GET /pastes/:slug,792.400000,0.000000,1200,1400,1500,1500,1600,1700,1800,17000,23000,24000,24000,33123,0,700.0,818.0951507230786,30.883300001733005,24184.64970000059,2911.6436313135887
1746394093,4500,POST,POST /pastes,79.000000,0.000000,1200,1400,1400,1500,1600,1600,1800,19000,24000,24000,24000,3300,0,710.0,824.3094652727593,32.59450000041397,24183.01330000031,2849.132121212121
1746394093,4500,,Aggregated,871.400000,0.000000,1200,1400,1500,1500,1600,1700,1800,17000,24000,24000,24000,36423,0,700.0,818.6581806221508,30.883300001733005,24184.64970000059,2905.979957719024
1746394094,4600,GET,GET /pastes/:slug,743.800000,0.000000,1200,1400,1400,1500,1500,1600,1600,18000,24000,24000,24000,34590,0,730.0,847.654803313111,30.883300001733005,24249.527100000705,2911.637843307314
1746394094,4600,POST,POST /pastes,77.900000,0.000000,1200,1400,1400,1500,1500,1600,1700,19000,24000,24000,24000,3447,0,730.0,854.825311459275,32.59450000041397,24242.61370000022,2847.0992167101826
1746394094,4600,,Aggregated,821.700000,0.000000,1200,1400,1400,1500,1500,1600,1600,18000,24000,24000,24000,38037,0,730.0,848.3046111733462,30.883300001733005,24249.527100000705,2905.789205247522
1746394095,4700,GET,GET /pastes/:slug,748.400000,0.000000,1200,1400,1400,1500,1500,1600,1700,21000,26000,26000,26000,35019,0,730.0,864.7514135412348,30.883300001733005,25879.809199999727,2911.4382478083326
1746394095,4700,POST,POST /pastes,79.200000,0.000000,1200,1400,1400,1500,1600,1600,1900,21000,25000,25000,25000,3491,0,730.0,863.8342413062463,32.59450000041397,25046.8641999978,2851.351761672873
1746394095,4700,,Aggregated,827.600000,0.000000,1200,1400,1400,1500,1500,1600,1700,21000,26000,26000,26000,38510,0,730.0,864.6682702467032,30.883300001733005,25879.809199999727,2905.9913009607894
1746394096,4900,GET,GET /pastes/:slug,841.200000,0.000000,1300,1400,1500,1500,1500,1600,1800,21000,26000,26000,26000,35406,0,740.0,870.7345959837436,30.883300001733005,25879.809199999727,2911.074139976275
1746394096,4900,POST,POST /pastes,89.100000,0.000000,1300,1400,1500,1500,1600,1600,1800,21000,25000,25000,25000,3517,0,740.0,868.2624052886327,32.59450000041397,25046.8641999978,2849.46659084447
1746394096,4900,,Aggregated,930.300000,0.000000,1300,1400,1500,1500,1500,1600,1800,21000,26000,26000,26000,38923,0,740.0,870.5112140585387,30.883300001733005,25879.809199999727,2905.507412069984
1746394097,5000,GET,GET /pastes/:slug,791.500000,0.000000,1400,1500,1500,1600,1600,1700,1800,22000,28000,28000,28000,37009,0,760.0,911.994675422206,30.883300001733005,27776.395700002467,2912.1560431246453
1746394097,5000,POST,POST /pastes,83.500000,0.000000,1400,1500,1600,1600,1600,1700,1900,24000,28000,28000,28000,3684,0,760.0,926.084278338797,32.59450000041397,27775.558500001353,2846.991585233442
1746394097,5000,,Aggregated,875.000000,0.000000,1400,1500,1500,1600,1600,1700,1800,22000,28000,28000,28000,40693,0,760.0,913.2702288870441,30.883300001733005,27776.395700002467,2906.256604329983
1746394098,5100,GET,GET /pastes/:slug,712.800000,0.000000,1400,1500,1500,1600,1600,1700,1800,23000,28000,28000,28000,37257,0,770.0,913.5211411654291,30.883300001733005,27776.395700002467,2911.995624983225
1746394098,5100,POST,POST /pastes,75.200000,0.000000,1400,1500,1600,1600,1600,1700,3200,24000,28000,28000,28000,3707,0,760.0,927.4436038036524,32.59450000041397,27775.558500001353,2848.0234691124897
1746394098,5100,,Aggregated,788.000000,0.000000,1400,1500,1500,1600,1600,1700,1800,23000,28000,28000,28000,40964,0,770.0,914.7810417854812,30.883300001733005,27776.395700002467,2906.2065228005076
1746394099,5200,GET,GET /pastes/:slug,774.200000,0.000000,1400,1500,1500,1600,1600,1700,1800,24000,30000,30000,30000,38007,0,780.0,932.8723231378557,30.883300001733005,30000.797200002125,2910.269950272318
1746394099,5200,POST,POST /pastes,83.000000,0.000000,1400,1500,1600,1600,1600,1700,3600,24000,30000,30000,30000,3774,0,780.0,947.4506422098946,32.59450000041397,29999.513200000365,2850.189189189189
1746394099,5200,,Aggregated,857.200000,0.000000,1400,1500,1500,1600,1600,1700,1800,24000,30000,30000,30000,41781,0,780.0,934.189155577908,30.883300001733005,30000.797200002125,2904.8429668988297
1746394100,5400,GET,GET /pastes/:slug,747.200000,0.000000,1400,1500,1500,1600,1600,1700,1800,23000,30000,30000,30000,39530,0,800.0,948.4067958183764,30.883300001733005,30149.64449999752,2910.063774348596
1746394100,5400,POST,POST /pastes,79.600000,0.000000,1400,1500,1500,1600,1600,1700,1800,25000,30000,30000,30000,3932,0,800.0,964.5935599440925,32.59450000041397,30149.119699999574,2855.3573245167854
1746394100,5400,,Aggregated,826.800000,0.000000,1400,1500,1500,1600,1600,1700,1800,24000,30000,30000,30000,43462,0,800.0,949.8712097096435,30.883300001733005,30149.64449999752,2905.1144908195665
1746394101,5400,GET,GET /pastes/:slug,743.900000,0.000000,1400,1500,1500,1600,1600,1700,1800,24000,31000,32000,32000,39851,0,800.0,955.5733632481086,30.883300001733005,31867.529200000718,2909.4475922812476
1746394101,5400,POST,POST /pastes,77.200000,0.000000,1400,1500,1500,1600,1600,1700,1800,25000,30000,30000,30000,3956,0,800.0,963.9848459049971,32.59450000041397,30149.119699999574,2856.8731041456017
1746394101,5400,,Aggregated,821.100000,0.000000,1400,1500,1500,1600,1600,1700,1800,24000,31000,32000,32000,43807,0,800.0,956.3329638916264,30.883300001733005,31867.529200000718,2904.699842490926
1746394102,5500,GET,GET /pastes/:slug,818.900000,0.000000,1400,1500,1500,1600,1600,1700,1800,24000,32000,32000,32000,41030,0,820.0,973.0813810918917,30.883300001733005,31902.107300000353,2908.851815744577
1746394102,5500,POST,POST /pastes,83.600000,0.000000,1400,1500,1500,1600,1600,1700,1800,28000,32000,32000,32000,4066,0,820.0,988.7973555583272,32.59450000041397,31899.4595999975,2860.532710280374
1746394102,5500,,Aggregated,902.500000,0.000000,1400,1500,1500,1600,1600,1700,1800,25000,32000,32000,32000,45096,0,820.0,974.4983837568838,30.883300001733005,31902.107300000353,2904.495210218201
1746394103,5700,GET,GET /pastes/:slug,775.400000,0.000000,1500,1600,1600,1600,1700,1700,1800,25000,33000,33000,33000,42254,0,840.0,991.709076066179,30.883300001733005,33069.148899998254,2907.8040185544564
1746394103,5700,POST,POST /pastes,77.600000,0.000000,1400,1600,1600,1600,1700,1700,1800,28000,33000,33000,33000,4177,0,840.0,1014.2980117070063,32.59450000041397,33031.538100000034,2864.2183385204694
1746394103,5700,,Aggregated,853.000000,0.000000,1500,1600,1600,1600,1700,1700,1800,26000,33000,33000,33000,46431,0,840.0,993.7412094290552,30.883300001733005,33069.148899998254,2903.882987659107
1746394105,5700,GET,GET /pastes/:slug,739.500000,0.000000,1400,1600,1600,1600,1700,1700,1800,4600,33000,34000,34000,43106,0,830.0,991.8928765577951,30.883300001733005,33920.45270000017,2908.9478030900573
1746394105,5700,POST,POST /pastes,73.100000,0.000000,1400,1600,1600,1600,1700,1700,1800,28000,33000,33000,33000,4261,0,830.0,1010.9594306501131,32.59450000041397,33031.538100000034,2865.0819056559494
1746394105,5700,,Aggregated,812.600000,0.000000,1400,1600,1600,1600,1700,1700,1800,4600,33000,34000,34000,47367,0,830.0,993.6080492938206,30.883300001733005,33920.45270000017,2905.0017522747903
1746394106,5900,GET,GET /pastes/:slug,776.600000,0.000000,1300,1500,1500,1600,1600,1700,1800,28000,36000,36000,36000,44083,0,860.0,1010.3158652156255,30.883300001733005,35547.00740000044,2908.6815325635735
1746394106,5900,POST,POST /pastes,73.900000,0.000000,1300,1400,1500,1500,1600,1700,1800,30000,36000,36000,36000,4355,0,860.0,1036.831516280167,32.59450000041397,35522.11229999739,2863.40803673938
1746394106,5900,,Aggregated,850.500000,0.000000,1300,1500,1500,1600,1600,1700,1800,28000,36000,36000,36000,48438,0,860.0,1012.6998542404825,30.883300001733005,35547.00740000044,2904.6110491762665
1746394107,6000,GET,GET /pastes/:slug,818.600000,0.000000,1400,1500,1600,1600,1700,1800,1800,4600,36000,36000,36000,44447,0,870.0,1015.8545854545947,30.883300001733005,35547.00740000044,2908.323351407294
1746394107,6000,POST,POST /pastes,77.700000,0.000000,1300,1500,1500,1600,1700,1800,1800,32000,36000,36000,36000,4394,0,870.0,1042.1701911015346,32.59450000041397,35522.11229999739,2863.7162039144287
1746394107,6000,,Aggregated,896.300000,0.000000,1400,1500,1600,1600,1700,1800,1800,29000,36000,36000,36000,48841,0,870.0,1018.2220793882279,30.883300001733005,35547.00740000044,2904.3102516328495
1746394108,6100,GET,GET /pastes/:slug,858.200000,0.000000,1400,1500,1600,1700,1800,1900,2000,4600,37000,37000,37000,45655,0,890.0,1039.6227514094912,30.883300001733005,37262.69460000185,2907.0976891906694
1746394108,6100,POST,POST /pastes,81.700000,0.000000,1400,1500,1600,1700,1800,1900,2000,30000,36000,36000,36000,4513,0,900.0,1057.6849532683648,32.59450000041397,35522.11229999739,2870.778196321737
1746394108,6100,,Aggregated,939.900000,0.000000,1400,1500,1600,1700,1800,1900,2000,4600,37000,37000,37000,50168,0,890.0,1041.2475863040263,30.883300001733005,37262.69460000185,2903.83046962207
1746394109,6300,GET,GET /pastes/:slug,781.400000,0.000000,1400,1600,1700,1700,1900,2000,2000,4600,39000,39000,39000,46535,0,900.0,1057.2989949758332,30.883300001733005,38892.148999999336,2906.876222198345
1746394109,6300,POST,POST /pastes,74.400000,0.000000,1300,1600,1700,1800,1900,2000,2000,3800,36000,36000,36000,4614,0,900.0,1065.9046913741056,32.59450000041397,35522.11229999739,2871.2043779800606
1746394109,6300,,Aggregated,855.800000,0.000000,1400,1600,1700,1700,1900,2000,2000,4600,39000,39000,39000,51149,0,900.0,1058.0752893937413,30.883300001733005,38892.148999999336,2903.6583706426322
1746394110,6300,GET,GET /pastes/:slug,830.900000,0.000000,1400,1600,1700,1700,1900,2000,2000,3800,39000,39000,39000,47425,0,910.0,1067.7004812440773,30.883300001733005,39302.156300000206,2906.5308381655245
1746394110,6300,POST,POST /pastes,79.300000,0.000000,1300,1600,1700,1800,1900,2000,2000,32000,39000,39000,39000,4704,0,920.0,1085.2097286990047,32.59450000041397,39301.91660000128,2873.3975340136053
1746394110,6300,,Aggregated,910.200000,0.000000,1400,1600,1700,1700,1900,2000,2000,3800,39000,39000,39000,52129,0,910.0,1069.2804751059953,30.883300001733005,39302.156300000206,2903.540965681291
1746394111,6500,GET,GET /pastes/:slug,793.900000,0.000000,1400,1600,1700,1700,1900,2000,2000,3800,41000,41000,41000,48493,0,920.0,1081.3879269420397,30.883300001733005,40837.66960000139,2907.615202194131
1746394111,6500,POST,POST /pastes,77.500000,0.000000,1400,1600,1700,1700,1900,2000,2000,32000,39000,39000,39000,4785,0,920.0,1088.6847523302245,32.59450000041397,39301.91660000128,2870.9485893416927
1746394111,6500,,Aggregated,871.400000,0.000000,1400,1600,1700,1700,1900,2000,2000,32000,41000,41000,41000,53278,0,920.0,1082.0432689121292,30.883300001733005,40837.66960000139,2904.322102931792
1746394112,6500,GET,GET /pastes/:slug,819.400000,0.000000,1400,1700,1700,1800,1900,2000,2000,4600,41000,41000,41000,48856,0,920.0,1084.8222123997127,30.883300001733005,40837.66960000139,2908.1727935156377
1746394112,6500,POST,POST /pastes,82.300000,0.000000,1400,1700,1700,1800,1900,2000,2000,3800,39000,39000,39000,4811,0,920.0,1090.700703845381,32.59450000041397,39301.91660000128,2870.4599875285803
1746394112,6500,,Aggregated,901.700000,0.000000,1400,1700,1700,1800,1900,2000,2000,4600,41000,41000,41000,53667,0,920.0,1085.3491921516102,30.883300001733005,40837.66960000139,2904.7920137142005
1746394113,6700,GET,GET /pastes/:slug,769.600000,0.000000,1400,1700,1800,1900,2000,2000,2100,4600,42000,43000,43000,50160,0,930.0,1106.5883782256803,30.883300001733005,43292.84700000062,2907.520275119617
1746394113,6700,POST,POST /pastes,76.000000,0.000000,1400,1700,1800,1900,2000,2000,2100,2100,43000,43000,43000,4959,0,940.0,1116.328266243219,32.59450000041397,43292.27140000148,2872.030248033878
1746394113,6700,,Aggregated,845.600000,0.000000,1400,1700,1800,1900,2000,2000,2100,4600,42000,43000,43000,55119,0,930.0,1107.4646659790671,30.883300001733005,43292.84700000062,2904.3272737168672
1746394114,6700,GET,GET /pastes/:slug,853.200000,0.000000,1400,1700,1800,1900,2000,2100,2100,35000,43000,43000,43000,50805,0,940.0,1116.6962698258073,30.883300001733005,43402.22259999791,2908.0565692353116
1746394114,6700,POST,POST /pastes,81.600000,0.000000,1400,1700,1800,1900,2000,2000,2100,2100,43000,43000,43000,5024,0,940.0,1117.6801872412696,32.59450000041397,43292.27140000148,2872.2728901273886
1746394114,6700,,Aggregated,934.800000,0.000000,1400,1700,1800,1900,2000,2000,2100,35000,43000,43000,43000,55829,0,940.0,1116.7848116426987,30.883300001733005,43402.22259999791,2904.8364290959894
1746394116,6900,GET,GET /pastes/:slug,786.000000,0.000000,1500,1700,1800,1900,2000,2100,2100,37000,45000,45000,45000,51539,0,940.0,1130.634652798858,30.883300001733005,44514.97380000001,2907.648111139137
1746394116,6900,POST,POST /pastes,75.100000,0.000000,1600,1800,1900,1900,2000,2000,2100,2100,45000,45000,45000,5096,0,950.0,1132.8034940149437,32.59450000041397,44512.71260000067,2868.256279434851
1746394116,6900,,Aggregated,861.100000,0.000000,1500,1700,1800,1900,2000,2100,2100,4600,45000,45000,45000,56635,0,940.0,1130.8298044689757,30.883300001733005,44514.97380000001,2904.1036461552044
1746394117,7000,GET,GET /pastes/:slug,769.900000,0.000000,1400,1700,1800,1800,2000,2100,2100,4600,45000,45000,45000,52065,0,950.0,1134.3186922385548,30.883300001733005,44514.97380000001,2906.4582925189666
1746394117,7000,POST,POST /pastes,76.300000,0.000000,1400,1700,1800,1900,2000,2000,2100,2100,45000,45000,45000,5164,0,950.0,1136.3413073005731,32.59450000041397,44512.71260000067,2869.1731216111543
1746394117,7000,,Aggregated,846.200000,0.000000,1400,1700,1800,1800,2000,2100,2100,4600,45000,45000,45000,57229,0,950.0,1134.5012008300064,30.883300001733005,44514.97380000001,2903.0939034405633
1746394118,7100,GET,GET /pastes/:slug,769.100000,0.000000,1500,1700,1800,1900,2100,2100,2400,4600,46000,46000,46000,53659,0,960.0,1158.7902272722217,30.883300001733005,46316.3569999997,2906.8643657168413
1746394118,7100,POST,POST /pastes,77.200000,0.000000,1500,1700,1800,1900,2000,2100,2200,2500,45000,45000,45000,5305,0,960.0,1148.6347528369756,32.59450000041397,44512.71260000067,2867.673327049953
1746394118,7100,,Aggregated,846.300000,0.000000,1500,1700,1800,1900,2100,2100,2400,4600,46000,46000,46000,58964,0,960.0,1157.8765377009731,30.883300001733005,46316.3569999997,2903.33834203921
1746394119,7200,GET,GET /pastes/:slug,769.100000,0.000000,1300,1700,1800,1900,2100,2100,2500,41000,47000,47000,47000,54634,0,950.0,1175.5489468005305,30.883300001733005,47254.20320000194,2905.2756525240693
1746394119,7200,POST,POST /pastes,77.200000,0.000000,1300,1700,1800,1900,2100,2100,2300,2500,47000,47000,47000,5398,0,960.0,1167.104304612848,32.59450000041397,47067.46619999831,2867.253982956651
1746394119,7200,,Aggregated,846.300000,0.000000,1300,1700,1800,1900,2100,2100,2500,41000,47000,47000,47000,60032,0,960.0,1174.789615468418,30.883300001733005,47254.20320000194,2901.8567930437102
1746394120,7300,GET,GET /pastes/:slug,802.000000,0.000000,1400,1700,1800,1900,2100,2100,2500,43000,49000,49000,49000,55166,0,960.0,1189.9654809049075,30.883300001733005,48983.31119999784,2905.4932204618785
1746394120,7300,POST,POST /pastes,79.800000,0.000000,1500,1700,1800,1900,2100,2100,2300,2500,47000,47000,47000,5448,0,960.0,1171.4475871512773,32.59450000041397,47067.46619999831,2864.109765051395
1746394120,7300,,Aggregated,881.800000,0.000000,1400,1700,1800,1900,2100,2100,2500,42000,49000,49000,49000,60614,0,960.0,1188.301088435016,30.883300001733005,48983.31119999784,2901.7736661497343
1746394121,7400,GET,GET /pastes/:slug,883.100000,0.000000,1400,1700,1900,2000,2100,2200,2500,45000,49000,50000,50000,55745,0,970.0,1203.204952487221,30.883300001733005,49875.610800001596,2906.1573414656023
1746394121,7400,POST,POST /pastes,86.500000,0.000000,1500,1700,1900,1900,2100,2100,2300,2500,47000,47000,47000,5491,0,960.0,1174.7533894737135,32.59450000041397,47067.46619999831,2863.996904024768
1746394121,7400,,Aggregated,969.600000,0.000000,1400,1700,1900,2000,2100,2200,2500,43000,49000,50000,50000,61236,0,970.0,1200.653715755441,30.883300001733005,49875.610800001596,2902.376837154615
1746394122,7600,GET,GET /pastes/:slug,760.100000,0.000000,1600,1900,2000,2100,2200,2400,2600,43000,50000,51000,51000,57232,0,980.0,1233.4310729347278,30.883300001733005,51115.711499998724,2904.9755381604696
1746394122,7600,POST,POST /pastes,72.300000,0.000000,1600,1900,2000,2100,2200,2300,2500,2700,47000,47000,47000,5626,0,980.0,1194.7338821365345,32.59450000041397,47067.46619999831,2864.51955207963
1746394122,7600,,Aggregated,832.400000,0.000000,1600,1900,2000,2100,2200,2300,2600,43000,50000,51000,51000,62858,0,980.0,1229.9675456918817,30.883300001733005,51115.711499998724,2901.354592891915
1746394123,7600,GET,GET /pastes/:slug,796.700000,0.000000,1600,1900,2000,2100,2300,2400,2600,46000,51000,51000,51000,57430,0,980.0,1238.6228388072486,30.883300001733005,51115.711499998724,2905.3370538046315
1746394123,7600,POST,POST /pastes,76.100000,0.000000,1500,1800,2000,2100,2200,2300,2500,2700,47000,47000,47000,5645,0,980.0,1194.8201180691144,32.59450000041397,47067.46619999831,2863.5856510186004
1746394123,7600,,Aggregated,872.800000,0.000000,1600,1900,2000,2100,2300,2400,2600,46000,51000,51000,51000,63075,0,980.0,1234.7026428727747,30.883300001733005,51115.711499998724,2901.600443915973
1746394124,7800,GET,GET /pastes/:slug,749.100000,0.000000,1700,1900,2100,2100,2300,2400,2600,47000,52000,52000,52000,58617,0,990.0,1260.9308586689929,30.883300001733005,51946.90410000112,2906.676783185765
1746394124,7800,POST,POST /pastes,73.500000,0.000000,1700,1900,2000,2100,2200,2300,2500,2700,52000,52000,52000,5773,0,990.0,1222.8536304867755,32.59450000041397,51936.15579999823,2858.6852589641435
1746394124,7800,,Aggregated,822.600000,0.000000,1700,1900,2100,2100,2300,2400,2600,47000,52000,52000,52000,64390,0,990.0,1257.5169770368118,30.883300001733005,51946.90410000112,2902.3740177046125
1746394126,7800,GET,GET /pastes/:slug,847.300000,0.000000,1500,1900,2100,2100,2300,2400,2600,47000,53000,53000,53000,59710,0,1000.0,1268.9416298743993,30.883300001733005,52668.89950000041,2908.03431585999
1746394126,7800,POST,POST /pastes,82.400000,0.000000,1400,1900,2000,2100,2200,2300,2500,2700,53000,53000,53000,5887,0,1000.0,1231.572782537821,32.59450000041397,52668.85579999871,2859.2507219296754
1746394126,7800,,Aggregated,929.700000,0.000000,1500,1900,2100,2100,2300,2400,2600,47000,53000,53000,53000,65597,0,1000.0,1265.5879642453222,30.883300001733005,52668.89950000041,2903.6562342790066
1746394127,7900,GET,GET /pastes/:slug,802.300000,0.000000,1300,1800,2000,2100,2300,2300,2600,47000,53000,53000,53000,60154,0,1000.0,1272.6091291934085,30.883300001733005,52668.89950000041,2907.8344415998936
1746394127,7900,POST,POST /pastes,77.300000,0.000000,1300,1800,1900,2100,2200,2300,2700,5300,53000,53000,53000,5938,0,1000.0,1236.8902908892148,32.59450000041397,52668.85579999871,2858.2441899629507
1746394127,7900,,Aggregated,879.600000,0.000000,1300,1800,2000,2100,2300,2300,2600,47000,53000,53000,53000,66092,0,1000.0,1269.3999894813337,30.883300001733005,52668.89950000041,2903.3790322580644
1746394128,8000,GET,GET /pastes/:slug,817.100000,0.000000,1500,1900,2000,2100,2300,2300,2500,49000,55000,55000,55000,61103,0,1000.0,1283.1623300558083,30.883300001733005,54669.07789999823,2908.376511791565
1746394128,8000,POST,POST /pastes,79.100000,0.000000,1400,1900,1900,2100,2200,2300,2600,2700,55000,55000,55000,6038,0,1000.0,1248.3938448161866,32.59450000041397,54660.93700000056,2857.235177210997
1746394128,8000,,Aggregated,896.200000,0.000000,1500,1900,2000,2100,2300,2300,2500,49000,55000,55000,55000,67141,0,1000.0,1280.0355950670976,30.883300001733005,54669.07789999823,2903.7773640547503
1746394129,8200,GET,GET /pastes/:slug,787.400000,0.000000,1700,1900,2200,2200,2500,2600,2600,5300,55000,55000,55000,62143,0,1000.0,1295.6104164121473,30.883300001733005,54669.07789999823,2909.038073475693
1746394129,8200,POST,POST /pastes,74.500000,0.000000,1700,1900,2200,2200,2400,2600,2600,2700,55000,55000,55000,6132,0,1000.0,1262.0768574038043,32.59450000041397,54660.93700000056,2860.966242661448
1746394129,8200,,Aggregated,861.900000,0.000000,1700,1900,2200,2200,2500,2600,2600,5300,55000,55000,55000,68275,0,1000.0,1292.5986583185652,30.883300001733005,54669.07789999823,2904.720585865983
1746394130,8300,GET,GET /pastes/:slug,751.800000,0.000000,1800,2000,2200,2300,2500,2600,2900,4800,57000,57000,57000,62827,0,1000.0,1311.4379339010331,30.883300001733005,57156.098200001,2908.8338771547265
1746394130,8300,POST,POST /pastes,73.900000,0.000000,1700,2000,2200,2300,2500,2600,3000,3000,55000,55000,55000,6210,0,1000.0,1272.709420579732,32.59450000041397,54660.93700000056,2863.9872785829307
1746394130,8300,,Aggregated,825.700000,0.000000,1800,2000,2200,2300,2500,2600,2900,3000,57000,57000,57000,69037,0,1000.0,1307.954235772126,30.883300001733005,57156.098200001,2904.799846459145
1746394131,8400,GET,GET /pastes/:slug,672.700000,0.000000,1700,2100,2300,2400,2600,2700,2900,5300,59000,59000,59000,63662,0,1000.0,1330.6341997738089,30.883300001733005,59111.015400001634,2908.679416292294
1746394131,8400,POST,POST /pastes,67.100000,0.000000,1700,2100,2300,2400,2600,2700,3000,3100,59000,59000,59000,6284,0,1000.0,1292.2879085137045,32.59450000041397,59028.02650000012,2865.472947167409
1746394131,8400,,Aggregated,739.800000,0.000000,1700,2100,2300,2400,2600,2700,2900,5300,59000,59000,59000,69946,0,1000.0,1327.189140810057,30.883300001733005,59111.015400001634,2904.7977153804363
1746394133,8500,GET,GET /pastes/:slug,737.500000,0.000000,1600,1900,2200,2400,2600,2700,2900,3000,60000,60000,60000,65175,0,1100.0,1342.1882160828545,30.883300001733005,59576.59849999982,2908.215235903337
1746394133,8500,POST,POST /pastes,74.300000,0.000000,1600,1900,2300,2400,2600,2700,3000,5300,60000,60000,60000,6444,0,1100.0,1315.713870794552,32.59450000041397,59575.928099999146,2869.061762880199
1746394133,8500,,Aggregated,811.800000,0.000000,1600,1900,2200,2400,2600,2700,2900,3100,60000,60000,60000,71619,0,1100.0,1339.8061571175258,30.883300001733005,59576.59849999982,2904.6923581731103
1746394134,8600,GET,GET /pastes/:slug,766.100000,0.000000,1600,1900,2400,2500,2600,2700,2900,5300,62000,62000,62000,65395,0,1100.0,1353.3425991803667,30.883300001733005,61758.66529999985,2908.314228916584
1746394134,8600,POST,POST /pastes,76.600000,0.000000,1600,2200,2500,2500,2600,2800,3000,53000,62000,62000,62000,6480,0,1100.0,1339.86748695989,32.59450000041397,61756.13859999794,2869.05262345679
1746394134,8600,,Aggregated,842.700000,0.000000,1600,1900,2400,2500,2600,2700,3000,5300,62000,62000,62000,71875,0,1100.0,1352.1277299325234,30.883300001733005,61758.66529999985,2904.7745391304347
1746394135,8700,GET,GET /pastes/:slug,767.500000,0.000000,1500,1800,2300,2400,2600,2700,2900,3000,62000,62000,62000,67326,0,1100.0,1361.9948872040543,30.883300001733005,62291.93949999899,2909.03284021032
1746394135,8700,POST,POST /pastes,79.600000,0.000000,1600,2000,2400,2500,2600,2700,3000,59000,62000,62000,62000,6676,0,1100.0,1368.5259215997773,32.59450000041397,62291.61430000022,2869.3973936488915
1746394135,8700,,Aggregated,847.100000,0.000000,1500,1800,2300,2400,2600,2700,2900,3000,62000,62000,62000,74002,0,1100.0,1362.5840764911784,30.883300001733005,62291.93949999899,2905.4571768330584
1746394136,8800,GET,GET /pastes/:slug,773.700000,0.000000,1500,1800,2300,2400,2600,2700,2900,3000,62000,62000,62000,67372,0,1100.0,1362.2643277132954,30.883300001733005,62291.93949999899,2909.1261503295136
1746394136,8800,POST,POST /pastes,80.100000,0.000000,1500,2100,2400,2500,2600,2700,3000,59000,62000,62000,62000,6679,0,1100.0,1368.941854349471,32.59450000041397,62291.61430000022,2869.131157358886
1746394136,8800,,Aggregated,853.800000,0.000000,1500,1800,2300,2500,2600,2700,2900,3000,62000,62000,62000,74051,0,1100.0,1362.8666045279629,30.883300001733005,62291.93949999899,2905.518818111842
1746394137,9000,GET,GET /pastes/:slug,732.300000,0.000000,1600,2100,2400,2500,2600,2800,3400,3700,64000,64000,64000,68091,0,1100.0,1379.7696183342903,30.883300001733005,63969.19530000014,2909.4708111204122
1746394137,9000,POST,POST /pastes,77.500000,0.000000,1600,2300,2500,2600,2700,3100,3600,60000,64000,64000,64000,6774,0,1100.0,1391.356851121951,32.59450000041397,63877.890700001444,2865.732801889578
1746394137,9000,,Aggregated,809.800000,0.000000,1600,2100,2400,2500,2600,2900,3500,3700,64000,64000,64000,74865,0,1100.0,1380.8180644025936,30.883300001733005,63969.19530000014,2905.5132705536635
1746394138,9100,GET,GET /pastes/:slug,761.600000,0.000000,1600,2000,2300,2500,2600,2800,3500,57000,64000,64000,64000,68760,0,1100.0,1399.3578897411303,30.883300001733005,64286.70659999989,2909.3331442699246
1746394138,9100,POST,POST /pastes,78.900000,0.000000,1600,2200,2500,2600,2700,3100,3700,62000,64000,64000,64000,6839,0,1100.0,1430.6908118877195,32.59450000041397,64286.969699998735,2867.069308378418
1746394138,9100,,Aggregated,840.500000,0.000000,1600,2000,2300,2500,2600,2900,3500,57000,64000,64000,64000,75599,0,1100.0,1402.1923962102694,30.883300001733005,64286.969699998735,2905.5097818754216
1746394139,9300,GET,GET /pastes/:slug,756.100000,0.000000,1600,2200,2500,2600,2700,2800,3500,59000,66000,66000,66000,69881,0,1100.0,1427.926671676132,30.883300001733005,66272.5715000015,2909.1965627280665
1746394139,9300,POST,POST /pastes,78.500000,0.000000,1600,2400,2600,2700,2800,3100,6000,62000,66000,66000,66000,6940,0,1100.0,1457.5511984582288,32.59450000041397,66271.93610000177,2868.357636887608
1746394139,9300,,Aggregated,834.600000,0.000000,1600,2200,2500,2600,2700,2800,3500,59000,66000,66000,66000,76821,0,1100.0,1430.6029479009628,30.883300001733005,66272.5715000015,2905.5071790265683
1746394141,9300,GET,GET /pastes/:slug,751.400000,0.000000,1500,1900,2200,2400,2700,2800,3500,60000,67000,67000,67000,70978,0,1100.0,1437.1747632956706,30.883300001733005,67094.32030000244,2909.6594437713093
1746394141,9300,POST,POST /pastes,79.100000,0.000000,1500,2000,2400,2600,2700,3100,3700,62000,66000,66000,66000,7039,0,1100.0,1456.5770034095929,32.59450000041397,66271.93610000177,2867.4598664583036
1746394141,9300,,Aggregated,830.500000,0.000000,1500,2000,2300,2500,2700,2800,3500,60000,67000,67000,67000,78017,0,1100.0,1438.925309563304,30.883300001733005,67094.32030000244,2905.8520322493814
1746394142,9400,GET,GET /pastes/:slug,724.000000,0.000000,1500,2200,2400,2500,2700,2800,3500,62000,67000,67000,67000,71535,0,1100.0,1443.247837506116,30.883300001733005,67094.32030000244,2909.7311525826517
1746394142,9400,POST,POST /pastes,74.500000,0.000000,1500,2300,2500,2600,2800,3100,3700,62000,66000,66000,66000,7106,0,1100.0,1464.3176847875197,32.59450000041397,66271.93610000177,2866.705882352941
1746394142,9400,,Aggregated,798.500000,0.000000,1500,2200,2400,2500,2700,2800,3500,62000,67000,67000,67000,78641,0,1100.0,1445.1517087028428,30.883300001733005,67094.32030000244,2905.8433895804988
1746394143,9600,GET,GET /pastes/:slug,815.100000,0.000000,1400,2000,2200,2400,2700,2800,3500,61000,69000,70000,70000,73342,0,1200.0,1459.0683419977684,30.883300001733005,69774.43900000071,2910.062801668894
1746394143,9600,POST,POST /pastes,82.900000,0.000000,1400,2100,2400,2500,2700,3100,3700,62000,70000,70000,70000,7299,0,1200.0,1472.7890973421154,32.59450000041397,69772.6767000022,2866.3529250582274
1746394143,9600,,Aggregated,898.000000,0.000000,1400,2000,2200,2400,2700,2800,3500,62000,69000,70000,70000,80641,0,1200.0,1460.3102387160438,30.883300001733005,69774.43900000071,2906.1065214965092
1746394145,9700,GET,GET /pastes/:slug,723.900000,0.000000,1500,2100,2400,2500,2700,2800,3500,64000,70000,71000,71000,73571,0,1200.0,1462.4120802762002,30.883300001733005,71204.57809999789,2910.4727406179063
1746394145,9700,POST,POST /pastes,74.800000,0.000000,1500,2200,2500,2600,2800,3100,3700,64000,70000,70000,70000,7313,0,1200.0,1481.6478319021055,32.59450000041397,70177.5671999967,2866.086558184056
1746394145,9700,,Aggregated,798.700000,0.000000,1500,2100,2400,2500,2700,2800,3500,64000,70000,71000,71000,80884,0,1200.0,1464.1512505897392,30.883300001733005,71204.57809999789,2906.4596335492806
1746394146,9800,GET,GET /pastes/:slug,832.300000,0.000000,1500,2300,2400,2500,2700,2800,3600,66000,72000,73000,73000,74215,0,1200.0,1497.954400939168,30.883300001733005,72573.11299999856,2909.883972242808
1746394146,9800,POST,POST /pastes,86.200000,0.000000,1500,2300,2400,2500,2700,3100,3700,64000,73000,73000,73000,7386,0,1200.0,1517.9631284186405,32.59450000041397,72572.76579999962,2866.7343623070674
1746394146,9800,,Aggregated,918.500000,0.000000,1500,2300,2400,2500,2700,2800,3600,66000,72000,73000,73000,81601,0,1200.0,1499.765462827667,30.883300001733005,72573.11299999856,2905.978345853605
1746394147,9900,GET,GET /pastes/:slug,742.000000,0.000000,1500,2200,2400,2400,2700,2700,2800,66000,72000,73000,73000,75295,0,1200.0,1503.9760228368464,30.883300001733005,72573.11299999856,2909.6579852579853
1746394147,9900,POST,POST /pastes,74.100000,0.000000,1500,2200,2400,2400,2700,2800,2800,66000,73000,73000,73000,7492,0,1200.0,1527.8901725440567,32.59450000041397,72572.76579999962,2865.7782968499732
1746394147,9900,,Aggregated,816.100000,0.000000,1500,2200,2400,2400,2700,2700,2800,66000,72000,73000,73000,82787,0,1200.0,1506.140188824338,30.883300001733005,72573.11299999856,2905.6869919190212
1746394148,10100,GET,GET /pastes/:slug,652.600000,0.000000,1600,2300,2500,2600,2800,3300,3400,66000,73000,74000,74000,75906,0,1200.0,1520.9246016059396,30.883300001733005,74135.30339999852,2910.042381366427
1746394148,10100,POST,POST /pastes,65.800000,0.000000,1500,2300,2400,2500,2700,3100,3700,70000,74000,74000,74000,7524,0,1200.0,1544.74427748539,32.59450000041397,74135.4707999999,2864.7618288144604
1746394148,10100,,Aggregated,718.400000,0.000000,1600,2300,2400,2600,2800,3300,3500,66000,73000,74000,74000,83430,0,1200.0,1523.072740660441,30.883300001733005,74135.4707999999,2905.9588277597986
1746394149,10300,GET,GET /pastes/:slug,775.000000,0.000000,1500,1600,2200,2300,3100,3400,3700,69000,75000,75000,75000,77625,0,1200.0,1545.5154370125701,30.883300001733005,75033.07000000132,2909.390776167472
1746394149,10300,POST,POST /pastes,79.700000,0.000000,1500,1700,2300,2400,3400,3600,3800,70000,75000,75000,75000,7716,0,1200.0,1577.7078190254163,32.59450000041397,75032.62510000059,2866.5583203732504
1746394149,10300,,Aggregated,854.700000,0.000000,1500,1600,2200,2300,3100,3400,3700,69000,75000,75000,75000,85341,0,1200.0,1548.4260710526125,30.883300001733005,75033.07000000132,2905.518133136476
1746394151,10300,GET,GET /pastes/:slug,675.000000,0.000000,1500,2100,2300,2400,3200,3400,3700,71000,75000,75000,75000,77925,0,1200.0,1555.2265682887482,30.883300001733005,75301.21479999798,2909.199371190247
1746394151,10300,POST,POST /pastes,67.000000,0.000000,1500,2100,2400,2400,3400,3700,3800,70000,75000,75000,75000,7752,0,1200.0,1576.9451068885596,32.59450000041397,75032.62510000059,2866.2960526315787
1746394151,10300,,Aggregated,742.000000,0.000000,1500,2100,2300,2400,3200,3400,3800,71000,75000,75000,75000,85677,0,1200.0,1557.1916477292737,30.883300001733005,75301.21479999798,2905.3175064486386
1746394152,10500,GET,GET /pastes/:slug,787.400000,0.000000,1500,2100,2300,2300,3300,3400,3800,72000,77000,77000,77000,78768,0,1200.0,1579.7191222374668,30.883300001733005,77394.5003000008,2909.211227909811
1746394152,10500,POST,POST /pastes,79.400000,0.000000,1500,2100,2300,2400,3400,3700,3900,72000,77000,77000,77000,7830,0,1200.0,1590.6514161430568,32.59450000041397,77340.54970000216,2866.28748403576
1746394152,10500,,Aggregated,866.800000,0.000000,1500,2100,2300,2300,3300,3500,3800,72000,77000,77000,77000,86598,0,1200.0,1580.7075961200128,30.883300001733005,77394.5003000008,2905.3301577403636
1746394153,10700,GET,GET /pastes/:slug,694.700000,0.000000,1500,1800,2200,2300,3200,3400,3700,72000,77000,77000,77000,80475,0,1200.0,1576.0742622864373,30.883300001733005,77394.5003000008,2909.423908045977
1746394153,10700,POST,POST /pastes,71.300000,0.000000,1500,2100,2300,2400,3400,3700,3800,72000,77000,77000,77000,7968,0,1200.0,1587.2093284889697,32.59450000041397,77340.54970000216,2863.265060240964
1746394153,10700,,Aggregated,766.000000,0.000000,1500,2000,2200,2300,3200,3400,3800,72000,77000,77000,77000,88443,0,1200.0,1577.0774418201613,30.883300001733005,77394.5003000008,2905.265368655518
1746394154,10700,GET,GET /pastes/:slug,715.300000,0.000000,1500,2000,2200,2300,3200,3400,3700,72000,77000,77000,77000,80610,0,1200.0,1576.4711768750908,30.883300001733005,77394.5003000008,2909.552536906091
1746394154,10700,POST,POST /pastes,72.800000,0.000000,1500,2100,2300,2400,3400,3700,3800,72000,77000,77000,77000,7997,0,1200.0,1590.359638239352,32.59450000041397,77340.54970000216,2864.61247967988
1746394154,10700,,Aggregated,788.100000,0.000000,1500,2000,2200,2300,3200,3500,3800,72000,77000,77000,77000,88607,0,1200.0,1577.724644722205,30.883300001733005,77394.5003000008,2905.4965860485063
1746394155,10900,GET,GET /pastes/:slug,805.900000,0.000000,1500,2100,2200,2300,3200,3500,4000,77000,81000,81000,81000,81738,0,1200.0,1641.676560538564,30.883300001733005,80778.02879999945,2908.6439844380825
1746394155,10900,POST,POST /pastes,78.300000,0.000000,1600,2200,2300,2400,3500,3800,4100,73000,81000,81000,81000,8140,0,1300.0,1640.723232923846,32.59450000041397,80718.94379999867,2863.290663390663
1746394155,10900,,Aggregated,884.200000,0.000000,1500,2100,2200,2300,3200,3600,4000,77000,81000,81000,81000,89878,0,1200.0,1641.5902203130927,30.883300001733005,80778.02879999945,2904.5364605353925
1746394157,11000,GET,GET /pastes/:slug,701.200000,0.000000,1600,1800,2200,2200,3200,3500,3900,77000,81000,81000,81000,82905,0,1300.0,1641.490773823065,30.883300001733005,80778.02879999945,2908.376599722574
1746394157,11000,POST,POST /pastes,67.100000,0.000000,1700,2100,2200,2300,3500,3800,4000,74000,81000,81000,81000,8243,0,1300.0,1640.8050227344545,32.59450000041397,80718.94379999867,2863.250758219095
1746394157,11000,,Aggregated,768.300000,0.000000,1600,1900,2200,2200,3300,3600,3900,77000,81000,81000,81000,91148,0,1300.0,1641.4287576929842,30.883300001733005,80778.02879999945,2904.29562908676
1746394158,11100,GET,GET /pastes/:slug,808.200000,0.000000,1500,1700,2100,2100,2300,2900,4000,77000,81000,83000,83000,83356,0,1300.0,1651.6199542900495,30.883300001733005,82899.51529999962,2908.7074835644703
1746394158,11100,POST,POST /pastes,82.300000,0.000000,1600,2100,2200,2200,2400,3700,4100,75000,83000,83000,83000,8292,0,1300.0,1657.668532694174,32.59450000041397,82898.88050000081,2864.0558369512783
1746394158,11100,,Aggregated,890.500000,0.000000,1500,1700,2100,2100,2300,3300,4000,77000,81000,83000,83000,91648,0,1300.0,1652.1672091360444,30.883300001733005,82899.51529999962,2904.6675541201116
1746394159,11200,GET,GET /pastes/:slug,772.700000,0.000000,1600,1800,2100,2200,2300,3500,4200,80000,83000,84000,84000,85449,0,1300.0,1704.2931482486758,30.883300001733005,83891.95459999974,2908.625027794357
1746394159,11200,POST,POST /pastes,75.800000,0.000000,1700,2100,2200,2200,3400,3800,4200,81000,83000,83000,83000,8503,0,1300.0,1717.672673374123,32.59450000041397,83472.11279999829,2864.0024697165704
1746394159,11200,,Aggregated,848.500000,0.000000,1600,1800,2100,2200,2400,3600,4200,80000,83000,84000,84000,93952,0,1300.0,1705.5040442608993,30.883300001733005,83891.95459999974,2904.5865229053134
1746394161,11400,GET,GET /pastes/:slug,806.900000,0.000000,1600,1700,2100,2200,2300,3500,4100,80000,83000,84000,84000,85805,0,1300.0,1702.0176226362237,30.883300001733005,83891.95459999974,2908.346017131869
1746394161,11400,POST,POST /pastes,79.700000,0.000000,1600,2100,2200,2200,3400,3800,4200,81000,83000,83000,83000,8535,0,1300.0,1716.0741142706702,32.59450000041397,83472.11279999829,2864.313181019332
1746394161,11400,,Aggregated,886.600000,0.000000,1600,1700,2100,2200,2300,3600,4100,80000,83000,84000,84000,94340,0,1300.0,1703.289322404072,30.883300001733005,83891.95459999974,2904.3623383506465
1746394162,11500,GET,GET /pastes/:slug,789.000000,0.000000,1700,2100,2200,2300,2600,3700,80000,83000,86000,86000,86000,86394,0,1300.0,1724.2622713301967,30.883300001733005,85744.87980000049,2908.3829664097043
1746394162,11500,POST,POST /pastes,78.700000,0.000000,1800,2200,2300,2500,3600,3900,80000,83000,86000,86000,86000,8578,0,1300.0,1740.0246128468368,32.59450000041397,85743.44509999719,2865.2744229424106
1746394162,11500,,Aggregated,867.700000,0.000000,1700,2100,2200,2300,2700,3700,80000,83000,86000,86000,86000,94972,0,1300.0,1725.685947419239,30.883300001733005,85744.87980000049,2904.4893442277726
1746394163,11600,GET,GET /pastes/:slug,782.700000,0.000000,1600,2100,2200,2400,2600,3700,80000,83000,87000,87000,87000,87962,0,1300.0,1766.6422402810433,30.883300001733005,86817.85929999751,2906.5149496373433
1746394163,11600,POST,POST /pastes,77.700000,0.000000,1700,2200,2300,2500,3600,3900,80000,83000,87000,87000,87000,8762,0,1300.0,1772.5398240013885,32.59450000041397,86703.17789999899,2864.7010956402646
1746394163,11600,,Aggregated,860.400000,0.000000,1600,2100,2200,2400,2600,3800,80000,83000,87000,87000,87000,96724,0,1300.0,1767.1764885395578,30.883300001733005,86817.85929999751,2902.7271308051777
1746394165,11700,GET,GET /pastes/:slug,777.600000,0.000000,1600,1900,2200,2400,2600,3600,4300,83000,87000,87000,87000,88181,0,1300.0,1766.5832381431508,30.883300001733005,86817.85929999751,2905.6010932060194
1746394165,11700,POST,POST /pastes,77.500000,0.000000,1600,2100,2400,2400,3200,3800,8500,83000,87000,87000,87000,8786,0,1300.0,1772.2606181197552,32.59450000041397,86703.17789999899,2862.97700887776
1746394165,11700,,Aggregated,855.100000,0.000000,1600,1900,2200,2400,2700,3600,4400,83000,87000,87000,87000,96967,0,1300.0,1767.0976550115015,30.883300001733005,86817.85929999751,2901.7390039910483
1746394166,11800,GET,GET /pastes/:slug,759.800000,0.000000,1900,2400,2500,2600,4000,4300,83000,86000,89000,89000,89000,89457,0,1300.0,1800.5717356461919,30.883300001733005,89188.69440000344,2908.4420112456264
1746394166,11800,POST,POST /pastes,79.700000,0.000000,1800,2400,2500,2600,3800,4300,83000,86000,89000,89000,89000,8871,0,1300.0,1812.5826856611607,32.59450000041397,89186.71289999838,2865.540412580318
1746394166,11800,,Aggregated,839.500000,0.000000,1900,2400,2500,2600,3900,4300,83000,86000,89000,89000,89000,98328,0,1300.0,1801.6553449699002,30.883300001733005,89188.69440000344,2904.5714954031405
1746394167,11900,GET,GET /pastes/:slug,757.100000,0.000000,1600,2200,2400,2500,3800,4300,4800,86000,89000,90000,90000,90957,0,1300.0,1820.1252188220976,30.883300001733005,90379.18780000109,2907.6775399364533
1746394167,11900,POST,POST /pastes,78.900000,0.000000,1600,2200,2400,2500,3600,4200,83000,87000,89000,89000,89000,9000,0,1300.0,1837.9310667000195,32.59450000041397,89186.71289999838,2864.6297777777777
1746394167,11900,,Aggregated,836.000000,0.000000,1600,2200,2400,2500,3800,4300,83000,86000,89000,90000,90000,99957,0,1300.0,1821.7284345138469,30.883300001733005,90379.18780000109,2903.801574677111
1746394168,12100,GET,GET /pastes/:slug,757.100000,0.000000,1600,2000,2400,2500,3900,4300,83000,86000,90000,90000,90000,90998,0,1300.0,1829.626615453103,30.883300001733005,90379.18780000109,2907.8725026923667
1746394168,12100,POST,POST /pastes,78.900000,0.000000,1600,2000,2400,2500,3100,4300,83000,88000,90000,90000,90000,9007,0,1300.0,1847.7910916398553,32.59450000041397,89655.5601,2864.8037082269348
1746394168,12100,,Aggregated,836.000000,0.000000,1600,2000,2400,2500,3900,4300,83000,86000,90000,90000,90000,100005,0,1300.0,1831.2626080236041,30.883300001733005,90379.18780000109,2903.993490325484
1746394169,12200,GET,GET /pastes/:slug,783.500000,0.000000,2200,2500,2600,2700,4000,4300,4800,87000,92000,92000,92000,92221,0,1300.0,1850.3152598952704,30.883300001733005,92497.44790000113,2908.8007395278732
1746394169,12200,POST,POST /pastes,73.700000,0.000000,2300,2500,2600,2700,3400,4300,8500,88000,90000,90000,90000,9158,0,1300.0,1862.4231472810854,32.59450000041397,89655.5601,2861.779646210963
1746394169,12200,,Aggregated,857.200000,0.000000,2200,2500,2600,2700,3900,4300,4800,87000,92000,92000,92000,101379,0,1300.0,1851.409017307341,30.883300001733005,92497.44790000113,2904.5531224415313
1746394170,12300,GET,GET /pastes/:slug,804.200000,0.000000,1800,2400,2500,2600,3700,4300,4500,87000,92000,93000,93000,93723,0,1400.0,1861.262401634622,30.883300001733005,92526.78849999938,2908.862851167803
1746394170,12300,POST,POST /pastes,76.000000,0.000000,1900,2400,2500,2600,3100,4100,4600,88000,93000,93000,93000,9311,0,1400.0,1871.1219588551414,32.59450000041397,92523.20600000166,2862.0932230694875
1746394170,12300,,Aggregated,880.200000,0.000000,1800,2400,2500,2600,3700,4300,4600,87000,92000,93000,93000,103034,0,1400.0,1862.1533923491352,30.883300001733005,92526.78849999938,2904.6363627540422
1746394172,12400,GET,GET /pastes/:slug,665.100000,0.000000,1800,2300,2500,2600,3800,4300,4500,89000,93000,94000,94000,94023,0,1400.0,1868.782890158807,30.883300001733005,93524.59309999904,2909.135754017634
1746394172,12400,POST,POST /pastes,65.100000,0.000000,1800,2300,2500,2600,3100,4100,4600,89000,93000,93000,93000,9342,0,1400.0,1871.9600282594968,32.59450000041397,92523.20600000166,2861.4334189681013
1746394172,12400,,Aggregated,730.200000,0.000000,1800,2300,2500,2600,3800,4300,4500,89000,93000,94000,94000,103365,0,1400.0,1869.0700359444745,30.883300001733005,93524.59309999904,2904.8244763701446
1746394173,12500,GET,GET /pastes/:slug,797.600000,0.000000,2300,2500,2600,2700,3900,4300,4500,89000,96000,96000,96000,95049,0,1400.0,1888.3912293080596,30.883300001733005,95783.96680000151,2908.81157087397
1746394173,12500,POST,POST /pastes,78.300000,0.000000,2400,2600,2600,2700,3400,4200,4800,90000,96000,96000,96000,9468,0,1400.0,1932.8173042459034,32.59450000041397,95779.94209999815,2862.081115335868
1746394173,12500,,Aggregated,875.900000,0.000000,2300,2500,2600,2700,3900,4300,4600,89000,96000,96000,96000,104517,0,1400.0,1892.4157045370673,30.883300001733005,95783.96680000151,2904.578346106375
1746394174,12600,GET,GET /pastes/:slug,805.200000,0.000000,1900,2500,2600,2600,3200,4200,4500,89000,96000,96000,96000,96671,0,1400.0,1906.0698112184798,30.883300001733005,96429.61869999999,2909.845310382638
1746394174,12600,POST,POST /pastes,79.300000,0.000000,2300,2500,2600,2700,2900,4100,4600,89000,96000,96000,96000,9615,0,1400.0,1941.2586026105275,32.59450000041397,96376.47560000187,2860.089443577743
1746394174,12600,,Aggregated,884.500000,0.000000,2000,2500,2600,2600,3100,4200,4500,89000,96000,96000,96000,106286,0,1400.0,1909.253111269597,30.883300001733005,96429.61869999999,2905.3442221929513
1746394176,12700,GET,GET /pastes/:slug,735.800000,0.000000,2100,2500,2500,2600,2700,2800,4100,90000,96000,96000,96000,96972,0,1400.0,1906.0447779256033,30.883300001733005,96429.61869999999,2909.382821845481
1746394176,12700,POST,POST /pastes,73.100000,0.000000,2300,2500,2600,2600,2800,3700,4400,93000,96000,96000,96000,9659,0,1400.0,1941.0865329537448,32.59450000041397,96376.47560000187,2859.693135935397
1746394176,12700,,Aggregated,808.900000,0.000000,2200,2500,2500,2600,2700,2800,4100,90000,96000,96000,96000,106631,0,1400.0,1909.2189797225976,30.883300001733005,96429.61869999999,2904.881760463655
1746394177,12900,GET,GET /pastes/:slug,857.100000,0.000000,2300,2500,2600,2700,2900,3100,4100,4800,96000,96000,96000,97466,0,1400.0,1911.9225306507083,30.883300001733005,96429.61869999999,2909.0391726345597
1746394177,12900,POST,POST /pastes,84.000000,0.000000,2400,2600,2700,2700,3100,3900,4600,4800,96000,96000,96000,9717,0,1400.0,1949.0149078110744,32.59450000041397,96376.47560000187,2861.5134300710097
1746394177,12900,,Aggregated,941.100000,0.000000,2300,2500,2600,2700,2900,3200,4300,4800,96000,96000,96000,107183,0,1400.0,1915.285252620292,30.883300001733005,96429.61869999999,2904.730582275174
1746394178,13000,GET,GET /pastes/:slug,757.100000,0.000000,2300,2600,2700,2800,3000,3100,4000,4800,99000,99000,99000,99564,0,1400.0,1942.0439103601898,30.883300001733005,99127.92400000035,2909.6132939616728
1746394178,13000,POST,POST /pastes,78.200000,0.000000,2400,2600,2800,2800,3100,3700,4500,4800,99000,99000,99000,9920,0,1400.0,1967.7811301008321,32.59450000041397,98821.20600000053,2860.307258064516
1746394178,13000,,Aggregated,835.300000,0.000000,2300,2600,2800,2800,3000,3100,4100,4800,99000,99000,99000,109484,0,1400.0,1944.3758786827377,30.883300001733005,99127.92400000035,2905.145829527602
1746394180,13100,GET,GET /pastes/:slug,713.800000,0.000000,2300,2600,2800,2800,3000,3100,4100,94000,100000,100000,100000,100134,0,1400.0,1951.7192166067653,30.883300001733005,100047.91789999945,2909.571743863223
1746394180,13100,POST,POST /pastes,77.300000,0.000000,2400,2700,2800,2900,3100,3600,4600,95000,99000,99000,99000,9986,0,1400.0,1967.098285850216,32.59450000041397,98821.20600000053,2861.2432405367513
1746394180,13100,,Aggregated,791.100000,0.000000,2300,2600,2800,2900,3100,3100,4300,94000,100000,100000,100000,110120,0,1400.0,1953.1138350726544,30.883300001733005,100047.91789999945,2905.1891754449694
1746394181,13300,GET,GET /pastes/:slug,865.500000,0.000000,2400,2700,2800,2900,3100,3100,4000,4800,100000,100000,100000,100622,0,1400.0,1955.9707917821336,30.883300001733005,100047.91789999945,2909.9479239132597
1746394181,13300,POST,POST /pastes,91.800000,0.000000,2500,2800,2900,2900,3100,3600,4600,4800,99000,99000,99000,10037,0,1400.0,1971.4903646607825,32.59450000041397,98821.20600000053,2860.730696423234
1746394181,13300,,Aggregated,957.300000,0.000000,2400,2700,2800,2900,3100,3100,4100,4800,100000,100000,100000,110659,0,1400.0,1957.3784491166618,30.883300001733005,100047.91789999945,2905.4838196622054
1746394182,13500,GET,GET /pastes/:slug,773.500000,0.000000,2400,2800,2900,2900,3000,3100,3700,7400,103000,103000,103000,102313,0,1400.0,1974.0723835309573,30.883300001733005,103004.54289999834,2909.4006040288136
1746394182,13500,POST,POST /pastes,79.700000,0.000000,2500,2800,2900,2900,3100,3200,4500,4800,99000,99000,99000,10220,0,1400.0,1979.2576035518862,32.59450000041397,98821.20600000053,2858.2689823874757
1746394182,13500,,Aggregated,853.200000,0.000000,2400,2800,2900,2900,3100,3100,3900,5000,103000,103000,103000,112533,0,1400.0,1974.543293829382,30.883300001733005,103004.54289999834,2904.7569424080048
1746394184,13600,GET,GET /pastes/:slug,692.400000,0.000000,2300,2900,2900,2900,3100,3100,3200,4600,103000,103000,103000,103231,0,1400.0,1973.357409208501,30.883300001733005,103004.54289999834,2909.0680900117213
1746394184,13600,POST,POST /pastes,72.800000,0.000000,2400,2900,2900,2900,3100,3100,4300,4600,99000,99000,99000,10288,0,1400.0,1979.2723010789518,32.59450000041397,98821.20600000053,2859.9821150855364
1746394184,13600,,Aggregated,765.200000,0.000000,2300,2900,2900,2900,3100,3100,3500,4600,103000,103000,103000,113519,0,1400.0,1973.893464032468,30.883300001733005,103004.54289999834,2904.6195262467077
1746394185,13700,GET,GET /pastes/:slug,832.200000,0.000000,2300,2900,2900,2900,3100,3200,3500,4800,106000,106000,106000,103618,0,1400.0,1985.5444330502692,30.883300001733005,106376.00949999978,2909.1641413653997
1746394185,13700,POST,POST /pastes,88.000000,0.000000,2600,2900,2900,3000,3100,3300,4400,4600,106000,106000,106000,10335,0,1400.0,2003.2218162554666,32.59450000041397,106374.05720000243,2859.04702467344
1746394185,13700,,Aggregated,920.200000,0.000000,2300,2900,2900,2900,3100,3200,3600,4700,106000,106000,106000,113953,0,1400.0,1987.1476883873331,30.883300001733005,106376.00949999978,2904.618755100787
1746394187,13900,GET,GET /pastes/:slug,773.300000,0.000000,2200,2800,2900,2900,3100,3200,3400,4100,106000,106000,106000,105224,0,1400.0,1992.673208842116,30.883300001733005,106376.00949999978,2909.7607199878353
1746394187,13900,POST,POST /pastes,77.300000,0.000000,2300,2800,2900,2900,3100,3300,3400,3600,106000,106000,106000,10518,0,1400.0,2010.7123635292148,32.59450000041397,106374.05720000243,2857.283989351588
1746394187,13900,,Aggregated,850.600000,0.000000,2200,2800,2900,2900,3100,3200,3400,4100,106000,106000,106000,115742,0,1400.0,1994.3125085690733,30.883300001733005,106376.00949999978,2904.991921687892
1746394188,14000,GET,GET /pastes/:slug,647.900000,0.000000,2300,2800,2900,2900,3100,3200,3400,3500,106000,106000,106000,106140,0,1400.0,1991.8389467298182,30.883300001733005,106376.00949999978,2909.0605049934047
1746394188,14000,POST,POST /pastes,66.200000,0.000000,2300,2900,2900,3000,3200,3300,3400,3600,106000,106000,106000,10593,0,1400.0,2009.226148267751,32.59450000041397,106374.05720000243,2857.8652883979985
1746394188,14000,,Aggregated,714.100000,0.000000,2300,2800,2900,2900,3100,3200,3400,3600,106000,106000,106000,116733,0,1400.0,1993.4167578534068,30.883300001733005,106376.00949999978,2904.4147670324587
1746394189,14100,GET,GET /pastes/:slug,825.200000,0.000000,2300,2800,2900,3000,3100,3200,3400,3800,106000,106000,106000,106218,0,1400.0,1992.084734468762,30.883300001733005,106376.00949999978,2909.026389124254
1746394189,14100,POST,POST /pastes,85.900000,0.000000,2300,2900,2900,3000,3200,3300,3500,3900,106000,106000,106000,10601,0,1400.0,2009.4584342986777,32.59450000041397,106374.05720000243,2857.546174889161
1746394189,14100,,Aggregated,911.100000,0.000000,2300,2800,2900,3000,3100,3300,3400,3800,106000,106000,106000,116819,0,1400.0,1993.6613495048048,30.883300001733005,106376.00949999978,2904.3547025740677
1746394190,14300,GET,GET /pastes/:slug,800.400000,0.000000,2400,2900,3000,3100,3400,3800,4400,5100,111000,111000,111000,107522,0,1400.0,2017.4248728353552,30.883300001733005,111407.94390000156,2908.8429437696473
1746394190,14300,POST,POST /pastes,81.300000,0.000000,2600,2900,3100,3200,3500,4000,5000,5100,106000,106000,106000,10753,0,1400.0,2027.143145550108,32.59450000041397,106374.05720000243,2855.234632195666
1746394190,14300,,Aggregated,881.700000,0.000000,2400,2900,3000,3100,3400,3800,4500,5100,111000,111000,111000,118275,0,1400.0,2018.3084119306861,30.883300001733005,111407.94390000156,2903.9691312618897
1746394191,14400,GET,GET /pastes/:slug,646.700000,0.000000,2300,2900,3200,3200,3400,3700,4400,5100,111000,112000,112000,108781,0,1400.0,2023.5192414760163,30.883300001733005,112308.35600000137,2908.614758091946
1746394191,14400,POST,POST /pastes,66.400000,0.000000,2400,2900,3200,3200,3400,3900,5000,5100,106000,106000,106000,10894,0,1400.0,2031.1600704883713,32.59450000041397,106374.05720000243,2855.0631540297413
1746394191,14400,,Aggregated,713.100000,0.000000,2300,2900,3200,3200,3400,3700,4400,5100,111000,112000,112000,119675,0,1400.0,2024.214785167341,30.883300001733005,112308.35600000137,2903.739962398162
1746394193,14500,GET,GET /pastes/:slug,766.700000,0.000000,2500,3100,3200,3200,3500,3900,4500,5100,111000,112000,112000,109282,0,1400.0,2023.6537267162232,30.883300001733005,112308.35600000137,2908.747396643546
1746394193,14500,POST,POST /pastes,80.600000,0.000000,2600,3200,3200,3300,3600,4200,5100,5200,106000,106000,106000,10945,0,1400.0,2032.5294691823042,32.59450000041397,106374.05720000243,2853.034444952033
1746394193,14500,,Aggregated,847.300000,0.000000,2500,3100,3200,3300,3500,4000,4500,5100,111000,112000,112000,120227,0,1400.0,2024.461739902029,30.883300001733005,112308.35600000137,2903.6755055020917
1746394194,14600,GET,GET /pastes/:slug,795.300000,0.000000,2700,3200,3200,3300,3700,4500,4600,5100,115000,116000,116000,110531,0,1400.0,2046.1789650840253,30.883300001733005,115730.18140000204,2908.0820403325765
1746394194,14600,POST,POST /pastes,84.000000,0.000000,2700,3200,3300,3400,3800,4500,5100,5100,116000,116000,116000,11089,0,1400.0,2056.3598529353717,32.59450000041397,115729.84800000268,2853.1149788078274
1746394194,14600,,Aggregated,879.300000,0.000000,2700,3200,3300,3300,3700,4500,4600,5100,115000,116000,116000,121620,0,1400.0,2047.107232354064,30.883300001733005,115730.18140000204,2903.0702844926823
1746394196,14800,GET,GET /pastes/:slug,606.400000,0.000000,2600,3200,3300,3300,3800,4500,4600,5100,115000,117000,117000,111763,0,1400.0,2051.1847894482253,30.883300001733005,116633.36409999829,2908.5112425400175
1746394196,14800,POST,POST /pastes,66.100000,0.000000,2700,3200,3300,3400,4000,4600,5100,5100,116000,116000,116000,11221,0,1400.0,2060.2168780233806,32.59450000041397,115729.84800000268,2854.669102575528
1746394196,14800,,Aggregated,672.500000,0.000000,2700,3200,3300,3300,3800,4500,4700,5100,115000,117000,117000,122984,0,1400.0,2052.00887279159,30.883300001733005,116633.36409999829,2903.598712027581
1746394198,14900,GET,GET /pastes/:slug,809.200000,0.000000,2700,3200,3300,3400,3900,4500,4600,5100,115000,117000,117000,112429,0,1400.0,2052.0120523130286,30.883300001733005,116633.36409999829,2908.5757233454
1746394198,14900,POST,POST /pastes,88.300000,0.000000,2700,3200,3300,3400,4000,4600,5100,5200,116000,116000,116000,11289,0,1400.0,2061.1002769156125,32.59450000041397,115729.84800000268,2854.8195588626095
1746394198,14900,,Aggregated,897.500000,0.000000,2700,3200,3300,3400,3900,4500,4700,5100,115000,117000,117000,123718,0,1400.0,2052.8413331576685,30.883300001733005,116633.36409999829,2903.670589566595
1746394199,15000,GET,GET /pastes/:slug,714.000000,0.000000,2800,3200,3300,3500,3900,4500,4600,5100,120000,120000,120000,113368,0,1400.0,2071.0474671521188,30.883300001733005,119835.7825000021,2908.6109836991036
1746394199,15000,POST,POST /pastes,76.700000,0.000000,2800,3200,3400,3500,4100,4600,5100,5200,120000,120000,120000,11389,0,1500.0,2092.7425059531424,32.59450000041397,119834.63380000103,2856.6621301255595
1746394199,15000,,Aggregated,790.700000,0.000000,2800,3200,3300,3500,3900,4500,4600,5100,120000,120000,120000,124757,0,1400.0,2073.0279956747954,30.883300001733005,119835.7825000021,2903.8686005594877
1746394200,15200,GET,GET /pastes/:slug,622.400000,0.000000,2700,3200,3300,3300,3700,4500,4600,4700,120000,121000,121000,114945,0,1400.0,2085.596007257394,30.883300001733005,120878.17129999894,2908.801304971943
1746394200,15200,POST,POST /pastes,69.200000,0.000000,2700,3200,3300,3300,3700,4500,4600,5100,120000,120000,120000,11538,0,1500.0,2108.2681248050208,32.59450000041397,119834.63380000103,2856.737562835847
1746394200,15200,,Aggregated,691.600000,0.000000,2700,3200,3300,3300,3700,4500,4600,4700,120000,121000,121000,126483,0,1400.0,2087.6641973877927,30.883300001733005,120878.17129999894,2904.0519595518767
1746394202,15300,GET,GET /pastes/:slug,825.800000,0.000000,2600,3200,3300,3400,3700,4500,4600,4600,120000,121000,121000,115839,0,1400.0,2085.2823139348698,30.883300001733005,120878.17129999894,2908.927796338021
1746394202,15300,POST,POST /pastes,89.100000,0.000000,2700,3200,3300,3400,3800,4500,4600,5100,120000,120000,120000,11611,0,1500.0,2106.853073094508,32.59450000041397,119834.63380000103,2856.9745930583067
1746394202,15300,,Aggregated,914.900000,0.000000,2600,3200,3300,3400,3700,4500,4600,4700,120000,121000,121000,127450,0,1400.0,2087.2474617151856,30.883300001733005,120878.17129999894,2904.194735190271
1746394203,15400,GET,GET /pastes/:slug,767.600000,0.000000,2600,3200,3300,3400,3800,4500,4600,4700,120000,121000,121000,116184,0,1400.0,2089.363346388498,30.883300001733005,120878.17129999894,2908.95178337809
1746394203,15400,POST,POST /pastes,78.600000,0.000000,2700,3200,3300,3400,3800,4500,4600,5100,120000,120000,120000,11644,0,1500.0,2109.7001467451328,32.59450000041397,119834.63380000103,2856.3306423909307
1746394203,15400,,Aggregated,846.200000,0.000000,2600,3200,3300,3400,3800,4500,4600,4700,120000,121000,121000,127828,0,1400.0,2091.2158489963103,30.883300001733005,120878.17129999894,2904.1584629345684
1746394204,15600,GET,GET /pastes/:slug,693.100000,0.000000,2800,3300,3500,3500,3700,3900,4400,4500,125000,125000,125000,117560,0,1500.0,2112.033422527233,30.883300001733005,124729.71080000207,2908.9282664171487
1746394204,15600,POST,POST /pastes,70.300000,0.000000,3100,3300,3500,3600,3700,3900,4500,8700,125000,125000,125000,11786,0,1500.0,2154.910839962695,32.59450000041397,124652.0277999989,2856.6390632954353
1746394204,15600,,Aggregated,763.400000,0.000000,2800,3300,3500,3500,3700,3900,4400,4500,125000,125000,125000,129346,0,1500.0,2115.940410311109,30.883300001733005,124729.71080000207,2904.163677268721
1746394205,15700,GET,GET /pastes/:slug,662.800000,0.000000,2600,3300,3500,3600,3700,3900,4400,4500,125000,125000,125000,118579,0,1500.0,2111.93397207011,30.883300001733005,124729.71080000207,2909.1600199023437
1746394205,15700,POST,POST /pastes,67.400000,0.000000,2700,3300,3500,3600,3700,3900,4500,4600,125000,125000,125000,11899,0,1500.0,2155.336546877915,32.59450000041397,124652.0277999989,2856.4160853853264
1746394205,15700,,Aggregated,730.200000,0.000000,2600,3300,3500,3600,3700,3900,4400,4500,125000,125000,125000,130478,0,1500.0,2115.8920894357693,30.883300001733005,124729.71080000207,2904.3500130290163
1746394208,15800,GET,GET /pastes/:slug,718.200000,0.000000,2800,3300,3500,3600,3700,3800,3900,4600,125000,125000,125000,118959,8,1500.0,2113.189564167497,30.883300001733005,124729.71080000207,2909.1395859077497
1746394208,15800,POST,POST /pastes,71.500000,0.000000,2800,3300,3500,3600,3700,3800,3900,3900,125000,125000,125000,11943,0,1500.0,2155.5987308298004,32.59450000041397,124652.0277999989,2856.5584861425104
1746394208,15800,,Aggregated,789.700000,0.000000,2800,3300,3500,3600,3700,3800,3900,4600,125000,125000,125000,130902,8,1500.0,2117.058815037973,30.883300001733005,124729.71080000207,2904.3422865960797
1746394209,15900,GET,GET /pastes/:slug,654.900000,0.800000,2800,3500,3700,3800,4100,4600,5500,5500,125000,125000,125000,120272,8,1500.0,2130.2918645387213,30.883300001733005,124729.71080000207,2909.484751230544
1746394209,15900,POST,POST /pastes,65.600000,0.000000,2800,3500,3600,3700,4100,4300,5100,5700,125000,125000,125000,12073,0,1500.0,2171.0890366603417,32.59450000041397,124652.0277999989,2855.0781910047212
1746394209,15900,,Aggregated,720.500000,0.800000,2800,3500,3700,3800,4100,4500,5500,5500,125000,125000,125000,132345,8,1500.0,2134.0135333514795,30.883300001733005,124729.71080000207,2904.521583739469
1746394210,16100,GET,GET /pastes/:slug,659.500000,0.800000,3100,3700,3800,3800,4000,4500,5500,5500,125000,130000,130000,121639,8,1500.0,2136.1887673928663,30.883300001733005,129965.40359999926,2909.506087685693
1746394210,16100,POST,POST /pastes,65.800000,0.000000,3000,3600,3700,3800,4000,4300,5100,5700,125000,125000,125000,12206,0,1500.0,2171.2085901196397,32.59450000041397,124652.0277999989,2856.0509585449777
1746394210,16100,,Aggregated,725.300000,0.800000,3100,3700,3800,3800,4000,4500,5500,5500,125000,130000,130000,133845,8,1500.0,2139.3824014935353,30.883300001733005,129965.40359999926,2904.6312450969403
1746394212,16200,GET,GET /pastes/:slug,693.000000,0.800000,3000,3700,3800,3800,4000,4400,5500,5500,125000,130000,130000,122232,8,1500.0,2135.8221349163978,30.883300001733005,129965.40359999926,2909.8408190981086
1746394212,16200,POST,POST /pastes,68.300000,0.000000,3000,3600,3700,3800,4000,4300,5100,5700,125000,125000,125000,12258,0,1500.0,2170.634042633409,32.59450000041397,124652.0277999989,2856.531815956926
1746394212,16200,,Aggregated,761.300000,0.800000,3000,3600,3800,3800,4000,4400,5500,5500,125000,130000,130000,134490,8,1500.0,2138.995042677537,30.883300001733005,129965.40359999926,2904.9820060971074
1746394213,16300,GET,GET /pastes/:slug,662.200000,0.800000,3000,3600,3800,3800,4300,4900,5200,5500,133000,133000,133000,123390,8,1500.0,2157.3531197941616,30.883300001733005,133485.3903000003,2910.000478158684
1746394213,16300,POST,POST /pastes,66.800000,0.000000,2900,3600,3700,3800,4200,4700,5100,5700,133000,133000,133000,12382,0,1500.0,2190.835602237146,32.59450000041397,133438.65249999726,2855.9464545307706
1746394213,16300,,Aggregated,729.000000,0.800000,3000,3600,3800,3800,4300,4800,5100,5500,133000,133000,133000,135772,8,1500.0,2160.4066219714114,30.883300001733005,133485.3903000003,2905.070913001208
1746394214,16400,GET,GET /pastes/:slug,642.400000,0.800000,2800,3600,3700,3800,4300,4800,5100,5500,133000,133000,133000,124840,8,1500.0,2157.922098633469,30.883300001733005,133485.3903000003,2910.1404998397948
1746394214,16400,POST,POST /pastes,64.600000,0.000000,2700,3200,3700,3800,4200,4700,5100,5300,133000,133000,133000,12526,0,1500.0,2190.3834097796844,32.59450000041397,133438.65249999726,2853.794188088775
1746394214,16400,,Aggregated,707.000000,0.800000,2800,3600,3700,3800,4200,4800,5100,5500,133000,133000,133000,137366,8,1500.0,2160.8821497627027,30.883300001733005,133485.3903000003,2905.0024460201216
1746394217,16500,GET,GET /pastes/:slug,775.900000,0.800000,2900,3700,3800,3800,4300,4900,5100,5500,133000,133000,133000,125675,8,1500.0,2159.681420846651,30.883300001733005,133485.3903000003,2909.6287407996815
1746394217,16500,POST,POST /pastes,78.800000,0.000000,2800,3600,3800,3800,4200,4700,5100,5500,133000,133000,133000,12608,0,1500.0,2192.114174682769,32.59450000041397,133438.65249999726,2853.2657836294416
1746394217,16500,,Aggregated,854.700000,0.800000,2900,3600,3800,3800,4300,4900,5100,5500,133000,133000,133000,138283,8,1500.0,2162.6384883124038,30.883300001733005,133485.3903000003,2904.4898288292848
1746394218,16700,GET,GET /pastes/:slug,703.500000,0.800000,2800,3600,3700,3800,3900,4700,4900,5000,137000,137000,137000,126233,8,1500.0,2173.8855044940915,30.883300001733005,137397.19420000256,2910.0285662227784
1746394218,16700,POST,POST /pastes,70.400000,0.000000,2700,3100,3600,3700,3900,4700,4800,5000,137000,137000,137000,12655,0,1500.0,2216.240577352851,32.59450000041397,137397.7191999984,2852.8648755432637
1746394218,16700,,Aggregated,773.900000,0.800000,2800,3600,3700,3800,3900,4700,4900,5000,137000,137000,137000,138888,8,1500.0,2177.7447540118937,30.883300001733005,137397.7191999984,2904.8200060480385
1746394219,16900,GET,GET /pastes/:slug,703.500000,0.800000,2800,3500,3600,3700,4000,4700,4900,5100,137000,137000,137000,127797,8,1500.0,2181.1221991353655,30.883300001733005,137397.19420000256,2910.415338388225
1746394219,16900,POST,POST /pastes,70.400000,0.000000,2800,3500,3600,3700,3800,4700,4800,5000,137000,137000,137000,12814,0,1500.0,2223.373238169219,32.59450000041397,137397.7191999984,2851.5193538317467
1746394219,16900,,Aggregated,773.900000,0.800000,2800,3500,3600,3700,4000,4700,4900,5100,137000,137000,137000,140611,8,1500.0,2184.97257225113,30.883300001733005,137397.7191999984,2905.048097232791
1746394220,17000,GET,GET /pastes/:slug,723.300000,0.000000,2800,3200,3600,3700,3900,4700,4900,5000,137000,137000,137000,128828,8,1500.0,2179.8839033385784,30.883300001733005,137397.19420000256,2911.0999006427173
1746394220,17000,POST,POST /pastes,70.900000,0.000000,2800,3100,3600,3600,3800,4700,4800,5000,137000,137000,137000,12903,0,1500.0,2220.8493747423363,32.59450000041397,137397.7191999984,2851.1470975742077
1746394220,17000,,Aggregated,794.200000,0.000000,2800,3200,3600,3700,3900,4700,4900,5000,137000,137000,137000,141731,8,1500.0,2183.6133448688265,30.883300001733005,137397.7191999984,2905.6418779236724
1746394222,17100,GET,GET /pastes/:slug,793.700000,0.000000,2700,3200,3600,3700,3800,4400,4900,5000,137000,137000,137000,128913,8,1500.0,2180.966066545676,30.883300001733005,137397.19420000256,2911.0456043998665
1746394222,17100,POST,POST /pastes,78.000000,0.000000,2800,3200,3600,3600,3800,4400,4800,5000,137000,137000,137000,12916,0,1500.0,2222.7855842985737,32.59450000041397,137397.7191999984,2851.48157324249
1746394222,17100,,Aggregated,871.700000,0.000000,2700,3200,3600,3600,3800,4400,4900,5000,137000,137000,137000,141829,8,1500.0,2184.7744618054417,30.883300001733005,137397.7191999984,2905.621262224228
1746394223,17200,GET,GET /pastes/:slug,672.900000,0.000000,2800,3500,3700,3700,4200,4800,5000,5000,143000,143000,143000,130218,8,1500.0,2205.853888550766,30.883300001733005,142797.66610000297,2911.2542352055784
1746394223,17200,POST,POST /pastes,65.700000,0.000000,2800,3600,3700,3700,4300,4500,5000,5000,137000,137000,137000,13037,0,1500.0,2233.8544127100095,32.59450000041397,137397.7191999984,2853.0770882871825
1746394223,17200,,Aggregated,738.600000,0.000000,2800,3500,3700,3700,4200,4800,5000,5000,143000,143000,143000,143255,8,1500.0,2208.4020916394197,30.883300001733005,142797.66610000297,2905.9597919793378
1746394224,17300,GET,GET /pastes/:slug,672.200000,0.000000,2800,3500,3800,3900,4100,4800,5000,5000,143000,143000,143000,131541,8,1500.0,2208.255426642674,30.883300001733005,142797.66610000297,2910.871522947218
1746394224,17300,POST,POST /pastes,66.400000,0.000000,2800,3700,3900,3900,4100,4500,5000,5000,137000,137000,137000,13186,0,1500.0,2239.643967359351,32.59450000041397,137397.7191999984,2853.1961929318973
1746394224,17300,,Aggregated,738.600000,0.000000,2800,3500,3800,3900,4100,4800,5000,5000,143000,143000,143000,144727,8,1500.0,2211.1152198940467,30.883300001733005,142797.66610000297,2905.616754302929
1746394226,17400,GET,GET /pastes/:slug,724.100000,0.000000,2800,3500,3800,3900,4100,4800,5000,5000,144000,144000,144000,132355,8,1500.0,2220.092105948425,30.883300001733005,144372.04349999956,2911.1980431415514
1746394226,17400,POST,POST /pastes,71.200000,0.000000,2900,3700,3900,3900,4300,4500,5000,5000,144000,144000,144000,13253,0,1500.0,2251.8913895571122,32.59450000041397,144371.11039999945,2855.042254583868
1746394226,17400,,Aggregated,795.300000,0.000000,2900,3600,3800,3900,4100,4800,5000,5000,144000,144000,144000,145608,8,1500.0,2222.986424294032,30.883300001733005,144372.04349999956,2906.086835888138
1746394227,17600,GET,GET /pastes/:slug,709.300000,0.000000,2900,3600,3800,3900,4300,5000,5000,5000,144000,144000,144000,132900,8,1500.0,2225.99040369453,30.883300001733005,144372.04349999956,2911.455063957863
1746394227,17600,POST,POST /pastes,68.300000,0.000000,3000,3700,3900,3900,4400,4900,5000,5000,144000,144000,144000,13307,0,1500.0,2258.0686175171268,32.59450000041397,144371.11039999945,2855.4508905087546
1746394227,17600,,Aggregated,777.600000,0.000000,2900,3600,3900,3900,4300,5000,5000,5000,144000,144000,144000,146207,8,1500.0,2228.9099957204817,30.883300001733005,144372.04349999956,2906.3578556430266
1746394228,17700,GET,GET /pastes/:slug,666.100000,0.000000,3000,3800,3900,3900,4300,5000,5000,5000,144000,144000,144000,134093,8,1500.0,2238.0165088983217,30.883300001733005,144372.04349999956,2911.956485424295
1746394228,17700,POST,POST /pastes,64.400000,0.000000,3200,3800,3900,4000,4400,4900,5000,5000,144000,144000,144000,13441,0,1500.0,2270.2981317536214,32.59450000041397,144371.11039999945,2857.470798303698
1746394228,17700,,Aggregated,730.500000,0.000000,3000,3800,3900,3900,4300,5000,5000,5000,144000,144000,144000,147534,8,1500.0,2240.9575075345624,30.883300001733005,144372.04349999956,2906.9925983163203
1746394229,17800,GET,GET /pastes/:slug,668.000000,0.000000,3000,3800,3900,3900,4300,5000,5000,5000,144000,144000,144000,135268,9,1500.0,2239.366223222067,30.883300001733005,144372.04349999956,2911.5347088742346
1746394229,17800,POST,POST /pastes,64.500000,0.000000,3200,3800,3900,3900,4300,4900,5000,5000,144000,144000,144000,13561,0,1500.0,2271.0857083106266,32.59450000041397,144371.11039999945,2855.5717130005164
1746394229,17800,,Aggregated,732.500000,0.000000,3000,3800,3900,3900,4300,5000,5000,5000,144000,144000,144000,148829,9,1500.0,2242.2564390891825,30.883300001733005,144372.04349999956,2906.4354729253037
1746394232,18000,GET,GET /pastes/:slug,718.300000,0.000000,2900,3800,3800,3900,4000,4200,5000,5000,150000,150000,150000,135885,9,1500.0,2251.2943004268536,30.883300001733005,149955.0453999982,2911.5465135960553
1746394232,18000,POST,POST /pastes,70.400000,0.000000,2900,3800,3900,3900,4000,4200,5000,5000,144000,144000,144000,13596,0,1500.0,2270.415667505179,32.59450000041397,144371.11039999945,2855.6363636363635
1746394232,18000,,Aggregated,788.700000,0.000000,2900,3800,3800,3900,4000,4200,5000,5000,150000,150000,150000,149481,9,1500.0,2253.033478695649,30.883300001733005,149955.0453999982,2906.4612224965044
1746394233,18200,GET,GET /pastes/:slug,705.700000,0.100000,3000,3800,3800,3900,4300,5000,5700,5900,150000,150000,150000,136581,9,1500.0,2260.0573086944946,30.883300001733005,149955.0453999982,2911.237456161545
1746394233,18200,POST,POST /pastes,69.300000,0.000000,3100,3800,3900,4000,4300,5100,5700,5700,144000,144000,144000,13693,0,1500.0,2284.4448151318497,32.59450000041397,144371.11039999945,2856.2691156065143
1746394233,18200,,Aggregated,775.000000,0.100000,3000,3800,3800,3900,4300,5000,5700,5900,150000,150000,150000,150274,9,1500.0,2262.279503656019,30.883300001733005,149955.0453999982,2906.228728855291
1746394234,18300,GET,GET /pastes/:slug,697.200000,0.100000,3100,3800,4000,4100,4300,4700,5100,5800,154000,154000,154000,138502,9,1500.0,2277.2374107435485,30.883300001733005,153719.9490999992,2911.8099594229684
1746394234,18300,POST,POST /pastes,68.000000,0.000000,3200,3800,4000,4100,4300,5000,5700,6100,154000,154000,154000,13894,0,1500.0,2303.4136017993683,32.59450000041397,153686.81979999747,2856.799409817187
1746394234,18300,,Aggregated,765.200000,0.100000,3100,3800,4000,4100,4300,4900,5600,5800,154000,154000,154000,152396,9,1500.0,2279.6239038177173,30.883300001733005,153719.9490999992,2906.7946271555684
1746394235,18400,GET,GET /pastes/:slug,656.800000,0.100000,3000,3800,4000,4100,4300,4500,5000,5800,154000,154000,154000,139149,9,1500.0,2276.5437174575645,30.883300001733005,153719.9490999992,2911.957182588448
1746394235,18400,POST,POST /pastes,67.500000,0.000000,3100,3800,4000,4100,4300,5000,5700,5900,154000,154000,154000,13963,0,1500.0,2301.711117546401,32.59450000041397,153686.81979999747,2855.959894005586
1746394235,18400,,Aggregated,724.300000,0.100000,3100,3800,4000,4100,4300,4500,5100,5800,154000,154000,154000,153112,9,1500.0,2278.838850480722,30.883300001733005,153719.9490999992,2906.8505277182717
1746394237,18400,GET,GET /pastes/:slug,675.700000,0.100000,3000,3800,3800,4000,4200,4300,5000,5800,154000,154000,154000,139429,9,1500.0,2277.400979575289,30.883300001733005,153719.9490999992,2912.1521491224926
1746394237,18400,POST,POST /pastes,69.800000,0.000000,3000,3800,4000,4100,4300,4900,5700,6100,154000,154000,154000,13987,0,1500.0,2302.826357360434,32.59450000041397,153686.81979999747,2855.0767140916564
1746394237,18400,,Aggregated,745.500000,0.100000,3000,3800,3800,4000,4200,4300,5600,5800,154000,154000,154000,153416,9,1500.0,2279.719021755258,30.883300001733005,153719.9490999992,2906.9485581686395
1746394238,18600,GET,GET /pastes/:slug,707.900000,0.100000,3000,3400,4000,4100,4300,4300,5300,5800,158000,158000,158000,140501,9,1500.0,2299.6274089252265,30.883300001733005,157715.17490000042,2912.1733795489
1746394238,18600,POST,POST /pastes,73.300000,0.000000,3000,3900,4100,4200,4300,5200,5700,6100,154000,154000,154000,14107,0,1600.0,2314.701338406493,32.59450000041397,153686.81979999747,2853.6046643510313
1746394238,18600,,Aggregated,781.200000,0.100000,3000,3400,4000,4100,4300,4600,5600,5800,158000,158000,158000,154608,9,1500.0,2301.0028094426198,30.883300001733005,157715.17490000042,2906.8293555314085
1746394239,18700,GET,GET /pastes/:slug,699.900000,0.100000,3200,3700,4000,4000,4200,4300,5200,5800,158000,159000,159000,141989,22,1500.0,2318.760574623414,30.883300001733005,158558.9645,2911.3718457063574
1746394239,18700,POST,POST /pastes,72.700000,0.000000,3300,3800,4000,4100,4300,5200,5700,6200,159000,159000,159000,14249,1,1600.0,2333.260424114002,32.59450000041397,158557.33250000048,2852.16064285213
1746394239,18700,,Aggregated,772.600000,0.100000,3200,3700,4000,4000,4200,4400,5600,5900,158000,159000,159000,156238,23,1500.0,2320.082969657862,30.883300001733005,158558.9645,2905.971748230264
1746394240,18900,GET,GET /pastes/:slug,655.800000,0.100000,3100,3600,3900,4000,4200,4300,5200,5900,159000,159000,159000,142674,22,1500.0,2327.742783348779,30.883300001733005,159122.59489999997,2911.4060095041846
1746394240,18900,POST,POST /pastes,69.400000,0.000000,3200,3700,4000,4100,4300,5200,5700,6300,159000,159000,159000,14309,1,1600.0,2353.2115669928316,32.59450000041397,159123.3656000004,2852.7646935495145
1746394240,18900,,Aggregated,725.200000,0.100000,3100,3600,3900,4000,4200,4300,5600,5900,159000,159000,159000,156983,23,1500.0,2330.0642629049316,30.883300001733005,159123.3656000004,2906.0608537230146
1746394241,19000,GET,GET /pastes/:slug,685.700000,0.100000,3100,3600,3900,4000,4200,4300,5200,5800,159000,159000,159000,143305,22,1500.0,2327.0591921859186,30.883300001733005,159122.59489999997,2911.572289871254
1746394241,19000,POST,POST /pastes,69.600000,0.000000,3200,3600,4000,4100,4300,5200,5700,6300,159000,159000,159000,14357,1,1600.0,2352.3191793759447,32.59450000041397,159123.3656000004,2852.6858675210697
1746394241,19000,,Aggregated,755.300000,0.100000,3100,3600,3900,4000,4200,4300,5300,5800,159000,159000,159000,157662,23,1500.0,2329.359414408699,30.883300001733005,159123.3656000004,2906.209980845099
1746394243,19100,GET,GET /pastes/:slug,705.500000,1.300000,3000,3500,3600,3800,4000,4200,5200,5200,159000,159000,159000,143363,22,1500.0,2327.692902538333,30.883300001733005,159122.59489999997,2911.665924959718
1746394243,19100,POST,POST /pastes,73.500000,0.100000,3100,3600,3600,3700,4000,4300,5200,5500,159000,159000,159000,14362,1,1600.0,2352.537789061443,32.59450000041397,159123.3656000004,2852.8659657429325
1746394243,19100,,Aggregated,779.000000,1.400000,3000,3500,3600,3800,4000,4200,5200,5200,159000,159000,159000,157725,23,1500.0,2329.9552088324886,30.883300001733005,159123.3656000004,2906.3117641464573
1746394244,19300,GET,GET /pastes/:slug,742.000000,1.300000,3200,3600,3800,3900,4500,4700,5200,6200,159000,159000,159000,144491,22,1600.0,2341.843638097896,30.883300001733005,159122.59489999997,2911.8741236478395
1746394244,19300,POST,POST /pastes,76.100000,0.100000,3300,3600,3800,4200,4600,5200,5500,6400,159000,159000,159000,14486,1,1600.0,2368.69385762118,32.59450000041397,159123.3656000004,2853.127640480464
1746394244,19300,,Aggregated,818.100000,1.400000,3200,3600,3800,3900,4600,4700,5200,6200,159000,159000,159000,158977,23,1600.0,2344.2902327626284,30.883300001733005,159123.3656000004,2906.521138277864
1746394245,19400,GET,GET /pastes/:slug,688.600000,1.300000,3200,3700,4100,4500,4600,4700,5200,5900,163000,163000,163000,146170,22,1600.0,2362.2191246945495,30.883300001733005,163297.80849999952,2911.804871040569
1746394245,19400,POST,POST /pastes,68.300000,0.100000,3200,3600,4300,4600,4700,4800,5300,6300,159000,159000,159000,14655,1,1600.0,2376.145759399552,32.59450000041397,159123.3656000004,2853.5481405663595
1746394245,19400,,Aggregated,756.900000,1.400000,3200,3700,4100,4500,4600,4700,5200,6100,163000,163000,163000,160825,23,1600.0,2363.488173857319,30.883300001733005,163297.80849999952,2906.496290999534
1746394246,19500,GET,GET /pastes/:slug,584.400000,1.300000,3300,3800,4500,4600,4700,4700,5200,6200,165000,165000,165000,146703,22,1600.0,2375.3058051267003,30.883300001733005,164892.22199999858,2911.8824154925255
1746394246,19500,POST,POST /pastes,57.600000,0.100000,3400,3800,4500,4600,4700,5100,5500,6400,165000,165000,165000,14716,1,1600.0,2400.7085770726044,32.59450000041397,164891.69480000055,2853.5973770046207
1746394246,19500,,Aggregated,642.000000,1.400000,3300,3800,4500,4600,4700,4700,5200,6200,165000,165000,165000,161419,23,1600.0,2377.6216861069843,30.883300001733005,164892.22199999858,2906.5687744317584
1746394249,19600,GET,GET /pastes/:slug,645.800000,1.300000,3200,4500,4600,4600,4700,4700,4700,6200,165000,165000,165000,147073,22,1600.0,2374.6270626328565,30.883300001733005,164892.22199999858,2911.578671816037
1746394249,19600,POST,POST /pastes,64.700000,0.100000,3300,4500,4600,4600,4700,4700,6200,6500,165000,165000,165000,14759,1,1600.0,2400.548244386508,32.59450000041397,164891.69480000055,2854.3238701809064
1746394249,19600,,Aggregated,710.500000,1.400000,3200,4500,4600,4600,4700,4700,4700,6200,165000,165000,165000,161832,23,1600.0,2376.9910618511985,30.883300001733005,164892.22199999858,2906.3570616441743
1746394250,19800,GET,GET /pastes/:slug,714.000000,1.300000,3900,4500,4600,4600,4700,4700,4700,6200,168000,168000,168000,148496,22,1600.0,2401.097634133594,30.883300001733005,168477.08609999972,2911.421169593794
1746394250,19800,POST,POST /pastes,70.900000,0.100000,3900,4500,4600,4600,4700,4700,5500,6400,168000,168000,168000,14869,1,1600.0,2423.1116816195076,32.59450000041397,168474.75359999953,2855.13087631986
1746394250,19800,,Aggregated,784.900000,1.400000,3900,4500,4600,4600,4700,4700,4700,6200,168000,168000,168000,163365,23,1600.0,2403.101287744029,30.883300001733005,168477.08609999972,2906.2977932849753
1746394251,19900,GET,GET /pastes/:slug,584.100000,1.300000,3900,4200,4500,4600,4600,4700,4700,5800,168000,168000,168000,150011,22,1600.0,2407.7084987154426,30.883300001733005,168477.08609999972,2911.351620881135
1746394251,19900,POST,POST /pastes,59.300000,0.100000,3800,4100,4500,4600,4700,4700,5100,6300,168000,168000,168000,15034,1,1600.0,2429.710939969427,32.59450000041397,168474.75359999953,2854.990754290275
1746394251,19900,,Aggregated,643.400000,1.400000,3800,4200,4500,4600,4600,4700,4700,5800,168000,168000,168000,165045,23,1600.0,2409.7127078815047,30.883300001733005,168477.08609999972,2906.2176921445666
1746394252,20000,GET,GET /pastes/:slug,608.400000,0.000000,3800,4100,4500,4600,4600,4700,4700,5900,170000,171000,171000,150662,22,1600.0,2419.168626319859,30.883300001733005,170946.68309999906,2911.2726301257117
1746394252,20000,POST,POST /pastes,57.700000,0.000000,3800,4000,4500,4600,4600,4700,5100,6300,168000,168000,168000,15103,1,1600.0,2428.6824681652884,32.59450000041397,168474.75359999953,2854.3274846057075
1746394252,20000,,Aggregated,666.100000,0.000000,3800,4100,4500,4600,4600,4700,4700,6100,170000,171000,171000,165765,23,1600.0,2420.035441108216,30.883300001733005,170946.68309999906,2906.084306095979
1746394254,20100,GET,GET /pastes/:slug,695.000000,0.000000,3300,3900,3900,3900,4300,4400,4700,4700,170000,171000,171000,151576,22,1600.0,2415.0574325315524,30.883300001733005,170946.68309999906,2911.4435794584897
1746394254,20100,POST,POST /pastes,68.700000,0.000000,3200,3800,3900,3900,4200,4400,4700,4700,168000,168000,168000,15189,1,1600.0,2425.2402686022992,32.59450000041397,168474.75359999953,2854.882349068405
1746394254,20100,,Aggregated,763.700000,0.000000,3300,3900,3900,3900,4300,4400,4700,4700,170000,171000,171000,166765,23,1600.0,2415.984887915351,30.883300001733005,170946.68309999906,2906.291967739034
1746394256,20200,GET,GET /pastes/:slug,759.700000,0.000000,3600,3900,3900,4000,4400,4500,4600,4600,170000,171000,171000,152369,22,1600.0,2422.121183295174,30.883300001733005,170946.68309999906,2911.181099830018
1746394256,20200,POST,POST /pastes,75.800000,0.000000,3400,3900,3900,3900,4400,4500,4600,4600,168000,168000,168000,15259,1,1600.0,2431.440555259213,32.59450000041397,168474.75359999953,2854.6033816108525
1746394256,20200,,Aggregated,835.500000,0.000000,3600,3900,3900,4000,4400,4500,4600,4600,170000,171000,171000,167628,23,1600.0,2422.9695158935465,30.883300001733005,170946.68309999906,2906.030889827475
1746394257,20400,GET,GET /pastes/:slug,622.100000,0.000000,3800,3900,4300,4400,4500,4600,4700,4700,175000,175000,175000,153939,22,1600.0,2442.651730768693,30.883300001733005,175017.54119999896,2911.1205802298314
1746394257,20400,POST,POST /pastes,61.200000,0.000000,3700,3900,4200,4400,4500,4600,4700,4700,175000,175000,175000,15401,1,1600.0,2452.4267868580177,32.59450000041397,175017.26059999783,2854.7837153431597
1746394257,20400,,Aggregated,683.300000,0.000000,3800,3900,4300,4400,4500,4600,4700,4700,175000,175000,175000,169340,23,1600.0,2443.540744816363,30.883300001733005,175017.54119999896,2905.996899728357
1746394258,20400,GET,GET /pastes/:slug,587.700000,0.000000,3800,3900,4300,4500,4600,4700,4700,4700,176000,176000,176000,154732,22,1600.0,2456.9426621830107,30.883300001733005,176125.27430000046,2911.016415479668
1746394258,20400,POST,POST /pastes,56.600000,0.000000,3700,3900,4300,4500,4600,4700,4700,4700,175000,175000,175000,15470,1,1600.0,2452.781452294787,32.59450000041397,175017.26059999783,2855.2258564964445
1746394258,20400,,Aggregated,644.300000,0.000000,3800,3900,4300,4500,4600,4700,4700,4700,176000,176000,176000,170202,23,1600.0,2456.564441498353,30.883300001733005,176125.27430000046,2905.9455000528783
1746394260,20600,GET,GET /pastes/:slug,759.000000,0.000000,2900,3300,4400,4500,4600,4700,4700,4700,176000,176000,176000,155885,22,1600.0,2455.6456917849746,30.883300001733005,176125.27430000046,2910.8523783558394
1746394260,20600,POST,POST /pastes,70.500000,0.000000,2800,3300,4400,4500,4600,4700,4700,4700,175000,175000,175000,15574,1,1600.0,2451.3046927186597,32.59450000041397,175017.26059999783,2854.362784127392
1746394260,20600,,Aggregated,829.500000,0.000000,2900,3300,4400,4500,4600,4700,4700,4700,176000,176000,176000,171459,23,1600.0,2455.2513892435036,30.883300001733005,176125.27430000046,2905.7213036352714
1746394261,20700,GET,GET /pastes/:slug,868.300000,0.000000,3100,3500,4500,4500,4700,4700,4700,4800,180000,180000,180000,156354,22,1600.0,2470.484793838988,30.883300001733005,180184.2624000019,2911.1980058073345
1746394261,20700,POST,POST /pastes,80.600000,0.000000,3100,4200,4500,4500,4700,4700,4700,4800,180000,180000,180000,15610,1,1600.0,2477.902587924434,32.59450000041397,180183.95460000102,2855.047405509289
1746394261,20700,,Aggregated,948.900000,0.000000,3100,3600,4500,4500,4700,4700,4700,4800,180000,180000,180000,171964,23,1600.0,2471.158142712442,30.883300001733005,180184.2624000019,2906.1009455467424
1746394262,20800,GET,GET /pastes/:slug,751.200000,0.000000,3400,4400,4500,4500,4700,4700,4700,4800,181000,182000,182000,158125,22,1600.0,2493.367757963016,30.883300001733005,181710.11270000236,2910.9534861660077
1746394262,20800,POST,POST /pastes,71.900000,0.000000,3500,4400,4500,4600,4700,4700,4800,4800,182000,182000,182000,15780,1,1600.0,2511.5468682826654,32.59450000041397,181709.84899999894,2855.3761723700886
1746394262,20800,,Aggregated,823.100000,0.000000,3400,4400,4500,4500,4700,4700,4700,4800,181000,182000,182000,173905,23,1600.0,2495.017315829925,30.883300001733005,181710.11270000236,2905.9104453580976
1746394264,20900,GET,GET /pastes/:slug,590.500000,0.000000,3300,4400,4500,4500,4700,4700,4700,4800,181000,182000,182000,158924,22,1600.0,2490.9905786753534,30.883300001733005,181710.11270000236,2910.7442991618636
1746394264,20900,POST,POST /pastes,52.200000,0.000000,3300,4400,4500,4500,4700,4700,4700,4800,182000,182000,182000,15881,1,1600.0,2508.1986180404547,32.59450000041397,181709.84899999894,2855.2912285120583
1746394264,20900,,Aggregated,642.700000,0.000000,3300,4400,4500,4500,4700,4700,4700,4800,181000,182000,182000,174805,23,1600.0,2492.5539256800603,30.883300001733005,181710.11270000236,2905.7063985583936
1746394265,21100,GET,GET /pastes/:slug,695.300000,0.000000,3200,4300,4400,4500,4700,4700,4700,4800,181000,182000,182000,159872,22,1600.0,2489.6917579332357,30.883300001733005,181710.11270000236,2910.7080852181743
1746394265,21100,POST,POST /pastes,61.800000,0.000000,3000,4300,4500,4500,4700,4700,4700,4800,182000,182000,182000,15936,1,1600.0,2505.8037544051494,32.59450000041397,181709.84899999894,2853.3180220883532
1746394265,21100,,Aggregated,757.100000,0.000000,3200,4300,4400,4500,4700,4700,4700,4800,181000,182000,182000,175808,23,1600.0,2491.1522192079046,30.883300001733005,181710.11270000236,2905.5060008645796
1746394267,21200,GET,GET /pastes/:slug,727.300000,0.000000,3100,3700,4300,4400,4600,4700,4800,5100,181000,182000,182000,160034,22,1600.0,2490.719011644414,30.883300001733005,181710.11270000236,2910.5666108451956
1746394267,21200,POST,POST /pastes,68.300000,0.000000,3000,3900,4300,4400,4700,4700,5700,5700,182000,182000,182000,15964,1,1600.0,2508.4960267163906,32.59450000041397,181709.84899999894,2853.414933600601
1746394267,21200,,Aggregated,795.600000,0.000000,3100,3700,4300,4400,4600,4700,4800,5600,181000,182000,182000,175998,23,1600.0,2492.3314860396313,30.883300001733005,181710.11270000236,2905.3826350299437
1746394268,21300,GET,GET /pastes/:slug,759.600000,0.000000,3500,4300,4400,4500,4700,4800,4900,5600,181000,182000,182000,161037,22,1600.0,2500.775633004854,30.883300001733005,181710.11270000236,2910.5407080360415
1746394268,21300,POST,POST /pastes,68.900000,0.000000,3600,4400,4600,4700,4900,6100,6200,15000,182000,182000,182000,16072,1,1600.0,2523.5300942073427,32.59450000041397,181709.84899999894,2853.3975858636136
1746394268,21300,,Aggregated,828.500000,0.000000,3500,4300,4400,4600,4700,4900,5000,5800,181000,182000,182000,177109,23,1600.0,2502.840517908766,30.883300001733005,181710.11270000236,2905.3551767555573
1746394269,21400,GET,GET /pastes/:slug,609.600000,0.000000,3400,4300,4500,4700,4800,4900,5000,5300,181000,182000,182000,162494,22,1600.0,2506.236156105471,30.883300001733005,181710.11270000236,2910.6009452656713
1746394269,21400,POST,POST /pastes,56.300000,0.000000,3500,4400,4600,4700,4900,5700,6200,6700,182000,182000,182000,16215,1,1600.0,2527.329238186893,32.59450000041397,181709.84899999894,2852.4834412580944
1746394269,21400,,Aggregated,665.900000,0.000000,3400,4300,4500,4700,4800,4900,5000,5700,181000,182000,182000,178709,23,1600.0,2508.150017891674,30.883300001733005,181710.11270000236,2905.3277059353472
1746394270,21500,GET,GET /pastes/:slug,600.300000,0.000000,3400,4300,4600,4700,4800,5000,5100,5300,188000,188000,188000,163330,22,1600.0,2518.9149904726737,30.883300001733005,187625.9229999996,2910.6039000795936
1746394270,21500,POST,POST /pastes,57.400000,0.000000,3400,4400,4700,4800,5000,5700,6200,6700,188000,188000,188000,16289,1,1600.0,2542.009781091561,32.59450000041397,187623.11770000088,2851.4513475351464
1746394270,21500,,Aggregated,657.700000,0.000000,3400,4400,4600,4700,4800,5000,5100,5700,188000,188000,188000,179619,23,1600.0,2521.009373830733,30.883300001733005,187625.9229999996,2905.2395681971284
1746394273,21600,GET,GET /pastes/:slug,797.700000,0.000000,3300,3600,4600,4700,4900,5000,5100,5500,188000,188000,188000,164190,22,1600.0,2518.2323081210893,30.883300001733005,187625.9229999996,2910.4002801632255
1746394273,21600,POST,POST /pastes,76.700000,0.000000,3400,3800,4800,4800,5100,6100,6200,6300,188000,188000,188000,16378,1,1600.0,2540.2186036146322,32.59450000041397,187623.11770000088,2852.2423372817193
1746394273,21600,,Aggregated,874.400000,0.000000,3300,3600,4600,4800,4900,5000,5100,5700,188000,188000,188000,180568,23,1600.0,2520.2265238602754,30.883300001733005,187625.9229999996,2905.1251993708743
1746394274,21800,GET,GET /pastes/:slug,780.000000,0.000000,3500,4600,4700,4800,4900,5000,5100,5600,191000,192000,192000,164744,22,1600.0,2535.609095114246,30.883300001733005,191581.0773000012,2910.4719200699265
1746394274,21800,POST,POST /pastes,76.700000,0.000000,3500,4700,4800,4900,5100,6100,6200,6500,191000,191000,191000,16441,1,1600.0,2558.294878900338,32.59450000041397,191443.8607000011,2852.501307706344
1746394274,21800,,Aggregated,856.700000,0.000000,3500,4600,4700,4800,4900,5000,5300,6100,191000,192000,192000,181185,23,1600.0,2537.667637329259,30.883300001733005,191581.0773000012,2905.211579324999
1746394275,22000,GET,GET /pastes/:slug,602.900000,0.000000,4000,4400,4700,4700,4900,5000,5100,5600,191000,193000,193000,166217,22,1600.0,2552.423105623978,30.883300001733005,192853.99270000198,2910.0383655101464
1746394275,22000,POST,POST /pastes,59.700000,0.000000,4000,4500,4700,4800,5000,5700,6200,6300,191000,191000,191000,16579,1,1700.0,2570.9159624284025,32.59450000041397,191443.8607000011,2852.447252548405
1746394275,22000,,Aggregated,662.600000,0.000000,4000,4500,4700,4800,4900,5000,5100,5700,191000,193000,193000,182796,23,1600.0,2554.100347319423,30.883300001733005,192853.99270000198,2904.815039716405
1746394276,22100,GET,GET /pastes/:slug,565.200000,0.000000,3500,4200,4500,4700,4800,5000,5100,5100,193000,193000,193000,167328,22,1600.0,2558.521850326314,30.883300001733005,193018.77129999775,2909.9472353700517
1746394276,22100,POST,POST /pastes,54.100000,0.000000,3600,4300,4700,4800,4900,5100,6200,6300,191000,191000,191000,16664,1,1700.0,2567.6836244899464,32.59450000041397,191443.8607000011,2852.902064330293
1746394276,22100,,Aggregated,619.300000,0.000000,3500,4200,4600,4700,4800,5000,5100,5500,193000,193000,193000,183992,23,1600.0,2559.3516244722696,30.883300001733005,193018.77129999775,2904.7807024218446
1746394277,22200,GET,GET /pastes/:slug,629.300000,0.000000,3300,4100,4400,4600,4800,4900,5000,5100,193000,193000,193000,168099,22,1600.0,2557.186117288626,30.883300001733005,193018.77129999775,2909.689498450318
1746394277,22200,POST,POST /pastes,62.500000,0.000000,3300,4100,4400,4600,4800,5000,5100,5100,191000,191000,191000,16744,1,1700.0,2566.643143054257,32.59450000041397,191443.8607000011,2852.867892976589
1746394277,22200,,Aggregated,691.800000,0.000000,3300,4100,4400,4600,4800,4900,5000,5100,193000,193000,193000,184843,23,1600.0,2558.042781806187,30.883300001733005,193018.77129999775,2904.542314288342
1746394279,22300,GET,GET /pastes/:slug,789.700000,0.000000,3100,4000,4200,4300,4600,4700,4900,5100,195000,195000,195000,168573,22,1600.0,2570.0353828501657,30.883300001733005,195489.83009999938,2909.5641294869283
1746394279,22300,POST,POST /pastes,76.600000,0.000000,3100,4000,4200,4300,4700,4800,5100,5100,191000,191000,191000,16791,1,1700.0,2567.459017038918,32.59450000041397,191443.8607000011,2853.920195342743
1746394279,22300,,Aggregated,866.300000,0.000000,3100,4000,4200,4300,4600,4700,4900,5100,195000,195000,195000,185364,23,1600.0,2569.8020055043116,30.883300001733005,195489.83009999938,2904.5236831315683
1746394280,22500,GET,GET /pastes/:slug,781.500000,0.000000,3600,4200,4400,4500,4800,4800,4900,4900,195000,195000,195000,169672,22,1600.0,2580.4304093804517,30.883300001733005,195489.83009999938,2909.933990287142
1746394280,22500,POST,POST /pastes,74.400000,0.000000,3500,4100,4400,4500,4800,4900,4900,5000,191000,191000,191000,16907,1,1700.0,2578.382667096497,32.59450000041397,191443.8607000011,2853.1069379546934
1746394280,22500,,Aggregated,855.900000,0.000000,3600,4200,4400,4500,4800,4900,4900,4900,195000,195000,195000,186579,23,1600.0,2580.2448516338927,30.883300001733005,195489.83009999938,2904.7845631073164
1746394282,22600,GET,GET /pastes/:slug,557.700000,0.000000,3600,4200,4500,4700,4900,4900,5000,5000,195000,195000,195000,171260,22,1700.0,2587.686504597107,30.883300001733005,195489.83009999938,2909.7942835454865
1746394282,22600,POST,POST /pastes,54.100000,0.000000,3600,4200,4500,4700,4900,4900,5000,5000,191000,191000,191000,17040,1,1700.0,2583.8476452934547,32.59450000041397,191443.8607000011,2852.7821009389672
1746394282,22600,,Aggregated,611.800000,0.000000,3600,4200,4500,4700,4900,4900,5000,5000,195000,195000,195000,188300,23,1700.0,2587.339111275096,30.883300001733005,195489.83009999938,2904.6350292087095
1746394283,22700,GET,GET /pastes/:slug,557.700000,0.000000,3500,4200,4500,4800,4900,5000,5200,5300,195000,195000,195000,171858,22,1700.0,2588.4979669640065,30.883300001733005,195489.83009999938,2909.514424699461
1746394283,22700,POST,POST /pastes,54.100000,0.000000,3500,4200,4500,4800,4900,5000,5200,5300,13000,13000,13000,17108,1,1700.0,2585.8868237491492,32.59450000041397,191443.8607000011,2853.2751928922144
1746394283,22700,,Aggregated,611.800000,0.000000,3500,4200,4500,4800,4900,5000,5200,5300,195000,195000,195000,188966,23,1700.0,2588.2615676216906,30.883300001733005,195489.83009999938,2904.4228168030227
1746394284,22800,GET,GET /pastes/:slug,709.100000,0.000000,2700,3700,4100,4800,4900,5100,5500,5600,195000,202000,202000,172761,22,1700.0,2595.814065559362,30.883300001733005,201683.75350000133,2909.1704030423534
1746394284,22800,POST,POST /pastes,66.000000,0.000000,3000,3700,4100,4800,5000,5200,5500,5500,13000,13000,13000,17208,1,1700.0,2587.348971478408,32.59450000041397,191443.8607000011,2853.853730822873
1746394284,22800,,Aggregated,775.100000,0.000000,2800,3700,4100,4800,4900,5100,5500,5600,195000,202000,202000,189969,23,1700.0,2595.0472702456755,30.883300001733005,201683.75350000133,2904.1596418362997
1746394286,22900,GET,GET /pastes/:slug,816.800000,0.000000,3300,3900,4800,4900,5000,5200,5500,5600,202000,202000,202000,173093,22,1700.0,2598.9609564719617,30.883300001733005,201748.98659999963,2909.1770377773796
1746394286,22900,POST,POST /pastes,78.600000,0.000000,3400,3900,4800,4900,5000,5300,5500,5600,202000,202000,202000,17246,1,1700.0,2597.711685828626,32.59450000041397,201748.62719999874,2854.046909428273
1746394286,22900,,Aggregated,895.400000,0.000000,3300,3900,4800,4900,5000,5200,5500,5600,202000,202000,202000,190339,23,1700.0,2598.847764107204,30.883300001733005,201748.98659999963,2904.181875495826
1746394287,23000,GET,GET /pastes/:slug,708.200000,0.000000,3600,4800,4900,4900,5100,5200,5500,5600,202000,202000,202000,174191,22,1700.0,2610.5881277557487,30.883300001733005,201748.98659999963,2908.7577257148764
1746394287,23000,POST,POST /pastes,69.600000,0.000000,3700,4900,4900,5000,5100,5200,5500,5500,202000,202000,202000,17366,1,1700.0,2611.2254057929554,32.59450000041397,201748.62719999874,2854.798571922147
1746394287,23000,,Aggregated,777.800000,0.000000,3600,4800,4900,4900,5100,5200,5500,5600,202000,202000,202000,191557,23,1700.0,2610.6459015274927,30.883300001733005,201748.98659999963,2903.86594590644
1746394288,23200,GET,GET /pastes/:slug,588.900000,0.000000,4000,4800,4900,4900,5100,5200,5500,5500,206000,206000,206000,175737,22,1700.0,2631.6898755651996,30.883300001733005,205561.8241000011,2908.687294081497
1746394288,23200,POST,POST /pastes,59.000000,0.000000,4200,4900,4900,5000,5100,5200,5500,5500,206000,206000,206000,17504,1,1700.0,2630.881768807153,32.59450000041397,205561.393699998,2854.4251599634367
1746394288,23200,,Aggregated,647.900000,0.000000,4100,4800,4900,4900,5100,5200,5500,5500,206000,206000,206000,193241,23,1700.0,2631.616676292308,30.883300001733005,205561.8241000011,2903.772165327234
1746394289,23300,GET,GET /pastes/:slug,535.200000,0.000000,3700,4800,4900,4900,5100,5200,5400,5500,206000,206000,206000,176530,22,1700.0,2629.5092989763857,30.883300001733005,205561.8241000011,2908.766351328386
1746394289,23300,POST,POST /pastes,53.800000,0.000000,3700,4800,4900,4900,5100,5200,5500,5500,206000,206000,206000,17578,1,1700.0,2627.081227210171,32.59450000041397,205561.393699998,2853.925816361361
1746394289,23300,,Aggregated,589.000000,0.000000,3700,4800,4900,4900,5100,5200,5500,5500,206000,206000,206000,194108,23,1700.0,2629.289418056967,30.883300001733005,205561.8241000011,2903.8001112782576
1746394290,23400,GET,GET /pastes/:slug,620.100000,0.000000,3300,4600,4900,4900,5100,5200,5500,5500,206000,206000,206000,177440,22,1700.0,2629.380879183952,30.883300001733005,205561.8241000011,2909.3521584761047
1746394290,23400,POST,POST /pastes,64.000000,0.000000,3300,4800,4900,5000,5100,5200,5500,5500,206000,206000,206000,17646,1,1700.0,2625.9998706959323,32.59450000041397,205561.393699998,2855.111753371869
1746394290,23400,,Aggregated,684.100000,0.000000,3300,4700,4900,4900,5100,5200,5500,5500,206000,206000,206000,195086,23,1700.0,2629.0750587981765,30.883300001733005,205561.8241000011,2904.4459827973305
1746394293,23400,GET,GET /pastes/:slug,766.400000,0.000000,3300,4500,4800,4900,5100,5100,5200,5200,209000,209000,209000,177873,22,1700.0,2640.615913221798,30.883300001733005,208654.652600002,2909.3366727946345
1746394293,23400,POST,POST /pastes,73.400000,0.000000,3200,4700,4900,4900,5100,5200,5200,5200,206000,206000,206000,17688,1,1700.0,2624.8749790253523,32.59450000041397,205561.393699998,2855.243724559023
1746394293,23400,,Aggregated,839.800000,0.000000,3300,4500,4800,4900,5100,5100,5200,5200,209000,209000,209000,195561,23,1700.0,2639.192185361609,30.883300001733005,208654.652600002,2904.4441018403463
1746394294,23500,GET,GET /pastes/:slug,658.800000,0.000000,3800,4600,4900,4900,5200,5300,5400,5500,209000,209000,209000,179332,22,1700.0,2654.8295437573934,30.883300001733005,208654.652600002,2909.072909464011
1746394294,23500,POST,POST /pastes,64.700000,0.000000,3800,4700,4900,4900,5200,5300,5400,5500,206000,206000,206000,17823,1,1700.0,2637.6216200639856,32.59450000041397,205561.393699998,2854.9134825786905
1746394294,23500,,Aggregated,723.500000,0.000000,3800,4600,4900,4900,5200,5300,5400,5500,209000,209000,209000,197155,23,1700.0,2653.2739310466445,30.883300001733005,208654.652600002,2904.176845629074
1746394295,23600,GET,GET /pastes/:slug,597.500000,0.000000,3900,4800,4900,5100,5200,5300,5400,5500,209000,209000,209000,180423,22,1700.0,2657.8755723655036,30.883300001733005,208654.652600002,2909.375728149959
1746394295,23600,POST,POST /pastes,57.600000,0.000000,4000,4900,5000,5100,5200,5300,5400,5400,206000,206000,206000,17942,1,1700.0,2642.91472937802,32.59450000041397,205561.393699998,2855.5229628803922
1746394295,23600,,Aggregated,655.100000,0.000000,3900,4800,4900,5100,5200,5300,5400,5500,209000,209000,209000,198365,23,1700.0,2656.5223727341086,30.883300001733005,208654.652600002,2904.5047765482823
1746394296,23700,GET,GET /pastes/:slug,561.400000,0.000000,3800,4700,4900,5100,5200,5400,5500,5500,209000,209000,209000,180924,22,1700.0,2657.286984369687,30.883300001733005,208654.652600002,2909.1994539143507
1746394296,23700,POST,POST /pastes,51.900000,0.000000,3800,4800,4900,5100,5200,5300,5400,5500,206000,206000,206000,17987,1,1700.0,2642.27028399958,32.59450000041397,205561.393699998,2855.785066992828
1746394296,23700,,Aggregated,613.300000,0.000000,3800,4700,4900,5100,5200,5400,5500,5500,209000,209000,209000,198911,23,1700.0,2655.9290635429993,30.883300001733005,208654.652600002,2904.369331007335
1746394297,23800,GET,GET /pastes/:slug,668.400000,0.000000,3500,4000,4400,4700,5200,5300,5500,5500,209000,209000,209000,182334,22,1700.0,2656.058810411117,30.883300001733005,208654.652600002,2908.8480371186943
1746394297,23800,POST,POST /pastes,62.600000,0.000000,3500,4000,4400,4800,5200,5300,5400,5500,15000,15000,15000,18126,1,1700.0,2641.1541770164645,32.59450000041397,205561.393699998,2856.771433300232
1746394297,23800,,Aggregated,731.000000,0.000000,3500,4000,4400,4700,5200,5300,5500,5500,209000,209000,209000,200460,23,1700.0,2654.711103213115,30.883300001733005,208654.652600002,2904.1391649206826
1746394300,23900,GET,GET /pastes/:slug,747.200000,0.000000,3500,3900,4300,5100,5300,5400,5500,5500,215000,216000,216000,182758,22,1700.0,2663.873055914927,30.883300001733005,215725.84149999966,2908.828675078519
1746394300,23900,POST,POST /pastes,71.000000,0.000000,3600,4000,4300,5100,5300,5400,5500,5600,216000,216000,216000,18168,1,1700.0,2674.726684527766,32.59450000041397,215667.09229999833,2857.0334103918976
1746394300,23900,,Aggregated,818.200000,0.000000,3500,3900,4300,5100,5300,5400,5500,5500,216000,216000,216000,200926,23,1700.0,2664.85445565731,30.883300001733005,215725.84149999966,2904.1452773657966
1746394301,24100,GET,GET /pastes/:slug,688.100000,0.000000,3600,4000,5100,5200,5400,5600,5700,5800,215000,216000,216000,183461,22,1700.0,2672.499270852656,30.883300001733005,215725.84149999966,2908.8887556483396
1746394301,24100,POST,POST /pastes,64.400000,0.000000,3700,4100,5100,5200,5500,5700,5700,6500,216000,216000,216000,18247,1,1700.0,2684.6490019893936,32.59450000041397,215667.09229999833,2857.519921082918
1746394301,24100,,Aggregated,752.500000,0.000000,3600,4000,5100,5200,5500,5600,5700,5800,215000,216000,216000,201708,23,1700.0,2673.5983653062885,30.883300001733005,215725.84149999966,2904.2418049854246
1746394302,24200,GET,GET /pastes/:slug,610.700000,0.000000,3700,4200,5200,5300,5600,5700,5800,5800,216000,220000,220000,185036,22,1700.0,2684.958748560811,30.883300001733005,220266.37010000195,2908.883244341642
1746394302,24200,POST,POST /pastes,58.000000,0.000000,3800,4300,5200,5400,5600,5700,5800,5900,216000,216000,216000,18409,1,1700.0,2692.5199579173504,32.59450000041397,215667.09229999833,2859.212450431854
1746394302,24200,,Aggregated,668.700000,0.000000,3700,4300,5200,5300,5600,5700,5800,5800,216000,220000,220000,203445,23,1700.0,2685.6429349652312,30.883300001733005,220266.37010000195,2904.388714394554
1746394303,24300,GET,GET /pastes/:slug,535.300000,0.000000,3500,4100,5200,5300,5600,5700,5800,5800,220000,220000,220000,185909,22,1700.0,2690.406926789977,30.883300001733005,220335.76489999905,2908.808718243872
1746394303,24300,POST,POST /pastes,53.000000,0.000000,3600,4200,5200,5300,5600,5700,5800,6400,220000,220000,220000,18514,1,1700.0,2702.2690038025567,32.59450000041397,219581.61859999746,2858.8857081127794
1746394303,24300,,Aggregated,588.300000,0.000000,3500,4100,5200,5300,5600,5700,5800,5800,220000,220000,220000,204423,23,1700.0,2691.481240804613,30.883300001733005,220335.76489999905,2904.2873355737856
1746394304,24400,GET,GET /pastes/:slug,607.300000,0.000000,3300,3800,4200,5200,5600,5700,5800,5800,220000,220000,220000,186948,22,1700.0,2689.533832612799,30.883300001733005,220335.76489999905,2909.017785694418
1746394304,24400,POST,POST /pastes,60.900000,0.000000,3300,3800,5000,5200,5600,5700,5800,5900,220000,220000,220000,18603,1,1700.0,2701.8508374993567,32.59450000041397,219581.61859999746,2858.643122077084
1746394304,24400,,Aggregated,668.200000,0.000000,3300,3800,4200,5200,5600,5700,5800,5800,220000,220000,220000,205551,23,1700.0,2690.648559575488,30.883300001733005,220335.76489999905,2904.4587231392698
1746394307,24400,GET,GET /pastes/:slug,735.300000,0.000000,3500,4000,5400,5500,5700,5700,5800,6200,222000,222000,222000,187189,22,1700.0,2700.783847469656,30.883300001733005,221773.92859999964,2909.197997745594
1746394307,24400,POST,POST /pastes,75.600000,0.000000,3500,4100,5500,5600,5700,5800,6200,6600,222000,222000,222000,18634,1,1700.0,2726.1900931684304,32.59450000041397,221772.37239999886,2859.0933240313407
1746394307,24400,,Aggregated,810.900000,0.000000,3500,4000,5400,5500,5700,5700,5800,6200,222000,222000,222000,205823,23,1700.0,2703.0839790504497,30.883300001733005,221773.92859999964,2904.6618162207333
1746394308,24500,GET,GET /pastes/:slug,658.900000,0.000000,3700,4200,5100,5400,5600,5700,5800,6200,222000,222000,222000,188485,22,1700.0,2711.3297015316725,30.883300001733005,221773.92859999964,2909.3758336207125
1746394308,24500,POST,POST /pastes,67.500000,0.000000,3700,4300,5200,5500,5700,5700,5900,6500,222000,222000,222000,18778,1,1800.0,2736.608443455136,32.59450000041397,221772.37239999886,2857.7387900734902
1746394308,24500,,Aggregated,726.400000,0.000000,3700,4200,5100,5400,5600,5700,5800,6200,222000,222000,222000,207263,23,1700.0,2713.619952159337,30.883300001733005,221773.92859999964,2904.6975244013643
1746394309,24600,GET,GET /pastes/:slug,592.900000,0.000000,3700,4800,5000,5200,5600,5700,5800,5900,226000,226000,226000,189908,22,1700.0,2724.6387804915935,30.883300001733005,225905.4647999983,2909.022853171009
1746394309,24600,POST,POST /pastes,61.300000,0.000000,3700,4900,5000,5200,5600,5700,5800,6400,226000,226000,226000,18917,1,1700.0,2750.104554591135,32.59450000041397,225870.1712999973,2857.6601469577627
1746394309,24600,,Aggregated,654.200000,0.000000,3700,4800,5000,5200,5600,5700,5800,6100,226000,226000,226000,208825,23,1700.0,2726.9456692675676,30.883300001733005,225905.4647999983,2904.37001795762
1746394310,24700,GET,GET /pastes/:slug,508.400000,0.000000,3700,4800,5000,5100,5600,5700,5800,5800,226000,226000,226000,190441,22,1700.0,2725.311238487499,30.883300001733005,225905.4647999983,2909.1777138326306
1746394310,24700,POST,POST /pastes,52.700000,0.000000,3700,4800,5000,5100,5600,5700,5800,6200,226000,226000,226000,18965,1,1700.0,2750.837762309543,32.59450000041397,225870.1712999973,2857.3748484049565
1746394310,24700,,Aggregated,561.100000,0.000000,3700,4800,5000,5100,5600,5700,5800,5800,226000,226000,226000,209406,23,1700.0,2727.6230658672657,30.883300001733005,225905.4647999983,2904.486151304165
1746394311,24900,GET,GET /pastes/:slug,655.700000,0.000000,3400,4000,4900,4900,5300,5500,5600,5700,226000,226000,226000,191528,22,1700.0,2725.894794569969,30.883300001733005,225905.4647999983,2908.842524330646
1746394311,24900,POST,POST /pastes,69.300000,0.000000,3400,3900,4900,4900,5200,5500,5600,6200,226000,226000,226000,19086,1,1800.0,2750.7186659960444,32.59450000041397,225870.1712999973,2857.271717489259
1746394311,24900,,Aggregated,725.000000,0.000000,3400,4000,4900,4900,5300,5500,5600,5700,226000,226000,226000,210614,23,1700.0,2728.14435257675,30.883300001733005,225905.4647999983,2904.1691388036884
1746394314,25000,GET,GET /pastes/:slug,807.200000,0.000000,3500,4100,4900,4900,5100,5300,5500,5600,229000,229000,229000,192344,22,1700.0,2733.9201978439487,30.883300001733005,229024.1515000016,2908.4289866073286
1746394314,25000,POST,POST /pastes,84.400000,0.000000,3500,4000,4900,4900,5100,5300,5500,6200,229000,229000,229000,19169,1,1800.0,2771.707288382311,32.59450000041397,229000.77249999958,2856.3308988470967
1746394314,25000,,Aggregated,891.600000,0.000000,3500,4100,4900,4900,5100,5300,5500,5600,229000,229000,229000,211513,23,1700.0,2737.344766255972,30.883300001733005,229024.1515000016,2903.7074411501894
1746394315,25200,GET,GET /pastes/:slug,685.500000,0.000000,3700,4400,4900,4900,5200,5600,6000,6100,229000,229000,229000,193125,22,1700.0,2742.3157501923483,30.883300001733005,229024.1515000016,2908.315407119741
1746394315,25200,POST,POST /pastes,70.400000,0.000000,3700,4600,4900,5000,5200,5900,6000,6200,229000,229000,229000,19237,1,1800.0,2779.598809149062,32.59450000041397,229000.77249999958,2856.767947185112
1746394315,25200,,Aggregated,755.900000,0.000000,3700,4400,4900,4900,5200,5600,6000,6100,229000,229000,229000,212362,23,1700.0,2745.6930691342995,30.883300001733005,229024.1515000016,2903.6459347717578
1746394316,25300,GET,GET /pastes/:slug,613.200000,0.000000,3900,4800,4900,5100,5800,6000,6100,6100,233000,233000,233000,194412,22,1700.0,2763.942988166356,30.883300001733005,233152.63250000135,2908.458109581713
1746394316,25300,POST,POST /pastes,63.100000,0.000000,3800,4800,4900,5000,5800,6000,6100,6200,229000,229000,229000,19363,1,1800.0,2788.3513800650976,32.59450000041397,229000.77249999958,2857.2409750555184
1746394316,25300,,Aggregated,676.300000,0.000000,3800,4800,4900,5000,5800,6000,6100,6100,233000,233000,233000,213775,23,1700.0,2766.153815869958,30.883300001733005,233152.63250000135,2903.819038708923
1746394317,25400,GET,GET /pastes/:slug,524.900000,0.000000,3800,4800,5000,5100,5600,6000,6000,6100,233000,233000,233000,195114,22,1700.0,2766.4979311709953,30.883300001733005,233152.63250000135,2908.3596307799544
1746394317,25400,POST,POST /pastes,54.600000,0.000000,3800,4900,5000,5100,5800,6000,6000,6100,229000,229000,229000,19438,1,1800.0,2790.8993121360477,32.59450000041397,229000.77249999958,2857.014610556642
1746394317,25400,,Aggregated,579.500000,0.000000,3800,4800,5000,5100,5600,6000,6000,6100,233000,233000,233000,214552,23,1700.0,2768.7086495199346,30.883300001733005,233152.63250000135,2903.707870353108
1746394318,25500,GET,GET /pastes/:slug,619.600000,0.000000,3500,4100,4800,5000,5800,6000,6000,6100,233000,233000,233000,196226,22,1700.0,2767.03815095859,30.883300001733005,233152.63250000135,2908.189959536453
1746394318,25500,POST,POST /pastes,62.600000,0.000000,3500,4000,4900,5000,5800,6000,6000,6100,229000,229000,229000,19562,1,1800.0,2790.7352587823584,32.59450000041397,229000.77249999958,2857.9988753706166
1746394318,25500,,Aggregated,682.200000,0.000000,3500,4100,4800,5000,5800,6000,6000,6100,233000,233000,233000,215788,23,1700.0,2769.186383590855,30.883300001733005,233152.63250000135,2903.6399475411054
1746394321,25600,GET,GET /pastes/:slug,714.500000,0.000000,3400,4100,4700,5300,5900,6000,6100,6100,235000,235000,235000,197039,22,1700.0,2775.6729368734154,30.883300001733005,235475.23799999908,2908.414618425794
1746394321,25600,POST,POST /pastes,72.800000,0.000000,3400,4200,5000,5300,5900,6000,6100,6100,235000,235000,235000,19641,1,1800.0,2812.056333221347,32.59450000041397,235473.5281999965,2858.149890535105
1746394321,25600,,Aggregated,787.300000,0.000000,3400,4100,4800,5300,5900,6000,6100,6100,235000,235000,235000,216680,23,1700.0,2778.970916786985,30.883300001733005,235475.23799999908,2903.8583625623037
1746394322,25800,GET,GET /pastes/:slug,687.200000,0.000000,3700,4200,5200,5300,5900,6000,6100,6100,235000,235000,235000,197559,22,1700.0,2780.9596917255117,30.883300001733005,235475.23799999908,2908.408900632216
1746394322,25800,POST,POST /pastes,69.000000,0.000000,3600,4300,5200,5300,5900,6000,6100,6100,235000,235000,235000,19692,1,1800.0,2816.9175969429466,32.59450000041397,235473.5281999965,2858.5320942514727
1746394322,25800,,Aggregated,756.200000,0.000000,3700,4200,5200,5300,5900,6000,6100,6100,235000,235000,235000,217251,23,1800.0,2784.218977388383,30.883300001733005,235475.23799999908,2903.88798210365
1746394323,25900,GET,GET /pastes/:slug,619.300000,0.000000,3900,5100,5300,5400,5800,6000,6000,6100,240000,240000,240000,199118,22,1800.0,2804.1229103436203,30.883300001733005,240122.89870000313,2908.0331562189253
1746394323,25900,POST,POST /pastes,62.100000,0.000000,3900,5000,5300,5400,5800,6000,6000,6100,235000,235000,235000,19838,1,1800.0,2825.8979447626034,32.59450000041397,235473.5281999965,2857.931444702087
1746394323,25900,,Aggregated,681.400000,0.000000,3900,5100,5300,5400,5800,6000,6000,6100,240000,240000,240000,218956,23,1800.0,2806.0957867791,30.883300001733005,240122.89870000313,2903.4938069749173
1746394325,26000,GET,GET /pastes/:slug,506.100000,0.000000,3400,5000,5200,5300,5500,5800,6000,6000,240000,240000,240000,199931,22,1800.0,2804.482889176274,30.883300001733005,240122.89870000313,2908.0273244269274
1746394325,26000,POST,POST /pastes,50.400000,0.000000,3400,4900,5200,5300,5500,5800,6000,6000,235000,235000,235000,19924,1,1800.0,2825.6989410811375,32.59450000041397,235473.5281999965,2858.244328448103
1746394325,26000,,Aggregated,556.500000,0.000000,3400,5000,5200,5300,5500,5800,6000,6000,240000,240000,240000,219855,23,1800.0,2806.4055592004065,30.883300001733005,240122.89870000313,2903.5158217916355
1746394326,26100,GET,GET /pastes/:slug,687.000000,0.000000,3400,3800,5000,5200,5300,5400,5500,5600,242000,243000,243000,200998,22,1800.0,2815.4125446392586,30.883300001733005,242517.53699999972,2907.7912466790713
1746394326,26100,POST,POST /pastes,68.000000,0.000000,3300,3800,5000,5200,5300,5500,5500,5600,243000,243000,243000,20019,1,1800.0,2836.266906179157,32.59450000041397,242517.98190000045,2858.453319346621
1746394326,26100,,Aggregated,755.000000,0.000000,3300,3800,5000,5200,5300,5400,5500,5600,242000,243000,243000,221017,23,1800.0,2817.3014647841787,30.883300001733005,242517.98190000045,2903.322377916631
1746394329,26200,GET,GET /pastes/:slug,687.000000,0.000000,3200,3900,5000,5200,5300,5400,5500,5600,242000,243000,243000,201958,22,1800.0,2812.6409134513174,30.883300001733005,242517.53699999972,2907.929703205617
1746394329,26200,POST,POST /pastes,68.000000,0.000000,3100,3900,5000,5200,5300,5500,5500,5600,243000,243000,243000,20133,1,1800.0,2832.352798107612,32.59450000041397,242517.98190000045,2859.6842994089307
1746394329,26200,,Aggregated,755.000000,0.000000,3200,3900,5000,5200,5300,5500,5500,5600,242000,243000,243000,222091,23,1800.0,2814.427835811016,30.883300001733005,242517.98190000045,2903.5561594121327
1746394330,26400,GET,GET /pastes/:slug,661.100000,0.000000,3700,4500,5200,5300,5400,5500,5600,5600,242000,243000,243000,202484,22,1800.0,2817.6966340096046,30.883300001733005,242517.53699999972,2907.8559491120286
1746394330,26400,POST,POST /pastes,67.000000,0.000000,3600,4100,5200,5300,5400,5500,5600,5600,243000,243000,243000,20186,1,1800.0,2837.7119589071913,32.59450000041397,242517.98190000045,2859.387545823838
1746394330,26400,,Aggregated,728.100000,0.000000,3600,4300,5200,5300,5400,5500,5600,5600,242000,243000,243000,222670,23,1800.0,2819.511109908401,30.883300001733005,242517.98190000045,2903.4620784119998
1746394331,26500,GET,GET /pastes/:slug,549.800000,0.000000,3800,5000,5300,5400,5600,5800,5800,5800,242000,243000,243000,203705,22,1800.0,2826.3289012729247,30.883300001733005,242517.53699999972,2908.0584178100685
1746394331,26500,POST,POST /pastes,54.400000,0.000000,3800,5100,5300,5400,5700,5800,5800,5800,243000,243000,243000,20317,1,1800.0,2848.518844632602,32.59450000041397,242517.98190000045,2858.000689078112
1746394331,26500,,Aggregated,604.200000,0.000000,3800,5000,5300,5400,5600,5800,5800,5800,242000,243000,243000,224022,23,1800.0,2828.341351296767,30.883300001733005,242517.98190000045,2903.518582996313
1746394332,26600,GET,GET /pastes/:slug,540.200000,0.000000,3600,4300,5200,5400,5700,5800,5900,6000,242000,243000,243000,204737,22,1800.0,2829.16482258215,30.883300001733005,242517.53699999972,2908.020743685802
1746394332,26600,POST,POST /pastes,53.900000,0.000000,3500,4400,5300,5400,5800,5800,5900,6000,243000,243000,243000,20429,1,1800.0,2850.4683228939543,32.59450000041397,242517.98190000045,2856.253218463948
1746394332,26600,,Aggregated,594.100000,0.000000,3600,4300,5300,5400,5700,5800,5900,6000,242000,243000,243000,225166,23,1800.0,2831.097659723959,30.883300001733005,242517.98190000045,2903.323947665278
1746394333,26700,GET,GET /pastes/:slug,639.400000,0.000000,3200,4000,4900,5400,5800,6000,6100,6200,250000,250000,250000,205744,22,1800.0,2844.3899648577903,30.883300001733005,249734.55770000146,2908.0132300334394
1746394333,26700,POST,POST /pastes,64.100000,0.000000,3000,4000,5100,5500,5800,6000,6100,6200,243000,243000,243000,20531,1,1800.0,2852.8901838975503,32.59450000041397,242517.98190000045,2856.921728118455
1746394333,26700,,Aggregated,703.500000,0.000000,3200,4000,4900,5400,5800,6000,6100,6200,250000,250000,250000,226275,23,1800.0,2845.161229898594,30.883300001733005,249734.55770000146,2903.377456634626
1746394334,26800,GET,GET /pastes/:slug,736.400000,0.000000,2700,3900,4200,5400,5800,6000,6100,6200,250000,250000,250000,206762,22,1800.0,2840.735840992067,30.883300001733005,249734.55770000146,2907.8566080807886
1746394334,26800,POST,POST /pastes,74.300000,0.000000,2700,3900,4200,5500,5800,6000,6100,6200,243000,243000,243000,20646,1,1800.0,2848.5212871161784,32.59450000041397,242517.98190000045,2856.194856146469
1746394334,26800,,Aggregated,810.700000,0.000000,2700,3900,4200,5400,5800,6000,6100,6200,250000,250000,250000,227408,23,1800.0,2841.442668899094,30.883300001733005,249734.55770000146,2903.166322205024
1746394337,26800,GET,GET /pastes/:slug,725.200000,0.000000,3100,4200,5400,5700,5800,6100,6100,6200,250000,250000,250000,206951,22,1800.0,2840.8409664360306,30.883300001733005,249734.55770000146,2907.8208658088147
1746394337,26800,POST,POST /pastes,76.100000,0.000000,2800,4200,5600,5700,5800,6100,6100,6200,16000,16000,16000,20668,1,1800.0,2848.0625927617866,32.59450000041397,242517.98190000045,2855.671908263983
1746394337,26800,,Aggregated,801.300000,0.000000,3000,4200,5400,5700,5800,6100,6100,6200,250000,250000,250000,227619,23,1800.0,2841.4966962868057,30.883300001733005,249734.55770000146,2903.0856958338277
1746394338,26900,GET,GET /pastes/:slug,608.700000,0.000000,4100,5300,5500,5600,5800,6000,6100,6200,254000,255000,255000,208307,22,1800.0,2868.1302879125674,30.883300001733005,254650.4206000027,2907.7185500247233
1746394338,26900,POST,POST /pastes,66.200000,0.000000,4000,5300,5500,5600,5800,6000,6100,6200,16000,16000,16000,20790,1,1800.0,2859.9884003319185,32.59450000041397,242517.98190000045,2856.115873015873
1746394338,26900,,Aggregated,674.900000,0.000000,4100,5300,5500,5600,5800,6000,6100,6200,254000,255000,255000,229097,23,1800.0,2867.391431258842,30.883300001733005,254650.4206000027,2903.035731589676
1746394339,27100,GET,GET /pastes/:slug,499.300000,0.000000,4100,4900,5400,5500,5800,6000,6100,6200,254000,255000,255000,209575,22,1800.0,2873.4731012888124,30.883300001733005,254650.4206000027,2907.216395085292
1746394339,27100,POST,POST /pastes,53.500000,0.000000,4100,4900,5300,5500,5800,5900,6100,6100,16000,16000,16000,20929,1,1800.0,2865.1452513641625,32.59450000041397,242517.98190000045,2855.3821013904153
1746394339,27100,,Aggregated,552.800000,0.000000,4100,4900,5400,5500,5800,6000,6100,6200,254000,255000,255000,230504,23,1800.0,2872.7169600892244,30.883300001733005,254650.4206000027,2902.5100128414256
1746394340,27200,GET,GET /pastes/:slug,553.200000,0.000000,3200,4700,5000,5300,5600,6000,6100,6200,256000,257000,257000,210359,22,1800.0,2879.878018762222,30.883300001733005,256712.70770000046,2907.3324221925377
1746394340,27200,POST,POST /pastes,57.200000,0.000000,2900,4600,4900,5100,5600,6000,6100,6100,16000,16000,16000,21007,1,1800.0,2862.859634564697,32.59450000041397,242517.98190000045,2855.397819774361
1746394340,27200,,Aggregated,610.400000,0.000000,3100,4700,5000,5300,5600,6000,6100,6200,256000,257000,257000,231366,23,1800.0,2878.332825445857,30.883300001733005,256712.70770000046,2902.616992125031
1746394341,27300,GET,GET /pastes/:slug,716.200000,0.000000,3300,4600,4900,5000,5500,5700,6100,6200,256000,257000,257000,211535,22,1800.0,2878.9050153161547,30.883300001733005,257019.5952000031,2907.2882927175174
1746394341,27300,POST,POST /pastes,74.600000,0.000000,3000,4200,4700,4900,5400,5700,6100,6200,258000,258000,258000,21121,1,1800.0,2871.619881852213,32.59450000041397,257832.50699999917,2854.657402585105
1746394341,27300,,Aggregated,790.800000,0.000000,3200,4600,4900,5000,5500,5700,6100,6200,256000,258000,258000,232656,23,1800.0,2878.2436556095963,30.883300001733005,257832.50699999917,2902.510350044701
1746394344,27400,GET,GET /pastes/:slug,753.500000,0.000000,3000,4400,4800,4900,5400,5500,5600,5600,257000,258000,258000,212660,22,1800.0,2876.181269375072,30.883300001733005,257854.93829999905,2907.0399322862786
1746394344,27400,POST,POST /pastes,78.400000,0.000000,2900,3900,4700,4900,5300,5500,5500,5600,258000,258000,258000,21217,1,1800.0,2867.849424070351,32.59450000041397,257832.50699999917,2853.9024367252673
1746394344,27400,,Aggregated,831.900000,0.000000,3000,4400,4800,4900,5400,5500,5600,5600,257000,258000,258000,233877,23,1800.0,2875.425415820306,30.883300001733005,257854.93829999905,2902.219371721033
1746394345,27600,GET,GET /pastes/:slug,732.600000,0.000000,3600,4600,4900,5100,5500,5600,5900,5900,257000,258000,258000,213197,22,1800.0,2881.7260937808846,30.883300001733005,257854.93829999905,2907.2445625407486
1746394345,27600,POST,POST /pastes,72.000000,0.000000,3300,4600,4900,5000,5400,5600,5900,6000,258000,258000,258000,21281,1,1800.0,2875.3678645082773,32.59450000041397,257832.50699999917,2853.779568629294
1746394345,27600,,Aggregated,804.600000,0.000000,3600,4600,4900,5100,5500,5600,5900,5900,257000,258000,258000,234478,23,1800.0,2881.1490269466904,30.883300001733005,257854.93829999905,2902.3921306050033
1746394347,27700,GET,GET /pastes/:slug,628.900000,0.000000,3800,4600,4900,5000,5800,6000,6100,6300,256000,258000,258000,214621,22,1800.0,2893.9372935015817,30.883300001733005,257854.93829999905,2907.2167355477795
1746394347,27700,POST,POST /pastes,61.800000,0.000000,3800,4700,4900,5100,5800,6000,6100,6300,258000,258000,258000,21421,1,1900.0,2887.2607340553973,32.59450000041397,257832.50699999917,2852.722468605574
1746394347,27700,,Aggregated,690.700000,0.000000,3800,4600,4900,5000,5800,6000,6100,6300,257000,258000,258000,236042,23,1800.0,2893.331390400036,30.883300001733005,257854.93829999905,2902.271337304378
1746394348,27800,GET,GET /pastes/:slug,632.700000,0.000000,2900,4100,4500,4600,5800,6100,6100,6300,257000,258000,258000,215361,22,1800.0,2892.189307211159,30.883300001733005,257854.93829999905,2907.2208895761073
1746394348,27800,POST,POST /pastes,61.700000,0.000000,2800,4000,4600,4700,5900,6100,6200,6300,258000,258000,258000,21506,1,1800.0,2884.6083321631486,32.59450000041397,257832.50699999917,2852.5808611550265
1746394348,27800,,Aggregated,694.400000,0.000000,2900,4100,4500,4600,5800,6100,6200,6300,257000,258000,258000,236867,23,1800.0,2891.5010034399247,30.883300001733005,257854.93829999905,2902.2599264566193
1746394349,27900,GET,GET /pastes/:slug,767.000000,0.000000,3200,3800,4300,4500,5800,6100,6100,6300,257000,258000,258000,216378,22,1800.0,2891.4586784007724,30.883300001733005,257854.93829999905,2907.4957897753006
1746394349,27900,POST,POST /pastes,75.300000,0.000000,3000,3700,4200,4600,5900,6000,6200,6300,258000,258000,258000,21623,1,1900.0,2884.188653040775,32.59450000041397,257832.50699999917,2851.1735651852196
1746394349,27900,,Aggregated,842.300000,0.000000,3200,3800,4300,4500,5800,6100,6100,6300,257000,258000,258000,238001,23,1800.0,2890.7981779896086,30.883300001733005,257854.93829999905,2902.378771517767
1746394350,28000,GET,GET /pastes/:slug,783.500000,0.000000,3100,4000,4300,4500,5800,6000,6100,6300,265000,265000,265000,217809,22,1800.0,2902.470217114083,30.883300001733005,265488.6415000001,2907.703001253392
1746394350,28000,POST,POST /pastes,80.000000,0.000000,2900,3900,4200,4600,5900,6000,6200,6300,265000,265000,265000,21742,1,1900.0,2894.0274411416012,32.59450000041397,265488.7746000022,2850.5935056572534
1746394350,28000,,Aggregated,863.500000,0.000000,3100,4000,4300,4500,5800,6000,6100,6300,265000,265000,265000,239551,23,1800.0,2901.7039383876663,30.883300001733005,265488.7746000022,2902.5196596966825
1746394353,28000,GET,GET /pastes/:slug,751.400000,0.000000,3700,4200,4500,4800,5900,6100,6200,6300,265000,265000,265000,218006,22,1800.0,2901.7866929891898,30.883300001733005,265488.6415000001,2907.6784125207564
1746394353,28000,POST,POST /pastes,74.800000,0.000000,3600,4100,4600,5300,6000,6100,6200,6300,265000,265000,265000,21755,1,1900.0,2893.444821503136,32.59450000041397,265488.7746000022,2850.551045736612
1746394353,28000,,Aggregated,826.200000,0.000000,3700,4200,4500,4800,5900,6100,6200,6300,265000,265000,265000,239761,23,1800.0,2901.0297833409268,30.883300001733005,265488.7746000022,2902.494892830777
1746394354,28100,GET,GET /pastes/:slug,600.400000,0.000000,3900,4300,4700,5700,5900,6100,6200,6300,265000,265000,265000,218711,22,1800.0,2908.982421108677,30.883300001733005,265488.6415000001,2907.7140975991147
1746394354,28100,POST,POST /pastes,59.300000,0.000000,3700,4300,4800,5700,6000,6100,6200,6300,265000,265000,265000,21816,1,1900.0,2899.8468353914895,32.59450000041397,265488.7746000022,2850.241703337
1746394354,28100,,Aggregated,659.700000,0.000000,3900,4300,4700,5700,5900,6100,6200,6300,265000,265000,265000,240527,23,1800.0,2908.1538158460494,30.883300001733005,265488.7746000022,2902.5013033879773
1746394355,28200,GET,GET /pastes/:slug,534.600000,0.000000,4000,4500,5600,5700,6000,6100,6100,6300,271000,271000,271000,220174,22,1800.0,2930.0250761429634,30.883300001733005,270777.2166000032,2907.3855359851755
1746394355,28200,POST,POST /pastes,53.800000,0.000000,3600,4400,5400,5700,5900,6100,6100,6200,271000,271000,271000,21983,1,1900.0,2918.2382810444774,32.59450000041397,270772.1068999999,2850.400172860847
1746394355,28200,,Aggregated,588.400000,0.000000,4000,4500,5600,5700,6000,6100,6100,6300,271000,271000,271000,242157,23,1800.0,2928.9550714904112,30.883300001733005,270777.2166000032,2902.212407652886
1746394356,28300,GET,GET /pastes/:slug,582.700000,0.000000,3500,4100,5400,5600,5800,5900,6100,6100,271000,271000,271000,220769,22,1800.0,2929.669217805491,30.883300001733005,270777.2166000032,2907.574908614887
1746394356,28300,POST,POST /pastes,58.800000,0.000000,3400,3900,4400,5500,5700,5800,6000,6100,271000,271000,271000,22050,1,1900.0,2918.335175052188,32.59450000041397,270772.1068999999,2850.643537414966
1746394356,28300,,Aggregated,641.500000,0.000000,3500,4100,5400,5600,5800,5900,6100,6100,271000,271000,271000,242819,23,1800.0,2928.6399917453045,30.883300001733005,270777.2166000032,2902.405063030488
1746394357,28500,GET,GET /pastes/:slug,698.500000,0.000000,3600,4100,4500,5400,5800,5900,6100,6100,273000,274000,274000,221692,22,1800.0,2939.5791388705884,30.883300001733005,273777.80150000035,2907.1558603828735
1746394357,28500,POST,POST /pastes,69.900000,0.000000,3500,3900,4300,5400,5700,5800,6000,6100,273000,273000,273000,22132,1,1900.0,2943.2909196683872,32.59450000041397,273336.92410000006,2850.3200795228627
1746394357,28500,,Aggregated,768.400000,0.000000,3600,4100,4500,5400,5800,5900,6100,6100,273000,274000,274000,243824,23,1800.0,2939.9160586677312,30.883300001733005,273777.80150000035,2901.996854288339
1746394358,28600,GET,GET /pastes/:slug,714.600000,0.000000,3700,4200,4500,5200,5700,5900,6100,6100,273000,274000,274000,223191,22,1800.0,2939.7861574019403,30.883300001733005,273913.99040000036,2907.5079057847315
1746394358,28600,POST,POST /pastes,72.100000,0.000000,3400,4000,4400,5000,5700,5800,6000,6100,273000,273000,273000,22256,1,1900.0,2941.3081796639453,32.59450000041397,273336.92410000006,2850.528351905104
1746394358,28600,,Aggregated,786.700000,0.000000,3700,4200,4500,5200,5700,5900,6100,6100,273000,274000,274000,245447,23,1900.0,2939.924167348954,30.883300001733005,273913.99040000036,2902.3412630832727
1746394361,28700,GET,GET /pastes/:slug,736.000000,0.000000,3800,4400,5100,5400,5800,5900,6100,6100,273000,274000,274000,223775,22,1800.0,2938.4040094635093,30.883300001733005,273913.99040000036,2907.7485331247904
1746394361,28700,POST,POST /pastes,69.300000,0.000000,3400,4300,4900,5400,5800,5900,6000,6100,273000,273000,273000,22304,1,1900.0,2939.5123020758956,32.59450000041397,273336.92410000006,2850.6225789096125
1746394361,28700,,Aggregated,805.300000,0.000000,3700,4400,5100,5400,5800,5900,6100,6100,273000,274000,274000,246079,23,1900.0,2938.5044624010948,30.883300001733005,273913.99040000036,2902.5707760515934
1746394362,28900,GET,GET /pastes/:slug,624.100000,0.000000,3800,4500,5400,5600,5800,6000,6100,6100,273000,274000,274000,224424,22,1900.0,2944.469006358042,30.883300001733005,273913.99040000036,2907.9707562471035
1746394362,28900,POST,POST /pastes,59.300000,0.000000,3600,4400,5400,5600,5800,5900,6100,6100,273000,273000,273000,22375,1,1900.0,2946.0782622972415,32.59450000041397,273336.92410000006,2851.073340782123
1746394362,28900,,Aggregated,683.400000,0.000000,3800,4500,5400,5600,5800,6000,6100,6100,273000,274000,274000,246799,23,1900.0,2944.6149028229447,30.883300001733005,273913.99040000036,2902.812389839505
1746394363,29000,GET,GET /pastes/:slug,569.800000,0.000000,3800,4400,5100,5500,5800,6000,6100,6200,279000,279000,279000,225917,22,1900.0,2959.8032394512134,30.883300001733005,279147.62340000016,2907.4672822319703
1746394363,29000,POST,POST /pastes,54.700000,0.000000,3600,4300,5000,5600,5800,6000,6200,6400,279000,279000,279000,22507,1,1900.0,2962.437339752114,32.59450000041397,278857.1238000004,2851.504376416226
1746394363,29000,,Aggregated,624.500000,0.000000,3800,4400,5100,5500,5800,6000,6100,6200,279000,279000,279000,248424,23,1900.0,2960.0418866651476,30.883300001733005,279147.62340000016,2902.397091263324
1746394364,29200,GET,GET /pastes/:slug,612.400000,0.000000,3100,4000,4400,4600,5600,5800,6000,6200,279000,279000,279000,226984,22,1900.0,2958.8203225095153,30.883300001733005,279147.62340000016,2907.680752828393
1746394364,29200,POST,POST /pastes,58.900000,0.000000,3100,3800,4300,4700,5600,5900,6200,6800,279000,279000,279000,22628,1,1900.0,2961.9801403040838,32.59450000041397,278857.1238000004,2851.045518826233
1746394364,29200,,Aggregated,671.300000,0.000000,3100,4000,4400,4600,5600,5800,6000,6200,279000,279000,279000,249612,23,1900.0,2959.1067685019266,30.883300001733005,279147.62340000016,2902.546616348573
1746394365,29300,GET,GET /pastes/:slug,754.800000,0.000000,3100,3700,4100,4400,5400,5800,6000,6200,281000,281000,281000,228440,22,1900.0,2967.684019656375,30.883300001733005,281236.238999998,2907.743836455962
1746394365,29300,POST,POST /pastes,72.800000,0.000000,3100,3600,3900,4200,5600,5800,6200,6700,279000,279000,279000,22774,1,1900.0,2956.628450390832,32.59450000041397,278857.1238000004,2851.6438921577237
1746394365,29300,,Aggregated,827.600000,0.000000,3100,3700,4100,4300,5500,5800,6000,6200,281000,281000,281000,251214,23,1900.0,2966.681768450427,30.883300001733005,281236.238999998,2902.658052497074
1746394366,29400,GET,GET /pastes/:slug,781.300000,0.000000,2800,3500,4000,4200,4900,5700,6000,6200,281000,281000,281000,229656,22,1900.0,2961.042685113824,30.883300001733005,281236.238999998,2907.7135803114224
1746394366,29400,POST,POST /pastes,74.600000,0.000000,2800,3300,3800,4200,5200,5800,6200,6400,279000,279000,279000,22893,1,1900.0,2950.4249121129087,32.59450000041397,278857.1238000004,2851.247106102302
1746394366,29400,,Aggregated,855.900000,0.000000,2800,3500,3900,4200,4900,5700,6000,6200,281000,281000,281000,252549,23,1900.0,2960.08020782305,30.883300001733005,281236.238999998,2902.59502116421
1746394369,29500,GET,GET /pastes/:slug,868.800000,0.000000,2800,3400,3900,4200,5600,5800,6000,6500,281000,281000,281000,229834,22,1900.0,2961.6330520449583,30.883300001733005,281236.238999998,2907.7668969778188
1746394369,29500,POST,POST /pastes,81.600000,0.000000,2800,3400,3900,4300,5600,5900,6200,6400,279000,279000,279000,22920,1,1900.0,2951.602951657976,32.59450000041397,278857.1238000004,2850.369764397906
1746394369,29500,,Aggregated,950.400000,0.000000,2800,3400,3900,4200,5600,5800,6100,6500,281000,281000,281000,252754,23,1900.0,2960.723511935337,30.883300001733005,281236.238999998,2902.5620642996746
1746394370,29600,GET,GET /pastes/:slug,745.400000,0.000000,3100,3800,4200,4700,5400,5800,6000,6500,281000,281000,281000,231303,22,1900.0,2969.835840252402,30.883300001733005,281236.238999998,2907.5365732394307
1746394370,29600,POST,POST /pastes,72.900000,0.000000,3100,3800,4200,4700,5600,5800,6200,6400,279000,279000,279000,23056,1,1900.0,2958.972353599965,32.59450000041397,278857.1238000004,2850.483778625954
1746394370,29600,,Aggregated,818.300000,0.000000,3100,3800,4200,4700,5400,5800,6000,6500,281000,281000,281000,254359,23,1900.0,2968.8511353736426,30.883300001733005,281236.238999998,2902.365106011582
1746394371,29800,GET,GET /pastes/:slug,607.600000,0.000000,2900,3800,4300,4600,5100,5600,6000,6600,287000,287000,287000,232403,22,1900.0,2982.1697386445157,30.883300001733005,287239.0879999985,2907.3993364973776
1746394371,29800,POST,POST /pastes,60.100000,0.000000,2900,3700,4200,4600,5100,5700,6200,6400,287000,287000,287000,23146,1,1900.0,2971.3497057504887,32.59450000041397,287161.90999999887,2850.718439471183
1746394371,29800,,Aggregated,667.700000,0.000000,2900,3800,4300,4600,5100,5600,6000,6600,287000,287000,287000,255549,23,1900.0,2981.1897290128495,30.883300001733005,287239.0879999985,2902.2655420291217
1746394372,29900,GET,GET /pastes/:slug,661.000000,0.000000,2800,3400,3800,4300,4800,5100,5300,5400,287000,287000,287000,233098,22,1900.0,2980.2915700722524,30.883300001733005,287239.0879999985,2907.333074500854
1746394372,29900,POST,POST /pastes,66.500000,0.000000,2800,3300,3800,4200,4800,5100,5300,5300,287000,287000,287000,23203,1,1900.0,2969.892350394378,32.59450000041397,287161.90999999887,2851.0578373486187
1746394372,29900,,Aggregated,727.500000,0.000000,2800,3400,3800,4300,4800,5100,5300,5400,287000,287000,287000,256301,23,1900.0,2979.350125855557,30.883300001733005,287239.0879999985,2902.2384618085766
1746394373,30000,GET,GET /pastes/:slug,844.100000,0.000000,2700,3300,3600,3800,4700,5100,5300,5400,289000,289000,289000,234524,22,1900.0,2988.8712596988003,30.883300001733005,289242.53420000244,2907.1591820026947
1746394373,30000,POST,POST /pastes,82.700000,0.000000,2800,3300,3500,3800,4800,5100,5300,5300,289000,289000,289000,23341,1,1900.0,2978.731468309016,32.59450000041397,289151.7819999972,2850.7331305428215
1746394373,30000,,Aggregated,926.800000,0.000000,2700,3300,3600,3800,4700,5100,5300,5400,289000,289000,289000,257865,23,1900.0,2987.953442737111,30.883300001733005,289242.53420000244,2902.0517014717
1746394374,30200,GET,GET /pastes/:slug,862.000000,0.000000,2300,3300,3600,3900,4700,5100,5300,5300,289000,291000,291000,235330,22,1900.0,2986.7552856363386,30.883300001733005,290516.45740000095,2906.954056006459
1746394374,30200,POST,POST /pastes,83.100000,0.000000,2300,3100,3600,3800,4800,5100,5200,5300,289000,289000,289000,23430,1,1900.0,2975.088937080696,32.59450000041397,289151.7819999972,2850.726931284678
1746394374,30200,,Aggregated,945.100000,0.000000,2300,3300,3600,3900,4700,5100,5300,5300,289000,291000,291000,258760,23,1900.0,2985.6989301460935,30.883300001733005,290516.45740000095,2901.8628458803523
1746394377,30199,GET,GET /pastes/:slug,786.100000,0.000000,2900,3600,4000,4500,4900,5100,5300,5700,293000,294000,294000,235802,22,1900.0,2997.880981084128,30.883300001733005,293775.748,2906.966836583235
1746394377,30199,POST,POST /pastes,75.700000,0.000000,2900,3500,4000,4600,5000,5100,5300,5400,294000,294000,294000,23477,1,1900.0,2988.0406365592166,32.59450000041397,293731.466199999,2850.787834902245
1746394377,30199,,Aggregated,861.800000,0.000000,2900,3600,4000,4500,4900,5100,5300,5600,294000,294000,294000,259279,23,1900.0,2996.9899649647796,30.883300001733005,293775.748,2901.8799825670417
1746394378,30199,GET,GET /pastes/:slug,685.100000,0.000000,3500,4300,4600,4700,5100,5500,6400,7000,293000,294000,294000,237881,22,1900.0,3013.4855579382174,30.883300001733005,294087.8274000024,2907.671970439001
1746394378,30199,POST,POST /pastes,66.000000,0.000000,3400,4300,4600,4800,5100,5400,6400,8700,294000,294000,294000,23679,1,2000.0,3001.791373343499,32.59450000041397,293731.466199999,2851.3892056252375
1746394378,30199,,Aggregated,751.100000,0.000000,3500,4300,4600,4700,5100,5500,6400,7000,293000,294000,294000,261560,23,1900.0,3012.4268846050786,30.883300001733005,294087.8274000024,2902.5766975072643
1746394379,30199,GET,GET /pastes/:slug,603.000000,0.000000,3500,4100,4500,4600,5000,5600,6500,7300,293000,295000,295000,238913,22,1900.0,3016.238284905807,30.883300001733005,295319.7672999995,2907.6921724644535
1746394379,30199,POST,POST /pastes,57.200000,0.000000,3400,4100,4500,4700,5100,5500,6600,7900,294000,294000,294000,23779,1,2000.0,3003.079565196211,32.59450000041397,293731.466199999,2850.917406114639
1746394379,30199,,Aggregated,660.200000,0.000000,3500,4100,4500,4600,5100,5600,6500,7300,293000,295000,295000,262692,23,1900.0,3015.0471515786703,30.883300001733005,295319.7672999995,2902.552894644679
