Timestamp,User Count,Type,Name,Requests/s,Failures/s,50%,66%,75%,80%,90%,95%,98%,99%,99.9%,99.99%,100%,Total Request Count,Total Failure Count,Total Median Response Time,Total Average Response Time,Total Min Response Time,Total Max Response Time,Total Average Content Size
1746375459,0,,Aggregated,0.000000,0.000000,N/A,N/A,N/A,N/A,N/A,N/A,N/A,N/A,N/A,N/A,N/A,0,0,0,0.0,0,0,0
1746375460,5,GET,GET /pastes/:slug,0.000000,0.000000,0,0,0,0,0,0,0,0,0,0,0,4,0,140.0,143.04192500026147,137.13250000000698,148.63880000029894,3300.5
1746375460,5,POST,POST /pastes,0.000000,0.000000,0,0,0,0,0,0,0,0,0,0,0,2,0,41.229399999792804,85.48314999961804,41.229399999792804,129.73689999944327,2307.5
1746375460,5,,Aggregated,0.000000,0.000000,0,0,0,0,0,0,0,0,0,0,0,6,0,140.0,123.85566666671366,41.229399999792804,148.63880000029894,2969.5
1746375461,10,GET,GET /pastes/:slug,0.000000,0.000000,55,95,100,100,110,120,120,120,120,120,120,15,0,95,89.11470666680543,34.447199999704026,148.63880000029894,3286.733333333333
1746375461,10,POST,POST /pastes,0.000000,0.000000,41,41,41,41,41,41,41,41,41,41,41,2,0,41.229399999792804,85.48314999961804,41.229399999792804,129.73689999944327,2307.5
1746375461,10,,Aggregated,0.000000,0.000000,55,78,100,100,110,120,120,120,120,120,120,17,0,95,88.68746470595985,34.447199999704026,148.63880000029894,3171.529411764706
1746375462,15,GET,GET /pastes/:slug,4.000000,0.000000,51,63,75,78,100,110,120,120,120,120,120,26,0,55,73.13006153858973,34.447199999704026,148.63880000029894,3003.3076923076924
1746375462,15,POST,POST /pastes,1.000000,0.000000,41,41,95,95,95,95,95,95,95,95,95,4,0,41,75.02829999998539,33.83399999984249,129.73689999944327,2709.0
1746375462,15,,Aggregated,5.000000,0.000000,50,63,75,95,100,110,120,120,120,120,120,30,0,55,73.38316000010916,33.83399999984249,148.63880000029894,2964.0666666666666
1746375463,25,GET,GET /pastes/:slug,5.000000,0.000000,50,55,63,75,100,110,120,120,120,120,120,43,0,51,64.90616511627893,32.607000000098196,148.63880000029894,2899.232558139535
1746375463,25,POST,POST /pastes,1.000000,0.000000,60,72,95,95,100,100,100,100,100,100,100,9,0,60,67.86943333342303,33.83399999984249,129.73689999944327,2419.4444444444443
1746375463,25,,Aggregated,6.000000,0.000000,50,60,72,75,100,100,120,120,120,120,120,52,0,51,65.41903846155387,32.607000000098196,148.63880000029894,2816.1923076923076
1746375464,30,GET,GET /pastes/:slug,7.000000,0.000000,50,55,63,75,95,100,110,120,120,120,120,67,0,51,62.274556716418836,32.607000000098196,148.63880000029894,2913.791044776119
1746375464,30,POST,POST /pastes,1.000000,0.000000,60,72,95,95,100,100,100,100,100,100,100,9,0,60,67.86943333342303,33.83399999984249,129.73689999944327,2419.4444444444443
1746375464,30,,Aggregated,8.000000,0.000000,50,55,63,75,95,100,110,120,120,120,120,76,0,51,62.93710789474828,32.607000000098196,148.63880000029894,2855.25
1746375465,35,GET,GET /pastes/:slug,8.000000,0.000000,48,53,56,73,95,100,110,120,120,120,120,90,0,49,59.577952222227594,32.607000000098196,148.63880000029894,2821.0555555555557
1746375465,35,POST,POST /pastes,2.000000,0.000000,62,72,75,95,100,100,100,100,100,100,100,11,0,62,67.98620909094925,33.83399999984249,129.73689999944327,2617.909090909091
1746375465,35,,Aggregated,10.000000,0.000000,49,55,63,75,95,100,110,120,120,120,120,101,0,50,60.493702970306195,32.607000000098196,148.63880000029894,2798.930693069307
1746375466,40,GET,GET /pastes/:slug,10.800000,0.000000,50,55,57,63,90,100,110,110,120,120,120,120,0,51,58.26955416667564,32.607000000098196,148.63880000029894,2860.5583333333334
1746375466,40,POST,POST /pastes,1.800000,0.000000,60,72,75,95,100,110,110,110,110,110,110,14,0,60,67.77987857146529,33.83399999984249,129.73689999944327,2425.5
1746375466,40,,Aggregated,12.600000,0.000000,50,56,62,75,94,100,110,110,120,120,120,134,0,51,59.263170149265605,32.607000000098196,148.63880000029894,2815.10447761194
1746375467,45,GET,GET /pastes/:slug,12.500000,0.000000,48,53,56,62,85,100,110,110,120,120,120,150,0,49,56.064079999996466,32.607000000098196,148.63880000029894,2780.153333333333
1746375467,45,POST,POST /pastes,1.666667,0.000000,62,75,100,110,120,140,140,140,140,140,140,19,0,62,75.07844736837318,33.83399999984249,136.24609999988024,2207.5263157894738
1746375467,45,,Aggregated,14.166667,0.000000,49,55,60,71,94,100,120,120,140,140,140,169,0,50,58.201789940819886,32.607000000098196,148.63880000029894,2715.775147928994
1746375468,50,GET,GET /pastes/:slug,14.000000,0.000000,49,54,57,62,85,100,110,120,150,150,150,186,0,49,56.10300483870374,32.607000000098196,148.63880000029894,2780.1075268817203
1746375468,50,POST,POST /pastes,1.714286,0.000000,56,72,95,100,120,120,140,140,140,140,140,22,0,56,71.1044999999434,33.83399999984249,136.24609999988024,2501.5454545454545
1746375468,50,,Aggregated,15.714286,0.000000,49,55,59,63,94,100,120,120,150,150,150,208,0,49,57.689701442296396,32.607000000098196,148.63880000029894,2750.644230769231
1746375469,50,GET,GET /pastes/:slug,16.000000,0.000000,48,53,56,59,85,100,110,110,150,150,150,231,0,48,55.14111428572474,32.607000000098196,148.63880000029894,2794.5194805194806
1746375469,50,POST,POST /pastes,2.125000,0.000000,56,72,95,100,120,120,140,140,140,140,140,23,0,56,69.75704782602723,33.83399999984249,136.24609999988024,2488.0434782608695
1746375469,50,,Aggregated,18.125000,0.000000,48,53,56,62,94,100,120,120,150,150,150,254,0,49,56.46460433071276,32.607000000098196,148.63880000029894,2766.767716535433
1746375470,50,GET,GET /pastes/:slug,18.111111,0.000000,48,52,55,56,76,97,110,110,150,150,150,261,0,48,53.95334061303475,32.37549999994371,148.63880000029894,2835.536398467433
1746375470,50,POST,POST /pastes,2.111111,0.000000,52,72,95,100,120,120,140,140,140,140,140,25,0,52,67.24411199993483,33.83399999984249,136.24609999988024,2427.2
1746375470,50,,Aggregated,20.222222,0.000000,48,52,55,57,82,100,110,120,150,150,150,286,0,48,55.11512132867286,32.37549999994371,148.63880000029894,2799.8426573426573
1746375471,50,GET,GET /pastes/:slug,19.500000,0.000000,47,51,54,55,72,94,110,110,150,150,150,297,0,47,52.66576632996962,32.37549999994371,148.63880000029894,2839.5286195286194
1746375471,50,POST,POST /pastes,2.200000,0.000000,52,60,75,100,120,120,140,140,140,140,140,27,0,52,65.66824074067242,33.83399999984249,136.24609999988024,2524.4074074074074
1746375471,50,,Aggregated,21.700000,0.000000,47,52,54,56,77,99,110,120,150,150,150,324,0,48,53.74930586419485,32.37549999994371,148.63880000029894,2813.2685185185187
1746375472,50,GET,GET /pastes/:slug,23.100000,0.000000,47,51,53,54,62,89,100,110,150,150,150,337,0,47,51.77616350149782,32.37549999994371,148.63880000029894,2843.845697329377
1746375472,50,POST,POST /pastes,2.200000,0.000000,47,52,62,75,120,120,140,140,140,140,140,31,0,49,62.57152903218676,33.83399999984249,136.24609999988024,2612.3548387096776
1746375472,50,,Aggregated,25.300000,0.000000,47,51,53,55,63,94,110,120,150,150,150,368,0,47,52.68555570652868,32.37549999994371,148.63880000029894,2824.345108695652
1746375473,50,GET,GET /pastes/:slug,25.800000,0.000000,47,51,52,54,59,82,100,110,150,150,150,370,0,48,51.352863513523985,31.529500000033295,148.63880000029894,2903.5054054054053
1746375473,50,POST,POST /pastes,2.400000,0.000000,47,52,62,75,120,120,140,140,140,140,140,32,0,47,61.778471874930574,33.83399999984249,136.24609999988024,2671.40625
1746375473,50,,Aggregated,28.200000,0.000000,47,51,53,54,62,85,110,120,150,150,150,402,0,48,52.18276268657127,31.529500000033295,148.63880000029894,2885.0298507462685
1746375474,50,GET,GET /pastes/:slug,28.200000,0.000000,47,51,52,53,58,72,99,110,150,150,150,408,0,48,50.865620343145956,29.90349999981845,148.63880000029894,2890.6887254901962
1746375474,50,POST,POST /pastes,2.400000,0.000000,47,52,56,62,120,120,140,140,140,140,140,32,0,47,61.778471874930574,33.83399999984249,136.24609999988024,2671.40625
1746375474,50,,Aggregated,30.600000,0.000000,47,51,52,53,59,80,110,120,150,150,150,440,0,48,51.659282272730294,29.90349999981845,148.63880000029894,2874.740909090909
1746375475,50,GET,GET /pastes/:slug,30.900000,0.000000,47,51,52,53,57,63,99,110,150,150,150,448,0,48,50.41225691965273,29.90349999981845,148.63880000029894,2916.4821428571427
1746375475,50,POST,POST /pastes,2.300000,0.000000,45,49,52,52,120,120,140,140,140,140,140,36,0,47,60.04556666660695,33.83399999984249,136.24609999988024,2752.777777777778
1746375475,50,,Aggregated,33.200000,0.000000,47,50,52,53,57,66,110,120,150,150,150,484,0,48,51.12878409091378,29.90349999981845,148.63880000029894,2904.305785123967
1746375476,50,GET,GET /pastes/:slug,32.400000,0.000000,47,50,52,53,56,63,94,110,150,150,150,484,0,47,50.12337665290063,29.90349999981845,148.63880000029894,2909.0723140495866
1746375476,50,POST,POST /pastes,2.300000,0.000000,43,49,52,52,56,70,72,72,72,72,72,40,0,49,59.68996749993494,33.83399999984249,136.24609999988024,2733.125
1746375476,50,,Aggregated,34.700000,0.000000,47,50,52,53,56,63,94,110,150,150,150,524,0,47,50.853650763361266,29.90349999981845,148.63880000029894,2895.641221374046
1746375477,50,GET,GET /pastes/:slug,33.700000,0.000000,46,50,52,52,55,59,68,97,110,110,110,513,0,47,49.75913840157339,29.90349999981845,148.63880000029894,2916.5458089668614
1746375477,50,POST,POST /pastes,2.200000,0.000000,46,49,52,52,55,70,72,72,72,72,72,47,0,48,57.59233404246225,33.83399999984249,136.24609999988024,2853.936170212766
1746375477,50,,Aggregated,35.900000,0.000000,46,50,52,52,55,59,70,97,110,110,110,560,0,47,50.4165673214337,29.90349999981845,148.63880000029894,2911.2910714285713
1746375478,50,GET,GET /pastes/:slug,35.400000,0.000000,46,50,52,52,54,57,63,66,70,70,70,558,0,47,49.48192706094288,29.90349999981845,148.63880000029894,2932.901433691756
1746375478,50,POST,POST /pastes,2.500000,0.000000,43,48,49,52,55,70,72,72,72,72,72,47,0,48,57.59233404246225,33.83399999984249,136.24609999988024,2853.936170212766
1746375478,50,,Aggregated,37.900000,0.000000,46,50,52,52,54,58,63,68,72,72,72,605,0,47,50.11199173554025,29.90349999981845,148.63880000029894,2926.7669421487603
1746375479,50,GET,GET /pastes/:slug,35.800000,0.000000,46,50,52,52,55,58,63,66,70,70,70,587,0,47,49.3151047700308,29.90349999981845,148.63880000029894,2920.6541737649063
1746375479,50,POST,POST /pastes,2.300000,0.000000,45,48,49,52,55,70,72,72,72,72,72,52,0,47,56.43987884610187,33.83399999984249,136.24609999988024,2817.096153846154
1746375479,50,,Aggregated,38.100000,0.000000,46,50,52,52,55,58,63,68,72,72,72,639,0,47,49.894898591557705,29.90349999981845,148.63880000029894,2912.226917057903
1746375480,50,GET,GET /pastes/:slug,35.500000,0.000000,46,50,52,52,55,58,63,66,70,70,70,619,0,47,49.12316155089938,29.90349999981845,148.63880000029894,2937.9208400646203
1746375480,50,POST,POST /pastes,2.800000,0.000000,46,48,52,52,56,70,72,72,72,72,72,54,0,47,56.091131481429734,33.83399999984249,136.24609999988024,2770.8703703703704
1746375480,50,,Aggregated,38.300000,0.000000,46,50,52,52,55,59,63,68,72,72,72,673,0,47,49.68225572065962,29.90349999981845,148.63880000029894,2924.517087667162
1746375481,50,GET,GET /pastes/:slug,36.400000,0.000000,47,50,52,52,55,58,63,66,70,70,70,649,0,47,48.84576918336737,29.90349999981845,148.63880000029894,2947.104776579353
1746375481,50,POST,POST /pastes,2.500000,0.000000,46,48,50,52,55,70,72,72,72,72,72,60,0,47,55.007931666629396,33.83399999984249,136.24609999988024,2708.233333333333
1746375481,50,,Aggregated,38.900000,0.000000,47,50,52,52,55,59,63,68,72,72,72,709,0,47,49.36724978843891,29.90349999981845,148.63880000029894,2926.8899858956274
1746375482,50,GET,GET /pastes/:slug,35.300000,0.000000,47,50,52,52,55,59,63,68,74,74,74,693,0,47,48.849405483419034,29.90349999981845,148.63880000029894,2961.6450216450216
1746375482,50,POST,POST /pastes,3.000000,0.000000,47,50,52,53,56,70,72,72,72,72,72,62,0,47,55.11309516126153,33.83399999984249,136.24609999988024,2704.8870967741937
1746375482,50,,Aggregated,38.300000,0.000000,47,50,52,52,55,59,66,70,74,74,74,755,0,47,49.36377470199683,29.90349999981845,148.63880000029894,2940.5602649006623
1746375483,50,GET,GET /pastes/:slug,35.100000,0.000000,47,50,52,52,56,60,66,73,110,110,110,727,0,47,48.92244883082291,29.90349999981845,148.63880000029894,2961.85969738652
1746375483,50,POST,POST /pastes,2.800000,0.000000,48,51,53,55,63,70,72,72,72,72,72,64,0,48,55.239964062465674,33.83399999984249,136.24609999988024,2713.359375
1746375483,50,,Aggregated,37.900000,0.000000,47,50,52,53,56,61,68,73,110,110,110,791,0,47,49.43360050569666,29.90349999981845,148.63880000029894,2941.753476611884
1746375484,50,GET,GET /pastes/:slug,34.800000,0.000000,47,50,52,53,56,60,66,73,110,110,110,765,0,47,48.84967503268877,29.90349999981845,148.63880000029894,2945.878431372549
1746375484,50,POST,POST /pastes,3.300000,0.000000,48,52,53,55,63,70,72,72,72,72,72,67,0,48,55.052746268641506,33.83399999984249,136.24609999988024,2698.134328358209
1746375484,50,,Aggregated,38.100000,0.000000,47,51,52,53,56,61,68,73,110,110,110,832,0,47,49.349201201930164,29.90349999981845,148.63880000029894,2925.9278846153848
1746375485,50,GET,GET /pastes/:slug,35.400000,0.000000,46,50,52,52,55,59,66,73,110,110,110,793,0,47,48.66902131148113,29.90349999981845,148.63880000029894,2934.6696090794453
1746375485,50,POST,POST /pastes,3.100000,0.000000,48,52,55,55,63,68,70,70,70,70,70,73,0,48,54.44881506847283,33.83399999984249,136.24609999988024,2681.3698630136987
1746375485,50,,Aggregated,38.500000,0.000000,47,50,52,53,56,60,67,73,110,110,110,866,0,47,49.15623256351392,29.90349999981845,148.63880000029894,2913.3175519630486
1746375486,50,GET,GET /pastes/:slug,35.300000,0.000000,47,50,52,52,55,58,66,73,110,110,110,833,0,47,48.49325870348411,29.90349999981845,148.63880000029894,2938.324129651861
1746375486,50,POST,POST /pastes,3.200000,0.000000,49,52,53,55,58,63,68,68,68,68,68,78,0,49,54.0111448717886,33.83399999984249,136.24609999988024,2628.0897435897436
1746375486,50,,Aggregated,38.500000,0.000000,47,50,52,53,55,59,66,73,110,110,110,911,0,47,48.965701207466275,29.90349999981845,148.63880000029894,2911.761800219539
1746375487,50,GET,GET /pastes/:slug,35.400000,0.000000,46,50,52,52,55,58,66,73,110,110,110,866,0,47,48.27101524249686,29.90349999981845,148.63880000029894,2928.1916859122402
1746375487,50,POST,POST /pastes,3.500000,0.000000,48,52,53,55,57,63,68,68,68,68,68,83,0,49,53.518567469880686,33.83399999984249,136.24609999988024,2664.2168674698796
1746375487,50,,Aggregated,38.900000,0.000000,47,50,52,53,55,58,66,73,110,110,110,949,0,47,48.72996870390134,29.90349999981845,148.63880000029894,2905.104320337197
1746375489,50,GET,GET /pastes/:slug,34.100000,0.000000,46,49,51,52,55,58,62,73,110,110,110,898,0,47,48.1025589086926,29.90349999981845,148.63880000029894,2924.6180400890867
1746375489,50,POST,POST /pastes,3.600000,0.000000,49,52,54,56,58,63,68,68,68,68,68,87,0,48,52.928974712656405,33.83399999984249,136.24609999988024,2659.390804597701
1746375489,50,,Aggregated,37.700000,0.000000,46,50,52,53,55,59,66,73,110,110,110,985,0,47,48.528851472088384,29.90349999981845,148.63880000029894,2901.191878172589
1746375490,50,GET,GET /pastes/:slug,34.700000,0.000000,46,49,51,52,55,57,62,73,110,110,110,932,0,47,47.95934635193523,29.90349999981845,148.63880000029894,2925.6330472103004
1746375490,50,POST,POST /pastes,3.800000,0.000000,49,51,53,55,58,63,68,68,68,68,68,92,0,48,52.42493152174733,33.83399999984249,136.24609999988024,2693.0108695652175
1746375490,50,,Aggregated,38.500000,0.000000,46,49,52,53,55,58,63,73,110,110,110,1024,0,47,48.360551269535534,29.90349999981845,148.63880000029894,2904.7333984375
1746375491,50,GET,GET /pastes/:slug,34.800000,0.000000,45,49,52,52,54,57,62,73,110,110,110,968,0,47,47.77611425620194,29.90349999981845,148.63880000029894,2920.081611570248
1746375491,50,POST,POST /pastes,3.600000,0.000000,49,52,54,55,58,63,68,68,68,68,68,95,0,48,52.072808421067556,32.84749999966152,136.24609999988024,2697.021052631579
1746375491,50,,Aggregated,38.400000,0.000000,46,49,52,53,55,58,63,73,110,110,110,1063,0,47,48.16010856068194,29.90349999981845,148.63880000029894,2900.1467544684856
1746375492,50,GET,GET /pastes/:slug,34.400000,0.000000,45,48,51,52,54,56,59,66,110,110,110,1009,0,46,47.592101387514234,29.90349999981845,148.63880000029894,2924.331020812686
1746375492,50,POST,POST /pastes,3.900000,0.000000,48,51,54,55,57,63,68,68,68,68,68,97,0,48,51.962645360833555,32.84749999966152,136.24609999988024,2727.8041237113403
1746375492,50,,Aggregated,38.300000,0.000000,45,49,51,52,54,57,62,67,110,110,110,1106,0,47,47.97541311030987,29.90349999981845,148.63880000029894,2907.0949367088606
1746375493,50,GET,GET /pastes/:slug,34.900000,0.000000,45,48,50,52,54,55,57,59,70,70,70,1039,0,46,47.54021665062751,29.90349999981845,148.63880000029894,2914.642925890279
1746375493,50,POST,POST /pastes,4.100000,0.000000,43,49,51,52,57,58,68,68,68,68,68,103,0,47,51.26825825242934,32.84749999966152,136.24609999988024,2738.0873786407765
1746375493,50,,Aggregated,39.000000,0.000000,45,48,50,52,54,55,58,60,70,70,70,1142,0,46,47.87645858143801,29.90349999981845,148.63880000029894,2898.7189141856393
1746375494,50,GET,GET /pastes/:slug,35.700000,0.000000,45,48,50,52,54,55,57,59,70,70,70,1076,0,46,47.52502760223228,29.90349999981845,148.63880000029894,2922.099442379182
1746375494,50,POST,POST /pastes,3.700000,0.000000,42,48,50,52,56,57,60,60,60,60,60,109,0,46,50.717913761460345,32.75729999950272,136.24609999988024,2790.605504587156
1746375494,50,,Aggregated,39.400000,0.000000,44,48,50,52,54,56,57,60,70,70,70,1185,0,46,47.818719240507264,29.90349999981845,148.63880000029894,2910.0042194092825
1746375495,50,GET,GET /pastes/:slug,34.200000,0.000000,45,48,50,52,54,55,57,60,70,70,70,1113,0,46,47.448040251569516,29.90349999981845,148.63880000029894,2919.8014375561547
1746375495,50,POST,POST /pastes,4.100000,0.000000,41,46,49,50,55,57,60,60,60,60,60,111,0,46,50.49945765764638,32.75729999950272,136.24609999988024,2801.2702702702704
1746375495,50,,Aggregated,38.300000,0.000000,45,48,50,52,54,55,57,60,70,70,70,1224,0,46,47.724761928100996,29.90349999981845,148.63880000029894,2909.052287581699
1746375496,50,GET,GET /pastes/:slug,34.400000,0.000000,45,48,50,52,54,55,57,60,70,70,70,1145,0,46,47.35877467248596,29.90349999981845,148.63880000029894,2931.661135371179
1746375496,50,POST,POST /pastes,4.500000,0.000000,39,43,48,50,55,57,60,60,60,60,60,116,0,46,50.23331206894783,32.75729999950272,136.24609999988024,2805.896551724138
1746375496,50,,Aggregated,38.900000,0.000000,43,48,50,51,54,55,57,60,70,70,70,1261,0,46,47.623204758124004,29.90349999981845,148.63880000029894,2920.091990483743
1746375497,50,GET,GET /pastes/:slug,34.500000,0.000000,45,49,51,52,54,55,57,63,73,73,73,1173,0,46,47.335213725489844,29.90349999981845,148.63880000029894,2941.2924126172206
1746375497,50,POST,POST /pastes,4.400000,0.000000,39,42,46,49,55,57,60,60,60,60,60,120,0,45,49.88284333331497,32.17190000032133,136.24609999988024,2777.891666666667
1746375497,50,,Aggregated,38.900000,0.000000,44,48,51,52,54,55,60,63,73,73,73,1293,0,46,47.57165266821143,29.90349999981845,148.63880000029894,2926.127610208817
1746375498,50,GET,GET /pastes/:slug,35.100000,0.000000,45,49,51,52,54,55,57,63,73,73,73,1216,0,46,47.206855345393706,29.90349999981845,148.63880000029894,2948.7023026315787
1746375498,50,POST,POST /pastes,4.300000,0.000000,39,42,48,50,55,57,60,60,60,60,60,125,0,45,49.53879199997755,32.17190000032133,136.24609999988024,2741.464
1746375498,50,,Aggregated,39.400000,0.000000,44,48,51,52,54,55,57,63,73,73,73,1341,0,46,47.424224533926875,29.90349999981845,148.63880000029894,2929.384787472036
1746375499,50,GET,GET /pastes/:slug,33.900000,0.000000,45,49,51,52,54,55,57,63,73,73,73,1244,0,46,47.11097684887306,29.90349999981845,148.63880000029894,2949.0522508038584
1746375499,50,POST,POST /pastes,4.100000,0.000000,39,46,50,50,55,57,65,65,65,65,65,133,0,46,49.5123992481021,32.17190000032133,136.24609999988024,2751.4210526315787
1746375499,50,,Aggregated,38.000000,0.000000,43,49,51,52,54,56,59,65,73,73,73,1377,0,46,47.342922512705634,29.90349999981845,148.63880000029894,2929.9636891793753
1746375500,50,GET,GET /pastes/:slug,34.800000,0.000000,45,49,51,52,54,55,57,63,73,73,73,1282,0,46,47.027097113882,29.90349999981845,148.63880000029894,2947.7948517940717
1746375500,50,POST,POST /pastes,4.100000,0.000000,39,46,50,52,56,60,65,65,65,65,65,133,0,46,49.5123992481021,32.17190000032133,136.24609999988024,2751.4210526315787
1746375500,50,,Aggregated,38.900000,0.000000,44,49,50,52,54,56,59,65,73,73,73,1415,0,46,47.260697950526016,29.90349999981845,148.63880000029894,2929.3371024734984
1746375501,50,GET,GET /pastes/:slug,34.400000,0.000000,45,49,51,52,54,56,58,63,73,73,73,1321,0,46,47.009607040119434,29.90349999981845,148.63880000029894,2948.589704769114
1746375501,50,POST,POST /pastes,4.600000,0.000000,41,46,50,51,55,60,65,65,65,65,65,137,0,46,49.42388613135933,32.17190000032133,136.24609999988024,2770.941605839416
1746375501,50,,Aggregated,39.000000,0.000000,45,49,51,52,54,56,59,65,73,73,73,1458,0,46,47.23646316872014,29.90349999981845,148.63880000029894,2931.8971193415637
1746375502,50,GET,GET /pastes/:slug,34.600000,0.000000,45,49,51,52,54,56,58,62,73,73,73,1351,0,46,46.95573538119896,29.90349999981845,148.63880000029894,2958.038490007402
1746375502,50,POST,POST /pastes,4.100000,0.000000,42,48,50,52,55,60,65,65,65,65,65,138,0,45,49.37407536229237,32.17190000032133,136.24609999988024,2784.768115942029
1746375502,50,,Aggregated,38.700000,0.000000,45,49,51,52,54,56,59,63,73,73,73,1489,0,46,47.179866286095425,29.90349999981845,148.63880000029894,2941.979852249832
1746375503,50,GET,GET /pastes/:slug,34.800000,0.000000,45,49,51,51,53,55,58,59,73,73,73,1388,0,46,46.888957564841455,29.90349999981845,148.63880000029894,2963.4027377521616
1746375503,50,POST,POST /pastes,4.200000,0.000000,43,49,52,52,55,58,65,65,65,65,65,145,0,46,49.23385586203823,32.17190000032133,136.24609999988024,2790.503448275862
1746375503,50,,Aggregated,39.000000,0.000000,45,49,51,51,54,56,58,62,73,73,73,1533,0,46,47.110751598170545,29.90349999981845,148.63880000029894,2947.048923679061
1746375504,50,GET,GET /pastes/:slug,34.000000,0.000000,45,49,51,51,54,56,57,58,73,73,73,1424,0,46,46.82204922752772,29.90349999981845,148.63880000029894,2957.7120786516853
1746375504,50,POST,POST /pastes,4.100000,0.000000,45,50,52,54,55,58,65,65,65,65,65,148,0,46,49.227582432403985,32.17190000032133,136.24609999988024,2816.135135135135
1746375504,50,,Aggregated,38.100000,0.000000,45,49,51,52,54,56,58,59,73,73,73,1572,0,46,47.04852436386466,29.90349999981845,148.63880000029894,2944.382951653944
1746375505,50,GET,GET /pastes/:slug,34.600000,0.000000,45,49,51,51,54,56,58,58,73,73,73,1461,0,46,46.76916036960472,29.90349999981845,148.63880000029894,2957.3127994524298
1746375505,50,POST,POST /pastes,4.200000,0.000000,45,50,52,54,55,58,65,65,65,65,65,149,0,46,49.17280872479946,32.17190000032133,136.24609999988024,2809.0604026845635
1746375505,50,,Aggregated,38.800000,0.000000,45,49,51,52,54,56,58,59,73,73,73,1610,0,46,46.991609813656886,29.90349999981845,148.63880000029894,2943.592546583851
1746375506,50,GET,GET /pastes/:slug,34.500000,0.000000,45,49,51,51,54,56,58,58,62,62,62,1497,0,46,46.73828677354232,29.90349999981845,148.63880000029894,2960.194388777555
1746375506,50,POST,POST /pastes,3.900000,0.000000,47,50,52,54,55,58,65,65,65,65,65,153,0,46,48.99210588232533,32.17190000032133,136.24609999988024,2785.856209150327
1746375506,50,,Aggregated,38.400000,0.000000,45,49,51,52,54,56,58,59,65,65,65,1650,0,46,46.94727727272036,29.90349999981845,148.63880000029894,2944.028484848485
1746375507,50,GET,GET /pastes/:slug,34.700000,0.000000,45,49,51,52,55,56,58,59,76,76,76,1529,0,46,46.746547743619615,29.90349999981845,148.63880000029894,2965.4865925441463
1746375507,50,POST,POST /pastes,3.800000,0.000000,47,51,52,54,55,58,65,65,65,65,65,155,0,46,48.99106129030242,32.17190000032133,136.24609999988024,2768.548387096774
1746375507,50,,Aggregated,38.500000,0.000000,46,49,51,52,55,56,58,59,76,76,76,1684,0,46,46.953138954864166,29.90349999981845,148.63880000029894,2947.3598574821854
1746375508,50,GET,GET /pastes/:slug,34.700000,0.000000,46,49,51,52,54,56,58,59,76,76,76,1565,0,46,46.66711999999585,29.90349999981845,148.63880000029894,2954.8191693290737
1746375508,50,POST,POST /pastes,3.700000,0.000000,47,51,52,54,55,58,65,65,65,65,65,157,0,46,48.99291210189126,32.17190000032133,136.24609999988024,2758.0318471337578
1746375508,50,,Aggregated,38.400000,0.000000,46,49,51,52,55,56,58,59,76,76,76,1722,0,46,46.87916957026157,29.90349999981845,148.63880000029894,2936.8774680603947
1746375509,50,GET,GET /pastes/:slug,35.400000,0.000000,45,49,51,52,55,56,58,59,76,76,76,1597,0,46,46.61062517219425,29.90349999981845,148.63880000029894,2958.8879148403257
1746375509,50,POST,POST /pastes,3.600000,0.000000,47,51,51,52,55,55,58,58,58,58,58,159,0,46,48.93658364777801,32.17190000032133,136.24609999988024,2755.9811320754716
1746375509,50,,Aggregated,39.000000,0.000000,46,49,51,52,55,56,58,59,76,76,76,1756,0,46,46.8212330296076,29.90349999981845,148.63880000029894,2940.515375854214
1746375510,50,GET,GET /pastes/:slug,34.900000,0.000000,46,50,51,52,55,56,58,59,76,76,76,1634,0,46,46.602988678086525,29.90349999981845,148.63880000029894,2952.910036719706
1746375510,50,POST,POST /pastes,3.300000,0.000000,48,51,52,53,55,55,58,58,58,58,58,160,0,46,48.94057062497836,32.17190000032133,136.24609999988024,2751.2375
1746375510,50,,Aggregated,38.200000,0.000000,46,50,51,52,55,56,58,59,76,76,76,1794,0,46,46.81146867335003,29.90349999981845,148.63880000029894,2934.923634336678
1746375511,50,GET,GET /pastes/:slug,35.200000,0.000000,46,49,51,52,55,56,58,59,76,76,76,1671,0,46,46.57103417115012,29.90349999981845,148.63880000029894,2958.342908438061
1746375511,50,POST,POST /pastes,2.600000,0.000000,48,50,51,52,55,55,58,58,58,58,58,164,0,46,48.813123170702966,32.17190000032133,136.24609999988024,2758.3231707317073
1746375511,50,,Aggregated,37.800000,0.000000,46,50,51,52,55,56,58,59,76,76,76,1835,0,46,46.77141705721369,29.90349999981845,148.63880000029894,2940.466485013624
1746375512,50,GET,GET /pastes/:slug,35.100000,0.000000,45,49,51,52,55,56,58,59,76,76,76,1705,0,46,46.50464064516001,29.90349999981845,148.63880000029894,2953.2041055718473
1746375512,50,POST,POST /pastes,2.700000,0.000000,49,51,51,52,53,54,55,55,55,55,55,170,0,46,48.844789999972875,32.17190000032133,136.24609999988024,2741.829411764706
1746375512,50,,Aggregated,37.800000,0.000000,46,50,51,52,55,56,58,59,76,76,76,1875,0,46,46.71681418666306,29.90349999981845,148.63880000029894,2934.0394666666666
1746375513,50,GET,GET /pastes/:slug,34.900000,0.000000,45,49,51,52,55,56,58,59,76,76,76,1739,0,46,46.44948395629522,29.90349999981845,148.63880000029894,2957.142610695802
1746375513,50,POST,POST /pastes,2.700000,0.000000,48,50,51,51,52,53,53,53,53,53,53,172,0,46,48.811301744155024,32.17190000032133,136.24609999988024,2733.139534883721
1746375513,50,,Aggregated,37.600000,0.000000,46,50,51,52,54,56,58,59,76,76,76,1911,0,46,46.66205991627005,29.90349999981845,148.63880000029894,2936.9811616954476
1746375514,50,GET,GET /pastes/:slug,35.200000,0.000000,45,50,51,52,55,56,58,59,76,76,76,1784,0,46,46.37172511210613,29.90349999981845,148.63880000029894,2950.974215246637
1746375514,50,POST,POST /pastes,3.200000,0.000000,48,51,51,51,53,53,57,57,57,57,57,174,0,46,48.81369482755799,32.17190000032133,136.24609999988024,2730.4310344827586
1746375514,50,,Aggregated,38.400000,0.000000,46,50,51,52,54,56,57,59,76,76,76,1958,0,46,46.58873365678879,29.90349999981845,148.63880000029894,2931.3753830439223
1746375515,50,GET,GET /pastes/:slug,34.900000,0.000000,45,49,51,52,54,55,57,59,76,76,76,1816,0,46,46.32582020924952,29.90349999981845,148.63880000029894,2955.166850220264
1746375515,50,POST,POST /pastes,2.700000,0.000000,50,51,52,53,56,57,59,59,59,59,59,177,0,47,48.87361129940627,32.17190000032133,136.24609999988024,2756.7966101694915
1746375515,50,,Aggregated,37.600000,0.000000,45,49,51,52,54,56,57,59,76,76,76,1993,0,46,46.552091670844,29.90349999981845,148.63880000029894,2937.5494229804317
1746375516,50,GET,GET /pastes/:slug,35.400000,0.000000,44,48,50,51,53,55,56,58,65,65,65,1854,0,46,46.27440404530416,29.90349999981845,148.63880000029894,2956.069579288026
1746375516,50,POST,POST /pastes,2.600000,0.000000,49,51,52,53,56,57,59,59,59,59,59,181,0,46,48.8125458563224,32.17190000032133,136.24609999988024,2744.9226519337017
1746375516,50,,Aggregated,38.000000,0.000000,45,49,50,51,53,55,57,59,65,65,65,2035,0,46,46.50015523340948,29.90349999981845,148.63880000029894,2937.2894348894347
1746375517,50,GET,GET /pastes/:slug,35.700000,0.000000,44,48,50,51,53,55,56,57,65,65,65,1881,0,46,46.238502126525844,29.90349999981845,148.63880000029894,2957.370547581074
1746375517,50,POST,POST /pastes,2.800000,0.000000,49,52,52,53,56,57,59,59,59,59,59,189,0,47,48.75304021160922,32.17190000032133,136.24609999988024,2741.222222222222
1746375517,50,,Aggregated,38.500000,0.000000,45,49,51,52,53,55,57,59,65,65,65,2070,0,46,46.46809038646824,29.90349999981845,148.63880000029894,2937.635265700483
1746375518,50,GET,GET /pastes/:slug,35.400000,0.000000,43,48,50,51,53,55,56,57,65,65,65,1915,0,46,46.1836291383792,29.90349999981845,148.63880000029894,2960.269451697128
1746375518,50,POST,POST /pastes,2.700000,0.000000,49,51,52,53,56,57,59,59,59,59,59,193,0,47,48.69608497406285,32.17190000032133,136.24609999988024,2774.6113989637306
1746375518,50,,Aggregated,38.100000,0.000000,45,49,51,52,54,55,57,59,65,65,65,2108,0,46,46.41365948766144,29.90349999981845,148.63880000029894,2943.271347248577
1746375519,50,GET,GET /pastes/:slug,34.700000,0.000000,42,48,50,51,53,55,56,57,62,62,62,1947,0,46,46.122701181302816,29.90349999981845,148.63880000029894,2958.9691833590136
1746375519,50,POST,POST /pastes,3.400000,0.000000,49,52,52,53,56,57,59,59,59,59,59,198,0,47,48.763801010069315,32.17190000032133,136.24609999988024,2813.757575757576
1746375519,50,,Aggregated,38.100000,0.000000,43,49,50,51,53,55,57,58,62,62,62,2145,0,46,46.36649501165051,29.90349999981845,148.63880000029894,2945.565034965035
1746375520,50,GET,GET /pastes/:slug,34.800000,0.000000,41,48,50,51,53,55,56,57,62,62,62,1980,0,46,46.06931823232106,29.90349999981845,148.63880000029894,2956.1651515151516
1746375520,50,POST,POST /pastes,3.600000,0.000000,51,52,52,53,56,57,59,59,59,59,59,199,0,47,48.73277889444251,32.17190000032133,136.24609999988024,2807.64824120603
1746375520,50,,Aggregated,38.400000,0.000000,42,48,50,52,53,55,57,58,62,62,62,2179,0,46,46.31256223037622,29.90349999981845,148.63880000029894,2942.6016521340066
1746375521,50,GET,GET /pastes/:slug,34.700000,0.000000,42,48,50,51,53,54,55,57,62,62,62,2021,0,46,46.03703344878766,29.90349999981845,148.63880000029894,2945.715487382484
1746375521,50,POST,POST /pastes,3.800000,0.000000,49,52,52,54,56,57,59,59,59,59,59,203,0,47,48.752507881742304,32.17190000032133,136.24609999988024,2805.7733990147785
1746375521,50,,Aggregated,38.500000,0.000000,42,48,50,52,53,55,57,58,62,62,62,2224,0,46,46.284893749997124,29.90349999981845,148.63880000029894,2932.9419964028775
1746375522,50,GET,GET /pastes/:slug,34.300000,0.000000,42,48,50,51,54,55,56,58,62,62,62,2053,0,46,46.058739259619415,29.90349999981845,148.63880000029894,2942.995129079396
1746375522,50,POST,POST /pastes,3.900000,0.000000,50,52,53,56,57,59,65,65,65,65,65,205,0,47,48.78588780484722,32.17190000032133,136.24609999988024,2812.0780487804877
1746375522,50,,Aggregated,38.200000,0.000000,43,49,51,52,54,55,57,59,65,65,65,2258,0,46,46.3063324623527,29.90349999981845,148.63880000029894,2931.1093888396813
1746375523,50,GET,GET /pastes/:slug,34.600000,0.000000,43,49,51,52,54,56,58,60,63,63,63,2088,0,46,46.070871455937294,29.90349999981845,148.63880000029894,2948.2983716475096
1746375523,50,POST,POST /pastes,3.600000,0.000000,50,52,53,56,57,59,65,65,65,65,65,208,0,47,48.809968749966316,32.17190000032133,136.24609999988024,2822.043269230769
1746375523,50,,Aggregated,38.200000,0.000000,44,50,51,52,54,56,59,62,65,65,65,2296,0,46,46.31901267421172,29.90349999981845,148.63880000029894,2936.8606271777003
1746375524,50,GET,GET /pastes/:slug,34.800000,0.000000,44,50,52,53,55,57,61,63,65,65,65,2126,0,46,46.12774327375179,29.90349999981845,148.63880000029894,2951.2210724365004
1746375524,50,POST,POST /pastes,3.400000,0.000000,50,52,53,55,56,57,65,65,65,65,65,211,0,47,48.87371090043636,32.17190000032133,136.24609999988024,2827.7440758293837
1746375524,50,,Aggregated,38.200000,0.000000,45,50,52,53,55,57,62,63,65,65,65,2337,0,46,46.37566760803955,29.90349999981845,148.63880000029894,2940.0727428326913
1746375525,50,GET,GET /pastes/:slug,34.900000,0.000000,46,50,52,53,55,57,60,63,65,65,65,2156,0,46,46.14568803339309,29.90349999981845,148.63880000029894,2954.659090909091
1746375525,50,POST,POST /pastes,3.400000,0.000000,49,52,52,54,56,57,65,65,65,65,65,217,0,47,48.639249308717275,32.17190000032133,136.24609999988024,2814.7235023041476
1746375525,50,,Aggregated,38.300000,0.000000,46,50,52,53,56,57,61,63,65,65,65,2373,0,46,46.373712810782635,29.90349999981845,148.63880000029894,2941.8626211546566
1746375526,50,GET,GET /pastes/:slug,34.300000,0.000000,45,50,52,53,55,57,60,63,65,65,65,2186,0,46,46.11728362305234,29.90349999981845,148.63880000029894,2955.572735590119
1746375526,50,POST,POST /pastes,3.600000,0.000000,47,50,52,52,56,57,65,65,65,65,65,227,0,47,48.39632555062622,32.17190000032133,136.24609999988024,2814.114537444934
1746375526,50,,Aggregated,37.900000,0.000000,45,50,52,53,55,57,60,63,65,65,65,2413,0,46,46.33168168254647,29.90349999981845,148.63880000029894,2942.265230004144
1746375527,50,GET,GET /pastes/:slug,33.600000,0.000000,46,50,52,53,55,57,60,63,65,65,65,2219,0,46,46.09363424965792,29.90349999981845,148.63880000029894,2953.283461018477
1746375527,50,POST,POST /pastes,4.000000,0.000000,47,50,52,52,56,57,65,65,65,65,65,229,0,47,48.38439519647392,32.17190000032133,136.24609999988024,2820.803493449782
1746375527,50,,Aggregated,37.600000,0.000000,46,50,52,53,55,57,61,63,65,65,65,2448,0,46,46.30792520424163,29.90349999981845,148.63880000029894,2940.890522875817
1746375528,50,GET,GET /pastes/:slug,33.500000,0.000000,46,50,52,53,55,57,60,63,65,65,65,2258,0,46,46.07381417183055,29.90349999981845,148.63880000029894,2943.376439326838
1746375528,50,POST,POST /pastes,4.600000,0.000000,45,49,50,51,56,57,65,65,65,65,65,233,0,47,48.333453218852156,32.17190000032133,136.24609999988024,2828.4377682403433
1746375528,50,,Aggregated,38.100000,0.000000,46,50,52,53,55,57,60,63,65,65,65,2491,0,46,46.28517342432195,29.90349999981845,148.63880000029894,2932.625451625853
1746375529,50,GET,GET /pastes/:slug,34.400000,0.000000,46,51,53,54,56,58,61,63,65,65,65,2295,0,46,46.07595812636008,29.90349999981845,148.63880000029894,2941.981699346405
1746375529,50,POST,POST /pastes,3.900000,0.000000,44,48,50,51,56,57,65,65,65,65,65,239,0,46,48.11803138071882,32.17190000032133,136.24609999988024,2839.100418410042
1746375529,50,,Aggregated,38.300000,0.000000,46,50,52,54,56,58,61,63,65,65,65,2534,0,46,46.268560931329205,29.90349999981845,148.63880000029894,2932.278216258879
1746375530,50,GET,GET /pastes/:slug,34.200000,0.000000,46,50,53,54,56,58,61,63,65,65,65,2323,0,46,46.04258015497141,29.90349999981845,148.63880000029894,2942.43951786483
1746375530,50,POST,POST /pastes,4.000000,0.000000,44,48,49,50,55,56,65,65,65,65,65,242,0,46,48.06914504128565,32.17190000032133,136.24609999988024,2818.404958677686
1746375530,50,,Aggregated,38.200000,0.000000,46,50,52,54,56,58,61,63,65,65,65,2565,0,46,46.2337804288459,29.90349999981845,148.63880000029894,2930.737231968811
1746375531,50,GET,GET /pastes/:slug,34.400000,0.000000,46,50,53,54,56,58,62,63,67,67,67,2358,0,46,46.03713036471475,29.90349999981845,148.63880000029894,2943.8494486853265
1746375531,50,POST,POST /pastes,4.000000,0.000000,44,48,49,49,55,57,65,65,65,65,65,246,0,46,48.05268983735862,32.17190000032133,136.24609999988024,2818.2723577235774
1746375531,50,,Aggregated,38.400000,0.000000,46,50,52,54,56,58,62,64,67,67,67,2604,0,46,46.22754036097835,29.90349999981845,148.63880000029894,2931.9861751152075
1746375532,50,GET,GET /pastes/:slug,34.500000,0.000000,45,50,51,53,55,58,61,63,67,67,67,2394,0,46,45.99168700918859,29.90349999981845,148.63880000029894,2941.4218880534672
1746375532,50,POST,POST /pastes,4.200000,0.000000,43,48,49,49,52,56,58,58,58,58,58,248,0,46,48.016949193509156,32.17190000032133,136.24609999988024,2821.814516129032
1746375532,50,,Aggregated,38.700000,0.000000,45,49,51,52,55,57,60,63,67,67,67,2642,0,46,46.18179489023005,29.90349999981845,148.63880000029894,2930.194549583649
1746375533,50,GET,GET /pastes/:slug,34.000000,0.000000,45,49,51,52,54,55,59,60,67,67,67,2432,0,46,45.95960624999954,29.90349999981845,148.63880000029894,2941.0222039473683
1746375533,50,POST,POST /pastes,4.600000,0.000000,42,47,48,49,51,56,58,58,58,58,58,253,0,46,47.93000158098999,32.17190000032133,136.24609999988024,2821.4466403162055
1746375533,50,,Aggregated,38.600000,0.000000,44,49,51,52,54,55,59,60,67,67,67,2685,0,46,46.14527106144856,29.90349999981845,148.63880000029894,2929.7549348230914
1746375534,50,GET,GET /pastes/:slug,33.600000,0.000000,44,49,50,52,54,55,59,60,67,67,67,2465,0,46,45.91158283975547,29.90349999981845,148.63880000029894,2942.065720081136
1746375534,50,POST,POST /pastes,4.300000,0.000000,43,48,49,49,51,53,58,58,58,58,58,259,0,46,47.873737451699874,32.17190000032133,136.24609999988024,2822.5289575289576
1746375534,50,,Aggregated,37.900000,0.000000,44,49,50,51,54,55,58,60,67,67,67,2724,0,46,46.098145998527,29.90349999981845,148.63880000029894,2930.700073421439
1746375535,50,GET,GET /pastes/:slug,33.800000,0.000000,44,49,50,52,54,55,60,60,67,67,67,2496,0,46,45.89142964743517,29.90349999981845,148.63880000029894,2944.559294871795
1746375535,50,POST,POST /pastes,4.500000,0.000000,42,48,49,49,52,56,58,58,58,58,58,263,0,46,47.776018631141845,32.17190000032133,136.24609999988024,2830.060836501901
1746375535,50,,Aggregated,38.300000,0.000000,44,48,50,51,54,55,59,60,67,67,67,2759,0,46,46.07107694816548,29.90349999981845,148.63880000029894,2933.6447988401596
1746375536,50,GET,GET /pastes/:slug,33.700000,0.000000,44,49,50,52,54,57,60,62,67,67,67,2534,0,46,45.876549250196106,29.90349999981845,148.63880000029894,2942.277821625888
1746375536,50,POST,POST /pastes,4.400000,0.000000,43,48,49,49,53,56,58,58,58,58,58,266,0,46,47.73862631575463,32.17190000032133,136.24609999988024,2830.6654135338345
1746375536,50,,Aggregated,38.100000,0.000000,44,49,50,51,54,56,60,62,67,67,67,2800,0,46,46.05344657142419,29.90349999981845,148.63880000029894,2931.6746428571428
1746375537,50,GET,GET /pastes/:slug,33.700000,0.000000,44,49,50,52,54,57,60,62,67,67,67,2564,0,46,45.858969227767886,29.90349999981845,148.63880000029894,2942.2948517940717
1746375537,50,POST,POST /pastes,4.400000,0.000000,44,48,49,50,53,56,58,58,58,58,58,273,0,46,47.66379560436483,32.17190000032133,136.24609999988024,2830.714285714286
1746375537,50,,Aggregated,38.100000,0.000000,44,49,50,51,54,56,60,62,67,67,67,2837,0,46,46.03264480084191,29.90349999981845,148.63880000029894,2931.5576313006695
1746375538,50,GET,GET /pastes/:slug,33.600000,0.000000,43,48,50,51,55,56,60,62,67,67,67,2604,0,45,45.81661344085674,29.90349999981845,148.63880000029894,2937.71198156682
1746375538,50,POST,POST /pastes,4.000000,0.000000,44,48,49,50,53,56,58,58,58,58,58,274,0,46,47.67033941602577,32.17190000032133,136.24609999988024,2832.2554744525546
1746375538,50,,Aggregated,37.600000,0.000000,44,48,50,51,54,56,60,62,67,67,67,2878,0,46,45.99309742876374,29.90349999981845,148.63880000029894,2927.6719944405836
1746375539,50,GET,GET /pastes/:slug,33.500000,0.000000,44,48,50,51,54,56,60,62,67,67,67,2641,0,45,45.78343653918602,29.90349999981845,148.63880000029894,2928.0984475577434
1746375539,50,POST,POST /pastes,4.300000,0.000000,45,49,50,51,53,56,58,58,58,58,58,277,0,46,47.611458844733036,32.14339999976801,136.24609999988024,2821.2238267148014
1746375539,50,,Aggregated,37.800000,0.000000,44,48,50,51,54,56,60,62,67,67,67,2918,0,46,45.956967100747555,29.90349999981845,148.63880000029894,2917.95305003427
1746375540,50,GET,GET /pastes/:slug,34.000000,0.000000,43,48,50,50,53,55,60,62,67,67,67,2672,0,45,45.73895819610323,28.7226999998893,148.63880000029894,2928.0475299401196
1746375540,50,POST,POST /pastes,4.100000,0.000000,44,49,50,51,53,54,56,56,56,56,56,278,0,46,47.56996510788157,32.14339999976801,136.24609999988024,2820.4892086330933
1746375540,50,,Aggregated,38.100000,0.000000,43,48,50,51,53,55,58,62,67,67,67,2950,0,45,45.91150732202676,28.7226999998893,148.63880000029894,2917.911525423729
1746375541,50,GET,GET /pastes/:slug,34.000000,0.000000,44,48,50,51,54,56,60,62,67,67,67,2716,0,45,45.74576277613641,28.7226999998893,148.63880000029894,2933.0449189985275
1746375541,50,POST,POST /pastes,3.900000,0.000000,43,49,50,51,53,54,56,56,56,56,56,278,0,46,47.56996510788157,32.14339999976801,136.24609999988024,2820.4892086330933
1746375541,50,,Aggregated,37.900000,0.000000,44,48,50,51,54,56,60,62,67,67,67,2994,0,46,45.915144288569664,28.7226999998893,148.63880000029894,2922.5938543754173
1746375542,50,GET,GET /pastes/:slug,34.600000,0.000000,44,48,50,51,54,56,60,62,67,67,67,2746,0,46,45.73318739984896,28.7226999998893,148.63880000029894,2931.9654042243264
1746375542,50,POST,POST /pastes,3.600000,0.000000,44,49,49,51,53,53,54,54,54,54,54,280,0,46,47.52126821425528,32.14339999976801,136.24609999988024,2814.2357142857145
1746375542,50,,Aggregated,38.200000,0.000000,44,48,50,51,54,56,60,62,67,67,67,3026,0,46,45.89864101122826,28.7226999998893,148.63880000029894,2921.0717118308
1746375543,50,GET,GET /pastes/:slug,35.000000,0.000000,44,48,50,51,54,57,62,63,67,67,67,2781,0,46,45.731369255657114,28.7226999998893,148.63880000029894,2936.3807982740022
1746375543,50,POST,POST /pastes,3.200000,0.000000,43,47,49,49,51,53,54,54,54,54,54,285,0,46,47.412034385936416,32.14339999976801,136.24609999988024,2807.438596491228
1746375543,50,,Aggregated,38.200000,0.000000,44,48,50,51,54,57,62,63,67,67,67,3066,0,46,45.88759546639735,28.7226999998893,148.63880000029894,2924.39497716895
1746375544,50,GET,GET /pastes/:slug,34.900000,0.000000,45,48,50,51,54,56,62,63,67,67,67,2817,0,46,45.737618530344875,28.7226999998893,148.63880000029894,2932.625488107916
1746375544,50,POST,POST /pastes,3.300000,0.000000,45,49,49,53,54,55,56,56,56,56,56,290,0,46,47.4612706896237,32.14339999976801,136.24609999988024,2815.8275862068967
1746375544,50,,Aggregated,38.200000,0.000000,45,48,50,51,54,56,62,63,67,67,67,3107,0,46,45.89850012873267,28.7226999998893,148.63880000029894,2921.723849372385
1746375545,50,GET,GET /pastes/:slug,34.500000,0.000000,45,48,50,51,54,56,62,62,64,64,64,2849,0,45,45.70652657072164,28.7226999998893,148.63880000029894,2932.2211302211304
1746375545,50,POST,POST /pastes,3.300000,0.000000,45,49,51,53,55,55,56,56,56,56,56,295,0,46,47.42879186437753,32.14339999976801,136.24609999988024,2814.0
1746375545,50,,Aggregated,37.800000,0.000000,45,48,50,51,54,56,60,62,64,64,64,3144,0,46,45.86812589057803,28.7226999998893,148.63880000029894,2921.1284987277354
1746375546,50,GET,GET /pastes/:slug,34.300000,0.000000,45,48,50,51,53,56,60,63,67,67,67,2891,0,45,45.6934473192625,28.7226999998893,148.63880000029894,2937.873746108613
1746375546,50,POST,POST /pastes,3.400000,0.000000,47,49,53,54,55,55,56,56,56,56,56,296,0,46,47.44032297294264,32.14339999976801,136.24609999988024,2817.6317567567567
1746375546,50,,Aggregated,37.700000,0.000000,45,48,50,51,54,56,58,63,67,67,67,3187,0,46,45.8556924380229,28.7226999998893,148.63880000029894,2926.7059930969563
1746375547,50,GET,GET /pastes/:slug,34.400000,0.000000,45,48,50,51,53,56,60,63,67,67,67,2919,0,45,45.66511664953307,28.7226999998893,148.63880000029894,2937.108941418294
1746375547,50,POST,POST /pastes,3.100000,0.000000,47,48,51,53,55,55,56,56,56,56,56,299,0,46,47.406307357832276,32.14339999976801,136.24609999988024,2820.5886287625417
1746375547,50,,Aggregated,37.500000,0.000000,45,48,50,51,53,56,58,63,67,67,67,3218,0,45,45.8268991298878,28.7226999998893,148.63880000029894,2926.282473586078
1746375548,50,GET,GET /pastes/:slug,35.400000,0.000000,45,48,50,51,53,56,60,63,67,67,67,2960,0,45,45.630902567562906,28.7226999998893,148.63880000029894,2934.8952702702704
1746375548,50,POST,POST /pastes,3.000000,0.000000,46,48,49,51,55,55,56,56,56,56,56,302,0,46,47.363978807919054,32.14339999976801,136.24609999988024,2805.0562913907283
1746375548,50,,Aggregated,38.400000,0.000000,45,48,50,51,53,56,59,63,67,67,67,3262,0,45,45.791352912316945,28.7226999998893,148.63880000029894,2922.8746167995096
1746375549,50,GET,GET /pastes/:slug,35.400000,0.000000,44,48,50,52,54,56,60,63,67,67,67,2990,0,45,45.60898896320576,28.7226999998893,148.63880000029894,2934.5197324414717
1746375549,50,POST,POST /pastes,2.700000,0.000000,46,48,51,52,55,55,56,56,56,56,56,309,0,46,47.27385501615413,32.14339999976801,136.24609999988024,2776.938511326861
1746375549,50,,Aggregated,38.100000,0.000000,44,48,50,52,54,56,59,63,67,67,67,3299,0,45,45.76492822066595,28.7226999998893,148.63880000029894,2919.759927250682
1746375550,50,GET,GET /pastes/:slug,34.400000,0.000000,44,48,50,51,53,56,59,62,67,67,67,3023,0,45,45.58353635460885,28.7226999998893,148.63880000029894,2932.79953688389
1746375550,50,POST,POST /pastes,2.700000,0.000000,46,48,51,52,55,56,57,57,57,57,57,314,0,46,47.208147452206475,31.886100000519946,136.24609999988024,2767.3980891719743
1746375550,50,,Aggregated,37.100000,0.000000,44,48,50,52,53,56,58,62,67,67,67,3337,0,45,45.736406562773624,28.7226999998893,148.63880000029894,2917.235840575367
1746375551,50,GET,GET /pastes/:slug,35.100000,0.000000,44,48,50,51,53,56,59,62,67,67,67,3058,0,45,45.555697841721,28.7226999998893,148.63880000029894,2933.6837802485284
1746375551,50,POST,POST /pastes,2.900000,0.000000,46,48,52,53,55,57,60,60,60,60,60,319,0,46,47.21571849527308,31.886100000519946,136.24609999988024,2792.0062695924767
1746375551,50,,Aggregated,38.000000,0.000000,44,48,50,52,53,56,59,62,67,67,67,3377,0,45,45.71250761029765,28.7226999998893,148.63880000029894,2920.300562629553
1746375552,50,GET,GET /pastes/:slug,34.600000,0.000000,43,48,50,51,53,55,57,59,67,67,67,3092,0,45,45.53796950193559,28.7226999998893,148.63880000029894,2931.576972833118
1746375552,50,POST,POST /pastes,3.400000,0.000000,46,48,52,53,55,57,60,60,60,60,60,321,0,46,47.17216199374702,31.886100000519946,136.24609999988024,2791.2367601246106
1746375552,50,,Aggregated,38.000000,0.000000,43,48,50,51,53,55,57,60,67,67,67,3413,0,45,45.691668825074096,28.7226999998893,148.63880000029894,2918.3776736009377
1746375553,50,GET,GET /pastes/:slug,33.900000,0.000000,43,48,50,51,53,55,57,59,67,67,67,3129,0,45,45.506140811756296,28.7226999998893,148.63880000029894,2928.2499201022692
1746375553,50,POST,POST /pastes,4.000000,0.000000,43,48,50,51,55,57,60,60,60,60,60,327,0,46,47.13311529050231,31.886100000519946,136.24609999988024,2795.651376146789
1746375553,50,,Aggregated,37.900000,0.000000,43,48,50,51,53,55,57,60,67,67,67,3456,0,45,45.660081973373856,28.7226999998893,148.63880000029894,2915.703703703704
1746375554,50,GET,GET /pastes/:slug,34.300000,0.000000,42,47,49,50,53,55,57,59,67,67,67,3160,0,45,45.46422303797052,28.7226999998893,148.63880000029894,2925.5835443037977
1746375554,50,POST,POST /pastes,3.900000,0.000000,46,50,51,52,54,57,60,60,60,60,60,330,0,46,47.18518757574312,31.886100000519946,136.24609999988024,2794.0666666666666
1746375554,50,,Aggregated,38.200000,0.000000,43,48,49,51,53,55,57,59,67,67,67,3490,0,45,45.626950343834494,28.7226999998893,148.63880000029894,2913.1478510028655
1746375555,50,GET,GET /pastes/:slug,34.800000,0.000000,42,47,49,50,53,54,57,57,62,62,62,3192,0,45,45.44076124686386,28.7226999998893,148.63880000029894,2923.8994360902257
1746375555,50,POST,POST /pastes,4.000000,0.000000,46,48,51,52,54,57,60,60,60,60,60,335,0,46,47.15662925372095,31.886100000519946,136.24609999988024,2782.979104477612
1746375555,50,,Aggregated,38.800000,0.000000,42,47,49,50,53,54,57,59,62,62,62,3527,0,45,45.60373708533775,28.7226999998893,148.63880000029894,2910.514601644457
1746375556,50,GET,GET /pastes/:slug,34.700000,0.000000,42,47,49,50,52,54,57,57,62,62,62,3227,0,45,45.424320607372444,28.7226999998893,148.63880000029894,2925.7499225286642
1746375556,50,POST,POST /pastes,4.200000,0.000000,43,49,51,52,54,55,60,60,60,60,60,341,0,46,47.08271143694289,31.886100000519946,136.24609999988024,2773.2346041055716
1746375556,50,,Aggregated,38.900000,0.000000,42,48,49,50,53,54,57,59,62,62,62,3568,0,45,45.58281591927936,28.7226999998893,148.63880000029894,2911.1737668161436
1746375557,50,GET,GET /pastes/:slug,34.100000,0.000000,42,48,49,50,52,54,57,59,65,65,65,3260,0,45,45.40462717791065,28.7226999998893,148.63880000029894,2929.2825153374233
1746375557,50,POST,POST /pastes,4.300000,0.000000,43,49,51,52,54,55,60,60,60,60,60,344,0,46,46.99685348836294,31.886100000519946,136.24609999988024,2779.6976744186045
1746375557,50,,Aggregated,38.400000,0.000000,42,48,49,50,53,54,57,59,65,65,65,3604,0,45,45.55660438401386,28.7226999998893,148.63880000029894,2915.004716981132
1746375558,50,GET,GET /pastes/:slug,33.800000,0.000000,42,47,49,50,52,54,56,57,65,65,65,3292,0,45,45.36881843863545,28.7226999998893,148.63880000029894,2928.107837181045
1746375558,50,POST,POST /pastes,4.200000,0.000000,43,49,51,52,54,55,60,60,60,60,60,347,0,46,46.99855043226876,31.886100000519946,136.24609999988024,2785.391930835735
1746375558,50,,Aggregated,38.000000,0.000000,42,48,49,50,53,55,56,59,65,65,65,3639,0,45,45.524222945860274,28.7226999998893,148.63880000029894,2914.499038197307
1746375559,50,GET,GET /pastes/:slug,33.100000,0.000000,42,47,49,50,53,55,56,57,65,65,65,3323,0,45,45.36288359915476,28.7226999998893,148.63880000029894,2929.3948239542583
1746375559,50,POST,POST /pastes,4.400000,0.000000,47,50,52,53,55,57,65,65,65,65,65,353,0,46,47.04963399432512,31.886100000519946,136.24609999988024,2786.6883852691217
1746375559,50,,Aggregated,37.500000,0.000000,43,48,49,50,54,55,56,60,65,65,65,3676,0,45,45.524859357994664,28.7226999998893,148.63880000029894,2915.6909684439606
1746375560,50,GET,GET /pastes/:slug,33.900000,0.000000,43,48,49,50,54,55,56,59,67,67,67,3358,0,45,45.35746477069433,28.7226999998893,148.63880000029894,2929.8478260869565
1746375560,50,POST,POST /pastes,4.400000,0.000000,45,50,52,53,55,55,65,65,65,65,65,359,0,46,47.10206768801239,31.886100000519946,136.24609999988024,2793.8941504178274
1746375560,50,,Aggregated,38.300000,0.000000,43,48,49,50,54,55,57,65,67,67,67,3717,0,45,45.525964218452586,28.7226999998893,148.63880000029894,2916.716976055959
1746375561,50,GET,GET /pastes/:slug,32.900000,0.000000,42,47,49,50,53,55,56,59,67,67,67,3394,0,45,45.32512398349695,28.7226999998893,148.63880000029894,2930.8161461402474
1746375561,50,POST,POST /pastes,4.300000,0.000000,47,50,53,54,55,57,65,65,65,65,65,363,0,46,47.09472121211254,31.886100000519946,136.24609999988024,2806.2782369146007
1746375561,50,,Aggregated,37.200000,0.000000,43,47,49,50,54,55,57,65,67,67,67,3757,0,45,45.496101836567945,28.7226999998893,148.63880000029894,2918.783337769497
1746375562,50,GET,GET /pastes/:slug,32.900000,0.000000,42,47,49,50,52,55,56,59,67,67,67,3429,0,45,45.30497039952953,28.7226999998893,148.63880000029894,2926.5430154564015
1746375562,50,POST,POST /pastes,4.400000,0.000000,48,51,53,54,55,57,65,65,65,65,65,366,0,46,47.12479016392824,31.886100000519946,136.24609999988024,2813.448087431694
1746375562,50,,Aggregated,37.300000,0.000000,43,47,49,50,54,55,57,65,67,67,67,3795,0,45,45.480478708823384,28.7226999998893,148.63880000029894,2915.635836627141
1746375563,50,GET,GET /pastes/:slug,32.900000,0.000000,42,47,49,50,53,55,56,57,67,67,67,3464,0,45,45.265229532329144,28.7226999998893,148.63880000029894,2927.056870669746
1746375563,50,POST,POST /pastes,4.300000,0.000000,47,51,53,54,57,65,65,65,65,65,65,369,0,46,47.14067723576532,31.886100000519946,136.24609999988024,2816.2601626016262
1746375563,50,,Aggregated,37.200000,0.000000,43,47,49,51,54,55,57,65,67,67,67,3833,0,45,45.445777458905766,28.7226999998893,148.63880000029894,2916.3905557004955
1746375564,50,GET,GET /pastes/:slug,33.700000,0.000000,43,47,49,50,53,55,56,58,67,67,67,3494,0,45,45.26329238694614,28.7226999998893,148.63880000029894,2924.9590726960505
1746375564,50,POST,POST /pastes,4.500000,0.000000,47,51,53,54,57,65,65,65,65,65,65,372,0,46,47.095136290318386,31.886100000519946,136.24609999988024,2822.462365591398
1746375564,50,,Aggregated,38.200000,0.000000,43,48,50,51,54,55,57,65,67,67,67,3866,0,45,45.43955879461678,28.7226999998893,148.63880000029894,2915.096482152095
1746375565,50,GET,GET /pastes/:slug,33.300000,0.000000,43,47,49,50,54,55,56,58,67,67,67,3528,0,45,45.24157511337602,28.7226999998893,148.63880000029894,2927.333049886621
1746375565,50,POST,POST /pastes,4.400000,0.000000,47,50,53,54,57,65,65,65,65,65,65,377,0,46,47.021108488059745,31.886100000519946,136.24609999988024,2825.5198938992044
1746375565,50,,Aggregated,37.700000,0.000000,43,47,50,51,54,56,57,65,67,67,67,3905,0,45,45.41337641485001,28.7226999998893,148.63880000029894,2917.5037131882204
1746375566,50,GET,GET /pastes/:slug,33.600000,0.000000,43,47,49,50,54,55,57,58,67,67,67,3561,0,45,45.225680735744966,28.7226999998893,148.63880000029894,2927.8716652625667
1746375566,50,POST,POST /pastes,4.100000,0.000000,47,50,51,54,57,65,65,65,65,65,65,379,0,46,46.96405831134208,31.886100000519946,136.24609999988024,2831.2532981530344
1746375566,50,,Aggregated,37.700000,0.000000,43,47,50,51,54,56,57,62,67,67,67,3940,0,45,45.392900304565124,28.7226999998893,148.63880000029894,2918.5776649746194
1746375567,50,GET,GET /pastes/:slug,34.000000,0.000000,43,47,49,50,53,55,57,61,67,67,67,3601,0,45,45.194150097193,28.7226999998893,148.63880000029894,2929.5229103026936
1746375567,50,POST,POST /pastes,4.000000,0.000000,49,51,53,55,57,65,65,65,65,65,65,382,0,46,46.95006832460193,31.886100000519946,136.24609999988024,2833.9083769633507
1746375567,50,,Aggregated,38.000000,0.000000,43,47,50,51,54,56,58,65,67,67,67,3983,0,45,45.362556013053,28.7226999998893,148.63880000029894,2920.3527491840323
1746375568,50,GET,GET /pastes/:slug,33.800000,0.000000,43,47,50,50,53,56,57,61,67,67,67,3638,0,45,45.17107218251611,28.7226999998893,148.63880000029894,2931.0085211654755
1746375568,50,POST,POST /pastes,4.000000,0.000000,47,50,53,54,57,65,65,65,65,65,65,384,0,46,46.9282619791637,31.886100000519946,136.24609999988024,2836.3046875
1746375568,50,,Aggregated,37.800000,0.000000,43,47,50,51,54,56,60,65,67,67,67,4022,0,45,45.33883968174853,28.7226999998893,148.63880000029894,2921.966683242168
1746375569,50,GET,GET /pastes/:slug,34.200000,0.000000,43,47,50,50,52,55,57,60,67,67,67,3676,0,45,45.152539200216914,28.7226999998893,148.63880000029894,2930.854189336235
1746375569,50,POST,POST /pastes,3.800000,0.000000,47,49,51,51,55,60,65,65,65,65,65,387,0,46,46.87618242893852,31.886100000519946,136.24609999988024,2827.3720930232557
1746375569,50,,Aggregated,38.000000,0.000000,43,47,50,50,53,55,57,62,67,67,67,4063,0,45,45.31671589958078,28.7226999998893,148.63880000029894,2920.99753876446
1746375570,50,GET,GET /pastes/:slug,33.400000,0.000000,43,47,49,50,52,54,56,58,65,65,65,3710,0,45,45.11631857142803,28.7226999998893,148.63880000029894,2931.0196765498654
1746375570,50,POST,POST /pastes,3.700000,0.000000,45,49,50,50,51,55,60,60,60,60,60,392,0,46,46.819043877543926,31.886100000519946,136.24609999988024,2825.252551020408
1746375570,50,,Aggregated,37.100000,0.000000,43,47,49,50,52,54,56,60,65,65,65,4102,0,45,45.27903634812174,28.7226999998893,148.63880000029894,2920.912237932716
1746375571,50,GET,GET /pastes/:slug,34.900000,0.000000,42,47,49,50,52,54,57,60,65,65,65,3745,0,45,45.10076619492493,28.7226999998893,148.63880000029894,2930.109479305741
1746375571,50,POST,POST /pastes,3.700000,0.000000,46,49,51,51,52,55,60,60,60,60,60,395,0,46,46.85309594935714,31.886100000519946,136.24609999988024,2824.9974683544306
1746375571,50,,Aggregated,38.600000,0.000000,42,47,49,50,52,54,57,60,65,65,65,4140,0,45,45.2679570772923,28.7226999998893,148.63880000029894,2920.0806763285022
1746375572,50,GET,GET /pastes/:slug,35.100000,0.000000,42,47,49,50,52,55,57,60,65,65,65,3780,0,45,45.07590082010548,28.7226999998893,148.63880000029894,2931.447619047619
1746375572,50,POST,POST /pastes,3.400000,0.000000,45,49,50,51,52,55,55,55,55,55,55,399,0,46,46.849674686706194,31.886100000519946,136.24609999988024,2817.4285714285716
1746375572,50,,Aggregated,38.500000,0.000000,42,47,49,50,52,55,57,60,65,65,65,4179,0,45,45.24525611390159,28.7226999998893,148.63880000029894,2920.5613783201725
1746375573,50,GET,GET /pastes/:slug,35.800000,0.000000,41,47,49,50,52,55,58,61,65,65,65,3816,0,45,45.07005193920206,28.7226999998893,148.63880000029894,2928.4664570230607
1746375573,50,POST,POST /pastes,3.300000,0.000000,45,49,50,51,52,55,55,55,55,55,55,404,0,46,46.83281633661989,31.886100000519946,136.24609999988024,2809.2450495049507
1746375573,50,,Aggregated,39.100000,0.000000,41,47,49,50,52,55,57,61,65,65,65,4220,0,45,45.238809478670554,28.7226999998893,148.63880000029894,2917.052843601896
1746375574,50,GET,GET /pastes/:slug,34.000000,0.000000,41,47,49,50,52,54,58,61,65,65,65,3845,0,45,45.05809154746323,28.605000000425207,148.63880000029894,2928.4788036410923
1746375574,50,POST,POST /pastes,3.300000,0.000000,45,49,50,51,53,55,55,55,55,55,55,408,0,46,46.79401495096437,31.886100000519946,136.24609999988024,2825.1838235294117
1746375574,50,,Aggregated,37.300000,0.000000,41,47,49,50,53,55,57,61,65,65,65,4253,0,45,45.22462264283796,28.605000000425207,148.63880000029894,2918.5694803668
1746375575,50,GET,GET /pastes/:slug,34.400000,0.000000,41,47,50,51,53,56,58,61,65,65,65,3878,0,45,45.0512405621447,28.605000000425207,148.63880000029894,2932.203455389376
1746375575,50,POST,POST /pastes,3.300000,0.000000,46,49,51,52,53,55,55,55,55,55,55,414,0,46,46.793583091773804,31.886100000519946,136.24609999988024,2830.9347826086955
1746375575,50,,Aggregated,37.700000,0.000000,42,47,50,51,53,55,58,61,65,65,65,4292,0,45,45.21930435694122,28.605000000425207,148.63880000029894,2922.43522833178
1746375576,50,GET,GET /pastes/:slug,34.300000,0.000000,42,48,50,51,53,56,58,60,66,66,66,3914,0,45,45.04606101175233,28.605000000425207,148.63880000029894,2935.633622892182
1746375576,50,POST,POST /pastes,3.600000,0.000000,45,47,51,51,53,55,55,55,55,55,55,416,0,46,46.739578124983765,31.886100000519946,136.24609999988024,2835.060096153846
1746375576,50,,Aggregated,37.900000,0.000000,42,48,50,51,53,55,58,60,66,66,66,4330,0,45,45.20876381062173,28.605000000425207,148.63880000029894,2925.971131639723
1746375577,50,GET,GET /pastes/:slug,34.500000,0.000000,42,48,50,51,53,55,58,59,66,66,66,3953,0,45,45.027650341511794,28.605000000425207,148.63880000029894,2937.4333417657476
1746375577,50,POST,POST /pastes,3.600000,0.000000,45,47,50,51,53,55,55,55,55,55,55,419,0,46,46.70924534604685,31.886100000519946,136.24609999988024,2843.0644391408114
1746375577,50,,Aggregated,38.100000,0.000000,42,48,50,51,53,55,57,59,66,66,66,4372,0,45,45.18880960658509,28.605000000425207,148.63880000029894,2928.389295516926
1746375578,50,GET,GET /pastes/:slug,34.400000,0.000000,41,48,50,51,53,56,58,59,66,66,66,3990,0,45,45.00031285714207,28.605000000425207,148.63880000029894,2939.865664160401
1746375578,50,POST,POST /pastes,3.700000,0.000000,44,47,50,51,53,55,55,55,55,55,55,422,0,45,46.64577843600002,31.886100000519946,136.24609999988024,2838.383886255924
1746375578,50,,Aggregated,38.100000,0.000000,42,48,50,51,53,55,57,59,66,66,66,4412,0,45,45.157698730731894,28.605000000425207,148.63880000029894,2930.1591115140527
1746375579,50,GET,GET /pastes/:slug,35.000000,0.000000,42,48,50,51,53,56,58,59,66,66,66,4027,0,45,44.99827593742124,28.605000000425207,148.63880000029894,2942.3878817978643
1746375579,50,POST,POST /pastes,3.700000,0.000000,44,46,51,52,53,55,55,55,55,55,55,423,0,45,46.629001182012246,31.886100000519946,136.24609999988024,2843.066193853428
1746375579,50,,Aggregated,38.700000,0.000000,42,48,50,51,53,55,57,59,66,66,66,4450,0,45,45.153286449435214,28.605000000425207,148.63880000029894,2932.9467415730337
1746375580,50,GET,GET /pastes/:slug,35.000000,0.000000,42,48,51,51,53,56,58,59,66,66,66,4058,0,45,44.99368900936271,28.605000000425207,148.63880000029894,2942.7927550517497
1746375580,50,POST,POST /pastes,3.700000,0.000000,41,46,50,52,53,55,59,59,59,59,59,429,0,45,46.576402097880184,31.886100000519946,136.24609999988024,2838.5128205128203
1746375580,50,,Aggregated,38.700000,0.000000,42,48,51,51,53,55,58,59,66,66,66,4487,0,45,45.14501147759855,28.605000000425207,148.63880000029894,2932.8225986182306
1746375581,50,GET,GET /pastes/:slug,34.700000,0.000000,43,48,51,51,54,55,58,58,66,66,66,4101,0,45,44.977128432088556,28.605000000425207,148.63880000029894,2937.4779322116556
1746375581,50,POST,POST /pastes,3.800000,0.000000,40,46,47,52,53,55,59,59,59,59,59,431,0,45,46.55095916471166,31.886100000519946,136.24609999988024,2841.1786542923433
1746375581,50,,Aggregated,38.500000,0.000000,42,48,51,51,54,55,58,59,66,66,66,4532,0,45,45.12680209620171,28.605000000425207,148.63880000029894,2928.3197263901147
1746375582,50,GET,GET /pastes/:slug,34.500000,0.000000,43,48,51,51,54,55,58,58,66,66,66,4135,0,45,44.95416382103919,28.605000000425207,148.63880000029894,2935.4290205562274
1746375582,50,POST,POST /pastes,3.600000,0.000000,40,46,50,51,53,57,59,59,59,59,59,437,0,45,46.5616983981493,31.886100000519946,136.24609999988024,2835.974828375286
1746375582,50,,Aggregated,38.100000,0.000000,43,48,50,51,53,55,58,59,66,66,66,4572,0,45,45.107814873138345,28.605000000425207,148.63880000029894,2925.923009623797
1746375583,50,GET,GET /pastes/:slug,34.700000,0.000000,42,48,50,51,53,55,57,58,66,66,66,4168,0,44,44.91949649711972,28.605000000425207,148.63880000029894,2935.420105566219
1746375583,50,POST,POST /pastes,3.600000,0.000000,41,47,51,53,55,59,59,59,59,59,59,446,0,45,46.57954573989456,31.886100000519946,136.24609999988024,2843.8206278026905
1746375583,50,,Aggregated,38.300000,0.000000,42,48,50,51,53,55,57,59,66,66,66,4614,0,45,45.079960728215895,28.605000000425207,148.63880000029894,2926.5658864325965
1746375584,50,GET,GET /pastes/:slug,35.800000,0.000000,42,48,50,51,53,55,57,58,66,66,66,4197,0,44,44.90223898022279,28.605000000425207,148.63880000029894,2932.636883488206
1746375584,50,POST,POST /pastes,3.600000,0.000000,40,50,51,53,55,59,59,59,59,59,59,450,0,45,46.55150555553822,31.886100000519946,136.24609999988024,2848.317777777778
1746375584,50,,Aggregated,39.400000,0.000000,42,48,50,51,53,55,57,59,66,66,66,4647,0,45,45.06194846137022,28.605000000425207,148.63880000029894,2924.471702173445
1746375585,50,GET,GET /pastes/:slug,35.400000,0.000000,42,47,49,51,53,54,56,57,66,66,66,4234,0,44,44.87054208785919,28.605000000425207,148.63880000029894,2934.1313179026924
1746375585,50,POST,POST /pastes,3.800000,0.000000,40,50,50,51,55,59,59,59,59,59,59,453,0,46,46.5308203090369,31.886100000519946,136.24609999988024,2842.2958057395144
1746375585,50,,Aggregated,39.200000,0.000000,42,47,49,51,53,54,57,58,66,66,66,4687,0,45,45.03100849157023,28.605000000425207,148.63880000029894,2925.255387241306
1746375586,50,GET,GET /pastes/:slug,35.700000,0.000000,42,47,49,50,53,54,57,58,62,62,62,4272,0,44,44.87491079119805,28.605000000425207,148.63880000029894,2936.3611891385767
1746375586,50,POST,POST /pastes,4.000000,0.000000,45,50,51,53,57,59,60,60,60,60,60,458,0,46,46.607942794745654,31.886100000519946,136.24609999988024,2843.1550218340612
1746375586,50,,Aggregated,39.700000,0.000000,42,47,50,51,53,55,58,59,62,62,62,4730,0,45,45.04271811839148,28.605000000425207,148.63880000029894,2927.336152219873
1746375587,50,GET,GET /pastes/:slug,35.500000,0.000000,42,48,49,50,53,55,57,58,62,62,62,4307,0,44,44.86617908056627,28.605000000425207,148.63880000029894,2938.6573020664036
1746375587,50,POST,POST /pastes,4.000000,0.000000,46,50,53,53,57,59,60,60,60,60,60,463,0,46,46.60532958961688,31.886100000519946,136.24609999988024,2852.3736501079916
1746375587,50,,Aggregated,39.500000,0.000000,43,48,50,51,53,55,58,59,62,62,62,4770,0,45,45.034989706497214,28.605000000425207,148.63880000029894,2930.282180293501
1746375588,50,GET,GET /pastes/:slug,36.000000,0.000000,42,47,49,50,53,55,57,58,62,62,62,4341,0,44,44.84181706979939,28.605000000425207,148.63880000029894,2939.5141672425707
1746375588,50,POST,POST /pastes,3.800000,0.000000,46,50,53,53,57,59,60,60,60,60,60,464,0,46,46.59288728446584,31.886100000519946,136.24609999988024,2856.9439655172414
1746375588,50,,Aggregated,39.800000,0.000000,42,48,49,50,53,55,58,59,62,62,62,4805,0,45,45.010911050986785,28.605000000425207,148.63880000029894,2931.5406867845995
1746375589,50,GET,GET /pastes/:slug,34.800000,0.000000,41,47,49,50,53,55,57,58,62,62,62,4384,0,44,44.81490273722621,28.605000000425207,148.63880000029894,2938.4149178832117
1746375589,50,POST,POST /pastes,4.100000,0.000000,48,50,53,53,58,59,60,60,60,60,60,465,0,46,46.5958329032082,31.886100000519946,136.24609999988024,2861.0451612903225
1746375589,50,,Aggregated,38.900000,0.000000,42,47,49,50,53,55,58,59,62,62,62,4849,0,45,44.985686925137486,28.605000000425207,148.63880000029894,2930.995462982058
1746375590,50,GET,GET /pastes/:slug,35.300000,0.000000,41,47,49,50,52,54,57,57,62,62,62,4412,0,44,44.80111269265656,28.605000000425207,148.63880000029894,2937.3689936536716
1746375590,50,POST,POST /pastes,4.400000,0.000000,46,50,53,53,57,58,60,60,60,60,60,473,0,45,46.49729090907284,31.886100000519946,136.24609999988024,2854.217758985201
1746375590,50,,Aggregated,39.700000,0.000000,41,47,49,50,53,55,57,59,62,62,62,4885,0,45,44.965348577275826,28.605000000425207,148.63880000029894,2929.317707267144
1746375591,50,GET,GET /pastes/:slug,34.900000,0.000000,41,47,48,50,52,54,57,57,62,62,62,4440,0,44,44.787486171171615,28.605000000425207,148.63880000029894,2934.002027027027
1746375591,50,POST,POST /pastes,4.100000,0.000000,46,50,53,53,57,58,60,60,60,60,60,483,0,45,46.42761904760206,31.886100000519946,136.24609999988024,2850.662525879917
1746375591,50,,Aggregated,39.000000,0.000000,42,47,49,50,53,55,57,59,62,62,62,4923,0,44,44.948401096890926,28.605000000425207,148.63880000029894,2925.825512898639
1746375592,50,GET,GET /pastes/:slug,35.800000,0.000000,41,46,48,49,52,54,57,57,62,62,62,4474,0,44,44.75641922217392,28.605000000425207,148.63880000029894,2931.493965131873
1746375592,50,POST,POST /pastes,4.100000,0.000000,46,50,51,53,55,58,60,60,60,60,60,485,0,45,46.414956701012194,31.886100000519946,136.24609999988024,2851.453608247423
1746375592,50,,Aggregated,39.900000,0.000000,42,47,49,50,53,55,57,59,62,62,62,4959,0,44,44.91862746521421,28.605000000425207,148.63880000029894,2923.6658600524297
1746375593,50,GET,GET /pastes/:slug,34.400000,0.000000,42,47,48,49,52,53,56,57,62,62,62,4509,0,44,44.74404491018082,28.605000000425207,148.63880000029894,2932.538035041029
1746375593,50,POST,POST /pastes,4.700000,0.000000,46,49,50,51,55,57,60,60,60,60,60,489,0,45,46.42332699384605,31.886100000519946,136.24609999988024,2850.8139059304704
1746375593,50,,Aggregated,39.100000,0.000000,42,47,49,50,52,54,57,58,62,62,62,4998,0,44,44.90834441776636,28.605000000425207,148.63880000029894,2924.542216886755
1746375594,50,GET,GET /pastes/:slug,34.100000,0.000000,41,46,48,49,52,54,56,57,62,62,62,4543,0,44,44.72018430552582,28.605000000425207,148.63880000029894,2933.193264362756
1746375594,50,POST,POST /pastes,5.000000,0.000000,46,49,51,53,55,57,60,60,60,60,60,493,0,46,46.4256957403481,31.886100000519946,136.24609999988024,2854.6166328600407
1746375594,50,,Aggregated,39.100000,0.000000,42,47,48,50,52,55,57,58,62,62,62,5036,0,44,44.88714561159563,28.605000000425207,148.63880000029894,2925.5009928514696
1746375595,50,GET,GET /pastes/:slug,33.600000,0.000000,42,46,48,49,51,53,56,57,62,62,62,4580,0,44,44.701841703056935,28.605000000425207,148.63880000029894,2932.2128820960697
1746375595,50,POST,POST /pastes,4.800000,0.000000,45,50,51,53,55,57,60,60,60,60,60,494,0,45,46.40936356273683,31.886100000519946,136.24609999988024,2855.5789473684213
1746375595,50,,Aggregated,38.400000,0.000000,42,46,48,50,52,54,57,58,62,62,62,5074,0,44,44.86808446984489,28.605000000425207,148.63880000029894,2924.7518722901063
1746375596,50,GET,GET /pastes/:slug,33.700000,0.000000,41,46,48,49,52,53,55,56,57,57,57,4614,0,44,44.687955418292894,28.605000000425207,148.63880000029894,2934.096879063719
1746375596,50,POST,POST /pastes,4.300000,0.000000,42,48,50,51,54,55,57,57,57,57,57,498,0,45,46.3205867469722,31.720299999506096,136.24609999988024,2849.875502008032
1746375596,50,,Aggregated,38.000000,0.000000,41,46,48,49,52,53,55,56,57,57,57,5112,0,44,44.8470028364624,28.605000000425207,148.63880000029894,2925.892214397496
1746375597,50,GET,GET /pastes/:slug,33.500000,0.000000,40,46,48,49,51,53,55,56,57,57,57,4641,0,44,44.66477052359476,28.605000000425207,148.63880000029894,2933.0517129928894
1746375597,50,POST,POST /pastes,4.300000,0.000000,40,48,50,51,53,55,57,57,57,57,57,507,0,45,46.24202564100881,31.720299999506096,136.24609999988024,2843.3431952662722
1746375597,50,,Aggregated,37.800000,0.000000,40,46,48,49,51,53,55,56,57,57,57,5148,0,44,44.8201062548553,28.605000000425207,148.63880000029894,2924.2167832167834
1746375598,50,GET,GET /pastes/:slug,33.600000,0.000000,41,46,48,49,52,54,55,56,58,58,58,4671,0,44,44.66825242988677,28.605000000425207,148.63880000029894,2934.3840719332047
1746375598,50,POST,POST /pastes,4.100000,0.000000,40,47,50,51,53,55,57,57,57,57,57,512,0,45,46.19159160154496,31.720299999506096,136.24609999988024,2842.8359375
1746375598,50,,Aggregated,37.700000,0.000000,41,46,48,49,52,54,55,57,58,58,58,5183,0,44,44.81873470962618,28.605000000425207,148.63880000029894,2925.3405363688985
1746375599,50,GET,GET /pastes/:slug,34.400000,0.000000,41,46,48,49,52,54,56,58,65,65,65,4709,0,44,44.64713062221329,28.605000000425207,148.63880000029894,2932.6820981100022
1746375599,50,POST,POST /pastes,4.000000,0.000000,40,47,50,51,53,55,57,57,57,57,57,516,0,45,46.178277519363625,31.720299999506096,136.24609999988024,2836.484496124031
1746375599,50,,Aggregated,38.400000,0.000000,41,46,48,50,52,54,56,58,65,65,65,5225,0,44,44.79834053588409,28.605000000425207,148.63880000029894,2923.182009569378
1746375600,50,GET,GET /pastes/:slug,33.400000,0.000000,41,46,48,49,52,54,56,58,65,65,65,4744,0,44,44.62804909359151,28.605000000425207,148.63880000029894,2931.710370994941
1746375600,50,POST,POST /pastes,4.400000,0.000000,43,48,50,51,53,55,57,57,57,57,57,517,0,45,46.19091876207233,31.720299999506096,136.24609999988024,2838.485493230174
1746375600,50,,Aggregated,37.800000,0.000000,41,46,48,50,52,54,56,58,65,65,65,5261,0,44,44.78163275042574,28.605000000425207,148.63880000029894,2922.5491351454098
1746375601,50,GET,GET /pastes/:slug,32.800000,0.000000,41,46,49,50,52,54,56,58,65,65,65,4782,0,44,44.61677409033917,28.605000000425207,148.63880000029894,2927.6662484316184
1746375601,50,POST,POST /pastes,4.800000,0.000000,43,47,51,51,53,56,57,57,57,57,57,519,0,45,46.20728593447426,31.720299999506096,136.24609999988024,2843.5684007707127
1746375601,50,,Aggregated,37.600000,0.000000,41,46,49,50,52,54,56,58,65,65,65,5301,0,44,44.77249483116288,28.605000000425207,148.63880000029894,2919.4325598943597
1746375602,50,GET,GET /pastes/:slug,32.100000,0.000000,41,48,49,50,52,54,58,58,65,65,65,4814,0,44,44.62498510594214,28.605000000425207,148.63880000029894,2927.746987951807
1746375602,50,POST,POST /pastes,5.000000,0.000000,43,47,49,51,53,56,57,57,57,57,57,523,0,45,46.21788317398261,31.720299999506096,136.24609999988024,2851.4627151051627
1746375602,50,,Aggregated,37.100000,0.000000,42,48,49,50,52,54,57,58,65,65,65,5337,0,44,44.78108135656711,28.605000000425207,148.63880000029894,2920.2715008431705
1746375603,50,GET,GET /pastes/:slug,33.200000,0.000000,41,48,49,51,53,54,58,58,65,65,65,4855,0,44,44.62505355303837,28.605000000425207,148.63880000029894,2926.8203913491247
1746375603,50,POST,POST /pastes,4.000000,0.000000,43,49,52,53,54,56,57,57,57,57,57,525,0,45,46.24556838093884,31.720299999506096,136.24609999988024,2851.7371428571428
1746375603,50,,Aggregated,37.200000,0.000000,42,48,49,51,53,55,57,58,65,65,65,5380,0,44,44.78318929367928,28.605000000425207,148.63880000029894,2919.4934944237916
1746375604,50,GET,GET /pastes/:slug,33.300000,0.000000,42,48,50,51,53,54,58,58,65,65,65,4887,0,44,44.614401125435194,28.605000000425207,148.63880000029894,2925.87620216902
1746375604,50,POST,POST /pastes,3.600000,0.000000,43,48,51,52,54,56,57,57,57,57,57,527,0,45,46.24115028461849,31.720299999506096,136.24609999988024,2847.592030360531
1746375604,50,,Aggregated,36.900000,0.000000,42,48,50,51,53,54,58,58,65,65,65,5414,0,44,44.772749261174006,28.605000000425207,148.63880000029894,2918.256002955301
1746375605,50,GET,GET /pastes/:slug,34.100000,0.000000,43,48,50,51,54,56,58,59,65,65,65,4923,0,44,44.613998801544156,27.674300000398944,148.63880000029894,2924.7034328661384
1746375605,50,POST,POST /pastes,3.600000,0.000000,43,48,49,52,53,56,57,57,57,57,57,531,0,45,46.25265555554328,31.720299999506096,136.24609999988024,2839.4726930320153
1746375605,50,,Aggregated,37.700000,0.000000,43,48,50,51,54,56,58,59,65,65,65,5454,0,44,44.77353799046493,27.674300000398944,148.63880000029894,2916.4053905390538
1746375606,50,GET,GET /pastes/:slug,34.200000,0.000000,43,48,50,51,54,56,58,59,65,65,65,4957,0,44,44.5966194270732,27.674300000398944,148.63880000029894,2926.220698002824
1746375606,50,POST,POST /pastes,3.500000,0.000000,45,49,51,52,53,56,57,57,57,57,57,533,0,45,46.27145497184623,31.720299999506096,136.24609999988024,2838.0
1746375606,50,,Aggregated,37.700000,0.000000,43,48,50,51,54,56,58,59,65,65,65,5490,0,44,44.75922185792281,27.674300000398944,148.63880000029894,2917.655737704918
1746375607,50,GET,GET /pastes/:slug,34.300000,0.000000,43,48,50,51,54,57,58,59,65,65,65,4990,0,44,44.60921877755446,27.674300000398944,148.63880000029894,2927.168136272545
1746375607,50,POST,POST /pastes,3.300000,0.000000,48,51,52,53,54,56,57,57,57,57,57,537,0,45,46.28383668527702,31.720299999506096,136.24609999988024,2840.195530726257
1746375607,50,,Aggregated,37.600000,0.000000,44,48,50,51,54,57,58,59,65,65,65,5527,0,44,44.77192364754675,27.674300000398944,148.63880000029894,2918.7179301610277
1746375608,50,GET,GET /pastes/:slug,33.900000,0.000000,43,48,50,51,54,57,58,59,63,63,63,5028,0,44,44.60336632855873,27.674300000398944,148.63880000029894,2926.1947096260938
1746375608,50,POST,POST /pastes,3.700000,0.000000,48,51,52,53,54,56,57,57,57,57,57,539,0,45,46.27723933208472,31.720299999506096,136.24609999988024,2844.2597402597403
1746375608,50,,Aggregated,37.600000,0.000000,43,48,50,51,54,57,58,59,63,63,63,5567,0,44,44.76543163283407,27.674300000398944,148.63880000029894,2918.2617208550387
1746375609,50,GET,GET /pastes/:slug,33.700000,0.000000,43,49,50,52,54,57,58,59,63,63,63,5057,0,44,44.617768103617244,27.674300000398944,148.63880000029894,2926.068420011865
1746375609,50,POST,POST /pastes,3.500000,0.000000,49,51,52,53,54,56,57,57,57,57,57,542,0,45,46.27512121770011,31.720299999506096,136.24609999988024,2841.3265682656825
1746375609,50,,Aggregated,37.200000,0.000000,45,49,51,52,54,57,58,59,63,63,63,5599,0,44,44.778204858007896,27.674300000398944,148.63880000029894,2917.8651544918735
1746375610,50,GET,GET /pastes/:slug,34.400000,0.000000,44,49,51,52,54,57,59,62,66,66,66,5094,0,44,44.62418032979781,27.674300000398944,148.63880000029894,2923.799568119356
1746375610,50,POST,POST /pastes,3.000000,0.000000,48,51,52,53,56,57,64,64,64,64,64,544,0,45,46.306273345576905,31.720299999506096,136.24609999988024,2837.595588235294
1746375610,50,,Aggregated,37.400000,0.000000,45,49,51,52,54,57,59,63,66,66,66,5638,0,44,44.78648231642146,27.674300000398944,148.63880000029894,2915.481908478184
1746375611,50,GET,GET /pastes/:slug,35.300000,0.000000,44,49,51,53,55,57,59,63,68,68,68,5131,0,44,44.62019871369974,27.674300000398944,148.63880000029894,2923.0268953420386
1746375611,50,POST,POST /pastes,2.700000,0.000000,49,51,52,52,54,57,64,64,64,64,64,547,0,46,46.296382084082786,31.720299999506096,136.24609999988024,2843.142595978062
1746375611,50,,Aggregated,38.000000,0.000000,45,49,51,53,54,57,59,63,68,68,68,5678,0,44,44.78167675237531,27.674300000398944,148.63880000029894,2915.3311025008807
1746375612,50,GET,GET /pastes/:slug,34.700000,0.000000,44,49,51,52,54,57,59,63,68,68,68,5168,0,44,44.631169117646444,27.674300000398944,148.63880000029894,2922.8256578947367
1746375612,50,POST,POST /pastes,2.600000,0.000000,49,51,52,52,53,54,64,64,64,64,64,551,0,46,46.27380580760901,31.720299999506096,136.24609999988024,2839.352087114338
1746375612,50,,Aggregated,37.300000,0.000000,45,50,52,52,54,57,59,64,68,68,68,5719,0,44,44.789429795416986,27.674300000398944,148.63880000029894,2914.7833537331703
1746375613,50,GET,GET /pastes/:slug,34.400000,0.000000,43,49,52,53,56,58,63,66,68,68,68,5202,0,44,44.63784690503573,27.674300000398944,148.63880000029894,2923.442329873126
1746375613,50,POST,POST /pastes,2.700000,0.000000,48,51,52,52,53,58,64,64,64,64,64,557,0,46,46.28297271093701,31.720299999506096,136.24609999988024,2843.1508078994616
1746375613,50,,Aggregated,37.100000,0.000000,44,49,52,53,56,58,63,66,68,68,68,5759,0,44,44.796960479247815,27.674300000398944,148.63880000029894,2915.676679979163
1746375614,50,GET,GET /pastes/:slug,34.600000,0.000000,44,49,52,53,56,58,63,66,68,68,68,5236,0,44,44.646789705882256,27.674300000398944,148.63880000029894,2923.3821619556916
1746375614,50,POST,POST /pastes,2.800000,0.000000,48,51,52,52,53,58,64,64,64,64,64,562,0,46,46.25327526688947,31.720299999506096,136.24609999988024,2838.2491103202847
1746375614,50,,Aggregated,37.400000,0.000000,45,50,52,53,56,58,63,66,68,68,68,5798,0,44,44.80250631252012,27.674300000398944,148.63880000029894,2915.130217316316
1746375615,50,GET,GET /pastes/:slug,34.800000,0.000000,43,49,52,53,56,59,63,66,68,68,68,5265,0,44,44.63841506172768,27.674300000398944,148.63880000029894,2920.443114909782
1746375615,50,POST,POST /pastes,2.800000,0.000000,48,51,52,52,57,58,64,64,64,64,64,565,0,46,46.248596106179484,31.720299999506096,136.24609999988024,2833.516814159292
1746375615,50,,Aggregated,37.600000,0.000000,44,50,52,53,56,58,63,66,68,68,68,5830,0,44,44.79446176672179,27.674300000398944,148.63880000029894,2912.0188679245284
1746375617,50,GET,GET /pastes/:slug,34.300000,0.000000,43,49,52,53,56,59,63,66,68,68,68,5302,0,44,44.62640950584595,27.674300000398944,148.63880000029894,2921.0184835910977
1746375617,50,POST,POST /pastes,3.300000,0.000000,47,50,52,52,58,58,64,64,64,64,64,566,0,46,46.25793657242149,31.720299999506096,136.24609999988024,2833.5636042402825
1746375617,50,,Aggregated,37.600000,0.000000,44,49,52,53,56,59,64,66,68,68,68,5868,0,44,44.78377902181088,27.674300000398944,148.63880000029894,2912.582992501704
1746375618,50,GET,GET /pastes/:slug,34.000000,0.000000,43,49,52,52,55,59,63,66,68,68,68,5338,0,44,44.61669520419536,27.674300000398944,148.63880000029894,2919.3529411764707
1746375618,50,POST,POST /pastes,3.400000,0.000000,47,49,52,52,57,58,64,64,64,64,64,570,0,46,46.23354368419601,31.720299999506096,136.24609999988024,2835.598245614035
1746375618,50,,Aggregated,37.400000,0.000000,44,49,52,52,55,59,64,66,68,68,68,5908,0,44,44.77268769464911,27.674300000398944,148.63880000029894,2911.2723425863237
1746375619,50,GET,GET /pastes/:slug,34.400000,0.000000,44,49,51,52,55,60,63,66,68,68,68,5374,0,44,44.628671213248595,27.674300000398944,148.63880000029894,2919.791030889468
1746375619,50,POST,POST /pastes,3.300000,0.000000,47,49,52,52,58,59,64,64,64,64,64,575,0,46,46.248836347810496,31.720299999506096,136.24609999988024,2840.911304347826
1746375619,50,,Aggregated,37.700000,0.000000,44,49,51,52,56,59,64,66,68,68,68,5949,0,44,44.78526811228599,27.674300000398944,148.63880000029894,2912.166918809884
1746375620,50,GET,GET /pastes/:slug,34.600000,0.000000,43,48,51,52,55,59,63,66,68,68,68,5408,0,44,44.624127015532025,27.674300000398944,148.63880000029894,2919.9718934911243
1746375620,50,POST,POST /pastes,3.300000,0.000000,46,49,50,52,57,58,59,59,59,59,59,579,0,46,46.2093882555963,31.720299999506096,136.24609999988024,2840.5250431778927
1746375620,50,,Aggregated,37.900000,0.000000,44,49,51,52,55,59,63,66,68,68,68,5987,0,44,44.777436896607306,27.674300000398944,148.63880000029894,2912.288625354936
1746375621,50,GET,GET /pastes/:slug,34.200000,0.000000,44,48,51,52,55,59,63,65,67,67,67,5445,0,44,44.61776839301994,27.674300000398944,148.63880000029894,2921.526170798898
1746375621,50,POST,POST /pastes,3.600000,0.000000,45,49,49,52,57,58,59,59,59,59,59,581,0,45,46.196450430275405,31.720299999506096,136.24609999988024,2845.2151462994834
1746375621,50,,Aggregated,37.800000,0.000000,44,48,51,52,55,58,63,65,67,67,67,6026,0,44,44.76997786259275,27.674300000398944,148.63880000029894,2914.16860272154
1746375622,50,GET,GET /pastes/:slug,34.200000,0.000000,43,48,51,52,55,59,62,63,67,67,67,5475,0,44,44.61409225570643,27.674300000398944,148.63880000029894,2922.384657534247
1746375622,50,POST,POST /pastes,3.600000,0.000000,46,49,51,52,57,58,59,59,59,59,59,588,0,46,46.23035187073212,31.720299999506096,136.24609999988024,2852.358843537415
1746375622,50,,Aggregated,37.800000,0.000000,43,48,51,52,55,58,62,63,67,67,67,6063,0,44,44.770839848257225,27.674300000398944,148.63880000029894,2915.5934355929408
1746375623,50,GET,GET /pastes/:slug,35.000000,0.000000,43,48,51,52,54,58,61,63,65,65,65,5511,0,44,44.614214679730246,27.674300000398944,148.63880000029894,2922.537107602976
1746375623,50,POST,POST /pastes,3.700000,0.000000,45,49,51,52,55,58,59,59,59,59,59,590,0,45,46.201698813544326,31.720299999506096,136.24609999988024,2851.657627118644
1746375623,50,,Aggregated,38.700000,0.000000,43,48,51,52,54,58,61,63,65,65,65,6101,0,44,44.76773306015162,27.674300000398944,148.63880000029894,2915.6826749713164
1746375624,50,GET,GET /pastes/:slug,34.400000,0.000000,44,49,51,53,57,63,250,280,300,300,300,5536,0,44,44.98184243135692,27.674300000398944,298.6494999995557,2921.2895592485547
1746375624,50,POST,POST /pastes,4.100000,0.000000,47,51,53,55,76,92,160,160,160,160,160,594,0,46,46.592495959583495,31.720299999506096,162.20909999992728,2853.9276094276092
1746375624,50,,Aggregated,38.500000,0.000000,44,49,52,53,57,73,210,280,300,300,300,6130,0,44,45.13791554649023,27.674300000398944,298.6494999995557,2914.762153344209
1746375625,50,GET,GET /pastes/:slug,34.400000,0.000000,45,50,53,54,73,250,280,290,320,320,320,5583,0,44,45.585799982087224,27.674300000398944,316.1099999997532,2916.6396202758374
1746375625,50,POST,POST /pastes,4.100000,0.000000,47,51,53,56,76,92,160,160,160,160,160,598,0,46,46.59856471570672,31.720299999506096,162.20909999992728,2852.2859531772574
1746375625,50,,Aggregated,38.500000,0.000000,45,50,53,54,73,210,280,290,320,320,320,6181,0,44,45.683783044812515,27.674300000398944,316.1099999997532,2910.4135253195277
1746375626,50,GET,GET /pastes/:slug,33.000000,0.000000,45,50,53,54,73,250,280,290,320,320,320,5613,0,44,45.56099855692056,27.674300000398944,316.1099999997532,2915.3801888473185
1746375626,50,POST,POST /pastes,3.600000,0.000000,47,53,55,57,76,92,160,160,160,160,160,601,0,46,46.612885524114134,31.720299999506096,162.20909999992728,2851.4742096505825
1746375626,50,,Aggregated,36.600000,0.000000,45,51,53,55,73,210,280,290,320,320,320,6214,0,44,45.662734003860336,27.674300000398944,316.1099999997532,2909.199388477631
1746375627,50,GET,GET /pastes/:slug,34.600000,0.000000,46,51,54,56,73,250,280,290,320,320,320,5649,0,44,45.57592623473139,27.674300000398944,316.1099999997532,2916.9233492653566
1746375627,50,POST,POST /pastes,3.600000,0.000000,46,53,55,57,76,92,160,160,160,160,160,604,0,46,46.58359254965685,31.720299999506096,162.20909999992728,2854.1026490066224
1746375627,50,,Aggregated,38.200000,0.000000,46,51,54,56,76,210,280,290,320,320,320,6253,0,44,45.67326038701276,27.674300000398944,316.1099999997532,2910.855269470654
1746375628,50,GET,GET /pastes/:slug,34.700000,0.000000,45,51,53,55,73,250,280,290,320,320,320,5689,0,44,45.563476006327654,27.674300000398944,316.1099999997532,2918.415187203375
1746375628,50,POST,POST /pastes,3.500000,0.000000,43,53,55,56,76,92,160,160,160,160,160,606,0,45,46.56055066005546,31.720299999506096,162.20909999992728,2854.463696369637
1746375628,50,,Aggregated,38.200000,0.000000,45,51,53,55,76,210,280,290,320,320,320,6295,0,44,45.659461270848624,27.674300000398944,316.1099999997532,2912.2587768069898
1746375629,50,GET,GET /pastes/:slug,34.300000,0.000000,46,51,53,55,73,250,280,290,320,320,320,5720,0,44,45.54872125874101,27.674300000398944,316.1099999997532,2916.770804195804
1746375629,50,POST,POST /pastes,3.800000,0.000000,43,53,55,56,76,92,160,160,160,160,160,610,0,45,46.52029868851462,31.22129999974277,162.20909999992728,2851.7967213114753
1746375629,50,,Aggregated,38.100000,0.000000,45,51,53,55,76,210,280,290,320,320,320,6330,0,44,45.64234878356917,27.674300000398944,316.1099999997532,2910.509478672986
1746375630,50,GET,GET /pastes/:slug,35.100000,0.000000,46,51,53,55,73,250,280,290,320,320,320,5759,0,44,45.55276060079842,27.674300000398944,316.1099999997532,2918.603229727383
1746375630,50,POST,POST /pastes,3.600000,0.000000,42,53,55,56,76,92,160,160,160,160,160,612,0,45,46.491933006526914,31.22129999974277,162.20909999992728,2857.3039215686276
1746375630,50,,Aggregated,38.700000,0.000000,46,51,53,55,76,210,280,290,320,320,320,6371,0,44,45.64297775859254,27.674300000398944,316.1099999997532,2912.714801444043
1746375631,50,GET,GET /pastes/:slug,34.300000,0.000000,47,51,54,56,82,250,280,290,320,320,320,5792,0,44,45.57152582872848,27.674300000398944,316.1099999997532,2916.797306629834
1746375631,50,POST,POST /pastes,3.500000,0.000000,41,54,57,61,86,92,160,160,160,160,160,616,0,45,46.53133685063825,31.22129999974277,162.20909999992728,2859.564935064935
1746375631,50,,Aggregated,37.800000,0.000000,46,51,54,56,82,210,280,290,320,320,320,6408,0,44,45.66379230649017,27.674300000398944,316.1099999997532,2911.29556803995
1746375632,50,GET,GET /pastes/:slug,34.700000,0.000000,47,51,54,56,86,250,280,290,320,320,320,5819,0,44,45.572760835195,27.674300000398944,316.1099999997532,2916.464512802887
1746375632,50,POST,POST /pastes,3.400000,0.000000,42,55,57,61,76,92,160,160,160,160,160,624,0,45,46.55329743588383,31.22129999974277,162.20909999992728,2853.30608974359
1746375632,50,,Aggregated,38.100000,0.000000,47,51,54,57,82,210,280,290,320,320,320,6443,0,44,45.667725112523925,27.674300000398944,316.1099999997532,2910.3476641316156
1746375633,50,GET,GET /pastes/:slug,34.400000,0.000000,46,51,53,56,72,170,280,290,320,320,320,5861,0,44,45.617459733834146,27.674300000398944,316.1099999997532,2915.2008189728717
1746375633,50,POST,POST /pastes,3.400000,0.000000,42,53,56,57,60,62,71,71,71,71,71,629,0,46,46.57690222574172,31.22129999974277,162.20909999992728,2854.860095389507
1746375633,50,,Aggregated,37.800000,0.000000,46,51,54,56,65,160,280,290,320,320,320,6490,0,44,45.71044730354298,27.674300000398944,316.1099999997532,2909.3526964560865
1746375634,50,GET,GET /pastes/:slug,34.300000,0.000000,45,49,52,53,57,63,77,83,100,100,100,5889,0,44,45.60967890983188,27.674300000398944,316.1099999997532,2914.671421293938
1746375634,50,POST,POST /pastes,3.600000,0.000000,46,50,55,56,60,61,71,71,71,71,71,634,0,46,46.58963627758992,31.22129999974277,162.20909999992728,2855.1687697160883
1746375634,50,,Aggregated,37.900000,0.000000,45,49,52,53,57,62,77,83,100,100,100,6523,0,44,45.704925417751404,27.674300000398944,316.1099999997532,2908.8880883029283
1746375635,50,GET,GET /pastes/:slug,34.700000,0.000000,45,49,52,53,57,64,77,83,100,100,100,5924,0,44,45.59693252869695,27.674300000398944,316.1099999997532,2916.0987508440244
1746375635,50,POST,POST /pastes,3.900000,0.000000,42,48,55,56,60,61,71,71,71,71,71,639,0,46,46.55561283253691,31.22129999974277,162.20909999992728,2867.1752738654145
1746375635,50,,Aggregated,38.600000,0.000000,45,49,52,53,58,63,75,83,100,100,100,6563,0,44,45.69027348773308,27.674300000398944,316.1099999997532,2911.3353649245773
1746375636,50,GET,GET /pastes/:slug,35.600000,0.000000,45,49,52,53,57,64,75,82,100,100,100,5960,0,44,45.602045704697794,27.674300000398944,316.1099999997532,2915.307046979866
1746375636,50,POST,POST /pastes,4.000000,0.000000,46,50,56,56,60,70,71,71,71,71,71,640,0,46,46.592174062486436,31.22129999974277,162.20909999992728,2865.4265625
1746375636,50,,Aggregated,39.600000,0.000000,45,49,52,53,58,64,72,82,100,100,100,6600,0,44,45.698058151513735,27.674300000398944,316.1099999997532,2910.4701515151514
1746375637,50,GET,GET /pastes/:slug,33.700000,0.000000,46,50,52,54,62,69,82,91,100,100,100,5995,0,44,45.65465963302724,27.674300000398944,316.1099999997532,2916.0583819849876
1746375637,50,POST,POST /pastes,4.100000,0.000000,47,53,56,59,61,71,72,72,72,72,72,646,0,46,46.65631842103876,31.22129999974277,162.20909999992728,2872.656346749226
1746375637,50,,Aggregated,37.800000,0.000000,46,50,53,54,62,70,82,91,100,100,100,6641,0,44,45.75209549766448,27.674300000398944,316.1099999997532,2911.8364704110827
1746375638,50,GET,GET /pastes/:slug,34.200000,0.000000,46,50,53,55,62,69,82,91,100,100,100,6029,0,44,45.67166287941548,27.674300000398944,316.1099999997532,2914.974788522143
1746375638,50,POST,POST /pastes,4.000000,0.000000,48,53,57,60,61,70,72,72,72,72,72,654,0,46,46.70715565748025,31.22129999974277,162.20909999992728,2883.7584097859326
1746375638,50,,Aggregated,38.200000,0.000000,46,51,53,55,62,70,80,91,100,100,100,6683,0,45,45.77299645368673,27.674300000398944,316.1099999997532,2911.9199461319768
1746375639,50,GET,GET /pastes/:slug,34.600000,0.000000,46,50,53,54,61,69,82,91,100,100,100,6067,0,44,45.65893641008669,27.674300000398944,316.1099999997532,2916.8923685511786
1746375639,50,POST,POST /pastes,4.200000,0.000000,48,53,56,59,61,70,72,72,72,72,72,659,0,46,46.69666160848582,31.22129999974277,162.20909999992728,2883.614567526555
1746375639,50,,Aggregated,38.800000,0.000000,46,50,53,55,61,70,80,91,100,100,100,6726,0,44,45.7606106452555,27.674300000398944,316.1099999997532,2913.6318763009217
1746375640,50,GET,GET /pastes/:slug,33.500000,0.000000,46,50,53,55,61,67,80,91,100,100,100,6096,0,44,45.66515764435664,27.674300000398944,316.1099999997532,2916.4819553805773
1746375640,50,POST,POST /pastes,4.800000,0.000000,47,51,56,57,61,70,72,72,72,72,72,663,0,46,46.66144524885588,31.22129999974277,162.20909999992728,2879.6696832579187
1746375640,50,,Aggregated,38.300000,0.000000,46,50,53,55,61,67,78,91,100,100,100,6759,0,44,45.76288492380379,27.674300000398944,316.1099999997532,2912.8709868323717
1746375641,50,GET,GET /pastes/:slug,34.200000,0.000000,46,50,53,55,61,67,80,91,100,100,100,6128,0,44,45.66753666775463,27.674300000398944,316.1099999997532,2916.9195496083553
1746375641,50,POST,POST /pastes,4.900000,0.000000,47,50,54,57,60,63,72,72,72,72,72,668,0,46,46.613130688608784,31.22129999974277,162.20909999992728,2880.25
1746375641,50,,Aggregated,39.100000,0.000000,46,50,53,55,61,67,78,91,100,100,100,6796,0,44,45.7604820482624,27.674300000398944,316.1099999997532,2913.3151854031785
1746375642,50,GET,GET /pastes/:slug,33.800000,0.000000,45,49,52,53,58,65,76,78,93,93,93,6162,0,44,45.6595379422268,27.674300000398944,316.1099999997532,2916.218922427783
1746375642,50,POST,POST /pastes,4.900000,0.000000,46,50,53,54,60,63,72,72,72,72,72,673,0,46,46.610889598795296,31.22129999974277,162.20909999992728,2887.9836552748884
1746375642,50,,Aggregated,38.700000,0.000000,46,49,52,53,59,65,76,78,93,93,93,6835,0,44,45.75321163130812,27.674300000398944,316.1099999997532,2913.438771031456
1746375643,50,GET,GET /pastes/:slug,33.200000,0.000000,45,49,52,54,59,65,76,78,93,93,93,6197,0,44,45.65270382443213,27.674300000398944,316.1099999997532,2916.7045344521543
1746375643,50,POST,POST /pastes,5.200000,0.000000,45,50,52,54,60,63,72,72,72,72,72,676,0,46,46.574753402351156,31.22129999974277,162.20909999992728,2889.9171597633135
1746375643,50,,Aggregated,38.400000,0.000000,45,50,52,54,59,65,72,78,93,93,93,6873,0,44,45.743392827003554,27.674300000398944,316.1099999997532,2914.069838498472
1746375644,50,GET,GET /pastes/:slug,33.900000,0.000000,45,50,53,55,59,64,76,78,93,93,93,6229,0,44,45.65084170813999,27.674300000398944,316.1099999997532,2913.692727564617
1746375644,50,POST,POST /pastes,4.800000,0.000000,46,51,54,56,60,63,72,72,72,72,72,682,0,46,46.60011964807725,31.22129999974277,162.20909999992728,2893.4897360703812
1746375644,50,,Aggregated,38.700000,0.000000,45,50,53,55,59,64,72,78,93,93,93,6911,0,44,45.744519548544744,27.674300000398944,316.1099999997532,2911.6990305310374
1746375645,50,GET,GET /pastes/:slug,33.300000,0.000000,45,50,53,54,58,63,76,78,93,93,93,6270,0,44,45.6432168261569,27.674300000398944,316.1099999997532,2914.687400318979
1746375645,50,POST,POST /pastes,4.600000,0.000000,46,50,52,54,60,61,72,72,72,72,72,689,0,46,46.57909840346586,31.22129999974277,162.20909999992728,2890.053701015965
1746375645,50,,Aggregated,37.900000,0.000000,45,50,52,54,58,62,72,78,93,93,93,6959,0,44,45.73587703692939,27.674300000398944,316.1099999997532,2912.2484552378214
1746375646,50,GET,GET /pastes/:slug,33.800000,0.000000,45,50,52,54,58,63,200,260,300,300,300,6298,0,44,45.912196078120274,27.674300000398944,316.1099999997532,2914.258653540807
1746375646,50,POST,POST /pastes,4.700000,0.000000,44,48,52,52,58,60,230,230,230,230,230,692,0,46,46.81879089593551,31.22129999974277,229.4517000000269,2891.828034682081
1746375646,50,,Aggregated,38.500000,0.000000,45,49,52,54,58,63,200,260,300,300,300,6990,0,44,46.00194766809566,27.674300000398944,316.1099999997532,2912.0380543633764
1746375647,50,GET,GET /pastes/:slug,34.400000,0.000000,44,49,51,53,57,63,200,260,300,300,300,6326,0,44,45.90199299715465,27.674300000398944,316.1099999997532,2912.7873853936135
1746375647,50,POST,POST /pastes,4.900000,0.000000,43,48,52,54,57,60,230,230,230,230,230,699,0,46,46.83025994275708,30.97539999998844,229.4517000000269,2889.6494992846924
1746375647,50,,Aggregated,39.300000,0.000000,44,49,51,53,57,63,210,260,300,300,300,7025,0,44,45.99435720996261,27.674300000398944,316.1099999997532,2910.48512455516
1746375648,50,GET,GET /pastes/:slug,33.500000,0.000000,45,49,51,53,58,63,200,260,300,300,300,6368,0,44,45.890695257537544,27.674300000398944,316.1099999997532,2912.357883165829
1746375648,50,POST,POST /pastes,5.000000,0.000000,42,48,52,54,57,60,230,230,230,230,230,702,0,46,46.79803205126285,30.97539999998844,229.4517000000269,2890.2165242165242
1746375648,50,,Aggregated,38.500000,0.000000,44,49,51,53,58,63,200,260,300,300,300,7070,0,44,45.98078725600927,27.674300000398944,316.1099999997532,2910.159405940594
1746375649,50,GET,GET /pastes/:slug,33.000000,0.000000,45,49,51,52,58,63,200,260,300,300,300,6401,0,44,45.88123077644085,27.674300000398944,316.1099999997532,2912.88673644743
1746375649,50,POST,POST /pastes,5.200000,0.000000,43,48,52,54,60,63,230,230,230,230,230,708,0,46,46.825522740093504,30.97539999998844,229.4517000000269,2891.9717514124295
1746375649,50,,Aggregated,38.200000,0.000000,44,49,51,53,58,63,200,260,300,300,300,7109,0,44,45.975274764380934,27.674300000398944,316.1099999997532,2910.80376986918
1746375650,50,GET,GET /pastes/:slug,33.700000,0.000000,45,49,51,52,58,74,200,260,300,300,300,6437,0,44,45.903707674382304,27.674300000398944,316.1099999997532,2914.892185800839
1746375650,50,POST,POST /pastes,4.700000,0.000000,44,51,54,56,63,95,230,230,230,230,230,712,0,46,46.99322542132853,30.97539999998844,229.4517000000269,2897.4775280898875
1746375650,50,,Aggregated,38.400000,0.000000,45,49,51,53,58,74,200,260,300,300,300,7149,0,45,46.01221748496081,27.674300000398944,316.1099999997532,2913.1577843054974
1746375651,50,GET,GET /pastes/:slug,33.700000,0.000000,45,50,52,54,58,74,200,260,300,300,300,6469,0,44,45.91748432524347,27.674300000398944,316.1099999997532,2916.1544288143455
1746375651,50,POST,POST /pastes,4.800000,0.000000,47,51,56,57,65,95,230,230,230,230,230,720,0,46,47.04115361108734,30.97539999998844,229.4517000000269,2901.801388888889
1746375651,50,,Aggregated,38.500000,0.000000,45,50,52,54,59,78,200,260,300,300,300,7189,0,45,46.0300231882018,27.674300000398944,316.1099999997532,2914.7169286409794
1746375652,50,GET,GET /pastes/:slug,33.200000,0.000000,45,49,52,54,59,74,200,260,300,300,300,6496,0,44,45.90753540640408,27.674300000398944,316.1099999997532,2915.611299261084
1746375652,50,POST,POST /pastes,5.100000,0.000000,47,52,57,59,65,95,230,230,230,230,230,723,0,46,47.03222254492846,30.97539999998844,229.4517000000269,2902.473029045643
1746375652,50,,Aggregated,38.300000,0.000000,45,50,52,54,60,78,200,260,300,300,300,7219,0,45,46.02017549521872,27.674300000398944,316.1099999997532,2914.2954702867432
1746375653,50,GET,GET /pastes/:slug,33.900000,0.000000,45,49,51,53,58,74,200,260,300,300,300,6541,0,44,45.90269059776816,27.674300000398944,316.1099999997532,2914.9532181623604
1746375653,50,POST,POST /pastes,5.200000,0.000000,47,50,56,57,65,95,230,230,230,230,230,729,0,46,47.019541563763475,30.97539999998844,229.4517000000269,2904.57475994513
1746375653,50,,Aggregated,39.100000,0.000000,45,49,52,54,59,74,200,260,300,300,300,7270,0,45,46.01468294360176,27.674300000398944,316.1099999997532,2913.9125171939477
1746375654,50,GET,GET /pastes/:slug,33.500000,0.000000,45,49,52,53,58,74,200,260,300,300,300,6571,0,44,45.896579318216766,27.674300000398944,316.1099999997532,2913.976715872774
1746375654,50,POST,POST /pastes,5.100000,0.000000,47,50,56,59,65,95,230,230,230,230,230,731,0,46,46.99276210668121,30.97539999998844,229.4517000000269,2903.6169630642953
1746375654,50,,Aggregated,38.600000,0.000000,46,49,52,54,60,78,210,260,300,300,300,7302,0,45,46.006317693780616,27.674300000398944,316.1099999997532,2912.9396055875104
1746375655,50,GET,GET /pastes/:slug,34.100000,0.000000,45,48,51,52,57,62,69,78,120,120,120,6604,0,44,45.89097492428907,27.674300000398944,316.1099999997532,2913.9306480920654
1746375655,50,POST,POST /pastes,5.100000,0.000000,46,49,56,57,64,65,120,120,120,120,120,738,0,46,46.97747411922144,30.97539999998844,229.4517000000269,2901.776422764228
1746375655,50,,Aggregated,39.200000,0.000000,45,49,51,52,58,63,74,92,120,120,120,7342,0,45,46.00018718332744,27.674300000398944,316.1099999997532,2912.708934895124
1746375656,50,GET,GET /pastes/:slug,33.600000,0.000000,44,48,51,52,57,62,69,78,120,120,120,6639,0,44,45.86140936888203,27.674300000398944,316.1099999997532,2913.186172616358
1746375656,50,POST,POST /pastes,5.000000,0.000000,46,49,51,57,64,65,120,120,120,120,120,739,0,46,46.982030040575374,30.97539999998844,229.4517000000269,2902.4100135318
1746375656,50,,Aggregated,38.600000,0.000000,44,48,51,52,58,63,74,92,120,120,120,7378,0,44,45.973653700188756,27.674300000398944,316.1099999997532,2912.106804011927
1746375657,50,GET,GET /pastes/:slug,33.000000,0.000000,45,48,51,52,57,62,69,78,120,120,120,6678,0,44,45.851349790357226,27.674300000398944,316.1099999997532,2912.43336328242
1746375657,50,POST,POST /pastes,4.800000,0.000000,46,50,52,57,64,65,120,120,120,120,120,742,0,46,46.96464690025066,30.97539999998844,229.4517000000269,2906.77628032345
1746375657,50,,Aggregated,37.800000,0.000000,45,48,51,52,58,63,74,92,120,120,120,7420,0,44,45.962679501346514,27.674300000398944,316.1099999997532,2911.867654986523
1746375658,50,GET,GET /pastes/:slug,34.100000,0.000000,44,48,51,52,56,61,69,78,120,120,120,6709,0,44,45.82822775376436,27.674300000398944,316.1099999997532,2914.056044119839
1746375658,50,POST,POST /pastes,4.900000,0.000000,48,52,57,57,64,95,120,120,120,120,120,746,0,46,47.00798230561272,30.97539999998844,229.4517000000269,2905.930294906166
1746375658,50,,Aggregated,39.000000,0.000000,44,48,51,52,57,63,74,92,120,120,120,7455,0,44,45.946282334002916,27.674300000398944,316.1099999997532,2913.2429242119383
1746375659,50,GET,GET /pastes/:slug,34.800000,0.000000,43,47,50,51,54,58,63,68,74,74,74,6744,0,44,45.811105056347394,27.674300000398944,316.1099999997532,2912.449139976275
1746375659,50,POST,POST /pastes,4.400000,0.000000,47,50,53,56,59,64,65,65,65,65,65,749,0,46,46.99504138850228,30.97539999998844,229.4517000000269,2906.991989319092
1746375659,50,,Aggregated,39.200000,0.000000,43,48,50,52,56,59,64,68,74,74,74,7493,0,44,45.929451287867956,27.674300000398944,316.1099999997532,2911.903643400507
1746375660,50,GET,GET /pastes/:slug,34.000000,0.000000,42,47,50,51,54,57,62,68,74,74,74,6784,0,44,45.79822768278415,27.674300000398944,316.1099999997532,2912.7936320754716
1746375660,50,POST,POST /pastes,4.300000,0.000000,46,50,52,53,57,59,65,65,65,65,65,753,0,46,46.97061646744709,30.97539999998844,229.4517000000269,2904.0956175298807
1746375660,50,,Aggregated,38.300000,0.000000,43,48,50,51,54,58,62,68,74,74,74,7537,0,44,45.91535767546701,27.674300000398944,316.1099999997532,2911.9246384503117
1746375661,50,GET,GET /pastes/:slug,34.200000,0.000000,41,47,49,51,53,56,61,63,74,74,74,6818,0,44,45.77151233499672,27.674300000398944,316.1099999997532,2913.650630683485
1746375661,50,POST,POST /pastes,4.200000,0.000000,46,49,50,52,56,57,59,59,59,59,59,757,0,46,46.93763447818678,30.97539999998844,229.4517000000269,2903.3764861294585
1746375661,50,,Aggregated,38.400000,0.000000,42,47,49,51,53,57,60,63,74,74,74,7575,0,44,45.88804757755703,27.674300000398944,316.1099999997532,2912.623894389439
1746375662,50,GET,GET /pastes/:slug,34.600000,0.000000,42,47,50,51,53,58,63,68,74,74,74,6855,0,44,45.784113960613894,27.674300000398944,316.1099999997532,2913.9385849744713
1746375662,50,POST,POST /pastes,4.100000,0.000000,46,50,53,53,57,70,72,72,72,72,72,761,0,46,47.004016951362864,30.97539999998844,229.4517000000269,2904.442838370565
1746375662,50,,Aggregated,38.700000,0.000000,43,47,50,51,54,59,64,71,74,74,74,7616,0,44,45.90600815388586,27.674300000398944,316.1099999997532,2912.9897584033615
1746375663,50,GET,GET /pastes/:slug,34.800000,0.000000,41,47,49,51,53,57,62,68,74,74,74,6890,0,44,45.76116883889803,27.674300000398944,316.1099999997532,2913.7849056603773
1746375663,50,POST,POST /pastes,3.800000,0.000000,46,51,53,53,57,70,72,72,72,72,72,763,0,46,46.99311677586772,30.97539999998844,229.4517000000269,2904.3551769331584
1746375663,50,,Aggregated,38.600000,0.000000,42,47,50,51,53,57,64,71,74,74,74,7653,0,44,45.88399338821298,27.674300000398944,316.1099999997532,2912.844766758134
1746375664,50,GET,GET /pastes/:slug,34.800000,0.000000,41,47,49,51,53,56,60,64,71,71,71,6926,0,44,45.742680768121275,27.674300000398944,316.1099999997532,2913.066705168929
1746375664,50,POST,POST /pastes,3.700000,0.000000,46,50,52,53,57,70,72,72,72,72,72,767,0,46,46.981564928274544,30.97539999998844,229.4517000000269,2910.0091264667535
1746375664,50,,Aggregated,38.500000,0.000000,42,47,50,51,53,56,61,70,72,72,72,7693,0,44,45.866198791108005,27.674300000398944,316.1099999997532,2912.761861432471
1746375665,50,GET,GET /pastes/:slug,35.100000,0.000000,41,47,49,50,53,56,60,64,71,71,71,6963,0,44,45.721726755710165,27.674300000398944,316.1099999997532,2911.584805399971
1746375665,50,POST,POST /pastes,3.700000,0.000000,46,51,52,53,57,70,72,72,72,72,72,768,0,46,46.96964765623216,30.97539999998844,229.4517000000269,2910.3619791666665
1746375665,50,,Aggregated,38.800000,0.000000,41,47,49,51,53,56,61,70,72,72,72,7731,0,44,45.845695615055696,27.674300000398944,316.1099999997532,2911.463329452852
1746375666,50,GET,GET /pastes/:slug,35.000000,0.000000,41,47,49,50,52,55,61,64,71,71,71,7007,0,44,45.700796646212346,27.674300000398944,316.1099999997532,2911.107606679035
1746375666,50,POST,POST /pastes,3.500000,0.000000,46,51,53,53,57,70,72,72,72,72,72,771,0,46,46.95342892345772,30.97539999998844,229.4517000000269,2912.0791180285346
1746375666,50,,Aggregated,38.500000,0.000000,41,47,49,50,52,56,62,70,72,72,72,7778,0,44,45.82496474672091,27.674300000398944,316.1099999997532,2911.203908459758
1746375667,50,GET,GET /pastes/:slug,35.700000,0.000000,41,47,49,50,52,54,61,64,71,71,71,7037,0,44,45.68544861446764,27.674300000398944,316.1099999997532,2910.6052295012078
1746375667,50,POST,POST /pastes,3.200000,0.000000,44,50,51,53,57,70,72,72,72,72,72,773,0,46,46.91760375159818,30.97539999998844,229.4517000000269,2908.3635187580853
1746375667,50,,Aggregated,38.900000,0.000000,41,47,49,50,52,55,62,70,72,72,72,7810,0,44,45.80740199743835,27.674300000398944,316.1099999997532,2910.3833546734954
1746375668,50,GET,GET /pastes/:slug,36.000000,0.000000,41,47,49,50,52,53,61,64,71,71,71,7075,0,44,45.670425469966105,27.674300000398944,316.1099999997532,2911.0018374558304
1746375668,50,POST,POST /pastes,3.100000,0.000000,42,47,51,51,54,70,72,72,72,72,72,776,0,46,46.898838530908215,30.97539999998844,229.4517000000269,2902.4059278350514
1746375668,50,,Aggregated,39.100000,0.000000,41,47,49,50,52,54,62,70,72,72,72,7851,0,44,45.791842937204734,27.674300000398944,316.1099999997532,2910.1522099095655
1746375669,50,GET,GET /pastes/:slug,35.800000,0.000000,41,47,49,50,52,54,61,64,71,71,71,7108,0,44,45.658531837368,27.674300000398944,316.1099999997532,2910.9466797974114
1746375669,50,POST,POST /pastes,3.000000,0.000000,43,50,52,53,67,70,72,72,72,72,72,780,0,46,46.93578089741561,30.97539999998844,229.4517000000269,2905.2589743589742
1746375669,50,,Aggregated,38.800000,0.000000,41,47,49,50,52,55,63,70,72,72,72,7888,0,44,45.78483182048622,27.674300000398944,316.1099999997532,2910.3842545638945
1746375670,50,GET,GET /pastes/:slug,36.100000,0.000000,43,47,50,51,53,57,63,68,75,75,75,7138,0,44,45.670039310732456,27.674300000398944,316.1099999997532,2911.9347156066124
1746375670,50,POST,POST /pastes,3.100000,0.000000,44,50,52,54,67,70,72,72,72,72,72,782,0,46,46.92864936059359,30.97539999998844,229.4517000000269,2901.4347826086955
1746375670,50,,Aggregated,39.200000,0.000000,43,47,50,51,53,58,64,71,75,75,75,7920,0,44,45.79431116161513,27.674300000398944,316.1099999997532,2910.8979797979796
1746375671,50,GET,GET /pastes/:slug,35.700000,0.000000,41,47,49,50,52,54,59,63,75,75,75,7174,0,44,45.64750369389604,27.674300000398944,316.1099999997532,2911.6232227488154
1746375671,50,POST,POST /pastes,2.900000,0.000000,43,50,50,51,54,59,67,67,67,67,67,786,0,46,46.89755826969954,30.97539999998844,229.4517000000269,2896.4885496183206
1746375671,50,,Aggregated,38.600000,0.000000,42,47,49,50,52,54,59,63,75,75,75,7960,0,44,45.77093873115494,27.674300000398944,316.1099999997532,2910.128768844221
1746375672,50,GET,GET /pastes/:slug,36.000000,0.000000,42,47,49,50,53,55,60,63,75,75,75,7207,0,44,45.63977723047168,27.674300000398944,316.1099999997532,2912.7137505203273
1746375672,50,POST,POST /pastes,2.700000,0.000000,43,48,50,51,55,59,67,67,67,67,67,791,0,46,46.88959203537721,30.97539999998844,229.4517000000269,2897.4816687737043
1746375672,50,,Aggregated,38.700000,0.000000,42,47,49,50,53,55,60,66,75,75,75,7998,0,44,45.76338357089174,27.674300000398944,316.1099999997532,2911.2073018254564
1746375673,50,GET,GET /pastes/:slug,35.700000,0.000000,42,47,49,50,52,54,60,63,75,75,75,7236,0,44,45.6213458264254,27.674300000398944,316.1099999997532,2912.9586788280817
1746375673,50,POST,POST /pastes,2.700000,0.000000,43,49,50,51,55,59,67,67,67,67,67,797,0,46,46.87900376409463,30.97539999998844,229.4517000000269,2902.617314930991
1746375673,50,,Aggregated,38.400000,0.000000,42,47,49,50,53,55,60,66,75,75,75,8033,0,44,45.74612528320639,27.674300000398944,316.1099999997532,2911.9326528071706
1746375674,50,GET,GET /pastes/:slug,35.200000,0.000000,43,47,49,50,53,55,60,63,75,75,75,7274,0,44,45.61199924388429,27.674300000398944,316.1099999997532,2914.8792961231784
1746375674,50,POST,POST /pastes,3.000000,0.000000,42,49,50,51,55,59,67,67,67,67,67,800,0,46,46.84255587498001,30.97539999998844,229.4517000000269,2900.42125
1746375674,50,,Aggregated,38.200000,0.000000,43,47,49,50,53,55,60,66,75,75,75,8074,0,44,45.73392707456002,27.674300000398944,316.1099999997532,2913.4467426306664
1746375675,50,GET,GET /pastes/:slug,34.300000,0.000000,43,47,49,50,53,55,60,63,75,75,75,7310,0,44,45.58878830369585,27.674300000398944,316.1099999997532,2913.7016415868675
1746375675,50,POST,POST /pastes,3.100000,0.000000,43,49,50,51,55,59,67,67,67,67,67,803,0,46,46.82898505602209,30.97539999998844,229.4517000000269,2904.087173100872
1746375675,50,,Aggregated,37.400000,0.000000,43,47,49,50,53,55,60,66,75,75,75,8113,0,44,45.71153919635176,27.674300000398944,316.1099999997532,2912.750030814742
1746375676,50,GET,GET /pastes/:slug,34.200000,0.000000,43,47,49,50,53,55,59,63,75,75,75,7346,0,44,45.576638633272246,27.674300000398944,316.1099999997532,2912.5151102640893
1746375676,50,POST,POST /pastes,3.400000,0.000000,44,48,49,50,55,59,67,67,67,67,67,805,0,46,46.826276894391626,30.97539999998844,229.4517000000269,2904.6832298136646
1746375676,50,,Aggregated,37.600000,0.000000,43,47,49,50,53,55,59,66,75,75,75,8151,0,44,45.70005401791222,27.674300000398944,316.1099999997532,2911.7416267942585
1746375677,50,GET,GET /pastes/:slug,34.000000,0.000000,42,47,49,50,53,55,59,63,75,75,75,7383,0,44,45.551539089803235,27.674300000398944,316.1099999997532,2911.4473791141813
1746375677,50,POST,POST /pastes,3.500000,0.000000,44,48,49,50,55,59,67,67,67,67,67,808,0,45,46.80922376235793,30.97539999998844,229.4517000000269,2904.4381188118814
1746375677,50,,Aggregated,37.500000,0.000000,43,47,49,50,53,55,59,66,75,75,75,8191,0,44,45.675603210841395,27.674300000398944,316.1099999997532,2910.7559516542547
1746375678,50,GET,GET /pastes/:slug,33.800000,0.000000,43,47,49,50,53,55,59,63,75,75,75,7413,0,44,45.539971887227736,27.674300000398944,316.1099999997532,2911.024416565493
1746375678,50,POST,POST /pastes,3.400000,0.000000,44,48,49,50,55,59,67,67,67,67,67,809,0,45,46.799728800970264,30.97539999998844,229.4517000000269,2904.546353522868
1746375678,50,,Aggregated,37.200000,0.000000,43,47,49,50,53,55,60,66,75,75,75,8222,0,44,45.663925103381615,27.674300000398944,316.1099999997532,2910.387010459742
1746375679,50,GET,GET /pastes/:slug,33.500000,0.000000,42,46,49,50,52,54,56,56,66,66,66,7449,0,44,45.53331469996241,27.674300000398944,316.1099999997532,2912.1950597395626
1746375679,50,POST,POST /pastes,3.400000,0.000000,44,47,49,50,53,55,55,55,55,55,55,814,0,45,46.79199557737732,30.97539999998844,229.4517000000269,2906.713759213759
1746375679,50,,Aggregated,36.900000,0.000000,42,46,49,50,52,54,56,56,66,66,66,8263,0,44,45.65730916132213,27.674300000398944,316.1099999997532,2911.6550889507444
1746375680,50,GET,GET /pastes/:slug,34.100000,0.000000,42,46,49,50,52,54,56,56,66,66,66,7486,0,44,45.51959086294696,27.674300000398944,316.1099999997532,2913.7237510018704
1746375680,50,POST,POST /pastes,3.400000,0.000000,45,49,51,53,55,58,62,62,62,62,62,820,0,46,46.83518060974055,30.97539999998844,229.4517000000269,2904.7536585365856
1746375680,50,,Aggregated,37.500000,0.000000,42,47,49,50,52,55,56,58,66,66,66,8306,0,44,45.64947090055475,27.674300000398944,316.1099999997532,2912.8381892607754
1746375681,50,GET,GET /pastes/:slug,34.000000,0.000000,42,46,49,50,52,53,56,56,66,66,66,7517,0,44,45.499999121993156,27.674300000398944,316.1099999997532,2913.7496341625647
1746375681,50,POST,POST /pastes,3.400000,0.000000,45,49,52,53,56,60,62,62,62,62,62,825,0,46,46.84198557574498,30.97539999998844,229.4517000000269,2904.9672727272728
1746375681,50,,Aggregated,37.400000,0.000000,42,47,49,50,52,54,56,59,66,66,66,8342,0,44,45.632717753537726,27.674300000398944,316.1099999997532,2912.88108367298
1746375682,50,GET,GET /pastes/:slug,33.800000,0.000000,42,46,49,50,52,53,56,56,59,59,59,7553,0,44,45.48768871971693,27.674300000398944,316.1099999997532,2913.118098768701
1746375682,50,POST,POST /pastes,3.600000,0.000000,44,49,52,53,56,60,62,62,62,62,62,831,0,45,46.82130890492174,30.97539999998844,229.4517000000269,2907.4572803850783
1746375682,50,,Aggregated,37.400000,0.000000,42,46,49,50,52,54,56,58,62,62,62,8384,0,44,45.61987364026856,27.674300000398944,316.1099999997532,2912.5570133587785
1746375683,50,GET,GET /pastes/:slug,33.200000,0.000000,42,46,49,50,52,54,56,56,59,59,59,7587,0,44,45.470886753660466,27.674300000398944,316.1099999997532,2913.290233293792
1746375683,50,POST,POST /pastes,3.900000,0.000000,45,49,52,53,56,60,62,62,62,62,62,836,0,45,46.78582583730975,30.97539999998844,229.4517000000269,2903.4545454545455
1746375683,50,,Aggregated,37.100000,0.000000,42,46,49,50,52,54,56,58,62,62,62,8423,0,44,45.6013971506604,27.674300000398944,316.1099999997532,2912.314021132613
1746375684,50,GET,GET /pastes/:slug,34.900000,0.000000,41,46,49,50,52,53,56,56,59,59,59,7621,0,44,45.453829484322526,27.674300000398944,316.1099999997532,2914.042776538512
1746375684,50,POST,POST /pastes,3.800000,0.000000,45,49,52,53,56,60,62,62,62,62,62,841,0,45,46.76996504160589,30.97539999998844,229.4517000000269,2903.580261593341
1746375684,50,,Aggregated,38.700000,0.000000,42,46,49,50,52,54,56,58,62,62,62,8462,0,44,45.584634259041856,27.674300000398944,316.1099999997532,2913.002954384306
1746375685,50,GET,GET /pastes/:slug,34.800000,0.000000,41,46,48,50,52,53,56,57,63,63,63,7654,0,44,45.44059730860002,27.674300000398944,316.1099999997532,2913.954794878495
1746375685,50,POST,POST /pastes,4.100000,0.000000,45,49,52,53,56,60,62,62,62,62,62,843,0,45,46.75600771054569,30.97539999998844,229.4517000000269,2903.2336892052194
1746375685,50,,Aggregated,38.900000,0.000000,42,46,49,50,52,54,56,59,63,63,63,8497,0,44,45.5711011298122,27.674300000398944,316.1099999997532,2912.891138048723
1746375686,50,GET,GET /pastes/:slug,34.600000,0.000000,42,46,49,50,52,54,56,58,63,63,63,7697,0,44,45.42738207093974,27.674300000398944,316.1099999997532,2913.621540860075
1746375686,50,POST,POST /pastes,3.800000,0.000000,44,49,52,53,56,60,62,62,62,62,62,843,0,45,46.75600771054569,30.97539999998844,229.4517000000269,2903.2336892052194
1746375686,50,,Aggregated,38.400000,0.000000,42,46,49,50,52,55,57,60,63,63,63,8540,0,44,45.558533290399644,27.674300000398944,316.1099999997532,2912.5961358313816
1746375687,50,GET,GET /pastes/:slug,35.000000,0.000000,42,46,49,50,52,55,57,58,63,63,63,7730,0,44,45.418422393276195,27.674300000398944,316.1099999997532,2913.689909443726
1746375687,50,POST,POST /pastes,3.900000,0.000000,45,49,53,54,58,62,69,69,69,69,69,845,0,45,46.77149053253172,30.97539999998844,229.4517000000269,2904.8094674556214
1746375687,50,,Aggregated,38.900000,0.000000,42,46,49,50,53,55,58,60,69,69,69,8575,0,44,45.551756804666354,27.674300000398944,316.1099999997532,2912.8148104956267
1746375688,50,GET,GET /pastes/:slug,34.900000,0.000000,41,46,48,50,52,54,56,57,63,63,63,7769,0,44,45.397014557861816,27.674300000398944,316.1099999997532,2913.232719783756
1746375688,50,POST,POST /pastes,3.900000,0.000000,45,49,53,54,58,62,69,69,69,69,69,848,0,45,46.766015094327564,30.97539999998844,229.4517000000269,2902.573113207547
1746375688,50,,Aggregated,38.800000,0.000000,42,46,49,50,53,55,57,60,69,69,69,8617,0,44,45.5317380642936,27.674300000398944,316.1099999997532,2912.183706626436
1746375689,50,GET,GET /pastes/:slug,35.200000,0.000000,41,46,48,50,53,55,63,81,120,120,120,7804,0,44,45.41998357253063,27.674300000398944,316.1099999997532,2913.2068170169146
1746375689,50,POST,POST /pastes,3.900000,0.000000,45,49,54,54,58,62,69,69,69,69,69,852,0,45,46.77799647886129,30.97539999998844,229.4517000000269,2906.6784037558687
1746375689,50,,Aggregated,39.100000,0.000000,42,46,49,50,53,56,63,81,120,120,120,8656,0,44,45.55365120148089,27.674300000398944,316.1099999997532,2912.5642329020334
1746375690,50,GET,GET /pastes/:slug,35.100000,0.000000,41,46,48,50,53,55,63,81,120,120,120,7837,0,44,45.400811241550294,27.674300000398944,316.1099999997532,2913.2370805155033
1746375690,50,POST,POST /pastes,3.700000,0.000000,43,46,52,54,55,57,69,69,69,69,69,855,0,45,46.76554631577777,30.97539999998844,229.4517000000269,2903.892397660819
1746375690,50,,Aggregated,38.800000,0.000000,41,46,48,50,53,55,63,81,120,120,120,8692,0,44,45.53505520018631,27.674300000398944,316.1099999997532,2912.317878508974
1746375691,50,GET,GET /pastes/:slug,35.300000,0.000000,41,46,48,50,53,55,67,81,120,120,120,7879,0,44,45.388772559973354,27.674300000398944,316.1099999997532,2913.1896179718237
1746375691,50,POST,POST /pastes,3.800000,0.000000,42,48,54,54,56,57,69,69,69,69,69,856,0,45,46.76076320092379,30.97539999998844,229.4517000000269,2903.2955607476633
1746375691,50,,Aggregated,39.100000,0.000000,41,46,48,50,53,56,67,81,120,120,120,8735,0,44,45.523222930740765,27.674300000398944,316.1099999997532,2912.2200343445907
1746375692,50,GET,GET /pastes/:slug,35.200000,0.000000,41,46,48,50,53,56,67,81,120,120,120,7908,0,44,45.37321917046414,27.674300000398944,316.1099999997532,2911.6599645928172
1746375692,50,POST,POST /pastes,3.600000,0.000000,43,48,54,54,57,59,69,69,69,69,69,861,0,45,46.758661672461116,30.97539999998844,229.4517000000269,2905.6341463414633
1746375692,50,,Aggregated,38.800000,0.000000,41,46,48,50,53,56,67,81,120,120,120,8769,0,44,45.50925132854592,27.674300000398944,316.1099999997532,2911.068308815144
1746375693,50,GET,GET /pastes/:slug,36.200000,0.000000,41,46,49,50,53,56,78,81,120,120,120,7945,0,44,45.37603942102409,27.674300000398944,316.1099999997532,2910.1234738829453
1746375693,50,POST,POST /pastes,3.300000,0.000000,43,50,53,55,57,59,69,69,69,69,69,867,0,45,46.76429976930714,30.97539999998844,229.4517000000269,2911.955017301038
1746375693,50,,Aggregated,39.500000,0.000000,42,46,49,51,54,57,69,81,120,120,120,8812,0,44,45.51262835905873,27.674300000398944,316.1099999997532,2910.3036768043576
1746375694,50,GET,GET /pastes/:slug,35.200000,0.000000,43,47,49,51,53,56,78,81,120,120,120,7976,0,44,45.36917785857969,27.674300000398944,316.1099999997532,2911.636033099298
1746375694,50,POST,POST /pastes,3.000000,0.000000,45,50,53,54,56,59,69,69,69,69,69,874,0,45,46.742716361544396,30.97539999998844,229.4517000000269,2907.3135011441645
1746375694,50,,Aggregated,38.200000,0.000000,43,47,49,51,54,56,69,81,120,120,120,8850,0,44,45.50482448587812,27.674300000398944,316.1099999997532,2911.209152542373
1746375695,50,GET,GET /pastes/:slug,35.500000,0.000000,42,47,49,50,53,56,78,81,120,120,120,8006,0,44,45.34781917312467,27.674300000398944,316.1099999997532,2910.953909567824
1746375695,50,POST,POST /pastes,2.900000,0.000000,45,50,53,54,57,59,69,69,69,69,69,883,0,45,46.73520962626208,30.97539999998844,229.4517000000269,2909.003397508494
1746375695,50,,Aggregated,38.400000,0.000000,42,47,49,51,54,57,69,81,120,120,120,8889,0,44,45.485637349536006,27.674300000398944,316.1099999997532,2910.7601529980875
1746375696,50,GET,GET /pastes/:slug,36.100000,0.000000,41,46,48,50,53,56,78,81,120,120,120,8040,0,44,45.333125870650875,27.674300000398944,316.1099999997532,2911.9874378109453
1746375696,50,POST,POST /pastes,3.200000,0.000000,45,49,51,53,55,57,59,59,59,59,59,888,0,45,46.71349335584379,30.97539999998844,229.4517000000269,2907.5146396396394
1746375696,50,,Aggregated,39.300000,0.000000,42,47,49,50,53,56,67,81,120,120,120,8928,0,44,45.47042048611361,27.674300000398944,316.1099999997532,2911.5425627240143
1746375697,50,GET,GET /pastes/:slug,35.100000,0.000000,41,46,49,50,53,56,78,81,120,120,120,8078,0,44,45.310602748209206,27.674300000398944,316.1099999997532,2911.672815053231
1746375697,50,POST,POST /pastes,3.700000,0.000000,45,49,51,53,55,57,59,59,59,59,59,890,0,45,46.687622584257944,30.97539999998844,229.4517000000269,2906.550561797753
1746375697,50,,Aggregated,38.800000,0.000000,41,47,49,50,53,56,67,81,120,120,120,8968,0,44,45.44726060437372,27.674300000398944,316.1099999997532,2911.1644736842104
1746375698,50,GET,GET /pastes/:slug,33.900000,0.000000,41,47,49,50,53,56,78,81,120,120,120,8115,0,44,45.29682147874754,27.674300000398944,316.1099999997532,2913.624029574861
1746375698,50,POST,POST /pastes,4.300000,0.000000,43,48,50,52,55,56,59,59,59,59,59,895,0,45,46.644176983230786,30.97539999998844,229.4517000000269,2909.249162011173
1746375698,50,,Aggregated,38.200000,0.000000,41,47,49,50,53,56,67,81,120,120,120,9010,0,44,45.430659789126274,27.674300000398944,316.1099999997532,2913.1894561598224
1746375699,50,GET,GET /pastes/:slug,34.600000,0.000000,41,46,48,50,52,54,58,61,81,81,81,8148,0,44,45.28593389789336,27.674300000398944,316.1099999997532,2913.1196612665685
1746375699,50,POST,POST /pastes,4.300000,0.000000,43,47,50,50,54,56,59,59,59,59,59,898,0,45,46.632312917584635,30.97539999998844,229.4517000000269,2904.801781737194
1746375699,50,,Aggregated,38.900000,0.000000,41,46,48,50,53,54,58,61,81,81,81,9046,0,44,45.41958947601438,27.674300000398944,316.1099999997532,2912.293942073845
1746375700,50,GET,GET /pastes/:slug,33.300000,0.000000,41,46,48,50,52,54,57,61,81,81,81,8179,0,44,45.270467771125396,27.674300000398944,316.1099999997532,2911.8055997065658
1746375700,50,POST,POST /pastes,4.700000,0.000000,43,47,50,50,53,55,59,59,59,59,59,903,0,45,46.596414064222664,30.97539999998844,229.4517000000269,2908.3233665559246
1746375700,50,,Aggregated,38.000000,0.000000,41,46,48,50,52,54,57,61,81,81,81,9082,0,44,45.4023032151539,27.674300000398944,316.1099999997532,2911.459370182779
1746375701,50,GET,GET /pastes/:slug,34.300000,0.000000,41,46,48,50,52,54,58,61,81,81,81,8215,0,44,45.256637601952114,27.674300000398944,316.1099999997532,2912.9799147900185
1746375701,50,POST,POST /pastes,4.600000,0.000000,41,46,49,50,52,54,57,57,57,57,57,907,0,45,46.55613925026834,30.97539999998844,229.4517000000269,2911.898566703418
1746375701,50,,Aggregated,38.900000,0.000000,41,46,48,50,52,54,57,61,81,81,81,9122,0,44,45.38584698531353,27.674300000398944,316.1099999997532,2912.8723964042974
1746375702,50,GET,GET /pastes/:slug,33.700000,0.000000,40,46,48,49,52,53,56,58,81,81,81,8247,0,44,45.24474039044899,27.674300000398944,316.1099999997532,2911.9552564568935
1746375702,50,POST,POST /pastes,4.800000,0.000000,41,45,48,49,52,53,57,57,57,57,57,908,0,45,46.555078303956606,30.97539999998844,229.4517000000269,2909.59140969163
1746375702,50,,Aggregated,38.500000,0.000000,41,46,48,49,52,53,56,58,81,81,81,9155,0,44,45.374700720920316,27.674300000398944,316.1099999997532,2911.720808301475
1746375703,50,GET,GET /pastes/:slug,33.300000,0.000000,39,45,48,49,51,53,55,57,64,64,64,8288,0,44,45.22369677847867,27.674300000398944,316.1099999997532,2912.107384169884
1746375703,50,POST,POST /pastes,4.900000,0.000000,39,45,47,49,51,52,57,57,57,57,57,912,0,45,46.5091926535014,30.97539999998844,229.4517000000269,2906.1513157894738
1746375703,50,,Aggregated,38.200000,0.000000,39,45,48,49,51,53,55,57,64,64,64,9200,0,44,45.35112854348093,27.674300000398944,316.1099999997532,2911.5169565217393
1746375704,50,GET,GET /pastes/:slug,33.300000,0.000000,40,46,48,49,52,53,55,57,64,64,64,8318,0,44,45.21113832652467,27.674300000398944,316.1099999997532,2912.7204856936764
1746375704,50,POST,POST /pastes,4.900000,0.000000,39,45,46,48,51,53,54,54,54,54,54,916,0,45,46.51083722706757,30.97539999998844,229.4517000000269,2904.8515283842794
1746375704,50,,Aggregated,38.200000,0.000000,39,46,48,49,51,53,54,57,64,64,64,9234,0,44,45.34006665583995,27.674300000398944,316.1099999997532,2911.9398960363874
1746375705,50,GET,GET /pastes/:slug,33.200000,0.000000,40,46,48,49,52,53,55,57,64,64,64,8358,0,44,45.1930170016784,27.674300000398944,316.1099999997532,2913.3937544867194
1746375705,50,POST,POST /pastes,4.600000,0.000000,39,42,45,46,51,52,53,53,53,53,53,919,0,45,46.508529923824476,30.97539999998844,229.4517000000269,2905.170837867247
1746375705,50,,Aggregated,37.800000,0.000000,39,45,48,49,52,53,54,57,64,64,64,9277,0,44,45.3233346017056,27.674300000398944,316.1099999997532,2912.5791743020372
1746375706,50,GET,GET /pastes/:slug,33.700000,0.000000,40,46,48,49,52,53,55,56,64,64,64,8399,0,44,45.17045945946317,27.674300000398944,316.1099999997532,2913.5691153708776
1746375706,50,POST,POST /pastes,4.400000,0.000000,39,41,45,46,51,52,53,53,53,53,53,921,0,45,46.489669815413045,30.97539999998844,229.4517000000269,2904.3333333333335
1746375706,50,,Aggregated,38.100000,0.000000,39,45,48,49,51,53,54,56,64,64,64,9320,0,44,45.30082348712732,27.674300000398944,316.1099999997532,2912.6564377682403
1746375707,50,GET,GET /pastes/:slug,34.400000,0.000000,40,46,48,49,52,53,55,57,64,64,64,8428,0,44,45.158469304702585,27.674300000398944,316.1099999997532,2914.361651637399
1746375707,50,POST,POST /pastes,3.800000,0.000000,39,45,46,50,52,53,57,57,57,57,57,927,0,45,46.48627227615383,30.97539999998844,229.4517000000269,2903.556634304207
1746375707,50,,Aggregated,38.200000,0.000000,40,46,48,49,52,53,55,57,64,64,64,9355,0,44,45.290043153396894,27.674300000398944,316.1099999997532,2913.290967397114
1746375708,50,GET,GET /pastes/:slug,35.900000,0.000000,40,46,48,49,52,53,55,56,58,58,58,8458,0,44,45.1503495152562,27.674300000398944,316.1099999997532,2913.605462284228
1746375708,50,POST,POST /pastes,3.500000,0.000000,39,45,46,50,52,53,57,57,57,57,57,930,0,45,46.46346430107016,30.97539999998844,229.4517000000269,2905.0978494623655
1746375708,50,,Aggregated,39.400000,0.000000,40,45,48,49,52,53,55,57,58,58,58,9388,0,44,45.28043012356544,27.674300000398944,316.1099999997532,2912.762675756285
1746375709,50,GET,GET /pastes/:slug,35.200000,0.000000,40,45,48,49,51,53,55,56,58,58,58,8493,0,44,45.131241869779736,27.674300000398944,316.1099999997532,2913.5483339220536
1746375709,50,POST,POST /pastes,3.300000,0.000000,40,46,48,50,52,53,57,57,57,57,57,938,0,45,46.43138731342969,30.97539999998844,229.4517000000269,2897.791044776119
1746375709,50,,Aggregated,38.500000,0.000000,40,46,48,49,51,53,55,57,58,58,58,9431,0,44,45.26055333475097,27.674300000398944,316.1099999997532,2911.981126073587
1746375710,50,GET,GET /pastes/:slug,35.800000,0.000000,40,46,48,49,52,53,55,56,61,61,61,8531,0,44,45.1186494197676,27.674300000398944,316.1099999997532,2913.3123901066697
1746375710,50,POST,POST /pastes,3.400000,0.000000,40,46,48,50,52,53,57,57,57,57,57,940,0,45,46.421513829784786,30.97539999998844,229.4517000000269,2899.6255319148936
1746375710,50,,Aggregated,39.200000,0.000000,40,46,48,49,52,53,55,57,61,61,61,9471,0,44,45.24795915954336,27.674300000398944,316.1099999997532,2911.9539647344527
1746375711,50,GET,GET /pastes/:slug,34.000000,0.000000,40,45,48,49,52,54,55,58,65,65,65,8565,0,44,45.10904308231627,27.674300000398944,316.1099999997532,2912.8309398715705
1746375711,50,POST,POST /pastes,3.800000,0.000000,40,46,48,50,52,53,57,57,57,57,57,941,0,45,46.40870329436578,30.97539999998844,229.4517000000269,2900.9383634431456
1746375711,50,,Aggregated,37.800000,0.000000,40,46,48,49,52,53,55,58,65,65,65,9506,0,44,45.237696591630254,27.674300000398944,316.1099999997532,2911.653692404797
1746375712,50,GET,GET /pastes/:slug,34.900000,0.000000,41,46,48,49,52,54,55,58,65,65,65,8602,0,44,45.096546977451894,27.674300000398944,316.1099999997532,2912.127760985817
1746375712,50,POST,POST /pastes,3.900000,0.000000,42,48,50,51,53,56,57,57,57,57,57,948,0,45,46.40643512658063,30.97539999998844,229.4517000000269,2897.1677215189875
1746375712,50,,Aggregated,38.800000,0.000000,41,46,48,50,52,54,56,58,65,65,65,9550,0,44,45.22657566492562,27.674300000398944,316.1099999997532,2910.642722513089
1746375713,50,GET,GET /pastes/:slug,35.300000,0.000000,41,45,47,49,52,54,55,58,65,65,65,8631,0,44,45.0832290117066,27.674300000398944,316.1099999997532,2912.943807206581
1746375713,50,POST,POST /pastes,3.600000,0.000000,40,47,50,51,53,56,57,57,57,57,57,953,0,45,46.38405561384962,30.97539999998844,229.4517000000269,2899.146904512067
1746375713,50,,Aggregated,38.900000,0.000000,41,46,48,49,52,54,55,58,65,65,65,9584,0,44,45.21257873539631,27.674300000398944,316.1099999997532,2911.571890651085
1746375714,50,GET,GET /pastes/:slug,34.800000,0.000000,41,46,47,49,52,54,57,61,67,67,67,8668,0,43,45.07450707199381,27.674300000398944,316.1099999997532,2911.6080987540377
1746375714,50,POST,POST /pastes,3.800000,0.000000,40,46,50,51,53,56,57,57,57,57,57,956,0,45,46.358129811714086,30.97539999998844,229.4517000000269,2897.875523012552
1746375714,50,,Aggregated,38.600000,0.000000,41,46,47,49,52,54,57,61,67,67,67,9624,0,44,45.20201573150882,27.674300000398944,316.1099999997532,2910.243973399834
1746375715,50,GET,GET /pastes/:slug,34.700000,0.000000,41,46,48,49,52,54,57,61,67,67,67,8703,0,43,45.06286003677381,27.674300000398944,316.1099999997532,2911.905320004596
1746375715,50,POST,POST /pastes,4.000000,0.000000,40,46,50,51,53,55,57,57,57,57,57,959,0,45,46.36055766423226,30.97539999998844,229.4517000000269,2897.672575599583
1746375715,50,,Aggregated,38.700000,0.000000,41,46,48,50,52,54,57,61,67,67,67,9662,0,44,45.191662771687156,27.674300000398944,316.1099999997532,2910.4926516249225
1746375716,50,GET,GET /pastes/:slug,34.300000,0.000000,41,46,48,50,52,54,57,61,67,67,67,8740,0,43,45.043893112133226,27.674300000398944,316.1099999997532,2912.633409610984
1746375716,50,POST,POST /pastes,3.900000,0.000000,40,47,50,51,53,55,57,57,57,57,57,962,0,45,46.347965800414535,30.97539999998844,229.4517000000269,2897.995841995842
1746375716,50,,Aggregated,38.200000,0.000000,41,46,48,50,52,54,57,61,67,67,67,9702,0,44,45.17319819625265,27.674300000398944,316.1099999997532,2911.1820243248817
1746375717,50,GET,GET /pastes/:slug,34.500000,0.000000,40,46,48,50,52,54,58,61,67,67,67,8773,0,43,45.030351954866376,27.674300000398944,316.1099999997532,2911.9148523880085
1746375717,50,POST,POST /pastes,3.900000,0.000000,40,47,50,51,53,55,56,56,56,56,56,965,0,45,46.34625626942881,30.97539999998844,229.4517000000269,2897.358549222798
1746375717,50,,Aggregated,38.400000,0.000000,40,46,48,50,52,54,57,61,67,67,67,9738,0,44,45.16075323475472,27.674300000398944,316.1099999997532,2910.4723762579583
1746375718,50,GET,GET /pastes/:slug,33.900000,0.000000,41,46,48,50,52,54,58,63,67,67,67,8805,0,43,45.0176169789939,27.674300000398944,316.1099999997532,2912.064622373651
1746375718,50,POST,POST /pastes,4.000000,0.000000,42,45,48,51,53,55,56,56,56,56,56,968,0,45,46.33530971074292,30.97539999998844,229.4517000000269,2897.034090909091
1746375718,50,,Aggregated,37.900000,0.000000,41,46,48,50,52,54,58,63,67,67,67,9773,0,44,45.14813233398551,27.674300000398944,316.1099999997532,2910.575872301238
1746375719,50,GET,GET /pastes/:slug,33.500000,0.000000,40,46,48,49,51,54,58,63,67,67,67,8838,0,43,44.99785968545411,27.674300000398944,316.1099999997532,2910.9124236252546
1746375719,50,POST,POST /pastes,4.200000,0.000000,42,48,51,52,53,55,56,56,56,56,56,971,0,45,46.32830072090605,30.97539999998844,229.4517000000269,2891.722966014418
1746375719,50,,Aggregated,37.700000,0.000000,40,46,48,50,52,54,58,63,67,67,67,9809,0,44,45.12956100520371,27.674300000398944,316.1099999997532,2909.0128453461107
1746375720,50,GET,GET /pastes/:slug,34.000000,0.000000,40,46,48,49,51,53,57,63,67,67,67,8879,0,43,44.981234046632046,27.674300000398944,316.1099999997532,2910.045838495326
1746375720,50,POST,POST /pastes,4.000000,0.000000,42,48,51,52,53,55,56,56,56,56,56,973,0,45,46.317105652620384,30.97539999998844,229.4517000000269,2892.686536485098
1746375720,50,,Aggregated,38.000000,0.000000,40,46,48,49,52,53,56,63,67,67,67,9852,0,44,45.11316696102778,27.674300000398944,316.1099999997532,2908.3314047909053
1746375721,50,GET,GET /pastes/:slug,34.200000,0.000000,40,46,48,49,51,53,55,61,67,67,67,8906,0,43,44.97136839210047,27.674300000398944,316.1099999997532,2911.052099708062
1746375721,50,POST,POST /pastes,3.500000,0.000000,42,45,48,51,52,53,55,55,55,55,55,975,0,45,46.30753743589781,30.97539999998844,229.4517000000269,2892.289230769231
1746375721,50,,Aggregated,37.700000,0.000000,40,46,48,49,51,53,55,61,67,67,67,9881,0,44,45.10321383463691,27.674300000398944,316.1099999997532,2909.2006881894545
1746375722,50,GET,GET /pastes/:slug,33.900000,0.000000,40,46,49,50,53,57,66,69,120,120,120,8945,0,43,45.00567627725503,27.674300000398944,316.1099999997532,2909.469983230855
1746375722,50,POST,POST /pastes,3.300000,0.000000,44,48,52,52,57,64,85,85,85,85,85,980,0,45,46.388098877552544,30.97539999998844,229.4517000000269,2896.5622448979593
1746375722,50,,Aggregated,37.200000,0.000000,41,46,49,50,53,57,66,69,120,120,120,9925,0,44,45.14217745088643,27.674300000398944,316.1099999997532,2908.1954659949624
1746375723,50,GET,GET /pastes/:slug,33.900000,0.000000,42,47,49,50,53,59,67,69,120,120,120,8973,0,43,45.01172627884206,27.674300000398944,316.1099999997532,2908.844979382592
1746375723,50,POST,POST /pastes,3.200000,0.000000,45,51,55,55,59,73,85,85,85,85,85,985,0,45,46.42802131980014,30.97539999998844,229.4517000000269,2898.395939086294
1746375723,50,,Aggregated,37.100000,0.000000,43,47,50,51,54,61,67,74,120,120,120,9958,0,44,45.151819732883425,27.674300000398944,316.1099999997532,2907.8114079132356
1746375724,50,GET,GET /pastes/:slug,34.200000,0.000000,43,47,49,50,53,58,67,69,120,120,120,9010,0,43,45.01067650389009,27.674300000398944,316.1099999997532,2908.1254162042173
1746375724,50,POST,POST /pastes,3.100000,0.000000,45,50,52,55,59,73,85,85,85,85,85,990,0,45,46.393359494952094,30.97539999998844,229.4517000000269,2900.8555555555554
1746375724,50,,Aggregated,37.300000,0.000000,43,47,50,51,54,59,67,74,120,120,120,10000,0,44,45.14756212000524,27.674300000398944,316.1099999997532,2907.4057
1746375725,50,GET,GET /pastes/:slug,34.300000,0.000000,43,47,49,50,54,58,67,69,120,120,120,9041,0,43,45.00666516978754,27.674300000398944,316.1099999997532,2908.021568410574
1746375725,50,POST,POST /pastes,3.000000,0.000000,44,50,52,55,59,73,85,85,85,85,85,992,0,45,46.37740100806714,30.97539999998844,229.4517000000269,2899.5362903225805
1746375725,50,,Aggregated,37.300000,0.000000,44,48,50,51,54,60,67,74,120,120,120,10033,0,44,45.14219491677981,27.674300000398944,316.1099999997532,2907.182597428486
1746375726,50,GET,GET /pastes/:slug,33.900000,0.000000,44,48,50,51,54,60,67,69,120,120,120,9079,0,43,45.00532797665477,27.674300000398944,316.1099999997532,2907.1451701729266
1746375726,50,POST,POST /pastes,3.400000,0.000000,43,49,52,55,59,73,85,85,85,85,85,995,0,45,46.35926834171141,30.97539999998844,229.4517000000269,2899.0361809045226
1746375726,50,,Aggregated,37.300000,0.000000,44,48,50,51,55,61,67,74,120,120,120,10074,0,44,45.13905545960409,27.674300000398944,316.1099999997532,2906.3442525312685
1746375727,50,GET,GET /pastes/:slug,33.600000,0.000000,44,48,50,52,55,60,67,74,120,120,120,9107,0,43,45.00952131328072,27.674300000398944,316.1099999997532,2906.6106291863402
1746375727,50,POST,POST /pastes,3.400000,0.000000,42,48,52,55,59,73,85,85,85,85,85,998,0,45,46.344968737478254,30.97539999998844,229.4517000000269,2900.2725450901803
1746375727,50,,Aggregated,37.000000,0.000000,44,48,50,52,56,61,69,83,120,120,120,10105,0,44,45.14141409203869,27.674300000398944,316.1099999997532,2905.9846610588816
1746375728,50,GET,GET /pastes/:slug,34.000000,0.000000,44,48,50,52,56,61,67,74,120,120,120,9147,0,43,44.99919846944841,27.674300000398944,316.1099999997532,2905.454247294195
1746375728,50,POST,POST /pastes,3.100000,0.000000,42,48,52,57,59,73,85,85,85,85,85,1002,0,45,46.35221357285716,30.97539999998844,229.4517000000269,2895.2894211576845
1746375728,50,,Aggregated,37.100000,0.000000,44,48,51,52,57,62,69,83,120,120,120,10149,0,44,45.13278021480418,27.674300000398944,316.1099999997532,2904.4506847965317
1746375729,50,GET,GET /pastes/:slug,33.900000,0.000000,44,49,51,53,56,62,67,74,120,120,120,9183,0,43,44.99572238920216,27.674300000398944,316.1099999997532,2904.7777414788197
1746375729,50,POST,POST /pastes,3.200000,0.000000,45,49,55,57,59,73,85,85,85,85,85,1006,0,45,46.35099145129528,30.97539999998844,229.4517000000269,2897.0427435387674
1746375729,50,,Aggregated,37.100000,0.000000,44,49,51,53,57,62,69,83,120,120,120,10189,0,44,45.12953342821147,27.674300000398944,316.1099999997532,2904.0140347433507
1746375730,50,GET,GET /pastes/:slug,33.100000,0.000000,45,49,52,53,57,62,67,74,120,120,120,9219,0,43,44.989949549847175,27.674300000398944,316.1099999997532,2903.4529775463716
1746375730,50,POST,POST /pastes,3.200000,0.000000,45,50,55,57,59,73,85,85,85,85,85,1008,0,45,46.35154702381197,30.97539999998844,229.4517000000269,2899.3630952380954
1746375730,50,,Aggregated,36.300000,0.000000,45,49,52,53,57,62,69,83,120,120,120,10227,0,44,45.124152175617844,27.674300000398944,316.1099999997532,2903.04986799648
1746375731,50,GET,GET /pastes/:slug,34.300000,0.000000,45,49,51,53,57,62,67,74,120,120,120,9251,0,43,44.97814796238678,27.674300000398944,316.1099999997532,2903.702194357367
1746375731,50,POST,POST /pastes,3.400000,0.000000,45,50,53,55,59,73,85,85,85,85,85,1011,0,45,46.353139169141926,30.97539999998844,229.4517000000269,2897.100890207715
1746375731,50,,Aggregated,37.700000,0.000000,45,49,51,53,57,62,69,83,120,120,120,10262,0,44,45.11361045605561,27.674300000398944,316.1099999997532,2903.051841746248
1746375732,50,GET,GET /pastes/:slug,34.600000,0.000000,44,48,50,52,54,58,63,63,83,83,83,9284,0,43,44.97432708962103,27.674300000398944,316.1099999997532,2904.33380008617
1746375732,50,POST,POST /pastes,3.400000,0.000000,45,50,51,52,57,59,73,73,73,73,73,1017,0,45,46.35770452310974,30.97539999998844,229.4517000000269,2896.37069813176
1746375732,50,,Aggregated,38.000000,0.000000,44,48,50,52,54,58,63,67,83,83,83,10301,0,44,45.11090556257104,27.674300000398944,316.1099999997532,2903.547616736239
1746375733,50,GET,GET /pastes/:slug,34.000000,0.000000,43,48,50,51,54,57,62,63,83,83,83,9318,0,43,44.9601771517541,27.674300000398944,316.1099999997532,2903.323138012449
1746375733,50,POST,POST /pastes,3.800000,0.000000,42,48,50,50,53,55,57,57,57,57,57,1024,0,45,46.310170605472045,30.97539999998844,229.4517000000269,2898.642578125
1746375733,50,,Aggregated,37.800000,0.000000,43,48,50,51,54,57,61,63,83,83,83,10342,0,44,45.09384503964881,27.674300000398944,316.1099999997532,2902.8596983175403
1746375734,50,GET,GET /pastes/:slug,34.100000,0.000000,43,47,49,51,54,57,62,63,83,83,83,9356,0,43,44.95380834758949,27.674300000398944,316.1099999997532,2904.5370884993586
1746375734,50,POST,POST /pastes,3.800000,0.000000,44,49,50,50,53,55,57,57,57,57,57,1026,0,45,46.304248732946704,30.97539999998844,229.4517000000269,2897.361598440546
1746375734,50,,Aggregated,37.900000,0.000000,43,47,49,51,54,56,61,63,83,83,83,10382,0,44,45.08726546908596,27.674300000398944,316.1099999997532,2903.827971489116
1746375735,50,GET,GET /pastes/:slug,33.700000,0.000000,43,48,49,51,54,57,62,63,83,83,83,9392,0,43,44.949866205286455,27.674300000398944,316.1099999997532,2904.3106899488926
1746375735,50,POST,POST /pastes,3.700000,0.000000,45,50,50,51,53,55,57,57,57,57,57,1028,0,45,46.308298346307325,30.97539999998844,229.4517000000269,2896.88813229572
1746375735,50,,Aggregated,37.400000,0.000000,43,48,50,51,54,57,61,63,83,83,83,10420,0,44,45.083884270638606,27.674300000398944,316.1099999997532,2903.578406909789
1746375736,50,GET,GET /pastes/:slug,34.200000,0.000000,43,47,49,50,53,55,59,62,63,63,63,9429,0,43,44.94135856400993,27.674300000398944,316.1099999997532,2903.4057694347225
1746375736,50,POST,POST /pastes,3.700000,0.000000,47,50,50,51,53,55,57,57,57,57,57,1031,0,45,46.304716197870036,30.97539999998844,229.4517000000269,2899.9941804073715
1746375736,50,,Aggregated,37.900000,0.000000,43,48,49,50,53,55,58,62,63,63,63,10460,0,44,45.075739225626556,27.674300000398944,316.1099999997532,2903.069502868069
1746375737,50,GET,GET /pastes/:slug,34.300000,0.000000,42,47,49,50,53,55,59,62,63,63,63,9459,0,43,44.92934529020499,27.674300000398944,316.1099999997532,2902.0973675864257
1746375737,50,POST,POST /pastes,3.600000,0.000000,45,50,50,51,53,55,57,57,57,57,57,1036,0,45,46.29175627413583,30.97539999998844,229.4517000000269,2903.2480694980695
1746375737,50,,Aggregated,37.900000,0.000000,42,47,49,50,53,55,58,62,63,63,63,10495,0,44,45.063833882806456,27.674300000398944,316.1099999997532,2902.2109575988566
1746375738,50,GET,GET /pastes/:slug,34.200000,0.000000,42,47,49,50,53,55,58,59,63,63,63,9494,0,43,44.92751602065005,27.674300000398944,316.1099999997532,2903.9710343374763
1746375738,50,POST,POST /pastes,3.600000,0.000000,44,50,50,51,53,55,55,55,55,55,55,1045,0,45,46.24539990431151,30.97539999998844,229.4517000000269,2901.9674641148326
1746375738,50,,Aggregated,37.800000,0.000000,42,47,49,50,53,55,57,59,63,63,63,10539,0,44,45.0581914792729,27.674300000398944,316.1099999997532,2903.7723692949994
1746375739,50,GET,GET /pastes/:slug,34.600000,0.000000,42,47,49,50,53,55,57,58,63,63,63,9521,0,43,44.92264443861498,27.674300000398944,316.1099999997532,2904.5817666211533
1746375739,50,POST,POST /pastes,3.600000,0.000000,43,50,50,51,52,53,55,55,55,55,55,1050,0,45,46.230773714291686,30.97539999998844,229.4517000000269,2898.461904761905
1746375739,50,,Aggregated,38.200000,0.000000,42,47,49,50,53,55,57,58,63,63,63,10571,0,44,45.052578762658165,27.674300000398944,316.1099999997532,2903.973890833412
1746375740,50,GET,GET /pastes/:slug,34.800000,0.000000,42,47,49,50,52,55,57,58,63,63,63,9556,0,43,44.915097572211565,27.674300000398944,316.1099999997532,2903.635307660109
1746375740,50,POST,POST /pastes,3.700000,0.000000,42,48,50,50,52,55,61,61,61,61,61,1054,0,45,46.219616982928976,30.97539999998844,229.4517000000269,2900.2049335863376
1746375740,50,,Aggregated,38.500000,0.000000,42,47,49,50,52,55,57,59,63,63,63,10610,0,44,45.04468885014712,27.674300000398944,316.1099999997532,2903.294533459001
1746375741,50,GET,GET /pastes/:slug,34.300000,0.000000,42,47,49,50,52,55,57,58,63,63,63,9599,0,43,44.90381094906269,27.674300000398944,316.1099999997532,2904.413376393374
1746375741,50,POST,POST /pastes,4.200000,0.000000,42,48,50,51,53,55,61,61,61,61,61,1054,0,45,46.219616982928976,30.97539999998844,229.4517000000269,2900.2049335863376
1746375741,50,,Aggregated,38.500000,0.000000,42,47,49,50,52,55,57,59,63,63,63,10653,0,44,45.03399583216558,27.674300000398944,316.1099999997532,2903.996996151319
1746375742,50,GET,GET /pastes/:slug,33.700000,0.000000,42,47,49,50,52,55,57,58,63,63,63,9637,0,43,44.888875500680086,27.674300000398944,316.1099999997532,2904.2638788004565
1746375742,50,POST,POST /pastes,4.500000,0.000000,41,43,48,50,51,55,61,61,61,61,61,1059,0,45,46.17731199245249,30.97539999998844,229.4517000000269,2903.080264400378
1746375742,50,,Aggregated,38.200000,0.000000,42,47,49,50,52,55,57,59,63,63,63,10696,0,43,45.01644227749264,27.674300000398944,316.1099999997532,2904.1466903515334
1746375743,50,GET,GET /pastes/:slug,33.600000,0.000000,42,47,49,50,53,55,58,60,65,65,65,9673,0,43,44.88558937248581,27.674300000398944,316.1099999997532,2905.0874599400395
1746375743,50,POST,POST /pastes,4.300000,0.000000,41,43,49,50,54,55,61,61,61,61,61,1063,0,45,46.16733396049592,30.97539999998844,229.4517000000269,2899.247412982126
1746375743,50,,Aggregated,37.900000,0.000000,42,47,49,50,53,55,58,60,65,65,65,10736,0,43,45.01249832340374,27.674300000398944,316.1099999997532,2904.5092213114754
1746375744,50,GET,GET /pastes/:slug,34.600000,0.000000,42,47,49,50,53,55,58,60,65,65,65,9710,0,43,44.87503910402219,27.674300000398944,316.1099999997532,2905.283625128733
1746375744,50,POST,POST /pastes,4.100000,0.000000,40,43,48,50,54,55,61,61,61,61,61,1065,0,45,46.151458403762085,30.97539999998844,229.4517000000269,2895.0798122065726
1746375744,50,,Aggregated,38.700000,0.000000,42,47,49,50,53,55,58,60,65,65,65,10775,0,43,45.0012002691473,27.674300000398944,316.1099999997532,2904.2750812064965
1746375745,50,GET,GET /pastes/:slug,35.600000,0.000000,41,47,49,50,52,55,58,60,65,65,65,9745,0,43,44.86171300154493,27.674300000398944,316.1099999997532,2906.0281169830682
1746375745,50,POST,POST /pastes,4.200000,0.000000,40,43,48,50,52,54,61,61,61,61,61,1070,0,45,46.139440747668225,30.97539999998844,229.4517000000269,2893.1579439252337
1746375745,50,,Aggregated,39.800000,0.000000,41,47,49,50,52,55,58,60,65,65,65,10815,0,43,44.988127119746686,27.674300000398944,316.1099999997532,2904.7547850208043
1746375746,50,GET,GET /pastes/:slug,35.500000,0.000000,42,47,49,50,53,55,59,61,65,65,65,9775,0,43,44.86230407161623,27.674300000398944,316.1099999997532,2906.8336572890025
1746375746,50,POST,POST /pastes,3.900000,0.000000,40,43,48,51,54,55,61,61,61,61,61,1072,0,45,46.15242826493067,30.97539999998844,229.4517000000269,2891.1567164179105
1746375746,50,,Aggregated,39.400000,0.000000,41,47,49,50,53,55,59,61,65,65,65,10847,0,43,44.98980597400704,27.674300000398944,316.1099999997532,2905.284318244676
1746375747,50,GET,GET /pastes/:slug,35.200000,0.000000,41,47,49,50,53,55,59,61,65,65,65,9811,0,43,44.84965991234839,27.674300000398944,316.1099999997532,2906.4323718275405
1746375747,50,POST,POST /pastes,3.900000,0.000000,39,42,47,50,54,58,61,61,61,61,61,1075,0,45,46.12508641860904,30.97539999998844,229.4517000000269,2891.6409302325583
1746375747,50,,Aggregated,39.100000,0.000000,41,47,49,50,53,55,59,61,65,65,65,10886,0,43,44.97560915855729,27.674300000398944,316.1099999997532,2904.9717067793495
1746375748,50,GET,GET /pastes/:slug,35.000000,0.000000,42,47,49,50,52,54,58,60,65,65,65,9852,0,43,44.84058988023268,27.674300000398944,316.1099999997532,2906.0033495736907
1746375748,50,POST,POST /pastes,4.300000,0.000000,41,43,47,51,54,58,61,61,61,61,61,1079,0,45,46.1281253938886,30.97539999998844,229.4517000000269,2887.8303985171456
1746375748,50,,Aggregated,39.300000,0.000000,41,47,49,50,52,54,59,61,65,65,65,10931,0,43,44.967682627395305,27.674300000398944,316.1099999997532,2904.2094959290093
1746375749,50,GET,GET /pastes/:slug,34.500000,0.000000,41,47,49,50,52,54,58,61,65,65,65,9891,0,43,44.82371444748308,27.674300000398944,316.1099999997532,2906.460721868365
1746375749,50,POST,POST /pastes,4.100000,0.000000,39,46,47,48,54,54,58,58,58,58,58,1083,0,45,46.11597137581336,30.97539999998844,229.4517000000269,2887.4598337950138
1746375749,50,,Aggregated,38.600000,0.000000,41,47,49,50,52,54,58,61,65,65,65,10974,0,43,44.95124445052496,27.674300000398944,316.1099999997532,2904.585565882996
1746375750,50,GET,GET /pastes/:slug,35.000000,0.000000,41,47,49,50,52,55,59,61,65,65,65,9925,0,43,44.81988364736092,27.674300000398944,316.1099999997532,2906.2504785894207
1746375750,50,POST,POST /pastes,3.900000,0.000000,40,46,47,48,54,54,58,58,58,58,58,1086,0,45,46.096183057095374,30.97539999998844,229.4517000000269,2889.918968692449
1746375750,50,,Aggregated,38.900000,0.000000,41,47,49,50,52,55,59,61,65,65,65,11011,0,43,44.9457633275872,27.674300000398944,316.1099999997532,2904.6397239124512
1746375751,50,GET,GET /pastes/:slug,35.500000,0.000000,41,47,48,50,53,56,61,63,68,68,68,9957,0,43,44.81758240434426,27.674300000398944,316.1099999997532,2906.3286130360552
1746375751,50,POST,POST /pastes,3.400000,0.000000,39,46,48,52,54,56,58,58,58,58,58,1092,0,45,46.08946080586628,30.97539999998844,229.4517000000269,2892.647435897436
1746375751,50,,Aggregated,38.900000,0.000000,41,47,48,50,53,56,61,63,68,68,68,11049,0,43,44.94328529279226,27.674300000398944,316.1099999997532,2904.976468458684
