Timestamp,User Count,Type,Name,Requests/s,Failures/s,50%,66%,75%,80%,90%,95%,98%,99%,99.9%,99.99%,100%,Total Request Count,Total Failure Count,Total Median Response Time,Total Average Response Time,Total Min Response Time,Total Max Response Time,Total Average Content Size
1746376892,0,,Aggregated,0.000000,0.000000,N/A,N/A,N/A,N/A,N/A,N/A,N/A,N/A,N/A,N/A,N/A,0,0,0,0.0,0,0,0
1746376893,20,GET,GET /pastes/:slug,0.000000,0.000000,0,0,0,0,0,0,0,0,0,0,0,22,0,150.0,136.2567772729645,34.51140000106534,176.3824999998178,2904.3636363636365
1746376893,20,POST,POST /pastes,0.000000,0.000000,0,0,0,0,0,0,0,0,0,0,0,1,0,49.69069999970088,49.69069999970088,49.69069999970088,49.69069999970088,1901.0
1746376893,20,,Aggregated,0.000000,0.000000,0,0,0,0,0,0,0,0,0,0,0,23,0,150.0,132.4930347828226,34.51140000106534,176.3824999998178,2860.7391304347825
1746376894,60,GET,GET /pastes/:slug,0.000000,0.000000,63,80,87,90,110,110,120,120,120,120,120,60,0,86,92.66486166676866,30.64009999980044,176.3824999998178,3029.6
1746376894,60,POST,POST /pastes,0.000000,0.000000,0,0,0,0,0,0,0,0,0,0,0,6,0,48,56.3281666666929,36.38859999955457,115.60730000019248,1928.5
1746376894,60,,Aggregated,0.000000,0.000000,55,79,86,90,110,110,120,120,120,120,120,66,0,80,89.36152575767086,30.64009999980044,176.3824999998178,2929.5
1746376895,80,GET,GET /pastes/:slug,20.000000,0.000000,51,78,86,92,110,110,130,130,130,130,130,109,0,68,78.35843853217321,28.650899999774992,176.3824999998178,2945.880733944954
1746376895,80,POST,POST /pastes,0.000000,0.000000,90,110,110,110,170,170,170,170,170,170,170,12,0,51,78.71279166647582,36.38859999955457,166.07739999926707,2817.5833333333335
1746376895,80,,Aggregated,20.000000,0.000000,51,79,88,95,110,110,130,130,170,170,170,121,0,68,78.39358099177348,28.650899999774992,176.3824999998178,2933.1570247933882
1746376896,100,GET,GET /pastes/:slug,25.000000,0.000000,49,68,83,90,110,110,120,130,130,130,130,171,0,51,70.08532339184765,28.650899999774992,176.3824999998178,2914.9473684210525
1746376896,100,POST,POST /pastes,2.500000,0.000000,52,84,90,110,110,170,170,170,170,170,170,22,0,50,67.84312272702664,33.30380000079458,166.07739999926707,3283.681818181818
1746376896,100,,Aggregated,27.500000,0.000000,49,70,84,90,110,110,120,130,170,170,170,193,0,51,69.8297357512981,28.650899999774992,176.3824999998178,2956.979274611399
1746376897,120,GET,GET /pastes/:slug,31.000000,0.000000,48,58,80,89,110,110,120,120,130,130,130,249,0,49,65.89203534136198,28.244299999641953,176.3824999998178,2974.9678714859438
1746376897,120,POST,POST /pastes,4.000000,0.000000,49,84,90,110,110,120,170,170,170,170,170,28,0,49,65.82154999984725,33.30380000079458,166.07739999926707,3180.3214285714284
1746376897,120,,Aggregated,35.000000,0.000000,48,59,81,89,110,110,120,130,170,170,170,277,0,49,65.8849104692955,28.244299999641953,176.3824999998178,2995.725631768953
1746376898,140,GET,GET /pastes/:slug,37.500000,0.000000,46,52,73,83,110,110,120,120,130,130,130,349,0,47,61.304059885389925,27.3933999997098,176.3824999998178,2909.295128939828
1746376898,140,POST,POST /pastes,5.000000,0.000000,49,78,90,110,110,120,170,170,170,170,170,37,0,49,63.51714594588761,33.300300001428695,166.07739999926707,2988.027027027027
1746376898,140,,Aggregated,42.500000,0.000000,47,52,76,84,110,110,120,120,170,170,170,386,0,47,61.51619507771743,27.3933999997098,176.3824999998178,2916.8419689119173
1746376899,160,GET,GET /pastes/:slug,45.600000,0.000000,46,52,67,80,100,110,120,120,130,130,130,449,0,47,59.00176369714103,27.3933999997098,176.3824999998178,2891.097995545657
1746376899,160,POST,POST /pastes,5.200000,0.000000,45,76,87,110,110,110,170,170,170,170,170,49,0,48,62.30740408162611,33.300300001428695,166.07739999926707,3151.387755102041
1746376899,160,,Aggregated,50.800000,0.000000,46,52,70,83,110,110,120,120,170,170,170,498,0,47,59.32701746991165,27.3933999997098,176.3824999998178,2916.7088353413656
1746376900,180,GET,GET /pastes/:slug,52.000000,0.000000,44,51,58,78,100,110,120,120,130,130,130,569,0,45,57.034261335703775,27.3933999997098,176.3824999998178,2916.077328646749
1746376900,180,POST,POST /pastes,5.500000,0.000000,44,52,78,87,110,120,120,170,170,170,170,63,0,44,58.87028253966982,31.45120000044699,166.07739999926707,3088.5238095238096
1746376900,180,,Aggregated,57.500000,0.000000,44,51,61,78,100,110,120,120,170,170,170,632,0,45,57.21728243673204,27.3933999997098,176.3824999998178,2933.2674050632913
1746376901,200,GET,GET /pastes/:slug,58.714286,0.000000,44,50,56,74,100,110,120,130,140,140,140,704,0,45,56.17950681819263,27.3933999997098,176.3824999998178,2916.6321022727275
1746376901,200,POST,POST /pastes,6.571429,0.000000,42,50,54,84,110,110,120,170,170,170,170,74,0,44,56.45833648648821,30.65470000001369,166.07739999926707,3045.0405405405404
1746376901,200,,Aggregated,65.285714,0.000000,44,50,55,76,100,110,120,130,170,170,170,778,0,45,56.206027892040794,27.3933999997098,176.3824999998178,2928.8457583547556
1746376902,220,GET,GET /pastes/:slug,65.125000,0.000000,43,50,53,64,99,110,120,130,140,140,140,858,0,43,54.65622855477611,27.3933999997098,176.3824999998178,2913.644522144522
1746376902,220,POST,POST /pastes,7.125000,0.000000,42,49,52,59,110,110,120,170,170,170,170,89,0,42,53.85520898873049,30.65470000001369,166.07739999926707,3056.674157303371
1746376902,220,,Aggregated,72.250000,0.000000,43,49,53,64,99,110,120,130,170,170,170,947,0,43,54.580947940860526,27.3933999997098,176.3824999998178,2927.0865892291445
1746376903,240,GET,GET /pastes/:slug,71.222222,0.000000,42,48,52,55,95,110,120,130,140,140,140,1021,0,43,53.43430822722083,27.3933999997098,176.3824999998178,2917.440744368266
1746376903,240,POST,POST /pastes,7.666667,0.000000,42,49,52,59,100,110,120,120,170,170,170,106,0,42,53.412450943416744,30.65470000001369,166.07739999926707,3075.9716981132074
1746376903,240,,Aggregated,78.888889,0.000000,42,48,52,55,96,110,120,130,140,170,170,1127,0,43,53.43225244010172,27.3933999997098,176.3824999998178,2932.351375332742
1746376904,260,GET,GET /pastes/:slug,79.000000,0.000000,41,48,51,54,92,110,120,130,140,140,140,1206,0,42,52.81691815919659,27.3933999997098,176.3824999998178,2908.186567164179
1746376904,260,POST,POST /pastes,8.200000,0.000000,42,49,52,54,86,110,120,120,120,120,120,124,0,43,53.32041935480447,30.65470000001369,166.07739999926707,3039.0725806451615
1746376904,260,,Aggregated,87.200000,0.000000,41,48,51,54,92,110,120,130,140,140,140,1330,0,43,52.863861127809656,27.3933999997098,176.3824999998178,2920.3894736842103
1746376905,280,GET,GET /pastes/:slug,93.600000,0.000000,42,48,51,54,92,110,130,130,140,140,140,1382,0,43,52.78383371924604,27.3933999997098,176.3824999998178,2916.84515195369
1746376905,280,POST,POST /pastes,10.200000,0.000000,43,50,53,55,84,110,120,120,120,120,120,145,0,44,52.93280137931137,30.65470000001369,166.07739999926707,3055.544827586207
1746376905,280,,Aggregated,103.800000,0.000000,42,48,51,54,92,110,120,130,140,140,140,1527,0,43,52.79797930582723,27.3933999997098,176.3824999998178,2930.015717092338
1746376906,300,GET,GET /pastes/:slug,107.800000,0.000000,43,49,52,55,92,110,130,140,160,170,170,1581,0,44,53.13107931688183,27.3933999997098,176.3824999998178,2919.548387096774
1746376906,300,POST,POST /pastes,11.200000,0.000000,45,51,54,57,77,110,120,130,170,170,170,179,0,48,54.389302793353444,30.65470000001369,172.05509999985225,3038.3519553072624
1746376906,300,,Aggregated,119.000000,0.000000,43,49,52,55,90,110,130,140,170,170,170,1760,0,44,53.259046363636614,27.3933999997098,176.3824999998178,2931.63125
1746376907,320,GET,GET /pastes/:slug,120.400000,0.000000,43,49,52,55,88,110,130,140,160,170,170,1794,0,44,52.88694147156141,27.3933999997098,176.3824999998178,2904.076365663322
1746376907,320,POST,POST /pastes,12.100000,0.000000,47,51,54,56,71,94,120,130,170,170,170,209,0,47,53.596014354128236,30.65470000001369,172.05509999985225,3010.870813397129
1746376907,320,,Aggregated,132.500000,0.000000,43,49,52,55,85,110,130,140,170,170,170,2003,0,44,52.96092860708635,27.3933999997098,176.3824999998178,2915.2196704942585
1746376908,340,GET,GET /pastes/:slug,134.700000,0.000000,43,49,52,55,83,110,130,140,160,170,170,2018,0,43,52.38149643209314,27.3933999997098,176.3824999998178,2910.2284440039643
1746376908,340,POST,POST /pastes,14.300000,0.000000,47,51,54,56,69,87,130,130,170,170,170,230,0,47,53.41678608701445,30.65470000001369,172.05509999985225,2961.386956521739
1746376908,340,,Aggregated,149.000000,0.000000,43,49,52,55,82,110,130,140,170,170,170,2248,0,44,52.48742019571942,27.3933999997098,176.3824999998178,2915.462633451957
1746376909,360,GET,GET /pastes/:slug,145.800000,0.000000,44,50,53,56,83,110,130,140,160,170,170,2257,0,44,52.62983194503119,27.3933999997098,176.3824999998178,2899.0017722640673
1746376909,360,POST,POST /pastes,16.800000,0.000000,47,51,53,57,68,86,130,130,170,170,170,251,0,47,52.89512948212971,30.65470000001369,172.05509999985225,2937.4581673306775
1746376909,360,,Aggregated,162.600000,0.000000,44,50,53,56,82,110,130,140,170,170,170,2508,0,44,52.65638285484448,27.3933999997098,176.3824999998178,2902.8504784688994
1746376910,380,GET,GET /pastes/:slug,159.300000,0.000000,44,50,53,56,80,110,130,130,160,170,170,2521,0,44,52.426325942058526,27.3933999997098,176.3824999998178,2901.4260214200713
1746376910,380,POST,POST /pastes,18.700000,0.000000,48,52,55,57,69,86,130,130,170,170,170,283,0,48,52.97409787989999,30.012999999598833,172.05509999985225,2940.844522968198
1746376910,380,,Aggregated,178.000000,0.000000,44,50,53,56,77,110,130,130,160,170,170,2804,0,45,52.48161105561391,27.3933999997098,176.3824999998178,2905.404422253923
1746376911,400,GET,GET /pastes/:slug,173.000000,0.000000,45,51,54,57,81,110,130,140,160,170,170,2802,0,45,52.80745296214516,27.3933999997098,176.3824999998178,2912.673090649536
1746376911,400,POST,POST /pastes,19.800000,0.000000,49,53,57,59,76,94,130,130,170,170,170,306,0,48,53.89424084968197,30.012999999598833,172.05509999985225,2981.7418300653594
1746376911,400,,Aggregated,192.800000,0.000000,45,51,54,57,80,110,130,140,160,170,170,3108,0,45,52.9144533140069,27.3933999997098,176.3824999998178,2919.4732947232947
1746376912,420,GET,GET /pastes/:slug,188.200000,0.000000,46,51,55,58,78,110,130,140,160,170,170,3104,0,45,52.68258192652587,27.3933999997098,176.3824999998178,2905.0228737113403
1746376912,420,POST,POST /pastes,20.600000,0.000000,49,53,56,58,71,93,130,130,170,170,170,339,0,48,53.30840973454054,30.012999999598833,172.05509999985225,2940.0589970501474
1746376912,420,,Aggregated,208.800000,0.000000,46,51,55,58,76,110,130,140,160,170,170,3443,0,45,52.744201336028354,27.3933999997098,176.3824999998178,2908.472553006099
1746376913,440,GET,GET /pastes/:slug,202.800000,0.000000,48,53,57,61,87,120,130,150,210,210,210,3403,0,46,54.09586567732084,27.3933999997098,210.84180000070774,2899.6614751689685
1746376913,440,POST,POST /pastes,22.500000,0.000000,49,53,57,59,71,93,130,140,170,170,170,371,0,48,53.60615714288226,30.012999999598833,172.05509999985225,2977.242587601078
1746376913,440,,Aggregated,225.300000,0.000000,48,53,57,60,85,120,130,150,210,210,210,3774,0,46,54.04772527820144,27.3933999997098,210.84180000070774,2907.288023317435
1746376914,460,GET,GET /pastes/:slug,216.100000,0.000000,48,54,58,62,85,120,140,150,210,210,210,3712,0,47,54.40914415407812,27.3933999997098,210.84180000070774,2890.918103448276
1746376914,460,POST,POST /pastes,23.500000,0.000000,49,54,58,60,71,93,130,140,170,170,170,398,0,48,53.83841432162466,30.012999999598833,172.05509999985225,2983.100502512563
1746376914,460,,Aggregated,239.600000,0.000000,48,54,58,62,83,110,130,150,210,210,210,4110,0,47,54.353876399013316,27.3933999997098,210.84180000070774,2899.844768856448
1746376915,480,GET,GET /pastes/:slug,229.700000,0.000000,49,55,60,64,87,110,130,150,210,210,210,4064,0,47,54.84288968994014,27.3933999997098,210.84180000070774,2899.5012303149606
1746376915,480,POST,POST /pastes,25.300000,0.000000,50,56,59,61,77,99,120,140,160,160,160,439,0,49,54.787072209576166,30.012999999598833,172.05509999985225,2971.348519362187
1746376915,480,,Aggregated,255.000000,0.000000,49,55,60,64,86,110,130,140,210,210,210,4503,0,47,54.83744801241859,27.3933999997098,210.84180000070774,2906.505662891406
1746376916,500,GET,GET /pastes/:slug,243.800000,0.000000,48,54,59,64,86,110,130,150,210,210,210,4405,0,47,54.489347854692994,27.3933999997098,210.84180000070774,2902.666969353008
1746376916,500,POST,POST /pastes,26.800000,0.000000,50,56,59,64,79,110,130,140,160,160,160,469,0,49,54.75310383797299,30.012999999598833,172.05509999985225,2975.285714285714
1746376916,500,,Aggregated,270.600000,0.000000,49,55,59,64,84,110,130,140,210,210,210,4874,0,47,54.51472773900943,27.3933999997098,210.84180000070774,2909.654698399672
1746376917,500,GET,GET /pastes/:slug,257.800000,0.000000,49,54,59,63,83,110,140,150,210,210,210,4779,0,47,54.31377635487159,27.3933999997098,210.84180000070774,2891.189997907512
1746376917,500,POST,POST /pastes,28.900000,0.000000,51,56,59,65,80,110,140,160,170,170,170,507,0,49,55.320641025656876,30.012999999598833,172.05509999985225,2934.741617357002
1746376917,500,,Aggregated,286.700000,0.000000,49,55,59,63,82,110,140,150,210,210,210,5286,0,47,54.41034850547472,27.3933999997098,210.84180000070774,2895.367196367764
1746376918,500,GET,GET /pastes/:slug,274.300000,0.000000,49,55,59,63,80,110,140,150,210,210,210,5107,0,47,54.03208265124833,27.3933999997098,210.84180000070774,2893.9827687487764
1746376918,500,POST,POST /pastes,28.300000,0.000000,52,56,60,66,79,110,140,160,170,170,170,539,0,49,54.983665862719825,30.012999999598833,172.05509999985225,2932.8886827458255
1746376918,500,,Aggregated,302.600000,0.000000,49,55,59,63,80,110,140,150,210,210,210,5646,0,47,54.12292631950601,27.3933999997098,210.84180000070774,2897.696953595466
1746376919,500,GET,GET /pastes/:slug,290.000000,0.000000,49,55,60,63,80,110,140,150,210,210,210,5462,0,48,54.23556951664438,27.3933999997098,210.84180000070774,2892.23617722446
1746376919,500,POST,POST /pastes,29.600000,0.000000,52,57,60,66,79,110,140,160,170,170,170,589,0,49,55.30596977929137,30.012999999598833,172.05509999985225,2954.93039049236
1746376919,500,,Aggregated,319.600000,0.000000,50,55,60,64,80,110,140,150,210,210,210,6051,0,48,54.33976151047999,27.3933999997098,210.84180000070774,2898.338786977359
1746376920,500,GET,GET /pastes/:slug,304.400000,0.000000,50,55,60,63,78,100,130,140,210,210,210,5810,0,48,53.95377502580306,27.3933999997098,210.84180000070774,2890.24165232358
1746376920,500,POST,POST /pastes,30.500000,0.000000,52,56,61,66,79,110,140,140,170,170,170,628,0,49,55.1104662420434,30.012999999598833,172.05509999985225,2952.503184713376
1746376920,500,,Aggregated,334.900000,0.000000,50,55,60,64,79,100,130,140,210,210,210,6438,0,48,54.066605420925605,27.3933999997098,210.84180000070774,2896.315004659832
1746376921,500,GET,GET /pastes/:slug,315.800000,0.000000,50,55,59,63,75,95,130,140,210,210,210,6156,0,47,53.664730230658094,27.3933999997098,210.84180000070774,2884.858349577648
1746376921,500,POST,POST /pastes,32.000000,0.000000,52,56,61,66,78,99,140,140,170,170,170,672,0,49,55.16445327380585,30.012999999598833,172.05509999985225,2941.6116071428573
1746376921,500,,Aggregated,347.800000,0.000000,50,55,59,63,76,96,130,140,210,210,210,6828,0,48,53.81233038956197,27.3933999997098,210.84180000070774,2890.443907439953
1746376922,500,GET,GET /pastes/:slug,320.400000,0.000000,50,55,58,62,73,90,130,140,190,190,190,6481,0,48,53.65746170342904,27.3933999997098,210.84180000070774,2885.83798796482
1746376922,500,POST,POST /pastes,34.900000,0.000000,53,57,62,67,79,99,140,150,170,170,170,697,0,50,55.22299784791395,30.012999999598833,172.05509999985225,2942.106169296987
1746376922,500,,Aggregated,355.300000,0.000000,50,55,59,62,74,91,130,140,190,190,190,7178,0,48,53.80947879631098,27.3933999997098,210.84180000070774,2891.301755363611
1746376923,500,GET,GET /pastes/:slug,329.600000,0.000000,50,56,60,64,82,110,170,300,380,400,400,6826,0,48,56.54097121299766,27.3933999997098,401.861899999858,2885.2912393788456
1746376923,500,POST,POST /pastes,35.700000,0.000000,53,59,65,69,86,110,160,180,270,270,270,734,0,50,56.84040299726558,30.012999999598833,272.5566000008257,2947.6702997275206
1746376923,500,,Aggregated,365.300000,0.000000,50,56,60,65,82,110,170,280,380,400,400,7560,0,48,56.57004302908934,27.3933999997098,401.861899999858,2891.347619047619
1746376924,500,GET,GET /pastes/:slug,334.700000,0.000000,50,56,60,64,81,110,170,290,380,400,400,7192,0,48,56.490576112334985,27.3933999997098,401.861899999858,2883.8730533926587
1746376924,500,POST,POST /pastes,36.600000,0.000000,53,60,66,70,87,110,160,180,270,270,270,773,0,50,57.15515485121467,30.012999999598833,272.5566000008257,2947.3648124191463
1746376924,500,,Aggregated,371.300000,0.000000,51,56,61,65,82,110,170,280,380,400,400,7965,0,48,56.55507320777183,27.3933999997098,401.861899999858,2890.0349026993094
1746376925,500,GET,GET /pastes/:slug,339.800000,0.000000,50,55,59,62,77,100,170,290,380,400,400,7566,0,48,56.08807186094308,27.3933999997098,401.861899999858,2891.0610626486914
1746376925,500,POST,POST /pastes,35.800000,0.000000,53,59,65,67,84,110,160,180,270,270,270,802,0,50,56.961706608465256,30.012999999598833,272.5566000008257,2944.9089775561097
1746376925,500,,Aggregated,375.600000,0.000000,50,55,59,63,78,100,170,280,380,400,400,8368,0,48,56.171802151037895,27.3933999997098,401.861899999858,2896.221916826004
1746376926,500,GET,GET /pastes/:slug,344.000000,0.000000,49,54,58,62,75,99,160,290,380,400,400,7916,0,48,55.64483801161017,27.3933999997098,401.861899999858,2890.462733703891
1746376926,500,POST,POST /pastes,36.700000,0.000000,52,58,62,66,81,100,150,180,270,270,270,835,0,50,56.56488311375839,30.012999999598833,272.5566000008257,2937.5844311377246
1746376926,500,,Aggregated,380.700000,0.000000,50,55,59,62,76,99,160,280,380,400,400,8751,0,48,55.7326265683802,27.3933999997098,401.861899999858,2894.958976117015
1746376927,500,GET,GET /pastes/:slug,348.500000,0.000000,49,54,58,61,75,99,160,290,380,400,400,8278,0,48,55.15777023434393,27.3933999997098,401.861899999858,2890.269509543368
1746376927,500,POST,POST /pastes,36.400000,0.000000,53,58,62,66,81,110,150,180,270,270,270,855,0,50,56.382899064313584,30.012999999598833,272.5566000008257,2931.9391812865497
1746376927,500,,Aggregated,384.900000,0.000000,49,55,59,62,76,99,160,280,380,400,400,9133,0,48,55.272462575264186,27.3933999997098,401.861899999858,2894.170480674477
1746376928,500,GET,GET /pastes/:slug,348.900000,0.000000,48,53,57,60,72,93,160,290,380,400,400,8626,0,48,54.790248492913534,27.3933999997098,401.861899999858,2887.856248550893
1746376928,500,POST,POST /pastes,37.200000,0.000000,52,58,62,65,80,98,150,180,270,270,270,883,0,50,56.175977123432325,30.012999999598833,272.5566000008257,2931.7191392978484
1746376928,500,,Aggregated,386.100000,0.000000,48,54,57,60,73,94,160,280,380,400,400,9509,0,48,54.9189264170642,27.3933999997098,401.861899999858,2891.9293301083185
1746376929,500,GET,GET /pastes/:slug,350.100000,0.000000,49,54,58,61,76,98,160,290,380,400,400,8983,0,48,54.97082362238397,27.3933999997098,401.861899999858,2885.321941444952
1746376929,500,POST,POST /pastes,35.700000,0.000000,53,58,62,67,82,100,150,180,270,270,270,916,0,50,56.240562882086884,30.012999999598833,272.5566000008257,2915.862445414847
1746376929,500,,Aggregated,385.800000,0.000000,49,54,58,62,77,99,160,290,380,400,400,9899,0,48,55.08831843619228,27.3933999997098,401.861899999858,2888.1479947469443
1746376930,500,GET,GET /pastes/:slug,347.700000,0.000000,48,53,57,60,75,98,160,290,380,400,400,9339,0,48,54.560787525416515,27.3933999997098,401.861899999858,2888.970232358925
1746376930,500,POST,POST /pastes,34.400000,0.000000,53,58,62,65,82,110,160,190,270,270,270,943,0,50,55.98813626722137,30.012999999598833,272.5566000008257,2906.7253446447507
1746376930,500,,Aggregated,382.100000,0.000000,48,54,57,60,76,98,160,290,380,400,400,10282,0,48,54.69169492315272,27.3933999997098,401.861899999858,2890.5986189457303
1746376931,500,GET,GET /pastes/:slug,350.500000,0.000000,48,53,57,59,73,96,160,290,380,400,400,9691,0,48,54.237304148166395,27.3933999997098,401.861899999858,2885.806315137757
1746376931,500,POST,POST /pastes,33.100000,0.000000,51,57,60,63,81,98,160,190,270,270,270,976,0,50,55.72652704917472,30.012999999598833,272.5566000008257,2897.2397540983607
1746376931,500,,Aggregated,383.600000,0.000000,48,53,57,60,74,96,160,290,380,400,400,10667,0,48,54.3735637854951,27.3933999997098,401.861899999858,2886.8524421111842
1746376932,500,GET,GET /pastes/:slug,352.800000,0.000000,46,52,55,57,67,81,98,110,140,290,290,10032,0,47,53.98213364233174,27.3933999997098,401.861899999858,2884.625897129187
1746376932,500,POST,POST /pastes,30.900000,0.000000,50,55,59,60,74,84,100,110,130,130,130,1010,0,50,55.562860594054115,30.012999999598833,272.5566000008257,2880.0950495049506
1746376932,500,,Aggregated,383.700000,0.000000,47,52,55,57,67,81,98,110,140,290,290,11042,0,48,54.126721055956146,27.3933999997098,401.861899999858,2884.211465314255
1746376933,500,GET,GET /pastes/:slug,351.500000,0.000000,46,51,54,55,62,73,92,110,180,290,290,10411,0,47,53.93802155411148,27.3933999997098,401.861899999858,2884.050139275766
1746376933,500,POST,POST /pastes,30.500000,0.000000,49,54,57,60,66,79,91,120,140,140,140,1040,0,50,55.586501250001255,30.012999999598833,272.5566000008257,2878.3528846153845
1746376933,500,,Aggregated,382.000000,0.000000,46,51,54,56,62,73,92,110,180,290,290,11451,0,48,54.08773938519408,27.3933999997098,401.861899999858,2883.5327045672866
1746376934,500,GET,GET /pastes/:slug,352.900000,0.000000,45,50,53,55,61,71,91,110,180,290,290,10765,0,47,53.78105892242263,27.3933999997098,401.861899999858,2881.7921040408733
1746376934,500,POST,POST /pastes,30.600000,0.000000,49,54,57,59,66,77,95,120,140,140,140,1071,0,50,55.634671615311234,30.012999999598833,272.5566000008257,2879.4631185807657
1746376934,500,,Aggregated,383.500000,0.000000,46,51,54,55,61,71,92,110,180,290,290,11836,0,48,53.94878612705976,27.3933999997098,401.861899999858,2881.5813619466035
1746376935,500,GET,GET /pastes/:slug,354.000000,0.000000,45,50,53,55,60,70,92,110,180,290,290,11125,0,47,53.5061008269567,27.3933999997098,401.861899999858,2884.3781573033707
1746376935,500,POST,POST /pastes,31.400000,0.000000,50,55,57,59,66,77,95,120,140,140,140,1112,0,50,55.50105575539354,30.012999999598833,272.5566000008257,2887.2535971223024
1746376935,500,,Aggregated,385.400000,0.000000,46,51,53,55,61,70,92,110,180,290,290,12237,0,48,53.68738626296413,27.3933999997098,401.861899999858,2884.6394541145705
1746376936,500,GET,GET /pastes/:slug,355.800000,0.000000,45,50,53,55,61,70,92,110,180,290,290,11464,0,47,53.2354922888937,27.3933999997098,401.861899999858,2885.0748429867413
1746376936,500,POST,POST /pastes,29.700000,0.000000,49,54,57,59,66,75,90,120,140,140,140,1152,0,50,55.14862430554659,30.012999999598833,272.5566000008257,2891.2751736111113
1746376936,500,,Aggregated,385.500000,0.000000,46,51,53,55,61,71,92,110,180,290,290,12616,0,47,53.41018538362936,27.3933999997098,401.861899999858,2885.641011414077
1746376937,500,GET,GET /pastes/:slug,355.300000,0.000000,45,50,53,55,61,71,92,110,180,290,290,11810,0,47,53.034581210827234,27.3933999997098,401.861899999858,2886.194411515665
1746376937,500,POST,POST /pastes,29.500000,0.000000,49,54,57,59,66,75,90,120,140,140,140,1191,0,50,54.916738623000825,30.012999999598833,272.5566000008257,2898.5214105793452
1746376937,500,,Aggregated,384.800000,0.000000,46,51,54,55,62,71,92,110,180,290,290,13001,0,47,53.20700252287242,27.3933999997098,401.861899999858,2887.323667410199
1746376938,500,GET,GET /pastes/:slug,352.600000,0.000000,45,50,52,54,59,67,78,96,180,290,290,12181,0,47,52.84545284458163,27.3933999997098,401.861899999858,2886.279697890157
1746376938,500,POST,POST /pastes,30.900000,0.000000,49,53,56,58,64,68,84,110,140,140,140,1221,0,50,54.808599754292665,30.012999999598833,272.5566000008257,2907.883701883702
1746376938,500,,Aggregated,383.500000,0.000000,45,50,53,54,60,67,78,96,180,290,290,13402,0,47,53.02430692432778,27.3933999997098,401.861899999858,2888.2479480674524
1746376939,500,GET,GET /pastes/:slug,353.200000,0.000000,45,50,53,54,59,67,77,95,180,210,210,12533,0,47,52.76827171466087,27.3933999997098,401.861899999858,2887.285167158701
1746376939,500,POST,POST /pastes,32.300000,0.000000,49,54,57,59,66,70,84,110,140,140,140,1250,0,50,54.81786599999614,30.012999999598833,272.5566000008257,2898.1728
1746376939,500,,Aggregated,385.500000,0.000000,46,50,53,55,60,67,78,95,180,210,210,13783,0,47,52.95415235433799,27.3933999997098,401.861899999858,2888.272582166437
1746376940,500,GET,GET /pastes/:slug,352.700000,0.000000,45,50,53,54,60,66,77,95,180,210,210,12894,0,47,52.575828245681926,27.3933999997098,401.861899999858,2888.137118039398
1746376940,500,POST,POST /pastes,33.900000,0.000000,49,54,57,59,66,70,84,110,140,140,140,1275,0,50,54.65359686274229,30.012999999598833,272.5566000008257,2899.429019607843
1746376940,500,,Aggregated,386.600000,0.000000,46,51,53,55,60,67,78,95,180,210,210,14169,0,47,52.762796626425235,27.3933999997098,401.861899999858,2889.1532218222883
1746376941,500,GET,GET /pastes/:slug,350.900000,0.000000,46,51,53,55,60,66,77,95,180,210,210,13241,0,47,52.41259902573919,27.3933999997098,401.861899999858,2888.2966543312436
1746376941,500,POST,POST /pastes,33.900000,0.000000,49,54,58,60,66,70,84,110,140,140,140,1308,0,50,54.493942507643354,30.012999999598833,272.5566000008257,2899.1949541284403
1746376941,500,,Aggregated,384.800000,0.000000,46,51,53,55,60,67,78,95,180,210,210,14549,0,47,52.599718228043855,27.3933999997098,401.861899999858,2889.276445116503
1746376942,500,GET,GET /pastes/:slug,352.900000,0.000000,46,51,53,55,59,65,73,81,130,160,160,13607,0,47,52.387340986243295,27.3933999997098,401.861899999858,2890.359373851694
1746376942,500,POST,POST /pastes,33.800000,0.000000,49,54,57,59,66,70,84,110,140,140,140,1344,0,50,54.563771502969196,30.012999999598833,272.5566000008257,2902.776785714286
1746376942,500,,Aggregated,386.700000,0.000000,46,51,53,55,60,66,74,84,140,160,160,14951,0,47,52.58298827501861,27.3933999997098,401.861899999858,2891.475620359842
1746376943,500,GET,GET /pastes/:slug,355.400000,0.000000,46,51,53,55,60,65,74,84,130,160,160,13954,0,47,52.29322551238339,27.3933999997098,401.861899999858,2889.1431847498925
1746376943,500,POST,POST /pastes,33.200000,0.000000,49,54,57,58,65,70,76,88,140,140,140,1380,0,50,54.444890072455316,30.012999999598833,272.5566000008257,2898.472463768116
1746376943,500,,Aggregated,388.600000,0.000000,46,51,54,55,60,66,74,86,140,160,160,15334,0,47,52.486866903598944,27.3933999997098,401.861899999858,2889.9827833572454
1746376944,500,GET,GET /pastes/:slug,353.400000,0.000000,46,51,54,55,61,68,78,95,130,160,160,14314,0,47,52.28628310743425,27.3933999997098,401.861899999858,2889.31912812631
1746376944,500,POST,POST /pastes,32.900000,0.000000,49,54,57,59,66,71,87,110,140,140,140,1413,0,50,54.53625704174933,30.012999999598833,272.5566000008257,2902.882519462137
1746376944,500,,Aggregated,386.300000,0.000000,47,51,54,56,61,68,80,95,140,160,160,15727,0,47,52.48843311501276,27.3933999997098,401.861899999858,2890.53773764863
1746376945,500,GET,GET /pastes/:slug,355.200000,0.000000,47,52,55,56,62,69,81,95,130,160,160,14656,0,47,52.27782382640673,27.3933999997098,401.861899999858,2888.8403384279477
1746376945,500,POST,POST /pastes,33.100000,0.000000,50,55,58,60,66,75,88,110,140,140,140,1450,0,50,54.5677351034427,30.012999999598833,272.5566000008257,2901.7427586206895
1746376945,500,,Aggregated,388.300000,0.000000,47,52,55,57,63,70,83,98,140,160,160,16106,0,47,52.48398124300314,27.3933999997098,401.861899999858,2890.001924748541
1746376946,500,GET,GET /pastes/:slug,353.100000,0.000000,47,52,55,57,63,69,81,98,130,160,160,15001,0,47,52.17335964934385,27.3933999997098,401.861899999858,2892.333111125925
1746376946,500,POST,POST /pastes,33.800000,0.000000,51,55,58,60,66,75,88,110,140,140,140,1488,0,50,54.48570598117453,30.012999999598833,272.5566000008257,2901.5793010752686
1746376946,500,,Aggregated,386.900000,0.000000,47,52,55,57,63,70,83,99,140,160,160,16489,0,47,52.38203035962127,27.3933999997098,401.861899999858,2893.1675056098006
1746376947,500,GET,GET /pastes/:slug,351.700000,0.000000,47,52,55,57,62,69,81,98,130,160,160,15347,0,47,52.070272991451866,27.3933999997098,401.861899999858,2891.772333355053
1746376947,500,POST,POST /pastes,34.500000,0.000000,51,56,58,60,67,75,88,110,140,140,140,1522,0,50,54.42966767410653,30.012999999598833,272.5566000008257,2894.393561103811
1746376947,500,,Aggregated,386.200000,0.000000,48,53,55,57,63,69,82,98,140,160,160,16869,0,47,52.28314860393638,27.3933999997098,401.861899999858,2892.00883277017
1746376948,500,GET,GET /pastes/:slug,351.900000,0.000000,47,52,55,57,63,69,81,98,130,160,160,15693,0,47,51.94219487031305,27.3933999997098,401.861899999858,2892.3719492767477
1746376948,500,POST,POST /pastes,32.900000,0.000000,51,55,58,60,67,75,88,110,140,140,140,1553,0,50,54.286043914994046,30.012999999598833,272.5566000008257,2892.75595621378
1746376948,500,,Aggregated,384.800000,0.000000,48,52,55,57,63,70,82,99,140,160,160,17246,0,47,52.153258164200935,27.3933999997098,401.861899999858,2892.4065290502144
1746376949,500,GET,GET /pastes/:slug,349.500000,0.000000,47,52,55,57,63,71,95,120,150,160,160,16034,0,47,52.039605425960175,27.3933999997098,401.861899999858,2894.2243981539227
1746376949,500,POST,POST /pastes,33.000000,0.000000,51,55,59,61,70,84,110,130,140,140,140,1591,0,50,54.51300326837161,30.012999999598833,272.5566000008257,2894.558768070396
1746376949,500,,Aggregated,382.500000,0.000000,48,53,55,57,64,72,95,120,150,160,160,17625,0,47,52.26287782126669,27.3933999997098,401.861899999858,2894.254581560284
1746376950,500,GET,GET /pastes/:slug,350.700000,0.000000,47,53,55,57,64,73,95,120,150,160,160,16376,0,47,51.95216610282354,27.3933999997098,401.861899999858,2892.94656814851
1746376950,500,POST,POST /pastes,32.400000,0.000000,51,55,58,61,70,84,110,130,140,140,140,1617,0,50,54.43155528755923,30.012999999598833,272.5566000008257,2891.9208410636984
1746376950,500,,Aggregated,383.100000,0.000000,48,53,56,58,64,74,97,120,150,160,160,17993,0,47,52.17498454953717,27.3933999997098,401.861899999858,2892.8543878174846
1746376951,500,GET,GET /pastes/:slug,348.600000,0.000000,47,52,55,57,64,73,95,120,150,160,160,16740,0,47,51.80205777776802,27.3933999997098,401.861899999858,2893.334348864994
1746376951,500,POST,POST /pastes,33.100000,0.000000,51,55,58,60,70,78,110,130,140,140,140,1662,0,50,54.2738923585932,30.012999999598833,272.5566000008257,2899.82972322503
1746376951,500,,Aggregated,381.700000,0.000000,48,53,55,57,64,74,95,120,150,160,160,18402,0,47,52.02530465709264,27.3933999997098,401.861899999858,2893.9209868492553
1746376952,500,GET,GET /pastes/:slug,349.100000,0.000000,47,52,55,57,63,70,87,110,140,160,160,17072,0,47,51.686473061143175,27.3933999997098,401.861899999858,2893.478971415183
1746376952,500,POST,POST /pastes,34.100000,0.000000,51,55,58,60,69,75,95,120,140,140,140,1695,0,50,54.15997970500395,30.012999999598833,272.5566000008257,2889.022418879056
1746376952,500,,Aggregated,383.200000,0.000000,47,52,55,57,63,71,88,110,140,160,160,18767,0,47,51.909875510194425,27.3933999997098,401.861899999858,2893.076464005968
1746376953,500,GET,GET /pastes/:slug,347.000000,0.000000,47,51,54,56,62,68,85,100,140,160,160,17429,0,47,51.56184100635871,27.3933999997098,401.861899999858,2893.492684606116
1746376953,500,POST,POST /pastes,33.900000,0.000000,50,55,58,60,68,74,95,120,140,140,140,1725,0,50,54.06464620288571,30.012999999598833,272.5566000008257,2887.671304347826
1746376953,500,,Aggregated,380.900000,0.000000,47,52,55,57,62,69,87,100,140,160,160,19154,0,47,51.787242434990326,27.3933999997098,401.861899999858,2892.968413908322
1746376954,500,GET,GET /pastes/:slug,346.400000,0.000000,48,53,55,57,65,80,130,170,220,240,240,17788,0,47,52.200867984023745,27.3933999997098,401.861899999858,2894.7431976613448
1746376954,500,POST,POST /pastes,35.100000,0.000000,51,56,60,62,71,80,130,160,240,240,240,1769,0,50,54.63975975126098,30.012999999598833,272.5566000008257,2889.4516676088188
1746376954,500,,Aggregated,381.500000,0.000000,48,53,56,58,66,80,130,170,230,240,240,19557,0,47,52.421474392790095,27.3933999997098,401.861899999858,2894.2645600040905
1746376955,500,GET,GET /pastes/:slug,344.600000,0.000000,47,52,55,57,65,79,130,170,220,240,240,18106,0,47,52.14398843476311,27.3933999997098,401.861899999858,2893.931238263559
1746376955,500,POST,POST /pastes,35.100000,0.000000,50,56,60,62,71,80,120,160,240,240,240,1809,0,50,54.581597125473415,30.012999999598833,272.5566000008257,2885.168601437258
1746376955,500,,Aggregated,379.700000,0.000000,48,53,56,58,66,80,130,170,230,240,240,19915,0,47,52.36541118753716,27.3933999997098,401.861899999858,2893.1352749184034
1746376956,500,GET,GET /pastes/:slug,344.500000,0.000000,48,53,56,58,67,82,130,170,220,240,240,18446,0,47,52.1326613303606,27.3933999997098,401.861899999858,2893.2909031768404
1746376956,500,POST,POST /pastes,35.300000,0.000000,50,56,60,64,73,89,130,160,240,240,240,1837,0,50,54.61640337505907,30.012999999598833,272.5566000008257,2886.9384866630376
1746376956,500,,Aggregated,379.800000,0.000000,48,53,56,58,68,82,130,170,230,240,240,20283,0,47,52.357610013302505,27.3933999997098,401.861899999858,2892.7155746191393
1746376957,500,GET,GET /pastes/:slug,345.000000,0.000000,48,53,56,58,67,82,130,170,220,240,240,18817,0,47,52.06189657755344,27.3933999997098,401.861899999858,2895.5538608704896
1746376957,500,POST,POST /pastes,34.900000,0.000000,52,57,61,64,72,87,130,160,240,240,240,1875,0,50,54.60951098665634,30.012999999598833,272.5566000008257,2887.9658666666664
1746376957,500,,Aggregated,379.900000,0.000000,48,53,56,59,68,84,130,170,230,240,240,20692,0,47,52.29274797022043,27.3933999997098,401.861899999858,2894.86627682196
1746376958,500,GET,GET /pastes/:slug,345.800000,0.000000,48,53,56,58,67,82,130,170,220,240,240,19184,0,47,51.979329936397356,27.3933999997098,401.861899999858,2895.6543473728107
1746376958,500,POST,POST /pastes,35.700000,0.000000,53,57,61,64,73,89,130,160,240,240,240,1899,0,50,54.56707814638355,30.012999999598833,272.5566000008257,2885.6908899420746
1746376958,500,,Aggregated,381.500000,0.000000,48,53,56,59,68,83,130,170,230,240,240,21083,0,47,52.21241506900469,27.3933999997098,401.861899999858,2894.756913152777
1746376959,500,GET,GET /pastes/:slug,344.900000,0.000000,48,53,56,59,68,89,140,180,220,240,240,19522,0,47,52.2167825683761,27.3933999997098,401.861899999858,2895.043796742137
1746376959,500,POST,POST /pastes,35.100000,0.000000,52,57,61,63,74,92,150,160,240,240,240,1945,0,50,54.83009568122393,30.012999999598833,272.5566000008257,2884.765552699229
1746376959,500,,Aggregated,380.000000,0.000000,48,53,57,59,69,89,140,170,230,240,240,21467,0,48,52.45355966831945,27.3933999997098,401.861899999858,2894.1125448362604
1746376960,500,GET,GET /pastes/:slug,348.100000,0.000000,48,53,56,59,69,89,140,180,220,240,240,19866,0,47,52.11417699083062,27.3933999997098,401.861899999858,2894.7635155542134
1746376960,500,POST,POST /pastes,34.700000,0.000000,52,57,61,63,74,92,150,160,240,240,240,1974,0,50,54.72843505571532,30.012999999598833,272.5566000008257,2878.722897669706
1746376960,500,,Aggregated,382.800000,0.000000,48,53,57,59,69,89,140,170,230,240,240,21840,0,48,52.350465700541214,27.3933999997098,401.861899999858,2893.3136904761905
1746376961,500,GET,GET /pastes/:slug,347.300000,0.000000,48,53,56,59,68,89,140,180,220,240,240,20204,0,47,51.99268889823146,27.3933999997098,401.861899999858,2896.075183132053
1746376961,500,POST,POST /pastes,34.300000,0.000000,52,57,61,63,74,94,150,160,240,240,240,2009,0,50,54.61702254852414,30.012999999598833,272.5566000008257,2876.4021901443502
1746376961,500,,Aggregated,381.600000,0.000000,48,53,57,59,69,89,140,170,230,240,240,22213,0,47,52.230040282710554,27.3933999997098,401.861899999858,2894.295907801738
1746376962,500,GET,GET /pastes/:slug,346.200000,0.000000,48,53,57,59,69,90,140,180,220,240,240,20552,0,47,51.919028425450875,27.3933999997098,401.861899999858,2896.7286395484625
1746376962,500,POST,POST /pastes,35.400000,0.000000,53,58,62,65,74,94,150,160,240,240,240,2044,0,50,54.58199236789996,30.012999999598833,272.5566000008257,2878.136497064579
1746376962,500,,Aggregated,381.600000,0.000000,49,54,57,60,71,91,140,170,230,240,240,22596,0,47,52.15991611789031,27.3933999997098,401.861899999858,2895.0468224464507
1746376963,500,GET,GET /pastes/:slug,345.600000,0.000000,48,53,56,59,67,87,140,180,220,240,240,20912,0,47,51.864203146512224,27.3933999997098,401.861899999858,2897.4496939556234
1746376963,500,POST,POST /pastes,35.600000,0.000000,52,57,60,62,73,92,150,160,240,240,240,2082,0,50,54.55189097021527,30.012999999598833,272.5566000008257,2881.6868395773295
1746376963,500,,Aggregated,381.200000,0.000000,49,54,57,59,68,88,140,170,230,240,240,22994,0,47,52.10756080716043,27.3933999997098,401.861899999858,2896.022440636688
1746376964,500,GET,GET /pastes/:slug,348.200000,0.000000,47,52,56,57,64,73,97,130,180,190,190,21244,0,47,51.85734981641231,27.3933999997098,401.861899999858,2896.613114291094
1746376964,500,POST,POST /pastes,34.700000,0.000000,51,55,58,61,66,83,100,120,170,170,170,2123,0,50,54.49467875646836,30.012999999598833,272.5566000008257,2880.8162976919452
1746376964,500,,Aggregated,382.900000,0.000000,48,53,56,58,64,74,97,130,180,190,190,23367,0,47,52.0969633457372,27.3933999997098,401.861899999858,2895.1779004579107
1746376965,500,GET,GET /pastes/:slug,346.500000,0.000000,47,52,55,57,63,73,97,130,180,190,190,21616,0,47,51.772211176899205,27.3933999997098,401.861899999858,2896.2821521095484
1746376965,500,POST,POST /pastes,34.600000,0.000000,51,55,58,60,66,83,100,120,170,170,170,2155,0,50,54.38536278421566,30.012999999598833,272.5566000008257,2880.167517401392
1746376965,500,,Aggregated,381.100000,0.000000,47,52,55,57,64,73,97,130,180,190,190,23771,0,47,52.009110832520086,27.3933999997098,401.861899999858,2894.8212527870096
1746376966,500,GET,GET /pastes/:slug,346.800000,0.000000,46,52,54,56,62,68,97,130,180,190,190,21969,0,47,51.69569451043845,27.3933999997098,401.861899999858,2895.009513405253
1746376966,500,POST,POST /pastes,35.300000,0.000000,50,55,58,59,65,74,100,120,170,170,170,2197,0,50,54.29762489758292,30.012999999598833,272.5566000008257,2868.553026854802
1746376966,500,,Aggregated,382.100000,0.000000,47,52,55,56,62,69,97,130,180,190,190,24166,0,47,51.932243424638315,27.3933999997098,401.861899999858,2892.6042787387237
1746376967,500,GET,GET /pastes/:slug,346.800000,0.000000,46,52,54,56,62,69,97,130,180,190,190,22323,0,47,51.61555938717025,27.3933999997098,401.861899999858,2894.2197733279577
1746376967,500,POST,POST /pastes,36.000000,0.000000,49,54,58,59,64,74,95,120,170,170,170,2240,0,50,54.213288749996636,30.012999999598833,272.5566000008257,2871.7375
1746376967,500,,Aggregated,382.800000,0.000000,47,52,55,56,62,69,97,130,180,190,190,24563,0,47,51.85245690672119,27.3933999997098,401.861899999858,2892.169523266702
1746376968,500,GET,GET /pastes/:slug,348.300000,0.000000,47,52,55,57,65,81,110,130,180,190,190,22659,0,47,51.747084196116134,27.3933999997098,401.861899999858,2894.619091751622
1746376968,500,POST,POST /pastes,35.300000,0.000000,50,56,59,61,69,85,100,120,170,170,170,2279,0,50,54.36264032470079,30.012999999598833,272.5566000008257,2881.364633611233
1746376968,500,,Aggregated,383.600000,0.000000,47,53,56,58,65,82,110,130,180,190,190,24938,0,47,51.9861110794686,27.3933999997098,401.861899999858,2893.407811372203
1746376969,500,GET,GET /pastes/:slug,349.200000,0.000000,47,52,55,57,63,71,87,98,120,130,130,23018,0,47,51.737416335032776,27.3933999997098,401.861899999858,2895.119428273525
1746376969,500,POST,POST /pastes,35.700000,0.000000,50,55,59,60,67,78,91,93,110,110,110,2324,0,50,54.35665344233784,30.012999999598833,272.5566000008257,2875.3201376936318
1746376969,500,,Aggregated,384.900000,0.000000,47,52,55,57,64,72,88,98,120,130,130,25342,0,47,51.97761470285598,27.3933999997098,401.861899999858,2893.303725041433
1746376970,500,GET,GET /pastes/:slug,347.100000,0.000000,47,52,55,57,63,72,87,99,120,130,130,23347,0,47,51.68421363771714,27.3933999997098,401.861899999858,2895.7477620250997
1746376970,500,POST,POST /pastes,36.700000,0.000000,50,55,59,61,68,78,91,93,110,110,110,2353,0,50,54.34093021674367,30.012999999598833,272.5566000008257,2874.9736506587337
1746376970,500,,Aggregated,383.800000,0.000000,47,52,55,57,64,73,88,98,120,130,130,25700,0,48,51.927453097267666,27.3933999997098,401.861899999858,2893.8457587548637
1746376971,500,GET,GET /pastes/:slug,346.000000,0.000000,48,53,56,58,66,76,90,100,120,130,130,23732,0,47,51.7475753707975,27.3933999997098,401.861899999858,2898.382437215574
1746376971,500,POST,POST /pastes,38.100000,0.000000,51,56,60,61,69,81,92,100,110,110,110,2382,0,50,54.40662804366017,30.012999999598833,272.5566000008257,2873.342989084803
1746376971,500,,Aggregated,384.100000,0.000000,49,54,57,59,66,77,91,100,120,130,130,26114,0,48,51.990122030319554,27.3933999997098,401.861899999858,2896.0984529371217
1746376972,500,GET,GET /pastes/:slug,347.500000,0.000000,49,54,57,59,66,77,90,100,120,130,130,24098,0,47,51.756463316448716,27.3933999997098,401.861899999858,2899.6579799153455
1746376972,500,POST,POST /pastes,37.800000,0.000000,52,56,60,61,69,79,92,100,110,110,110,2414,0,50,54.41822978459035,30.012999999598833,272.5566000008257,2874.987158243579
1746376972,500,,Aggregated,385.300000,0.000000,49,54,57,59,67,78,90,100,120,130,130,26512,0,48,51.99882542621393,27.3933999997098,401.861899999858,2897.4116249245626
1746376973,500,GET,GET /pastes/:slug,346.600000,0.000000,48,54,56,59,66,77,90,100,120,130,130,24442,0,47,51.68701550199556,27.3933999997098,401.861899999858,2898.209434579822
1746376973,500,POST,POST /pastes,38.000000,0.000000,52,56,59,61,69,79,92,100,110,110,110,2449,0,50,54.31558187015337,30.012999999598833,272.5566000008257,2870.8554512045735
1746376973,500,,Aggregated,384.600000,0.000000,49,54,57,59,66,78,91,100,120,130,130,26891,0,48,51.926402621686904,27.3933999997098,401.861899999858,2895.7182700531775
1746376974,500,GET,GET /pastes/:slug,350.100000,0.000000,49,54,57,59,68,79,92,100,120,120,120,24807,0,47,51.73898276695183,27.3933999997098,401.861899999858,2898.5056234127464
1746376974,500,POST,POST /pastes,37.000000,0.000000,52,56,60,63,70,85,97,110,120,120,120,2475,0,50,54.37672169697179,30.012999999598833,272.5566000008257,2867.558787878788
1746376974,500,,Aggregated,387.100000,0.000000,49,54,57,60,68,79,92,100,120,120,120,27282,0,48,51.97827621507885,27.3933999997098,401.861899999858,2895.6981526281065
1746376975,500,GET,GET /pastes/:slug,352.100000,0.000000,49,54,57,59,68,79,92,100,120,120,120,25163,0,47,51.67039580732715,27.3933999997098,401.861899999858,2898.1583674442636
1746376975,500,POST,POST /pastes,36.500000,0.000000,52,56,60,63,70,83,97,110,120,120,120,2507,0,50,54.29995947347638,30.012999999598833,272.5566000008257,2862.4930195452735
1746376975,500,,Aggregated,388.600000,0.000000,49,54,57,59,68,79,92,100,120,120,120,27670,0,48,51.90864358871633,27.3933999997098,401.861899999858,2894.9269606071557
1746376976,500,GET,GET /pastes/:slug,350.300000,0.000000,50,54,57,60,69,80,93,100,120,120,120,25503,0,47,51.68087767320571,27.3933999997098,401.861899999858,2898.319648668784
1746376976,500,POST,POST /pastes,36.200000,0.000000,53,58,61,65,73,87,100,110,120,120,120,2550,0,50,54.4125343921598,30.012999999598833,272.5566000008257,2857.7596078431375
1746376976,500,,Aggregated,386.500000,0.000000,50,55,58,60,70,81,93,100,120,120,120,28053,0,48,51.929183545423875,27.3933999997098,401.861899999858,2894.632766549032
1746376977,500,GET,GET /pastes/:slug,353.100000,0.000000,50,55,58,60,70,81,93,100,120,120,120,25849,0,47,51.65653585824413,27.3933999997098,401.861899999858,2898.5808348485434
1746376977,500,POST,POST /pastes,34.600000,0.000000,53,59,63,66,77,87,100,110,120,120,120,2583,0,51,54.43446736353368,30.012999999598833,272.5566000008257,2854.5060007742936
1746376977,500,,Aggregated,387.700000,0.000000,50,55,58,61,70,81,93,100,120,120,120,28432,0,48,51.908906323852115,27.3933999997098,401.861899999858,2894.576709341587
1746376978,500,GET,GET /pastes/:slug,352.200000,0.000000,49,54,57,59,66,76,86,95,120,120,120,26208,0,47,51.65292121107053,27.3933999997098,401.861899999858,2900.1697954822953
1746376978,500,POST,POST /pastes,35.200000,0.000000,53,59,61,65,73,87,97,110,120,120,120,2619,0,51,54.528283046965534,30.012999999598833,272.5566000008257,2852.156166475754
1746376978,500,,Aggregated,387.400000,0.000000,50,54,58,60,67,77,88,95,120,120,120,28827,0,48,51.914154521793535,27.3933999997098,401.861899999858,2895.8076456100184
1746376979,500,GET,GET /pastes/:slug,351.100000,0.000000,49,54,57,59,66,75,85,95,120,120,120,26535,0,48,51.63660134915178,27.3933999997098,401.861899999858,2900.8995289240625
1746376979,500,POST,POST /pastes,35.000000,0.000000,53,58,61,64,72,85,97,110,120,120,120,2655,0,51,54.499948474575184,30.012999999598833,272.5566000008257,2851.495668549906
1746376979,500,,Aggregated,386.100000,0.000000,50,55,58,60,67,76,88,95,120,120,120,29190,0,48,51.89703939704495,27.3933999997098,401.861899999858,2896.4059609455294
1746376980,500,GET,GET /pastes/:slug,350.400000,0.000000,50,54,57,59,66,74,83,93,120,120,120,26888,0,48,51.653528693087,27.3933999997098,401.861899999858,2901.34379648914
1746376980,500,POST,POST /pastes,34.600000,0.000000,53,58,61,63,71,85,94,110,120,120,120,2679,0,51,54.51079357969201,30.012999999598833,272.5566000008257,2849.9914147069803
1746376980,500,,Aggregated,385.000000,0.000000,50,55,58,60,67,75,85,94,120,120,120,29567,0,48,51.912419098986035,27.3933999997098,401.861899999858,2896.6908715798018
1746376981,500,GET,GET /pastes/:slug,353.400000,0.000000,50,55,58,60,68,76,89,97,120,120,120,27280,0,48,51.731093456734385,27.3933999997098,401.861899999858,2902.8171187683283
1746376981,500,POST,POST /pastes,34.100000,0.000000,54,59,61,64,74,85,94,110,120,120,120,2712,0,51,54.593213311206874,30.012999999598833,272.5566000008257,2847.8867994100297
1746376981,500,,Aggregated,387.500000,0.000000,50,55,58,60,68,77,91,98,120,120,120,29992,0,48,51.98989810615195,27.3933999997098,401.861899999858,2897.850093358229
1746376982,500,GET,GET /pastes/:slug,351.100000,0.000000,49,54,58,60,67,76,88,97,120,120,120,27627,0,48,51.67640383319588,27.3933999997098,401.861899999858,2901.8129366199732
1746376982,500,POST,POST /pastes,32.600000,0.000000,54,59,61,64,73,85,94,110,120,120,120,2741,0,51,54.572160598320046,30.012999999598833,272.5566000008257,2844.576796789493
1746376982,500,,Aggregated,383.700000,0.000000,50,55,58,60,68,76,90,98,120,120,120,30368,0,48,51.937773343641325,27.3933999997098,401.861899999858,2896.646832191781
1746376983,500,GET,GET /pastes/:slug,355.000000,0.000000,49,54,58,60,68,76,89,97,120,120,120,27959,0,48,51.6265479022755,27.3933999997098,401.861899999858,2899.8552523337744
1746376983,500,POST,POST /pastes,32.100000,0.000000,54,59,62,65,74,85,94,110,120,120,120,2776,0,51,54.536198811238144,30.012999999598833,272.5566000008257,2850.136887608069
1746376983,500,,Aggregated,387.100000,0.000000,50,55,58,60,68,77,90,98,120,120,120,30735,0,48,51.88934897347391,27.3933999997098,401.861899999858,2895.3646656905808
1746376984,500,GET,GET /pastes/:slug,352.700000,0.000000,49,54,57,59,65,72,81,91,110,120,120,28331,0,48,51.58068390101802,27.3933999997098,401.861899999858,2899.6591366347816
1746376984,500,POST,POST /pastes,33.000000,0.000000,54,59,62,64,72,82,92,94,110,110,110,2803,0,51,54.49247827327611,30.012999999598833,272.5566000008257,2847.981805208705
1746376984,500,,Aggregated,385.700000,0.000000,50,54,58,59,66,74,83,92,110,120,120,31134,0,48,51.842833307629505,27.3933999997098,401.861899999858,2895.006616560673
1746376985,500,GET,GET /pastes/:slug,350.100000,0.000000,49,54,57,59,65,72,81,91,110,120,120,28665,0,48,51.49693894644163,27.3933999997098,401.861899999858,2899.3660561660563
1746376985,500,POST,POST /pastes,32.800000,0.000000,54,58,61,64,73,83,92,94,110,110,110,2838,0,51,54.40693058491721,30.012999999598833,272.5566000008257,2843.544397463002
1746376985,500,,Aggregated,382.900000,0.000000,49,54,57,59,66,74,83,92,110,120,120,31503,0,48,51.75909036916319,27.3933999997098,401.861899999858,2894.3372694664
1746376986,500,GET,GET /pastes/:slug,350.200000,0.000000,48,53,56,58,64,71,79,89,110,120,120,29023,0,48,51.442939823579096,27.3933999997098,401.861899999858,2900.780656720532
1746376986,500,POST,POST /pastes,32.600000,0.000000,53,57,60,63,70,77,86,92,110,110,110,2874,0,51,54.34759488517642,30.012999999598833,272.5566000008257,2838.122129436326
1746376986,500,,Aggregated,382.800000,0.000000,49,53,57,58,65,72,80,90,110,120,120,31897,0,48,51.70465655703474,27.3933999997098,401.861899999858,2895.1349656707525
1746376987,500,GET,GET /pastes/:slug,350.600000,0.000000,48,53,56,58,64,70,78,88,110,120,120,29380,0,48,51.38385199794844,27.3933999997098,401.861899999858,2899.7834581347856
1746376987,500,POST,POST /pastes,32.700000,0.000000,52,56,59,61,67,74,84,88,100,100,100,2913,0,51,54.27359680741486,30.012999999598833,272.5566000008257,2839.0944043940954
1746376987,500,,Aggregated,383.300000,0.000000,48,53,56,58,64,71,78,88,110,120,120,32293,0,48,51.64452231752169,27.3933999997098,401.861899999858,2894.308983371009
1746376988,500,GET,GET /pastes/:slug,348.800000,0.000000,48,53,55,57,64,72,85,96,120,120,120,29708,0,48,51.38745685672965,27.3933999997098,401.861899999858,2901.235761411068
1746376988,500,POST,POST /pastes,32.700000,0.000000,51,56,59,61,69,79,97,100,120,120,120,2957,0,51,54.34160321271635,30.012999999598833,272.5566000008257,2841.0727088265135
1746376988,500,,Aggregated,381.500000,0.000000,48,53,56,58,64,73,86,97,120,120,120,32665,0,48,51.654881034738395,27.3933999997098,401.861899999858,2895.7894994642584
1746376989,500,GET,GET /pastes/:slug,351.900000,0.000000,47,52,55,56,62,71,83,96,120,120,120,30057,0,47,51.32808815915528,27.3933999997098,401.861899999858,2901.9897860731276
1746376989,500,POST,POST /pastes,32.000000,0.000000,52,55,59,60,68,79,97,100,120,120,120,2985,0,51,54.3068014740372,30.012999999598833,272.5566000008257,2844.1621440536014
1746376989,500,,Aggregated,383.900000,0.000000,47,52,55,57,63,71,85,97,120,120,120,33042,0,48,51.59718383268976,27.3933999997098,401.861899999858,2896.7656618848737
1746376990,500,GET,GET /pastes/:slug,349.800000,0.000000,47,51,54,56,61,68,82,95,120,120,120,30417,0,47,51.27903029226138,27.3933999997098,401.861899999858,2901.952230660486
1746376990,500,POST,POST /pastes,32.600000,0.000000,51,55,58,60,67,79,97,100,120,120,120,3021,0,51,54.28486146971239,30.012999999598833,272.5566000008257,2839.7686196623636
1746376990,500,,Aggregated,382.400000,0.000000,47,52,54,56,62,69,84,96,120,120,120,33438,0,48,51.55059605537769,27.3933999997098,401.861899999858,2896.3341707039895
1746376991,500,GET,GET /pastes/:slug,350.300000,0.000000,46,51,53,55,60,65,73,85,110,120,120,30762,0,47,51.231201475837416,27.3933999997098,401.861899999858,2901.5817567128274
1746376991,500,POST,POST /pastes,33.200000,0.000000,49,54,57,59,65,73,89,100,120,120,120,3057,0,51,54.22859319594371,30.012999999598833,272.5566000008257,2840.30094864246
1746376991,500,,Aggregated,383.500000,0.000000,46,51,54,55,60,66,75,87,120,120,120,33819,0,48,51.502144628750564,27.3933999997098,401.861899999858,2896.042402199947
1746376992,500,GET,GET /pastes/:slug,350.600000,0.000000,46,51,53,55,59,64,71,82,110,120,120,31102,0,47,51.18861109252488,27.3933999997098,401.861899999858,2902.551540093885
1746376992,500,POST,POST /pastes,33.300000,0.000000,50,54,57,59,65,72,89,100,120,120,120,3093,0,51,54.20116188166933,30.012999999598833,272.5566000008257,2841.6753960556093
1746376992,500,,Aggregated,383.900000,0.000000,46,51,54,55,60,65,73,86,120,120,120,34195,0,48,51.461101795575836,27.3933999997098,401.861899999858,2897.0451820441585
1746376993,500,GET,GET /pastes/:slug,349.300000,0.000000,46,51,54,55,60,67,78,90,110,120,120,31477,0,47,51.203350163602686,27.3933999997098,401.861899999858,2902.6251866442162
1746376993,500,POST,POST /pastes,34.200000,0.000000,49,54,57,59,65,72,89,100,120,120,120,3122,0,51,54.16482594490586,30.012999999598833,272.5566000008257,2841.8334401024986
1746376993,500,,Aggregated,383.500000,0.000000,47,51,54,56,61,67,80,90,120,120,120,34599,0,48,51.47057544147867,27.3933999997098,401.861899999858,2897.1397150206653
1746376994,500,GET,GET /pastes/:slug,347.100000,0.000000,47,52,55,58,69,98,160,190,220,230,230,31759,0,48,51.782690380670566,27.3933999997098,401.861899999858,2903.632828489562
1746376994,500,POST,POST /pastes,34.800000,0.000000,51,55,59,62,72,100,190,200,210,210,210,3153,0,51,54.7443865842033,30.012999999598833,272.5566000008257,2841.547098001903
1746376994,500,,Aggregated,381.900000,0.000000,48,53,56,58,69,100,170,190,220,230,230,34912,0,48,52.05016941738403,27.3933999997098,401.861899999858,2898.0256931714025
1746376995,500,GET,GET /pastes/:slug,347.300000,0.000000,49,55,60,67,180,320,390,420,510,530,530,32059,0,48,54.37605623692889,27.3933999997098,529.7563999993145,2904.0787610343427
1746376995,500,POST,POST /pastes,35.000000,0.000000,53,58,62,67,180,290,370,380,480,480,480,3178,0,51,56.83829940213869,30.012999999598833,479.5962000007421,2841.5383889238515
1746376995,500,,Aggregated,382.300000,0.000000,50,55,60,67,180,320,390,410,510,530,530,35237,0,48,54.59812419898693,27.3933999997098,529.7563999993145,2898.4382892981807
1746376996,500,GET,GET /pastes/:slug,350.400000,0.000000,50,57,65,82,210,330,390,420,510,530,530,32422,0,48,54.87981843500342,27.3933999997098,529.7563999993145,2904.0885509839
1746376996,500,POST,POST /pastes,35.100000,0.000000,54,59,65,83,200,310,370,380,480,480,480,3218,0,51,57.433364232441114,30.012999999598833,479.5962000007421,2838.5981976382845
1746376996,500,,Aggregated,385.500000,0.000000,50,57,65,82,210,330,390,410,510,530,530,35640,0,48,55.11038269920536,27.3933999997098,529.7563999993145,2898.1753086419753
1746376997,500,GET,GET /pastes/:slug,337.400000,0.000000,50,57,65,81,210,330,390,420,510,530,530,32799,0,48,54.813748336830365,27.3933999997098,529.7563999993145,2906.192475380347
1746376997,500,POST,POST /pastes,34.500000,0.000000,55,61,70,85,200,310,370,380,480,480,480,3246,0,51,57.419421318545616,30.012999999598833,479.5962000007421,2841.502464571781
1746376997,500,,Aggregated,371.900000,0.000000,51,57,65,81,210,320,390,410,510,530,530,36045,0,48,55.04839986959914,27.3933999997098,529.7563999993145,2900.3668747399083
1746376998,500,GET,GET /pastes/:slug,341.200000,0.000000,50,56,63,76,210,330,390,420,510,530,530,33167,0,48,54.68946844452972,27.3933999997098,529.7563999993145,2906.4271414357645
1746376998,500,POST,POST /pastes,34.100000,0.000000,54,60,67,75,200,320,370,380,480,480,480,3267,0,51,57.35658561370975,30.012999999598833,479.5962000007421,2841.7609427609427
1746376998,500,,Aggregated,375.300000,0.000000,50,56,63,75,210,320,390,410,510,530,530,36434,0,48,54.92862614864438,27.3933999997098,529.7563999993145,2900.6285886809023
1746376999,500,GET,GET /pastes/:slug,337.600000,0.000000,51,59,73,110,210,330,390,420,510,530,530,33476,0,48,55.02676013859843,27.3933999997098,529.7563999993145,2907.9726072410085
1746376999,500,POST,POST /pastes,34.300000,0.000000,55,63,73,120,210,320,370,380,480,480,480,3309,0,51,57.75163291024092,30.012999999598833,479.5962000007421,2844.414626775461
1746376999,500,,Aggregated,371.900000,0.000000,51,59,73,110,210,320,390,410,510,530,530,36785,0,48,55.27187646322442,27.3933999997098,529.7563999993145,2902.255239907571
1746377000,500,GET,GET /pastes/:slug,343.000000,0.000000,52,62,91,130,210,330,390,420,510,530,530,33817,0,48,55.26903354229315,27.3933999997098,529.7563999993145,2907.37164739628
1746377000,500,POST,POST /pastes,32.800000,0.000000,56,65,88,130,210,310,370,380,480,480,480,3347,0,51,57.981382521658574,30.012999999598833,479.5962000007421,2843.143412010756
1746377000,500,,Aggregated,375.800000,0.000000,53,63,91,130,210,330,390,410,510,530,530,37164,0,48,55.51330843288459,27.3933999997098,529.7563999993145,2901.587234958562
1746377001,500,GET,GET /pastes/:slug,341.800000,0.000000,54,72,110,130,210,330,390,420,510,530,530,34181,0,48,55.53614001930144,27.3933999997098,529.7563999993145,2908.1127819548874
1746377001,500,POST,POST /pastes,30.800000,0.000000,58,80,120,140,210,320,370,380,480,480,480,3384,0,51,58.36393927304833,30.012999999598833,479.5962000007421,2840.3351063829787
1746377001,500,,Aggregated,372.600000,0.000000,55,73,110,130,210,320,390,410,510,530,530,37565,0,48,55.790879076260964,27.3933999997098,529.7563999993145,2902.0071076800214
1746377002,500,GET,GET /pastes/:slug,338.100000,0.000000,55,75,110,130,210,330,390,420,510,530,530,34535,0,48,55.49746807006636,27.3933999997098,529.7563999993145,2907.7397133342984
1746377002,500,POST,POST /pastes,31.800000,0.000000,60,80,120,140,210,310,370,380,480,480,480,3423,0,51,58.364167572303046,30.012999999598833,479.5962000007421,2838.2976920829683
1746377002,500,,Aggregated,369.900000,0.000000,55,75,110,130,210,320,390,410,510,530,530,37958,0,48,55.755983070755654,27.3933999997098,529.7563999993145,2901.4775277938775
1746377003,500,GET,GET /pastes/:slug,339.800000,0.000000,54,72,110,130,210,330,390,420,510,530,530,34873,0,48,55.41729490149257,27.3933999997098,529.7563999993145,2908.7367877727756
1746377003,500,POST,POST /pastes,33.100000,0.000000,60,80,120,140,210,310,370,380,480,480,480,3454,0,51,58.29007944412111,30.012999999598833,479.5962000007421,2841.3601621308626
1746377003,500,,Aggregated,372.900000,0.000000,55,73,110,130,210,330,390,410,510,530,530,38327,0,48,55.67618805280234,27.3933999997098,529.7563999993145,2902.6648576721373
1746377004,500,GET,GET /pastes/:slug,339.400000,0.000000,52,61,83,110,190,320,390,410,510,530,530,35213,0,48,55.35120826114655,27.3933999997098,529.7563999993145,2909.2798114332777
1746377004,500,POST,POST /pastes,32.400000,0.000000,57,70,98,120,190,310,370,380,480,480,480,3485,0,51,58.258518278334385,30.012999999598833,479.5962000007421,2841.221807747489
1746377004,500,,Aggregated,371.800000,0.000000,52,62,84,110,190,320,390,410,510,530,530,38698,0,48,55.613029942109875,27.3933999997098,529.7563999993145,2903.150757145072
1746377005,500,GET,GET /pastes/:slug,340.700000,0.000000,49,55,60,66,110,130,160,180,210,240,240,35573,0,48,55.26183227728214,27.3933999997098,529.7563999993145,2910.0245691957384
1746377005,500,POST,POST /pastes,32.700000,0.000000,54,62,70,76,120,150,180,200,250,250,250,3512,0,51,58.17276016514662,30.012999999598833,479.5962000007421,2840.4365034168563
1746377005,500,,Aggregated,373.400000,0.000000,50,56,61,68,110,130,170,180,230,250,250,39085,0,48,55.52339499295813,27.3933999997098,529.7563999993145,2903.7717026992455
1746377006,500,GET,GET /pastes/:slug,338.000000,0.000000,49,55,59,63,100,130,160,180,210,240,240,35943,0,48,55.16967512727874,27.3933999997098,529.7563999993145,2910.7517179979413
1746377006,500,POST,POST /pastes,32.500000,0.000000,54,61,68,73,110,140,180,200,250,250,250,3544,0,51,58.08615784424305,30.012999999598833,479.5962000007421,2836.0795711060946
1746377006,500,,Aggregated,370.500000,0.000000,49,55,59,64,100,130,160,180,230,250,250,39487,0,48,55.431432534752965,27.3933999997098,529.7563999993145,2904.0498138627904
1746377007,500,GET,GET /pastes/:slug,349.000000,0.000000,48,54,58,62,100,130,160,180,210,240,240,36294,0,48,55.08359569625276,27.3933999997098,529.7563999993145,2910.8858764534084
1746377007,500,POST,POST /pastes,33.500000,0.000000,53,58,64,71,110,140,180,200,250,250,250,3579,0,51,57.99982000558789,30.012999999598833,479.5962000007421,2837.5697122101146
1746377007,500,,Aggregated,382.500000,0.000000,49,55,59,63,100,130,170,180,230,250,250,39873,0,48,55.34535595515273,27.3933999997098,529.7563999993145,2904.3050184335266
1746377008,500,GET,GET /pastes/:slug,346.700000,0.000000,49,55,59,64,100,130,160,180,210,240,240,36655,0,48,55.02831300504202,27.3933999997098,529.7563999993145,2911.7127540581096
1746377008,500,POST,POST /pastes,33.000000,0.000000,53,58,65,71,110,140,180,200,250,250,250,3615,0,51,57.94457692946212,30.012999999598833,479.5962000007421,2837.351313969571
1746377008,500,,Aggregated,379.700000,0.000000,49,55,59,64,100,130,160,180,230,250,250,40270,0,48,55.2901032729035,27.3933999997098,529.7563999993145,2905.0373975664265
1746377009,500,GET,GET /pastes/:slug,350.200000,0.000000,48,53,57,59,76,110,140,160,190,210,210,36959,0,48,54.97178131442457,27.3933999997098,529.7563999993145,2911.7098947482345
1746377009,500,POST,POST /pastes,32.400000,0.000000,52,57,62,66,91,120,150,180,210,210,210,3661,0,51,57.88988978421474,30.012999999598833,479.5962000007421,2838.7768369298005
1746377009,500,,Aggregated,382.600000,0.000000,48,54,57,60,77,110,140,160,200,210,210,40620,0,48,55.23478464056703,27.3933999997098,529.7563999993145,2905.136582964057
1746377010,500,GET,GET /pastes/:slug,347.100000,0.000000,47,53,56,58,69,95,130,150,180,190,190,37329,0,48,55.02356741139103,27.3933999997098,529.7563999993145,2912.1412038897374
1746377010,500,POST,POST /pastes,33.500000,0.000000,51,55,59,62,75,100,140,150,180,180,180,3709,0,51,57.8981925316824,30.012999999598833,479.5962000007421,2838.466433000809
1746377010,500,,Aggregated,380.600000,0.000000,48,53,56,58,69,96,130,150,180,190,190,41038,0,48,55.2833750182716,27.3933999997098,529.7563999993145,2905.482504020664
1746377011,500,GET,GET /pastes/:slug,348.300000,0.000000,47,52,55,57,65,77,100,120,160,180,180,37683,0,48,55.04526864368144,27.3933999997098,529.7563999993145,2913.7214924501764
1746377011,500,POST,POST /pastes,34.900000,0.000000,51,55,59,62,70,89,110,130,160,160,160,3745,0,51,57.94219989319621,30.012999999598833,479.5962000007421,2841.2777036048064
1746377011,500,,Aggregated,383.200000,0.000000,47,53,55,57,65,78,100,120,160,180,180,41428,0,48,55.30714485130511,27.3933999997098,529.7563999993145,2907.1727334170128
1746377012,500,GET,GET /pastes/:slug,349.300000,0.000000,46,52,54,56,63,74,100,120,160,180,180,38034,0,48,54.93985636009466,27.3933999997098,529.7563999993145,2913.084398170058
1746377012,500,POST,POST /pastes,35.500000,0.000000,50,54,57,60,66,81,110,130,160,160,160,3770,0,51,57.88026649867937,30.012999999598833,479.5962000007421,2846.27824933687
1746377012,500,,Aggregated,384.800000,0.000000,47,52,55,56,64,74,100,120,160,180,180,41804,0,48,55.205030654957994,27.3933999997098,529.7563999993145,2907.0596354415848
1746377013,500,GET,GET /pastes/:slug,347.500000,0.000000,46,52,55,56,64,76,100,120,160,180,180,38374,0,48,54.871265690306984,27.3933999997098,529.7563999993145,2913.770678063272
1746377013,500,POST,POST /pastes,35.300000,0.000000,49,54,57,61,69,83,110,130,160,160,160,3809,0,51,57.80848566553489,30.012999999598833,479.5962000007421,2848.9052244683644
1746377013,500,,Aggregated,382.800000,0.000000,47,52,55,57,64,76,100,120,160,180,180,42183,0,48,55.136487957230656,27.3933999997098,529.7563999993145,2907.9135196643197
1746377014,500,GET,GET /pastes/:slug,350.900000,0.000000,46,52,55,56,64,77,100,120,160,180,180,38727,0,48,54.82233043870805,27.2819999991043,529.7563999993145,2913.4948485552713
1746377014,500,POST,POST /pastes,35.700000,0.000000,49,54,57,60,68,81,100,130,160,160,160,3843,0,51,57.75251118917897,30.012999999598833,479.5962000007421,2850.2529274004683
1746377014,500,,Aggregated,386.600000,0.000000,47,52,55,57,65,77,100,120,160,180,180,42570,0,48,55.086852041340364,27.2819999991043,529.7563999993145,2907.7856941508103
1746377015,500,GET,GET /pastes/:slug,349.200000,0.000000,46,51,54,56,64,77,100,120,160,180,180,39064,0,48,54.7306646016756,27.2819999991043,529.7563999993145,2912.075491501126
1746377015,500,POST,POST /pastes,34.500000,0.000000,49,54,57,59,67,80,100,130,160,160,160,3894,0,51,57.630113353881406,30.012999999598833,479.5962000007421,2845.210580380072
1746377015,500,,Aggregated,383.700000,0.000000,47,52,55,56,64,77,100,120,160,180,180,42958,0,48,54.99348999953132,27.2819999991043,529.7563999993145,2906.0144094231573
1746377016,500,GET,GET /pastes/:slug,348.600000,0.000000,47,52,55,57,68,88,120,140,170,180,180,39394,0,48,54.798531738332564,27.2819999991043,529.7563999993145,2912.251307305681
1746377016,500,POST,POST /pastes,35.500000,0.000000,49,54,59,61,72,89,110,130,160,160,160,3932,0,51,57.66283362156839,30.012999999598833,479.5962000007421,2846.2118514750764
1746377016,500,,Aggregated,384.100000,0.000000,47,52,55,58,69,88,120,140,170,180,180,43326,0,48,55.05847807551759,27.2819999991043,529.7563999993145,2906.2579744264413
1746377017,500,GET,GET /pastes/:slug,349.200000,0.000000,47,52,55,57,69,89,120,140,170,180,180,39760,0,48,54.72449227615385,27.2819999991043,529.7563999993145,2911.8300301810864
1746377017,500,POST,POST /pastes,35.500000,0.000000,49,55,59,61,73,91,120,130,160,160,160,3967,0,51,57.598948676582985,30.012999999598833,479.5962000007421,2844.095538190068
1746377017,500,,Aggregated,384.700000,0.000000,47,52,55,58,70,89,120,140,170,180,180,43727,0,48,54.98526865094515,27.2819999991043,529.7563999993145,2905.6850229835113
1746377018,500,GET,GET /pastes/:slug,347.000000,0.000000,46,52,54,56,67,87,120,140,170,180,180,40104,0,48,54.64286218581438,27.2819999991043,529.7563999993145,2911.766631757431
1746377018,500,POST,POST /pastes,37.800000,0.000000,49,54,58,60,70,84,120,130,160,160,160,4003,0,51,57.509542243316524,30.012999999598833,479.5962000007421,2846.871596302773
1746377018,500,,Aggregated,384.800000,0.000000,47,52,55,57,67,87,120,140,170,180,180,44107,0,48,54.903032232976464,27.2819999991043,529.7563999993145,2905.876980978076
1746377019,500,GET,GET /pastes/:slug,343.300000,0.000000,46,51,54,56,66,82,110,120,160,180,180,40460,0,48,54.58212883341299,27.2819999991043,529.7563999993145,2912.0975037073654
1746377019,500,POST,POST /pastes,38.700000,0.000000,49,54,58,60,68,82,100,120,130,130,130,4033,0,51,57.47076568311279,30.012999999598833,479.5962000007421,2846.579717332011
1746377019,500,,Aggregated,382.000000,0.000000,47,52,55,57,66,82,110,120,160,180,180,44493,0,48,54.84396490683659,27.2819999991043,529.7563999993145,2906.1587440721014
1746377020,500,GET,GET /pastes/:slug,344.900000,0.000000,46,51,54,56,66,80,110,120,150,170,170,40838,0,48,54.55974080757807,27.2819999991043,529.7563999993145,2911.9807287330427
1746377020,500,POST,POST /pastes,38.600000,0.000000,49,54,59,60,70,84,100,120,130,130,130,4071,0,51,57.47026020633476,30.012999999598833,479.5962000007421,2846.062638172439
1746377020,500,,Aggregated,383.500000,0.000000,46,52,55,57,66,81,100,120,150,170,170,44909,0,48,54.82357933598742,27.2819999991043,529.7563999993145,2906.0052550713667
1746377021,500,GET,GET /pastes/:slug,344.100000,0.000000,46,51,54,56,63,75,93,110,150,170,170,41174,0,48,54.49731078593012,27.2819999991043,529.7563999993145,2911.4171564579588
1746377021,500,POST,POST /pastes,38.400000,0.000000,49,53,57,59,68,76,93,110,120,120,120,4107,0,51,57.38327969320338,30.012999999598833,479.5962000007421,2842.4940345751156
1746377021,500,,Aggregated,382.500000,0.000000,46,51,54,56,63,75,93,110,150,170,170,45281,0,48,54.75906901349059,27.2819999991043,529.7563999993145,2905.165809058987
1746377022,500,GET,GET /pastes/:slug,348.200000,0.000000,46,51,54,55,62,75,93,110,150,170,170,41524,0,48,54.412071833153746,27.2819999991043,529.7563999993145,2911.2204749060784
1746377022,500,POST,POST /pastes,36.900000,0.000000,49,53,57,59,67,76,93,110,120,120,120,4143,0,51,57.30010876176329,30.012999999598833,479.5962000007421,2843.9879314506397
1746377022,500,,Aggregated,385.100000,0.000000,46,51,54,56,63,75,93,110,150,170,170,45667,0,48,54.67408021984928,27.2819999991043,529.7563999993145,2905.1210064160114
1746377024,500,GET,GET /pastes/:slug,349.900000,0.000000,46,51,53,55,61,72,94,110,150,170,170,41876,0,48,54.34528493170002,27.2819999991043,529.7563999993145,2911.0223994650873
1746377024,500,POST,POST /pastes,36.100000,0.000000,49,53,56,59,64,74,95,110,120,120,120,4172,0,51,57.24746088206731,30.012999999598833,479.5962000007421,2844.5723873441993
1746377024,500,,Aggregated,386.000000,0.000000,46,51,54,56,62,72,94,110,150,170,170,46048,0,48,54.60822529968409,27.2819999991043,529.7563999993145,2905.0019544822794
1746377025,500,GET,GET /pastes/:slug,347.600000,0.000000,46,51,54,55,62,73,94,110,150,170,170,42228,0,48,54.27375027469603,27.2819999991043,529.7563999993145,2911.2847873448895
1746377025,500,POST,POST /pastes,37.300000,0.000000,49,53,57,60,67,74,95,110,120,120,120,4203,0,51,57.172862907444696,30.012999999598833,479.5962000007421,2847.228884130383
1746377025,500,,Aggregated,384.900000,0.000000,46,51,54,56,62,73,94,110,150,170,170,46431,0,48,54.536182063704246,27.2819999991043,529.7563999993145,2905.4863560982963
1746377026,500,GET,GET /pastes/:slug,349.300000,0.000000,45,50,53,54,59,65,75,81,110,130,130,42583,0,48,54.19318971420185,27.2819999991043,529.7563999993145,2911.6922950473195
1746377026,500,POST,POST /pastes,36.000000,0.000000,48,53,55,57,62,69,74,86,120,120,120,4248,0,51,57.061284345571636,30.012999999598833,479.5962000007421,2849.3074387947267
1746377026,500,,Aggregated,385.300000,0.000000,45,50,53,54,59,65,75,81,110,130,130,46831,0,48,54.45335212786069,27.2819999991043,529.7563999993145,2906.0334180350624
1746377027,500,GET,GET /pastes/:slug,348.400000,0.000000,45,50,53,54,58,63,72,79,99,110,110,42915,0,48,54.11980688104111,27.2819999991043,529.7563999993145,2911.641221018292
1746377027,500,POST,POST /pastes,36.000000,0.000000,48,53,54,57,62,67,72,78,110,110,110,4276,0,51,57.00055603367376,30.012999999598833,479.5962000007421,2850.586061739944
1746377027,500,,Aggregated,384.400000,0.000000,45,50,53,54,59,64,72,79,110,110,110,47191,0,48,54.380832995695485,27.2819999991043,529.7563999993145,2906.1089826449956
1746377028,500,GET,GET /pastes/:slug,350.200000,0.000000,46,51,53,55,61,67,97,120,160,250,250,43289,0,48,54.17882669731118,27.2819999991043,529.7563999993145,2912.730393402481
1746377028,500,POST,POST /pastes,35.400000,0.000000,49,53,56,58,64,71,88,100,150,150,150,4310,0,51,57.020838259857825,30.012999999598833,479.5962000007421,2850.9547563805104
1746377028,500,,Aggregated,385.600000,0.000000,46,51,54,55,61,68,97,120,160,250,250,47599,0,48,54.43616550347461,27.2819999991043,529.7563999993145,2907.1367255614614
1746377029,500,GET,GET /pastes/:slug,351.400000,0.000000,46,51,54,55,62,75,120,130,170,250,250,43628,0,48,54.201354728612465,27.2819999991043,529.7563999993145,2912.8719400385075
1746377029,500,POST,POST /pastes,34.400000,0.000000,49,53,57,60,67,80,110,140,160,160,160,4343,0,51,57.09991844346911,30.012999999598833,479.5962000007421,2851.888095786323
1746377029,500,,Aggregated,385.800000,0.000000,46,51,54,55,62,75,120,130,170,250,250,47971,0,48,54.46377290237621,27.2819999991043,529.7563999993145,2907.350836963999
1746377030,500,GET,GET /pastes/:slug,351.100000,0.000000,46,51,54,55,61,70,120,130,170,250,250,43978,0,48,54.163601855471136,27.2819999991043,529.7563999993145,2912.5587111737686
1746377030,500,POST,POST /pastes,34.300000,0.000000,48,53,56,58,65,81,110,140,160,160,160,4375,0,51,57.07948820571102,30.012999999598833,479.5962000007421,2851.3830857142857
1746377030,500,,Aggregated,385.400000,0.000000,46,51,54,55,62,71,120,130,170,250,250,48353,0,48,54.427432492294066,27.2819999991043,529.7563999993145,2907.0235145699335
1746377031,500,GET,GET /pastes/:slug,351.200000,0.000000,46,51,54,55,62,72,120,130,170,250,250,44327,0,48,54.12578997450531,27.2819999991043,529.7563999993145,2912.4747670719876
1746377031,500,POST,POST /pastes,33.900000,0.000000,49,53,57,60,67,88,110,140,160,160,160,4410,0,51,57.07606154194721,30.012999999598833,479.5962000007421,2848.7437641723354
1746377031,500,,Aggregated,385.100000,0.000000,46,51,54,56,62,74,120,130,170,250,250,48737,0,48,54.39274726798701,27.2819999991043,529.7563999993145,2906.7080247040235
1746377032,500,GET,GET /pastes/:slug,349.800000,0.000000,46,51,54,56,62,72,120,130,170,250,250,44671,0,48,54.051103138498576,27.2819999991043,529.7563999993145,2911.6378187190794
1746377032,500,POST,POST /pastes,34.000000,0.000000,49,53,57,60,68,89,120,150,160,160,160,4441,0,51,56.99974240035765,30.012999999598833,479.5962000007421,2848.5721684305336
1746377032,500,,Aggregated,383.800000,0.000000,46,51,54,56,62,74,120,130,170,250,250,49112,0,48,54.31773668960449,27.2819999991043,529.7563999993145,2905.935046424499
1746377033,500,GET,GET /pastes/:slug,346.500000,0.000000,47,52,55,57,65,83,120,130,170,250,250,45025,0,48,54.07264681621058,27.2819999991043,529.7563999993145,2910.985941143809
1746377033,500,POST,POST /pastes,33.600000,0.000000,50,54,57,60,70,90,110,140,160,160,160,4473,0,51,57.01971113346481,30.012999999598833,479.5962000007421,2846.018555779119
1746377033,500,,Aggregated,380.100000,0.000000,47,52,55,57,66,85,120,130,170,250,250,49498,0,48,54.33896502484684,27.2819999991043,529.7563999993145,2905.1150147480707
1746377034,500,GET,GET /pastes/:slug,348.100000,0.000000,47,52,55,57,66,85,120,130,170,250,250,45368,0,48,54.036887125283414,27.2819999991043,529.7563999993145,2910.6637497795805
1746377034,500,POST,POST /pastes,33.300000,0.000000,50,55,58,60,69,90,110,140,160,160,160,4511,0,51,56.97411855464168,30.012999999598833,479.5962000007421,2846.7601418754157
1746377034,500,,Aggregated,381.400000,0.000000,47,53,56,57,66,86,120,130,170,250,250,49879,0,48,54.302526993320754,27.2819999991043,529.7563999993145,2904.8843802000843
1746377035,500,GET,GET /pastes/:slug,348.800000,0.000000,48,53,56,58,67,85,120,130,170,250,250,45745,0,48,53.99976437205944,27.2819999991043,529.7563999993145,2909.7847852224286
1746377035,500,POST,POST /pastes,32.900000,0.000000,52,56,60,62,71,90,110,140,160,160,160,4550,0,51,56.9431096483487,30.012999999598833,479.5962000007421,2844.21978021978
1746377035,500,,Aggregated,381.700000,0.000000,48,53,56,59,67,86,120,130,170,250,250,50295,0,48,54.266037779100216,27.2819999991043,529.7563999993145,2903.8533651456405
1746377036,500,GET,GET /pastes/:slug,348.100000,0.000000,48,54,57,60,69,86,120,130,170,250,250,46076,0,48,53.98590677141758,27.2819999991043,529.7563999993145,2909.542712040976
1746377036,500,POST,POST /pastes,33.800000,0.000000,52,56,60,62,71,90,110,140,160,160,160,4585,0,51,56.89725149399998,30.012999999598833,479.5962000007421,2844.964449291167
1746377036,500,,Aggregated,381.900000,0.000000,49,54,57,60,69,87,120,130,170,250,250,50661,0,48,54.2493937841698,27.2819999991043,529.7563999993145,2903.6981504510372
1746377037,500,GET,GET /pastes/:slug,349.000000,0.000000,48,53,57,59,67,78,92,120,160,170,170,46447,0,48,53.955704960489044,27.2819999991043,529.7563999993145,2908.7826339699013
1746377037,500,POST,POST /pastes,34.300000,0.000000,52,56,60,62,69,83,110,130,160,160,160,4621,0,51,56.89292317679961,30.012999999598833,479.5962000007421,2842.405323523047
1746377037,500,,Aggregated,383.300000,0.000000,48,54,57,60,68,79,94,120,160,170,170,51068,0,48,54.22148559371476,27.2819999991043,529.7563999993145,2902.776337432443
1746377038,500,GET,GET /pastes/:slug,348.400000,0.000000,48,54,57,60,69,79,90,100,150,160,160,46784,0,48,53.99450997135442,27.2819999991043,529.7563999993145,2908.1160011969905
1746377038,500,POST,POST /pastes,33.700000,0.000000,53,57,61,63,74,90,110,140,200,200,200,4667,0,51,57.04403756160192,30.012999999598833,479.5962000007421,2844.4053996143134
1746377038,500,,Aggregated,382.100000,0.000000,49,54,58,60,69,80,92,110,160,200,200,51451,0,48,54.27112549415633,27.2819999991043,529.7563999993145,2902.3369613807313
1746377039,500,GET,GET /pastes/:slug,351.200000,0.000000,48,54,57,60,70,81,96,110,150,160,160,47126,0,48,53.977681324531645,27.2819999991043,529.7563999993145,2907.268514195985
1746377039,500,POST,POST /pastes,34.500000,0.000000,53,57,61,63,72,90,110,140,200,200,200,4699,0,51,57.014017258990364,30.012999999598833,479.5962000007421,2845.8735901255586
1746377039,500,,Aggregated,385.700000,0.000000,49,54,58,61,70,81,99,110,160,200,200,51825,0,48,54.25298750023868,27.2819999991043,529.7563999993145,2901.701804148577
1746377040,500,GET,GET /pastes/:slug,345.700000,0.000000,48,53,57,59,69,80,96,110,150,160,160,47490,0,48,53.91439829437497,27.2819999991043,529.7563999993145,2906.4269740998106
1746377040,500,POST,POST /pastes,35.000000,0.000000,52,56,60,63,72,85,110,140,200,200,200,4731,0,51,56.95765328682944,30.012999999598833,479.5962000007421,2847.5373071232298
1746377040,500,,Aggregated,380.700000,0.000000,48,54,57,60,69,81,98,110,160,200,200,52221,0,48,54.19010422435138,27.2819999991043,529.7563999993145,2901.0918212979454
1746377041,500,GET,GET /pastes/:slug,346.500000,0.000000,48,53,57,59,69,80,96,110,150,160,160,47851,0,48,53.84794293953884,27.2819999991043,529.7563999993145,2906.4169191866417
1746377041,500,POST,POST /pastes,35.300000,0.000000,52,56,60,62,72,85,110,140,200,200,200,4766,0,51,56.87937079311403,30.012999999598833,479.5962000007421,2842.9958036088965
1746377041,500,,Aggregated,381.800000,0.000000,48,54,57,60,69,81,98,110,160,200,200,52617,0,48,54.12252691715321,27.2819999991043,529.7563999993145,2900.6722922249464
1746377042,500,GET,GET /pastes/:slug,349.400000,0.000000,47,52,55,58,66,76,89,110,150,160,160,48207,0,48,53.78999037483913,27.2819999991043,529.7563999993145,2906.253759827411
1746377042,500,POST,POST /pastes,35.600000,0.000000,51,55,59,61,70,82,110,140,200,200,200,4797,0,51,56.83692951844671,30.012999999598833,479.5962000007421,2843.575984990619
1746377042,500,,Aggregated,385.000000,0.000000,48,53,56,58,66,77,92,110,160,200,200,53004,0,48,54.06574630027647,27.2819999991043,529.7563999993145,2900.581258018263
1746377043,500,GET,GET /pastes/:slug,351.500000,0.000000,47,53,56,58,67,79,96,110,150,160,160,48571,0,48,53.78986676411617,27.2819999991043,529.7563999993145,2907.0144942455377
1746377043,500,POST,POST /pastes,35.700000,0.000000,51,56,60,62,72,85,110,140,200,200,200,4823,0,51,56.82834401824385,30.012999999598833,479.5962000007421,2844.499896330085
1746377043,500,,Aggregated,387.200000,0.000000,48,53,56,58,67,79,100,110,160,200,200,53394,0,48,54.06432786080598,27.2819999991043,529.7563999993145,2901.3676443046033
1746377044,500,GET,GET /pastes/:slug,352.700000,0.000000,48,53,56,59,68,80,99,110,150,160,160,48932,0,48,53.79798896018777,27.2819999991043,529.7563999993145,2907.3459903539606
1746377044,500,POST,POST /pastes,35.400000,0.000000,51,57,60,63,75,92,120,140,200,200,200,4865,0,51,56.8310887564206,30.012999999598833,479.5962000007421,2843.8515930113053
1746377044,500,,Aggregated,388.100000,0.000000,48,53,57,59,69,81,100,120,160,200,200,53797,0,48,54.072279915234894,27.2819999991043,529.7563999993145,2901.604029964496
1746377045,500,GET,GET /pastes/:slug,351.800000,0.000000,48,53,56,58,66,79,99,110,150,160,160,49299,0,48,53.76639418040776,27.2819999991043,529.7563999993145,2907.6186332379966
1746377045,500,POST,POST /pastes,34.600000,0.000000,51,56,60,64,75,92,120,140,200,200,200,4898,0,51,56.803118824006376,30.012999999598833,479.5962000007421,2844.1913025724784
1746377045,500,,Aggregated,386.400000,0.000000,48,53,56,59,67,80,100,120,160,200,200,54197,0,48,54.04083515139036,27.2819999991043,529.7563999993145,2901.8864512795913
1746377046,500,GET,GET /pastes/:slug,353.300000,0.000000,48,53,55,58,65,77,99,110,150,160,160,49652,0,48,53.719642844194304,27.2819999991043,529.7563999993145,2907.4077781358255
1746377046,500,POST,POST /pastes,35.100000,0.000000,50,56,60,63,74,92,120,140,200,200,200,4926,0,51,56.77349709703337,30.012999999598833,479.5962000007421,2840.3319123020706
1746377046,500,,Aggregated,388.400000,0.000000,48,53,56,58,66,78,100,120,160,200,200,54578,0,48,53.99527196306056,27.2819999991043,529.7563999993145,2901.353768917879
1746377047,500,GET,GET /pastes/:slug,354.500000,0.000000,48,53,56,58,65,77,97,110,150,160,160,49995,0,48,53.73915833183161,27.2819999991043,529.7563999993145,2906.8815281528155
1746377047,500,POST,POST /pastes,34.900000,0.000000,50,56,59,62,72,82,110,120,160,160,160,4961,0,51,56.77039711751403,30.012999999598833,479.5962000007421,2840.7585164281395
1746377047,500,,Aggregated,389.400000,0.000000,48,53,56,58,66,77,99,110,160,160,160,54956,0,48,54.01279497961832,27.2819999991043,529.7563999993145,2900.912457238518
1746377048,500,GET,GET /pastes/:slug,355.800000,0.000000,49,53,56,59,66,80,100,120,150,150,150,50341,0,48,53.7878961482673,27.2819999991043,529.7563999993145,2907.427802387716
1746377048,500,POST,POST /pastes,33.800000,0.000000,51,57,60,63,71,82,100,110,150,150,150,4998,0,51,56.82942589035392,30.012999999598833,479.5962000007421,2838.3329331732693
1746377048,500,,Aggregated,389.600000,0.000000,49,54,57,59,67,81,100,120,150,150,150,55339,0,48,54.062595106523574,27.2819999991043,529.7563999993145,2901.187426588843
1746377049,500,GET,GET /pastes/:slug,354.000000,0.000000,49,54,58,60,71,91,120,140,170,180,180,50697,0,48,53.866219316723246,27.2819999991043,529.7563999993145,2907.689863305521
1746377049,500,POST,POST /pastes,33.700000,0.000000,51,57,60,64,74,95,120,140,180,180,180,5039,0,51,56.88950414764751,30.012999999598833,479.5962000007421,2836.0823576106372
1746377049,500,,Aggregated,387.700000,0.000000,49,54,58,60,71,92,120,140,170,180,180,55736,0,48,54.139549520954304,27.2819999991043,529.7563999993145,2901.2159466054254
1746377050,500,GET,GET /pastes/:slug,356.000000,0.000000,49,55,58,61,72,92,120,140,170,180,180,51038,0,48,53.833409365569054,27.2819999991043,529.7563999993145,2907.5774325012735
1746377050,500,POST,POST /pastes,33.100000,0.000000,52,59,61,64,74,95,120,140,180,180,180,5066,0,51,56.86571470588314,30.012999999598833,479.5962000007421,2835.000197394394
1746377050,500,,Aggregated,389.100000,0.000000,50,55,59,61,72,92,120,140,170,180,180,56104,0,48,54.10721620383419,27.2819999991043,529.7563999993145,2901.0239555111934
1746377051,500,GET,GET /pastes/:slug,357.100000,0.000000,50,55,58,61,72,91,120,140,170,180,180,51389,0,48,53.78327702037237,27.2819999991043,529.7563999993145,2908.1545661522896
1746377051,500,POST,POST /pastes,34.100000,0.000000,52,59,62,64,73,95,120,140,180,180,180,5105,0,51,56.81397424094129,30.012999999598833,479.5962000007421,2833.0428991185113
1746377051,500,,Aggregated,391.200000,0.000000,50,55,59,61,72,92,120,140,170,180,180,56494,0,48,54.05714166637019,27.2819999991043,529.7563999993145,2901.367207137041
1746377052,500,GET,GET /pastes/:slug,354.600000,0.000000,49,54,58,60,69,87,120,140,170,180,180,51738,0,48,53.73491096485971,27.2819999991043,529.7563999993145,2908.150005798446
1746377052,500,POST,POST /pastes,33.400000,0.000000,52,58,61,63,71,93,120,140,180,180,180,5145,0,51,56.76061642371299,30.012999999598833,479.5962000007421,2834.685131195335
1746377052,500,,Aggregated,388.000000,0.000000,49,55,58,60,69,88,120,140,170,180,180,56883,0,48,54.008582441149585,27.2819999991043,529.7563999993145,2901.505194873688
1746377053,500,GET,GET /pastes/:slug,353.200000,0.000000,49,55,58,60,70,87,120,140,170,180,180,52089,0,48,53.762923406091495,27.2819999991043,529.7563999993145,2908.393518785156
1746377053,500,POST,POST /pastes,33.700000,0.000000,53,59,61,64,72,93,110,140,180,180,180,5173,0,51,56.787848675818154,30.012999999598833,479.5962000007421,2834.293833365552
1746377053,500,,Aggregated,386.900000,0.000000,50,55,59,61,70,87,120,140,170,180,180,57262,0,48,54.03619256225597,27.2819999991043,529.7563999993145,2901.699416716147
1746377054,500,GET,GET /pastes/:slug,352.400000,0.000000,50,55,59,61,72,88,120,140,170,180,180,52429,0,48,53.77004226286843,27.2819999991043,529.7563999993145,2908.508668866467
1746377054,500,POST,POST /pastes,34.700000,0.000000,53,59,61,64,72,95,110,140,180,180,180,5212,0,51,56.78453797007167,30.012999999598833,479.5962000007421,2835.584036838066
1746377054,500,,Aggregated,387.100000,0.000000,50,56,59,62,72,88,120,140,170,180,180,57641,0,48,54.04261823528283,27.2819999991043,529.7563999993145,2901.914696136431
1746377055,500,GET,GET /pastes/:slug,352.900000,0.000000,51,57,60,64,74,89,120,140,170,180,180,52786,0,48,53.79532044102445,27.2819999991043,529.7563999993145,2908.830807411056
1746377055,500,POST,POST /pastes,35.100000,0.000000,53,59,62,64,73,95,110,140,180,180,180,5238,0,51,56.78279238259174,30.012999999598833,479.5962000007421,2834.8041237113403
1746377055,500,,Aggregated,388.000000,0.000000,51,57,60,64,74,90,120,140,170,180,180,58024,0,48,54.06500846718476,27.2819999991043,529.7563999993145,2902.14819729767
1746377056,500,GET,GET /pastes/:slug,349.500000,0.000000,51,57,60,64,74,89,120,140,170,180,180,53140,0,48,53.80447597854603,27.2819999991043,529.7563999993145,2908.636469702672
1746377056,500,POST,POST /pastes,34.500000,0.000000,53,59,62,64,73,96,110,140,180,180,180,5282,0,51,56.77820719424661,30.012999999598833,479.5962000007421,2835.151268458917
1746377056,500,,Aggregated,384.000000,0.000000,51,57,61,64,74,89,120,140,170,180,180,58422,0,48,54.073334427098395,27.2819999991043,529.7563999993145,2901.9925884084764
1746377057,500,GET,GET /pastes/:slug,348.600000,0.000000,50,56,59,62,71,84,110,120,170,180,180,53511,0,48,53.761310724895985,27.2819999991043,529.7563999993145,2909.2420250042046
1746377057,500,POST,POST /pastes,34.000000,0.000000,53,57,61,63,72,93,110,140,180,180,180,5317,0,51,56.745476227198914,30.012999999598833,479.5962000007421,2835.7978183186005
1746377057,500,,Aggregated,382.600000,0.000000,50,56,60,62,71,84,110,130,170,180,180,58828,0,48,54.03102596212556,27.2819999991043,529.7563999993145,2902.6039810974366
1746377058,500,GET,GET /pastes/:slug,348.500000,0.000000,50,55,58,61,69,77,88,94,130,130,130,53855,0,48,53.75567193760908,27.2819999991043,529.7563999993145,2909.054572463095
1746377058,500,POST,POST /pastes,35.500000,0.000000,53,57,60,62,69,76,93,97,100,100,100,5349,0,51,56.726590558986686,30.012999999598833,479.5962000007421,2836.845204711161
1746377058,500,,Aggregated,384.000000,0.000000,50,55,59,61,69,77,88,95,130,130,130,59204,0,48,54.024090350313394,27.2819999991043,529.7563999993145,2902.5305553678804
1746377059,500,GET,GET /pastes/:slug,349.200000,0.000000,50,55,59,61,69,77,87,94,130,130,130,54204,0,48,53.72970675411316,27.2819999991043,529.7563999993145,2908.6608368386096
1746377059,500,POST,POST /pastes,35.300000,0.000000,53,57,60,62,68,74,93,97,100,100,100,5374,0,51,56.69062417194254,30.012999999598833,479.5962000007421,2834.633792333457
1746377059,500,,Aggregated,384.500000,0.000000,50,55,59,61,69,77,87,95,130,130,130,59578,0,48,53.99678470576333,27.2819999991043,529.7563999993145,2901.983517405754
1746377060,500,GET,GET /pastes/:slug,349.900000,0.000000,51,56,60,64,73,83,99,110,170,170,170,54567,0,48,53.79139318452448,27.2819999991043,529.7563999993145,2908.720013927832
1746377060,500,POST,POST /pastes,35.400000,0.000000,54,57,61,63,72,88,100,120,160,160,160,5411,0,51,56.78610188505178,30.012999999598833,479.5962000007421,2833.267603030863
1746377060,500,,Aggregated,385.300000,0.000000,51,56,60,64,73,83,100,110,170,170,170,59978,0,48,54.06156506052154,27.2819999991043,529.7563999993145,2901.912968088299
1746377061,500,GET,GET /pastes/:slug,350.300000,0.000000,51,56,60,63,73,83,99,110,170,170,170,54912,0,48,53.734693405812166,27.2819999991043,529.7563999993145,2909.371740238928
1746377061,500,POST,POST /pastes,33.300000,0.000000,54,57,61,62,72,88,100,120,160,160,160,5448,0,51,56.72123188326341,30.012999999598833,479.5962000007421,2832.9256607929515
1746377061,500,,Aggregated,383.600000,0.000000,51,56,60,63,73,84,100,110,170,170,170,60360,0,48,54.00425373757416,27.2819999991043,529.7563999993145,2902.47183565275
1746377062,500,GET,GET /pastes/:slug,350.900000,0.000000,49,55,58,61,71,82,99,110,170,170,170,55278,0,48,53.67027278845049,27.2819999991043,529.7563999993145,2909.390480842288
1746377062,500,POST,POST /pastes,34.700000,0.000000,52,57,60,62,71,88,100,120,160,160,160,5479,0,51,56.66820361380077,30.012999999598833,479.5962000007421,2832.066617995985
1746377062,500,,Aggregated,385.600000,0.000000,50,55,58,61,71,83,100,110,170,170,170,60757,0,48,53.94062292081537,27.2819999991043,529.7563999993145,2902.417499218197
1746377063,500,GET,GET /pastes/:slug,351.700000,0.000000,48,54,57,59,68,80,99,110,170,170,170,55627,0,48,53.623900469196144,27.2819999991043,529.7563999993145,2909.980405198914
1746377063,500,POST,POST /pastes,34.000000,0.000000,52,56,59,61,67,87,100,120,160,160,160,5514,0,51,56.633569731594505,30.012999999598833,479.5962000007421,2832.296517954298
1746377063,500,,Aggregated,385.700000,0.000000,49,54,57,59,68,81,99,110,170,170,170,61141,0,48,53.89532743821629,27.2819999991043,529.7563999993145,2902.9744852063263
1746377064,500,GET,GET /pastes/:slug,350.900000,0.000000,48,53,56,58,66,79,99,110,170,170,170,55954,0,48,53.606928296457,27.2819999991043,529.7563999993145,2910.3117560853557
1746377064,500,POST,POST /pastes,33.600000,0.000000,52,56,59,60,68,84,100,120,160,160,160,5555,0,51,56.614092169219354,30.012999999598833,479.5962000007421,2831.8797479747973
1746377064,500,,Aggregated,384.500000,0.000000,48,53,56,59,66,79,99,110,170,170,170,61509,0,48,53.878511240630885,27.2819999991043,529.7563999993145,2903.2284055991804
1746377065,500,GET,GET /pastes/:slug,350.800000,0.000000,48,54,57,59,70,86,120,150,170,190,190,56326,0,48,53.7328243315686,27.2819999991043,529.7563999993145,2909.9131839647766
1746377065,500,POST,POST /pastes,34.000000,0.000000,52,57,59,62,74,94,120,160,190,190,190,5581,0,51,56.7490034581637,30.012999999598833,479.5962000007421,2831.0594875470347
1746377065,500,,Aggregated,384.800000,0.000000,49,54,57,60,71,86,120,150,180,190,190,61907,0,48,54.00473696997012,27.2819999991043,529.7563999993145,2902.804416301872
1746377066,500,GET,GET /pastes/:slug,353.500000,0.000000,50,56,61,65,81,100,120,150,170,190,190,56683,0,48,53.8596553587484,27.2819999991043,529.7563999993145,2910.1310622232413
1746377066,500,POST,POST /pastes,34.400000,0.000000,54,58,64,68,87,100,120,160,190,190,190,5620,0,51,56.866707348757636,30.012999999598833,479.5962000007421,2830.1281138790036
1746377066,500,,Aggregated,387.900000,0.000000,51,56,61,65,81,100,120,150,180,190,190,62303,0,48,54.1309044508282,27.2819999991043,529.7563999993145,2902.9144503474954
1746377067,500,GET,GET /pastes/:slug,352.400000,0.000000,50,55,60,64,81,100,120,150,170,190,190,57022,0,48,53.804851150432185,27.2819999991043,529.7563999993145,2909.9058082845218
1746377067,500,POST,POST /pastes,34.200000,0.000000,52,58,64,68,86,100,120,160,190,190,190,5659,0,51,56.80485094540073,30.012999999598833,479.5962000007421,2831.0530128998057
1746377067,500,,Aggregated,386.600000,0.000000,50,55,60,64,81,100,120,150,180,190,190,62681,0,48,54.07569875719855,27.2819999991043,529.7563999993145,2902.786777492382
1746377068,500,GET,GET /pastes/:slug,352.100000,0.000000,49,54,58,62,80,99,120,150,170,190,190,57392,0,48,53.75843009827082,27.2819999991043,529.7563999993145,2910.3161416225257
1746377068,500,POST,POST /pastes,33.300000,0.000000,52,58,63,66,84,99,120,160,190,190,190,5692,0,51,56.751751018976684,30.012999999598833,479.5962000007421,2830.5918833450455
1746377068,500,,Aggregated,385.400000,0.000000,49,55,59,63,80,99,120,150,180,190,190,63084,0,48,54.02851415572838,27.2819999991043,529.7563999993145,2903.122709403335
1746377069,500,GET,GET /pastes/:slug,350.400000,0.000000,48,53,57,60,74,89,120,140,170,190,190,57741,0,48,53.71040104604948,27.2819999991043,529.7563999993145,2910.514106094456
1746377069,500,POST,POST /pastes,34.100000,0.000000,52,57,62,64,75,94,100,120,190,190,190,5722,0,51,56.71576003145861,30.012999999598833,479.5962000007421,2830.6120237679133
1746377069,500,,Aggregated,384.500000,0.000000,48,54,57,60,74,89,120,140,180,190,190,63463,0,48,53.981372543055734,27.2819999991043,529.7563999993145,2903.3099128626127
1746377070,500,GET,GET /pastes/:slug,352.900000,0.000000,49,54,57,61,75,88,120,140,170,190,190,58109,0,48,53.683608224198125,27.2819999991043,529.7563999993145,2910.435887728235
1746377070,500,POST,POST /pastes,34.100000,0.000000,52,57,63,65,76,94,100,120,190,190,190,5745,0,51,56.714323307225044,30.012999999598833,479.5962000007421,2831.0659704090513
1746377070,500,,Aggregated,387.000000,0.000000,49,54,58,61,75,89,120,140,180,190,190,63854,0,48,53.95628430012109,27.2819999991043,529.7563999993145,2903.2949071318944
1746377071,500,GET,GET /pastes/:slug,351.500000,0.000000,49,54,58,61,75,89,120,140,170,190,190,58430,0,48,53.63530212048481,27.2819999991043,529.7563999993145,2909.7340236180044
1746377071,500,POST,POST /pastes,34.500000,0.000000,52,57,63,65,76,94,100,120,190,190,190,5782,0,51,56.659340902803876,30.012999999598833,479.5962000007421,2827.461086129367
1746377071,500,,Aggregated,386.000000,0.000000,49,54,58,62,75,90,120,140,180,190,190,64212,0,48,53.9076031271403,27.2819999991043,529.7563999993145,2902.3257179343423
1746377072,500,GET,GET /pastes/:slug,353.100000,0.000000,49,54,58,62,75,89,120,140,170,190,190,58804,0,48,53.605394996937704,27.2819999991043,529.7563999993145,2909.795898238215
1746377072,500,POST,POST /pastes,32.900000,0.000000,52,58,63,66,76,94,100,120,190,190,190,5810,0,51,56.638390946646815,30.012999999598833,479.5962000007421,2827.1843373493975
1746377072,500,,Aggregated,386.000000,0.000000,49,55,59,62,75,89,120,140,180,190,190,64614,0,48,53.87811772680745,27.2819999991043,529.7563999993145,2902.367582876776
1746377073,500,GET,GET /pastes/:slug,349.600000,0.000000,48,54,57,61,75,89,120,140,170,190,190,59138,0,48,53.55998859785461,27.2819999991043,529.7563999993145,2909.950218133856
1746377073,500,POST,POST /pastes,33.700000,0.000000,51,57,62,65,77,95,110,160,190,190,190,5845,0,51,56.5758417793025,30.012999999598833,479.5962000007421,2828.6508126603935
1746377073,500,,Aggregated,383.300000,0.000000,49,54,58,62,75,89,120,140,180,190,190,64983,0,48,53.83125434190392,27.2819999991043,529.7563999993145,2902.6376129141468
1746377074,500,GET,GET /pastes/:slug,351.500000,0.000000,47,53,56,58,69,84,110,140,170,190,190,59497,0,48,53.528724540731886,27.2819999991043,529.7563999993145,2910.608215540279
1746377074,500,POST,POST /pastes,33.100000,0.000000,50,56,59,63,70,86,100,120,190,190,190,5889,0,51,56.54315571404807,30.012999999598833,479.5962000007421,2826.0579045678382
1746377074,500,,Aggregated,384.600000,0.000000,47,53,56,59,69,85,110,140,180,190,190,65386,0,48,53.800219741228204,27.2819999991043,529.7563999993145,2902.993178967975
1746377075,500,GET,GET /pastes/:slug,350.100000,0.000000,47,52,55,57,67,83,110,130,160,170,170,59796,0,48,53.67579317011043,27.2819999991043,529.7563999993145,2910.637417218543
1746377075,500,POST,POST /pastes,32.800000,0.000000,50,56,59,62,71,91,120,130,150,150,150,5920,0,51,56.71393349662695,30.012999999598833,479.5962000007421,2826.7072635135137
1746377075,500,,Aggregated,382.900000,0.000000,47,52,56,58,67,84,110,130,160,170,170,65716,0,48,53.94948284588148,27.2819999991043,529.7563999993145,2903.076602349504
1746377076,500,GET,GET /pastes/:slug,349.700000,0.000000,49,55,60,65,110,150,180,210,270,300,300,60171,0,48,54.16207672466633,27.2819999991043,529.7563999993145,2910.790762992139
1746377076,500,POST,POST /pastes,32.500000,0.000000,52,59,64,71,120,150,180,210,230,230,230,5963,0,51,57.2488469730065,30.012999999598833,479.5962000007421,2827.9971490860307
1746377076,500,,Aggregated,382.200000,0.000000,49,55,60,66,110,150,180,210,270,300,300,66134,0,48,54.44039666585911,27.2819999991043,529.7563999993145,2903.32564187861
1746377077,500,GET,GET /pastes/:slug,347.000000,0.000000,49,55,60,65,110,150,190,210,270,300,300,60505,0,48,54.11686240475858,27.2819999991043,529.7563999993145,2910.790281794893
1746377077,500,POST,POST /pastes,33.800000,0.000000,53,59,64,71,120,150,180,210,230,230,230,5997,0,51,57.20023923629162,30.012999999598833,479.5962000007421,2827.9741537435384
1746377077,500,,Aggregated,380.800000,0.000000,49,55,60,66,110,150,190,210,270,300,300,66502,0,48,54.39491435595847,27.2819999991043,529.7563999993145,2903.3221106132146
1746377078,500,GET,GET /pastes/:slug,346.500000,0.000000,49,55,60,66,110,150,190,210,270,300,300,60860,0,48,54.07773632927889,27.2819999991043,529.7563999993145,2909.982155767335
1746377078,500,POST,POST /pastes,34.000000,0.000000,53,59,64,71,120,150,180,210,230,230,230,6033,0,51,57.147557450694734,30.012999999598833,479.5962000007421,2828.2960384551634
1746377078,500,,Aggregated,380.500000,0.000000,50,56,61,66,110,150,180,210,270,300,300,66893,0,48,54.35459984004225,27.2819999991043,529.7563999993145,2902.6149821356494
1746377079,500,GET,GET /pastes/:slug,346.500000,0.000000,49,54,59,64,110,150,190,210,270,300,300,61200,0,48,54.02587015359337,27.2819999991043,529.7563999993145,2909.5204901960783
1746377079,500,POST,POST /pastes,33.800000,0.000000,52,58,64,70,120,150,180,210,230,230,230,6055,0,51,57.11910739884978,30.012999999598833,479.5962000007421,2828.755078447564
1746377079,500,,Aggregated,380.300000,0.000000,49,55,59,64,110,150,190,210,270,300,300,67255,0,48,54.304355790646646,27.2819999991043,529.7563999993145,2902.249141327782
1746377080,500,GET,GET /pastes/:slug,345.700000,0.000000,50,56,60,66,110,150,180,210,270,300,300,61567,0,48,54.05975909496864,27.2819999991043,529.7563999993145,2909.6693033605666
1746377080,500,POST,POST /pastes,33.900000,0.000000,54,60,66,78,130,150,180,210,230,230,230,6088,0,51,57.16502844941466,30.012999999598833,479.5962000007421,2828.326379763469
1746377080,500,,Aggregated,379.600000,0.000000,50,56,61,67,110,150,180,210,270,300,300,67655,0,48,54.339189733204655,27.2819999991043,529.7563999993145,2902.349582440322
1746377081,500,GET,GET /pastes/:slug,345.900000,0.000000,50,56,61,66,110,150,190,210,270,300,300,61902,0,48,54.03728558204815,27.2819999991043,529.7563999993145,2909.7082323672903
1746377081,500,POST,POST /pastes,33.800000,0.000000,54,60,66,76,130,150,180,210,230,230,230,6131,0,51,57.13209610178397,30.012999999598833,479.5962000007421,2830.3126732996247
1746377081,500,,Aggregated,379.700000,0.000000,50,56,61,66,110,150,190,210,270,300,300,68033,0,48,54.316183812267155,27.2819999991043,529.7563999993145,2902.553260917496
1746377082,500,GET,GET /pastes/:slug,342.000000,0.000000,50,56,61,66,110,150,180,210,270,300,300,62281,0,48,54.00522242256771,27.2819999991043,529.7563999993145,2909.4915784910327
1746377082,500,POST,POST /pastes,34.100000,0.000000,55,60,66,76,130,150,180,210,230,230,230,6161,0,51,57.10565792891295,30.012999999598833,479.5962000007421,2830.376886869015
1746377082,500,,Aggregated,376.100000,0.000000,51,57,62,67,110,150,180,210,270,300,300,68442,0,48,54.28431688436871,27.2819999991043,529.7563999993145,2902.3698460009937
1746377083,500,GET,GET /pastes/:slug,345.200000,0.000000,51,56,61,66,110,150,180,210,270,300,300,62633,0,48,53.96788443312551,27.2819999991043,529.7563999993145,2909.3365158941774
1746377083,500,POST,POST /pastes,34.100000,0.000000,54,60,66,77,130,150,180,210,230,230,230,6194,0,51,57.067898191803664,30.012999999598833,479.5962000007421,2833.6630610268003
1746377083,500,,Aggregated,379.400000,0.000000,51,57,61,66,110,150,180,210,270,300,300,68827,0,48,54.246866303921074,27.2819999991043,529.7563999993145,2902.52637772967
1746377084,500,GET,GET /pastes/:slug,346.100000,0.000000,49,55,59,62,100,150,180,210,270,300,300,62995,0,48,53.933276088577735,27.2819999991043,529.7563999993145,2908.6972140646085
1746377084,500,POST,POST /pastes,34.600000,0.000000,53,58,63,66,120,150,180,210,230,230,230,6227,0,51,57.02964099888188,30.012999999598833,479.5962000007421,2833.7716396338524
1746377084,500,,Aggregated,380.700000,0.000000,50,55,59,63,110,150,180,210,270,300,300,69222,0,48,54.21181563231324,27.2819999991043,529.7563999993145,2901.9571379041345
1746377085,500,GET,GET /pastes/:slug,347.900000,0.000000,48,53,55,57,64,78,120,150,170,180,180,63333,0,48,53.949758576097125,27.2819999991043,529.7563999993145,2908.8569308259516
1746377085,500,POST,POST /pastes,34.900000,0.000000,51,55,58,60,66,83,130,130,170,170,170,6262,0,51,57.01637547110129,30.012999999598833,479.5962000007421,2833.4370808048548
1746377085,500,,Aggregated,382.800000,0.000000,48,53,56,58,64,79,120,140,170,180,180,69595,0,48,54.22568579783017,27.2819999991043,529.7563999993145,2902.0708240534523
1746377086,500,GET,GET /pastes/:slug,348.300000,0.000000,47,52,54,56,62,69,110,130,170,180,180,63691,0,48,53.897586999732546,27.2819999991043,529.7563999993145,2908.8811449027335
1746377086,500,POST,POST /pastes,34.400000,0.000000,50,54,57,59,65,76,110,130,130,130,130,6298,0,51,56.962353286763914,30.012999999598833,479.5962000007421,2833.185296919657
1746377086,500,,Aggregated,382.700000,0.000000,48,52,55,57,62,70,110,130,170,180,180,69989,0,48,54.17337173841605,27.2819999991043,529.7563999993145,2902.069610938862
1746377087,500,GET,GET /pastes/:slug,347.800000,0.000000,47,52,55,57,63,71,110,130,170,180,180,64039,0,48,53.870917923452474,27.2819999991043,529.7563999993145,2909.091522353566
1746377087,500,POST,POST /pastes,33.900000,0.000000,51,55,58,59,66,76,110,130,130,130,130,6328,0,51,56.94014821429094,30.012999999598833,479.5962000007421,2832.058312262958
1746377087,500,,Aggregated,381.700000,0.000000,48,52,55,57,63,71,110,130,170,180,180,70367,0,48,54.14692925376956,27.2819999991043,529.7563999993145,2902.164039961914
1746377088,500,GET,GET /pastes/:slug,351.800000,0.000000,48,53,55,57,64,74,110,130,180,280,280,64389,0,48,53.86068041746147,27.2819999991043,529.7563999993145,2908.3167311186694
1746377088,500,POST,POST /pastes,34.000000,0.000000,51,55,58,60,66,77,110,130,130,130,130,6361,0,51,56.92968795787246,30.012999999598833,479.5962000007421,2833.009589687156
1746377088,500,,Aggregated,385.800000,0.000000,48,53,55,58,65,75,110,130,180,280,280,70750,0,48,54.13660913780845,27.2819999991043,529.7563999993145,2901.546007067138
1746377089,500,GET,GET /pastes/:slug,352.600000,0.000000,48,53,55,57,64,74,110,130,180,280,280,64732,0,48,53.833071408266974,27.2819999991043,529.7563999993145,2908.589661990978
1746377089,500,POST,POST /pastes,33.300000,0.000000,51,55,58,59,66,76,100,110,130,130,130,6395,0,51,56.90921222830827,30.012999999598833,479.5962000007421,2833.9485535574668
1746377089,500,,Aggregated,385.900000,0.000000,48,53,55,58,64,75,110,130,180,280,280,71127,0,48,54.10964599378524,27.2819999991043,529.7563999993145,2901.8787099132537
1746377090,500,GET,GET /pastes/:slug,351.600000,0.000000,48,53,55,58,65,76,92,110,150,280,280,65077,0,48,53.853844362830515,27.2819999991043,529.7563999993145,2908.3436083408883
1746377090,500,POST,POST /pastes,32.900000,0.000000,51,55,59,61,70,83,100,110,130,130,130,6435,0,51,56.96945297591912,30.012999999598833,479.5962000007421,2834.6514374514372
1746377090,500,,Aggregated,384.500000,0.000000,49,53,56,58,65,77,94,110,150,280,280,71512,0,48,54.134202084964144,27.2819999991043,529.7563999993145,2901.7124258865647
1746377091,500,GET,GET /pastes/:slug,350.800000,0.000000,48,53,55,57,65,76,92,110,150,280,280,65427,0,48,53.820764277743464,27.2819999991043,529.7563999993145,2907.8067158818226
1746377091,500,POST,POST /pastes,33.800000,0.000000,51,56,59,61,70,83,100,110,130,130,130,6475,0,51,56.95012775290097,30.012999999598833,479.5962000007421,2836.5887258687258
1746377091,500,,Aggregated,384.600000,0.000000,49,53,56,58,65,77,94,110,150,280,280,71902,0,48,54.10257324691872,27.2819999991043,529.7563999993145,2901.3933131206363
1746377092,500,GET,GET /pastes/:slug,352.400000,0.000000,49,53,56,59,66,77,93,110,150,280,280,65779,0,48,53.83682568752833,27.2819999991043,529.7563999993145,2907.472202374618
1746377092,500,POST,POST /pastes,34.600000,0.000000,52,57,60,63,72,84,100,110,130,130,130,6508,0,51,56.953037461591485,30.012999999598833,479.5962000007421,2836.692532267978
1746377092,500,,Aggregated,387.000000,0.000000,49,54,57,59,67,78,95,110,150,280,280,72287,0,48,54.11737829346851,27.2819999991043,529.7563999993145,2901.0999073139014
1746377093,500,GET,GET /pastes/:slug,350.400000,0.000000,50,55,58,61,72,84,110,120,170,460,460,66109,0,48,53.90013906880947,27.2819999991043,529.7563999993145,2906.9101635178267
1746377093,500,POST,POST /pastes,34.900000,0.000000,54,58,62,65,75,87,110,120,150,150,150,6542,0,51,56.990955671053975,30.012999999598833,479.5962000007421,2838.797615408132
1746377093,500,,Aggregated,385.200000,0.000000,50,55,59,62,72,84,110,120,170,460,460,72651,0,48,54.17845763581998,27.2819999991043,529.7563999993145,2900.776837208022
1746377094,500,GET,GET /pastes/:slug,348.100000,0.000000,52,57,63,66,82,100,130,140,170,460,460,66462,0,48,54.0495357602827,27.2819999991043,529.7563999993145,2906.7218560982215
1746377094,500,POST,POST /pastes,34.400000,0.000000,55,61,66,69,84,97,120,130,150,150,150,6570,0,51,57.102851369869114,30.012999999598833,479.5962000007421,2839.849619482496
1746377094,500,,Aggregated,382.500000,0.000000,52,58,63,66,82,100,130,140,170,460,460,73032,0,48,54.324213758351746,27.2819999991043,529.7563999993145,2900.7059918939644
1746377095,500,GET,GET /pastes/:slug,346.800000,0.000000,53,59,64,68,83,97,120,130,170,460,460,66799,0,48,54.07729706881743,27.2819999991043,529.7563999993145,2906.65295887663
1746377095,500,POST,POST /pastes,34.300000,0.000000,57,64,68,71,87,97,120,120,150,150,150,6610,0,51,57.14704880484696,30.012999999598833,479.5962000007421,2839.800453857791
1746377095,500,,Aggregated,381.100000,0.000000,53,59,64,68,83,97,120,130,170,460,460,73409,0,48,54.35370812161959,27.2819999991043,529.7563999993145,2900.633328338487
1746377096,500,GET,GET /pastes/:slug,346.200000,0.000000,54,61,67,72,87,100,120,130,170,460,460,67150,0,48,54.14011865822666,27.2819999991043,529.7563999993145,2906.8153387937455
1746377096,500,POST,POST /pastes,34.300000,0.000000,58,65,69,74,88,100,120,130,150,150,150,6646,0,51,57.20068510382852,30.012999999598833,479.5962000007421,2841.520914835992
1746377096,500,,Aggregated,380.500000,0.000000,55,62,67,72,87,100,120,130,170,460,460,73796,0,49,54.415750462084155,27.2819999991043,529.7563999993145,2900.934982925904
1746377097,500,GET,GET /pastes/:slug,347.900000,0.000000,55,62,67,72,87,100,120,130,170,460,460,67497,0,48,54.13292204245986,27.2819999991043,529.7563999993145,2906.6251092641155
1746377097,500,POST,POST /pastes,34.700000,0.000000,59,66,70,74,89,100,120,130,150,150,150,6673,0,51,57.19319072381883,30.012999999598833,479.5962000007421,2841.3235426344972
1746377097,500,,Aggregated,382.600000,0.000000,55,62,68,72,87,100,120,130,170,460,460,74170,0,49,54.40825132533312,27.2819999991043,529.7563999993145,2900.74999325873
1746377098,500,GET,GET /pastes/:slug,342.400000,0.000000,55,61,67,72,87,100,120,130,170,460,460,67866,0,48,54.12061366368872,27.2819999991043,529.7563999993145,2906.262148940559
1746377098,500,POST,POST /pastes,34.400000,0.000000,58,65,69,74,88,100,120,130,150,150,150,6707,0,51,57.17721944237943,30.012999999598833,479.5962000007421,2843.817056806322
1746377098,500,,Aggregated,376.800000,0.000000,55,62,67,72,87,100,120,130,170,460,460,74573,0,49,54.395520868141816,27.2819999991043,529.7563999993145,2900.645917423196
1746377099,500,GET,GET /pastes/:slug,343.900000,0.000000,55,61,66,71,86,100,120,130,170,460,460,68226,0,48,54.09686521707145,27.2819999991043,529.7563999993145,2906.1370005569725
1746377099,500,POST,POST /pastes,34.000000,0.000000,58,64,68,71,87,100,120,120,150,150,150,6739,0,51,57.162088203003336,30.012999999598833,479.5962000007421,2844.4749962902506
1746377099,500,,Aggregated,377.900000,0.000000,55,61,66,71,86,100,120,130,170,460,460,74965,0,49,54.37241430934381,27.2819999991043,529.7563999993145,2900.5938771426668
1746377100,500,GET,GET /pastes/:slug,343.400000,0.000000,55,60,66,70,86,100,120,130,170,460,460,68593,0,48,54.0843317160629,27.2819999991043,529.7563999993145,2906.2477803857537
1746377100,500,POST,POST /pastes,34.100000,0.000000,58,64,68,71,87,97,120,120,150,150,150,6777,0,51,57.15857100487521,30.012999999598833,479.5962000007421,2844.7808764940237
1746377100,500,,Aggregated,377.500000,0.000000,55,61,66,70,86,100,120,130,170,460,460,75370,0,49,54.3607562836665,27.2819999991043,529.7563999993145,2900.720896908584
1746377101,500,GET,GET /pastes/:slug,346.500000,0.000000,54,60,65,70,86,100,120,130,170,460,460,68923,0,48,54.05678987130429,27.2819999991043,529.7563999993145,2905.300349665569
1746377101,500,POST,POST /pastes,34.000000,0.000000,56,63,68,71,87,97,120,130,240,240,240,6807,0,51,57.15644582048512,30.012999999598833,479.5962000007421,2847.2418099015717
1746377101,500,,Aggregated,380.500000,0.000000,54,60,66,70,87,100,120,130,170,460,460,75730,0,49,54.33540281262312,27.2819999991043,529.7563999993145,2900.0817509573485
1746377102,500,GET,GET /pastes/:slug,347.500000,0.000000,53,59,63,67,83,98,120,130,160,230,230,69269,0,48,54.03660583955184,27.2819999991043,529.7563999993145,2904.8325224848054
1746377102,500,POST,POST /pastes,34.100000,0.000000,56,62,68,71,86,97,120,120,240,240,240,6839,0,52,57.14910083346184,30.012999999598833,479.5962000007421,2847.3168591899403
1746377102,500,,Aggregated,381.600000,0.000000,53,59,64,68,83,97,120,130,170,240,240,76108,0,49,54.31629198638727,27.2819999991043,529.7563999993145,2899.664214011668
1746377103,500,GET,GET /pastes/:slug,347.900000,0.000000,52,56,60,63,74,91,110,120,160,230,230,69619,0,48,54.01570424740263,27.2819999991043,529.7563999993145,2904.9967968514343
1746377103,500,POST,POST /pastes,32.700000,0.000000,55,61,65,68,80,94,110,120,240,240,240,6869,0,52,57.15945629641054,30.012999999598833,479.5962000007421,2848.5469500655117
1746377103,500,,Aggregated,380.600000,0.000000,52,56,60,63,75,91,110,120,170,240,240,76488,0,49,54.29802870123377,27.2819999991043,529.7563999993145,2899.927321932852
1746377104,500,GET,GET /pastes/:slug,348.100000,0.000000,50,55,58,60,68,77,93,110,140,230,230,69967,0,48,53.98753361441681,27.2819999991043,529.7563999993145,2904.8870896279673
1746377104,500,POST,POST /pastes,33.000000,0.000000,54,58,62,65,74,86,110,120,240,240,240,6899,0,52,57.127877272075,30.012999999598833,479.5962000007421,2848.3810697202493
1746377104,500,,Aggregated,381.100000,0.000000,51,55,58,60,69,78,94,110,140,240,240,76866,0,49,54.26939075403882,27.2819999991043,529.7563999993145,2899.815471079541
1746377105,500,GET,GET /pastes/:slug,347.100000,0.000000,50,54,57,59,65,73,87,99,120,230,230,70329,0,48,53.997104457619116,27.2819999991043,529.7563999993145,2904.1955523326083
1746377105,500,POST,POST /pastes,33.100000,0.000000,53,58,61,64,73,82,100,110,240,240,240,6940,0,52,57.138205432282966,30.012999999598833,479.5962000007421,2847.441498559078
1746377105,500,,Aggregated,380.200000,0.000000,50,55,57,59,66,74,88,100,170,240,240,77269,0,49,54.2792258874832,27.2819999991043,529.7563999993145,2899.0981247330756
1746377106,500,GET,GET /pastes/:slug,348.800000,0.000000,49,54,56,58,63,71,85,98,120,230,230,70665,0,48,53.9674137790967,27.2819999991043,529.7563999993145,2904.3817873063044
1746377106,500,POST,POST /pastes,32.900000,0.000000,53,56,59,61,69,81,97,110,240,240,240,6979,0,52,57.09618615848308,30.012999999598833,479.5962000007421,2846.0136122653676
1746377106,500,,Aggregated,381.700000,0.000000,49,54,56,58,64,71,86,99,170,240,240,77644,0,49,54.248642237647864,27.2819999991043,529.7563999993145,2899.135387151615
1746377107,500,GET,GET /pastes/:slug,349.700000,0.000000,49,53,56,57,63,71,84,98,170,230,230,71024,0,48,53.932054575916325,27.2819999991043,529.7563999993145,2904.554305586844
1746377107,500,POST,POST /pastes,32.700000,0.000000,53,56,59,61,68,81,97,110,240,240,240,6998,0,52,57.07940202915918,30.012999999598833,479.5962000007421,2845.8283795370107
1746377107,500,,Aggregated,382.400000,0.000000,49,54,56,58,63,71,86,99,170,240,240,78022,0,49,54.214348511957525,27.2819999991043,529.7563999993145,2899.2870216092897
1746377108,500,GET,GET /pastes/:slug,349.600000,0.000000,50,55,58,61,72,93,120,140,200,230,230,71381,0,48,54.09181905268745,27.2819999991043,529.7563999993145,2904.511326543478
1746377108,500,POST,POST /pastes,32.500000,0.000000,54,59,63,66,85,110,120,150,240,240,240,7045,0,52,57.26994715401835,30.012999999598833,479.5962000007421,2846.105890702626
1746377108,500,,Aggregated,382.100000,0.000000,50,55,58,61,73,94,120,140,200,240,240,78426,0,49,54.37730999285902,27.2819999991043,529.7563999993145,2899.2647718868743
1746377109,500,GET,GET /pastes/:slug,350.300000,0.000000,51,56,59,62,73,90,120,140,200,230,230,71731,0,48,54.10701324671205,27.2819999991043,529.7563999993145,2904.7400287184064
1746377109,500,POST,POST /pastes,32.500000,0.000000,55,60,65,69,85,110,120,150,240,240,240,7087,0,52,57.29594537887081,30.012999999598833,479.5962000007421,2845.7245661069564
1746377109,500,,Aggregated,382.800000,0.000000,51,56,59,62,74,92,120,140,200,240,240,78818,0,49,54.39374929711464,27.2819999991043,529.7563999993145,2899.433593849121
1746377110,500,GET,GET /pastes/:slug,352.300000,0.000000,52,57,61,65,77,94,120,140,190,230,230,72087,0,48,54.148663115400815,27.2819999991043,529.7563999993145,2904.7564609430274
1746377110,500,POST,POST /pastes,33.200000,0.000000,56,61,67,73,88,110,120,140,190,190,190,7120,0,52,57.34063477528892,30.012999999598833,479.5962000007421,2844.191713483146
1746377110,500,,Aggregated,385.500000,0.000000,53,58,62,65,78,95,120,140,190,230,230,79207,0,49,54.43559278346596,27.2819999991043,529.7563999993145,2899.312232504703
1746377111,500,GET,GET /pastes/:slug,346.100000,0.000000,52,58,62,65,77,93,120,140,200,270,270,72421,0,48,54.14255768078199,27.2819999991043,529.7563999993145,2904.9559658110215
1746377111,500,POST,POST /pastes,33.800000,0.000000,56,61,68,73,85,110,120,140,190,190,190,7149,0,52,57.33006080571487,30.012999999598833,479.5962000007421,2842.9289411106447
1746377111,500,,Aggregated,379.900000,0.000000,53,58,62,65,77,94,120,140,200,270,270,79570,0,49,54.42894023501321,27.2819999991043,529.7563999993145,2899.383121779565
1746377112,500,GET,GET /pastes/:slug,345.200000,0.000000,53,58,62,65,76,93,120,140,200,270,270,72783,0,48,54.125462781142694,27.2819999991043,529.7563999993145,2904.716980613605
1746377112,500,POST,POST /pastes,33.500000,0.000000,56,60,66,72,85,110,120,140,190,190,190,7190,0,52,57.298904422817174,30.012999999598833,479.5962000007421,2841.9778859527123
1746377112,500,,Aggregated,378.700000,0.000000,53,58,62,65,77,94,120,140,200,270,270,79973,0,49,54.410772140597345,27.2819999991043,529.7563999993145,2899.076400785265
1746377113,500,GET,GET /pastes/:slug,348.100000,0.000000,53,58,62,65,77,94,120,140,200,270,270,73130,0,48,54.11887492000375,27.2819999991043,529.7563999993145,2904.5189662245316
1746377113,500,POST,POST /pastes,34.800000,0.000000,56,61,66,72,85,110,120,140,190,190,190,7229,0,52,57.294410112057,30.012999999598833,479.5962000007421,2841.516530640476
1746377113,500,,Aggregated,382.900000,0.000000,53,58,62,66,77,95,120,140,200,270,270,80359,0,49,54.40454228648896,27.2819999991043,529.7563999993145,2898.851342102316
1746377114,500,GET,GET /pastes/:slug,347.500000,0.000000,53,58,62,65,76,90,120,140,210,270,270,73496,0,48,54.11040012925685,27.2819999991043,529.7563999993145,2904.990870251442
1746377114,500,POST,POST /pastes,34.400000,0.000000,56,60,66,70,82,100,120,140,190,190,190,7266,0,52,57.26833642995713,30.012999999598833,479.5962000007421,2841.5368841178088
1746377114,500,,Aggregated,381.900000,0.000000,53,58,62,65,76,91,120,140,210,270,270,80762,0,49,54.39451351378087,27.2819999991043,529.7563999993145,2899.2820385825016
1746377115,500,GET,GET /pastes/:slug,348.400000,0.000000,53,59,63,66,77,90,120,140,210,270,270,73852,0,49,54.105847432701005,27.2819999991043,529.7563999993145,2905.4072198450954
1746377115,500,POST,POST /pastes,35.300000,0.000000,56,61,68,72,84,100,120,140,190,190,190,7302,0,52,57.26997061080096,30.012999999598833,479.5962000007421,2842.6076417419886
1746377115,500,,Aggregated,383.700000,0.000000,53,59,63,66,77,92,120,140,210,270,270,81154,0,49,54.3905459989642,27.2819999991043,529.7563999993145,2899.7566971437022
1746377116,500,GET,GET /pastes/:slug,348.100000,0.000000,54,59,63,66,77,92,120,140,200,270,270,74183,0,49,54.10169100871956,27.2819999991043,529.7563999993145,2905.850073466967
1746377116,500,POST,POST /pastes,35.600000,0.000000,56,63,68,73,85,100,120,140,190,190,190,7346,0,52,57.27451750613558,30.012999999598833,479.5962000007421,2840.54846174789
1746377116,500,,Aggregated,383.700000,0.000000,54,60,64,67,79,92,120,140,200,270,270,81529,0,49,54.38757190324863,27.2819999991043,529.7563999993145,2899.9662083430435
1746377117,500,GET,GET /pastes/:slug,348.100000,0.000000,54,60,65,69,87,110,160,170,210,270,270,74530,0,49,54.302210920432756,27.2819999991043,529.7563999993145,2905.74030591708
1746377117,500,POST,POST /pastes,35.600000,0.000000,57,65,72,76,96,120,150,160,180,180,180,7388,0,52,57.56244177044738,30.012999999598833,479.5962000007421,2840.6312939902546
1746377117,500,,Aggregated,383.700000,0.000000,55,61,66,70,88,110,150,170,210,270,270,81918,0,49,54.59624380111766,27.2819999991043,529.7563999993145,2899.868270709734
1746377118,500,GET,GET /pastes/:slug,350.400000,0.000000,54,59,64,67,84,110,150,160,210,270,270,74866,0,49,54.343025163623906,27.2819999991043,529.7563999993145,2905.573010445329
1746377118,500,POST,POST /pastes,36.400000,0.000000,55,62,69,73,94,120,150,160,180,180,180,7420,0,52,57.58002512130334,30.012999999598833,479.5962000007421,2841.883962264151
1746377118,500,,Aggregated,386.800000,0.000000,54,59,64,68,85,110,150,160,210,270,270,82286,0,49,54.63491612546453,27.2819999991043,529.7563999993145,2899.8299589237536
1746377119,500,GET,GET /pastes/:slug,344.300000,0.000000,53,58,63,66,83,110,150,160,210,270,270,75213,0,49,54.329986394637565,27.2819999991043,529.7563999993145,2905.164838525255
1746377119,500,POST,POST /pastes,37.300000,0.000000,55,62,67,72,93,120,150,160,180,180,180,7455,0,52,57.564749725025735,30.012999999598833,479.5962000007421,2842.837022132797
1746377119,500,,Aggregated,381.600000,0.000000,53,59,63,66,84,110,150,160,210,270,270,82668,0,49,54.62169734238117,27.2819999991043,529.7563999993145,2899.5441162239317
1746377120,500,GET,GET /pastes/:slug,342.400000,0.000000,54,59,64,68,88,120,160,170,200,220,220,75559,0,49,54.428790726450636,27.2819999991043,529.7563999993145,2904.9130745510133
1746377120,500,POST,POST /pastes,37.500000,0.000000,56,64,70,76,100,130,150,160,200,200,200,7494,0,52,57.712094222053594,30.012999999598833,479.5962000007421,2842.390979450227
1746377120,500,,Aggregated,379.900000,0.000000,54,60,65,69,90,120,160,160,200,220,220,83053,0,49,54.725048253524726,27.2819999991043,529.7563999993145,2899.271609695014
1746377121,500,GET,GET /pastes/:slug,347.100000,0.000000,53,59,64,68,89,120,160,170,200,220,220,75887,0,49,54.40104114406776,27.2819999991043,529.7563999993145,2905.0993977888174
1746377121,500,POST,POST /pastes,36.800000,0.000000,56,64,70,76,100,130,150,160,200,200,200,7527,0,52,57.68186541783799,30.012999999598833,479.5962000007421,2840.7117045303576
1746377121,500,,Aggregated,383.900000,0.000000,54,59,65,69,90,120,160,160,200,220,220,83414,0,49,54.69709173879658,27.2819999991043,529.7563999993145,2899.289267988587
1746377122,500,GET,GET /pastes/:slug,345.600000,0.000000,54,61,66,70,90,120,160,170,200,220,220,76253,0,49,54.42334930559951,27.2819999991043,529.7563999993145,2905.4917839298128
1746377122,500,POST,POST /pastes,37.100000,0.000000,56,65,70,79,100,130,150,160,200,200,200,7571,0,52,57.698785682217384,30.012999999598833,479.5962000007421,2841.8808611808217
1746377122,500,,Aggregated,382.700000,0.000000,54,61,66,70,92,120,160,160,200,220,220,83824,0,49,54.71918735684282,27.2819999991043,529.7563999993145,2899.7464330024814
1746377123,500,GET,GET /pastes/:slug,346.200000,0.000000,55,61,67,72,92,120,160,160,200,220,220,76609,0,49,54.45263221553444,27.2819999991043,529.7563999993145,2905.935164275738
1746377123,500,POST,POST /pastes,36.200000,0.000000,59,66,72,81,110,130,150,160,200,200,200,7599,0,52,57.74604741414272,30.012999999598833,479.5962000007421,2841.2555599420975
1746377123,500,,Aggregated,382.400000,0.000000,55,62,67,72,94,120,160,160,200,220,220,84208,0,49,54.74983274391979,27.2819999991043,529.7563999993145,2900.0984229526885
1746377124,500,GET,GET /pastes/:slug,343.400000,0.000000,55,62,66,71,92,120,160,160,200,220,220,76956,0,49,54.43676404828595,27.2819999991043,529.7563999993145,2905.8691330110714
1746377124,500,POST,POST /pastes,37.200000,0.000000,58,66,71,81,110,130,160,160,200,200,200,7630,0,52,57.727396094373674,30.012999999598833,479.5962000007421,2840.515334207077
1746377124,500,,Aggregated,380.600000,0.000000,55,62,67,72,93,120,160,160,200,220,220,84586,0,49,54.7335923947227,27.2819999991043,529.7563999993145,2899.9739555009105
1746377125,500,GET,GET /pastes/:slug,344.300000,0.000000,54,62,67,73,100,130,160,170,200,220,220,77324,0,49,54.49056519709133,27.2819999991043,529.7563999993145,2906.4379235424967
1746377125,500,POST,POST /pastes,36.800000,0.000000,59,66,74,87,120,140,160,160,200,200,200,7653,0,52,57.77991912976245,30.012999999598833,479.5962000007421,2841.908140598458
1746377125,500,,Aggregated,381.100000,0.000000,55,62,68,74,100,130,160,170,200,220,220,84977,0,49,54.786803304423664,27.2819999991043,529.7563999993145,2900.6263930239948
1746377126,500,GET,GET /pastes/:slug,346.100000,0.000000,55,63,70,79,120,150,180,210,290,300,300,77667,0,49,54.6767329959943,27.2819999991043,529.7563999993145,2906.7174346891215
1746377126,500,POST,POST /pastes,36.500000,0.000000,60,67,81,96,130,160,210,230,260,260,260,7691,0,52,58.00005862697558,30.012999999598833,479.5962000007421,2841.2170068911714
1746377126,500,,Aggregated,382.600000,0.000000,56,64,71,80,120,150,180,210,290,300,300,85358,0,49,54.97617414302121,27.2819999991043,529.7563999993145,2900.815658754891
1746377127,500,GET,GET /pastes/:slug,344.300000,0.000000,54,61,65,70,95,130,180,210,290,300,300,78022,0,49,54.66908349567958,27.2819999991043,529.7563999993145,2906.707223603599
1746377127,500,POST,POST /pastes,35.500000,0.000000,58,65,70,77,110,130,210,230,260,260,260,7725,0,52,57.99591256958851,30.012999999598833,479.5962000007421,2841.0157928802587
1746377127,500,,Aggregated,379.800000,0.000000,54,61,66,71,97,130,180,210,290,300,300,85747,0,49,54.96879957432943,27.2819999991043,529.7563999993145,2900.789042182234
1746377128,500,GET,GET /pastes/:slug,342.300000,0.000000,54,61,66,70,93,120,180,210,290,300,300,78387,0,49,54.67993721790517,27.2819999991043,529.7563999993145,2906.6484238457906
1746377128,500,POST,POST /pastes,34.400000,0.000000,57,65,71,79,110,130,210,230,260,260,260,7761,0,52,58.02091809046275,30.012999999598833,479.5962000007421,2841.4885968303056
1746377128,500,,Aggregated,376.700000,0.000000,54,61,66,71,95,130,180,210,290,300,300,86148,0,49,54.98092334122735,27.2819999991043,529.7563999993145,2900.778230487069
1746377129,500,GET,GET /pastes/:slug,348.000000,0.000000,53,59,64,68,92,120,180,210,290,300,300,78749,0,49,54.64824253768225,27.034299999286304,529.7563999993145,2906.350569531042
1746377129,500,POST,POST /pastes,34.200000,0.000000,55,64,69,77,110,140,210,230,260,260,260,7787,0,52,57.98980562476913,30.012999999598833,479.5962000007421,2842.7287787337873
1746377129,500,,Aggregated,382.200000,0.000000,53,59,64,68,93,130,180,210,290,300,300,86536,0,49,54.94893533327238,27.034299999286304,529.7563999993145,2900.6255200147916
1746377130,500,GET,GET /pastes/:slug,350.000000,0.000000,53,58,63,67,86,120,170,210,290,300,300,79102,0,49,54.66205774822306,27.034299999286304,529.7563999993145,2906.0998584106596
1746377130,500,POST,POST /pastes,33.800000,0.000000,55,62,66,73,95,130,210,230,260,260,260,7814,0,52,57.991887727165896,30.012999999598833,479.5962000007421,2841.4667263885335
1746377130,500,,Aggregated,383.800000,0.000000,53,59,64,67,86,120,170,210,290,300,300,86916,0,49,54.961419102352345,27.034299999286304,529.7563999993145,2900.2891527451793
1746377131,500,GET,GET /pastes/:slug,350.700000,0.000000,53,59,64,68,88,120,170,210,290,300,300,79476,0,49,54.681011501584344,27.034299999286304,529.7563999993145,2906.0957144295135
1746377131,500,POST,POST /pastes,33.600000,0.000000,55,63,68,76,100,130,210,240,260,260,260,7849,0,52,58.014955102570006,30.012999999598833,479.5962000007421,2841.5187922028285
1746377131,500,,Aggregated,384.300000,0.000000,54,59,65,69,89,120,170,210,290,300,300,87325,0,49,54.98067509533388,27.034299999286304,529.7563999993145,2900.2913713140565
1746377132,500,GET,GET /pastes/:slug,353.600000,0.000000,52,58,62,66,85,120,170,210,290,300,300,79831,0,49,54.65903087397018,27.034299999286304,529.7563999993145,2906.439277974722
1746377132,500,POST,POST /pastes,32.700000,0.000000,54,61,66,73,95,140,210,250,260,260,260,7879,0,52,58.00900930322029,30.012999999598833,479.5962000007421,2843.049371747684
1746377132,500,,Aggregated,386.300000,0.000000,53,58,63,67,86,120,170,210,290,300,300,87710,0,49,54.95995984494391,27.034299999286304,529.7563999993145,2900.7449549652265
1746377133,500,GET,GET /pastes/:slug,353.600000,0.000000,52,57,61,65,84,120,170,210,290,300,300,80188,0,49,54.63794733625842,27.034299999286304,529.7563999993145,2906.540292811892
1746377133,500,POST,POST /pastes,32.000000,0.000000,54,60,65,71,91,130,210,240,260,260,260,7914,0,52,57.98491436695377,30.012999999598833,479.5962000007421,2842.1775334849635
1746377133,500,,Aggregated,385.600000,0.000000,52,57,61,65,85,120,170,210,290,300,300,88102,0,49,54.9385976856372,27.034299999286304,529.7563999993145,2900.7587341944563
1746377134,500,GET,GET /pastes/:slug,358.100000,0.000000,52,58,62,66,84,110,170,210,290,300,300,80548,0,49,54.63896499602601,27.034299999286304,529.7563999993145,2906.5336817798084
1746377134,500,POST,POST /pastes,31.900000,0.000000,54,62,67,73,91,130,210,240,260,260,260,7945,0,52,57.98161750787535,30.012999999598833,479.5962000007421,2841.5791063561987
1746377134,500,,Aggregated,390.000000,0.000000,53,58,63,66,85,120,170,210,290,300,300,88493,0,49,54.93907205767708,27.034299999286304,529.7563999993145,2900.701987727843
1746377135,500,GET,GET /pastes/:slug,358.300000,0.000000,52,58,63,67,84,120,200,230,290,300,300,80882,0,49,54.75416416384239,27.034299999286304,529.7563999993145,2906.149687198635
1746377135,500,POST,POST /pastes,31.200000,0.000000,55,62,67,74,91,140,210,250,260,260,260,7980,0,52,58.098594172940786,30.012999999598833,479.5962000007421,2840.7184210526316
1746377135,500,,Aggregated,389.500000,0.000000,53,58,63,67,85,120,210,230,290,300,300,88862,0,49,55.05450121986915,27.034299999286304,529.7563999993145,2900.2738178298937
1746377136,500,GET,GET /pastes/:slug,356.500000,0.000000,52,58,62,65,75,91,130,190,260,270,270,81225,0,49,54.76047594582852,27.034299999286304,529.7563999993145,2906.060326254232
1746377136,500,POST,POST /pastes,31.300000,0.000000,55,62,66,69,84,95,140,210,250,250,250,8020,0,52,58.11622119701503,30.012999999598833,479.5962000007421,2839.325311720698
1746377136,500,,Aggregated,387.800000,0.000000,53,58,62,65,76,91,130,200,260,270,270,89245,0,49,55.06203992044403,27.034299999286304,529.7563999993145,2900.0631856126392
1746377137,500,GET,GET /pastes/:slug,352.200000,0.000000,53,59,63,67,78,95,130,190,260,270,270,81588,0,49,54.788057269450405,27.034299999286304,529.7563999993145,2905.9036868166886
1746377137,500,POST,POST /pastes,32.300000,0.000000,56,63,67,71,86,96,140,210,250,250,250,8054,0,52,58.146470201150464,30.012999999598833,479.5962000007421,2839.1275142786194
1746377137,500,,Aggregated,384.500000,0.000000,53,59,64,67,79,95,130,200,260,270,270,89642,0,49,55.08979816938521,27.034299999286304,529.7563999993145,2899.9040962941476
1746377138,500,GET,GET /pastes/:slug,357.300000,0.000000,53,58,63,66,78,95,130,190,250,260,260,81933,0,49,54.78659911024746,27.034299999286304,529.7563999993145,2906.033478573957
1746377138,500,POST,POST /pastes,33.800000,0.000000,55,62,67,70,85,96,130,210,250,250,250,8091,0,52,58.143417735763045,30.012999999598833,479.5962000007421,2841.057100482017
1746377138,500,,Aggregated,391.100000,0.000000,53,59,63,66,79,95,130,200,250,260,260,90024,0,49,55.088296652003976,27.034299999286304,529.7563999993145,2900.1936594685862
1746377139,500,GET,GET /pastes/:slug,353.500000,0.000000,53,58,63,66,79,97,130,190,250,260,260,82284,0,49,54.764889865586284,27.034299999286304,529.7563999993145,2905.671090369938
1746377139,500,POST,POST /pastes,32.900000,0.000000,55,63,67,71,87,96,130,210,250,250,250,8135,0,52,58.12502173325771,30.012999999598833,479.5962000007421,2840.726121696374
1746377139,500,,Aggregated,386.400000,0.000000,53,59,63,67,79,97,130,200,250,260,260,90419,0,49,55.06720102522689,27.034299999286304,529.7563999993145,2899.827989692432
1746377140,500,GET,GET /pastes/:slug,355.200000,0.000000,52,57,61,65,75,95,130,190,250,260,260,82630,0,49,54.76258925813709,27.034299999286304,529.7563999993145,2905.530400580903
1746377140,500,POST,POST /pastes,32.800000,0.000000,55,62,66,69,83,95,130,210,250,250,250,8169,0,52,58.10971926797111,30.012999999598833,479.5962000007421,2842.0228914187783
1746377140,500,,Aggregated,388.000000,0.000000,52,58,62,65,76,95,130,200,250,260,260,90799,0,49,55.06372368748514,27.034299999286304,529.7563999993145,2899.8167600964766
1746377141,500,GET,GET /pastes/:slug,352.300000,0.000000,51,57,61,64,74,95,130,190,250,260,260,82999,0,49,54.73565650067915,27.034299999286304,529.7563999993145,2905.5363076663575
1746377141,500,POST,POST /pastes,34.000000,0.000000,55,62,66,69,81,95,130,210,250,250,250,8199,0,52,58.0819939748812,30.012999999598833,479.5962000007421,2841.956824002927
1746377141,500,,Aggregated,386.300000,0.000000,52,57,62,65,75,95,130,200,250,260,260,91198,0,49,55.03650324020219,27.034299999286304,529.7563999993145,2899.820303076822
1746377142,500,GET,GET /pastes/:slug,349.700000,0.000000,51,56,60,63,74,94,130,190,250,260,260,83339,0,49,54.71286080586354,27.034299999286304,529.7563999993145,2905.694188795162
1746377142,500,POST,POST /pastes,34.200000,0.000000,53,60,65,68,80,95,130,210,250,250,250,8233,0,52,58.04973884368355,30.012999999598833,479.5962000007421,2841.305113567351
1746377142,500,,Aggregated,383.900000,0.000000,51,57,61,64,74,94,130,200,250,260,260,91572,0,49,55.012870818590294,27.034299999286304,529.7563999993145,2899.9051347573495
1746377143,500,GET,GET /pastes/:slug,347.500000,0.000000,51,56,60,63,74,95,130,190,250,260,260,83687,0,49,54.69428972241636,27.034299999286304,529.7563999993145,2905.5130665455804
1746377143,500,POST,POST /pastes,36.000000,0.000000,54,61,64,68,80,95,130,210,250,250,250,8270,0,52,58.041025090695,30.012999999598833,479.5962000007421,2842.140507859734
1746377143,500,,Aggregated,383.500000,0.000000,51,57,61,64,75,95,130,200,250,260,260,91957,0,49,54.99527280685482,27.034299999286304,529.7563999993145,2899.8137607794947
1746377144,500,GET,GET /pastes/:slug,347.400000,0.000000,51,56,60,63,74,91,110,140,250,260,260,84029,0,49,54.69412784871705,27.034299999286304,529.7563999993145,2905.055814064192
1746377144,500,POST,POST /pastes,34.800000,0.000000,53,60,63,67,77,92,110,130,210,210,210,8305,0,52,58.046038049373585,30.012999999598833,479.5962000007421,2842.337627934979
1746377144,500,,Aggregated,382.200000,0.000000,51,56,60,63,74,91,110,140,250,260,260,92334,0,49,54.99561607858358,27.034299999286304,529.7563999993145,2899.4146143349144
1746377145,500,GET,GET /pastes/:slug,347.600000,0.000000,51,56,61,64,80,100,150,170,230,250,250,84369,0,49,54.84543811115289,27.034299999286304,529.7563999993145,2904.8853251786795
1746377145,500,POST,POST /pastes,35.500000,0.000000,54,61,64,68,87,99,160,170,230,230,230,8341,0,52,58.193948771137094,30.012999999598833,479.5962000007421,2843.4796786956
1746377145,500,,Aggregated,383.100000,0.000000,51,57,61,65,80,100,150,170,230,250,250,92710,0,49,55.14669932801159,27.034299999286304,529.7563999993145,2899.360737784489
1746377146,500,GET,GET /pastes/:slug,345.500000,0.000000,50,55,59,62,78,100,150,170,230,250,250,84723,0,49,54.82608499934929,27.034299999286304,529.7563999993145,2905.199898492735
1746377146,500,POST,POST /pastes,36.100000,0.000000,52,58,63,65,77,98,160,170,230,230,230,8387,0,52,58.1439812567125,30.012999999598833,479.5962000007421,2843.7953976392037
1746377146,500,,Aggregated,381.600000,0.000000,50,55,59,62,78,100,150,170,230,250,250,93110,0,49,55.124948665019474,27.034299999286304,529.7563999993145,2899.6688110836644
1746377147,500,GET,GET /pastes/:slug,350.700000,0.000000,50,55,58,61,74,99,150,170,230,250,250,85058,0,49,54.81349557831003,27.034299999286304,529.7563999993145,2905.1443485621576
1746377147,500,POST,POST /pastes,35.200000,0.000000,52,57,62,64,74,94,160,170,230,230,230,8424,0,52,58.118661752143275,30.012999999598833,479.5962000007421,2843.344017094017
1746377147,500,,Aggregated,385.900000,0.000000,50,55,58,61,74,98,150,170,230,250,250,93482,0,49,55.11133601655929,27.034299999286304,529.7563999993145,2899.5752979183158
1746377148,500,GET,GET /pastes/:slug,348.300000,0.000000,51,57,62,67,91,110,150,170,220,250,250,85377,0,49,54.93758820291048,27.034299999286304,529.7563999993145,2904.9594855757405
1746377148,500,POST,POST /pastes,34.500000,0.000000,53,61,65,70,90,120,160,170,230,230,230,8458,0,52,58.248702104522735,30.012999999598833,479.5962000007421,2844.834949160558
1746377148,500,,Aggregated,382.800000,0.000000,52,57,62,67,91,110,150,170,230,250,250,93835,0,49,55.23604188628961,27.034299999286304,529.7563999993145,2899.5400436937175
1746377149,500,GET,GET /pastes/:slug,349.000000,0.000000,53,61,68,78,100,120,150,170,220,250,250,85721,0,49,55.06559573966597,27.034299999286304,529.7563999993145,2905.050862682423
1746377149,500,POST,POST /pastes,36.300000,0.000000,57,65,73,81,110,120,160,170,230,230,230,8503,0,52,58.4153101493652,30.012999999598833,479.5962000007421,2846.947900740915
1746377149,500,,Aggregated,385.300000,0.000000,54,61,69,78,100,120,150,170,230,250,250,94224,0,49,55.367882010952634,27.034299999286304,529.7563999993145,2899.807511886568
1746377150,500,GET,GET /pastes/:slug,344.800000,0.000000,57,68,81,89,110,120,150,170,220,250,250,86054,0,49,55.2066061275467,27.034299999286304,529.7563999993145,2904.97596857787
1746377150,500,POST,POST /pastes,36.900000,0.000000,62,75,87,95,110,120,160,170,230,230,230,8546,0,52,58.595790369770036,30.012999999598833,479.5962000007421,2847.4146969342382
1746377150,500,,Aggregated,381.700000,0.000000,57,69,82,90,110,120,150,170,230,250,250,94600,0,49,55.51277915644822,27.034299999286304,529.7563999993145,2899.7759830866808
1746377151,500,GET,GET /pastes/:slug,342.100000,0.000000,62,78,89,96,110,130,150,170,220,250,250,86383,0,49,55.34211439750793,27.034299999286304,529.7563999993145,2905.1317851892154
1746377151,500,POST,POST /pastes,36.300000,0.000000,66,84,95,100,120,120,160,170,230,230,230,8587,0,52,58.77572575987628,30.012999999598833,479.5962000007421,2848.5469896354957
1746377151,500,,Aggregated,378.400000,0.000000,62,79,90,97,110,130,150,170,230,250,250,94970,0,50,55.65257476150393,27.034299999286304,529.7563999993145,2900.0154996314627
1746377152,500,GET,GET /pastes/:slug,341.300000,0.000000,61,78,90,97,110,130,150,170,220,250,250,86727,0,49,55.31746090606083,27.034299999286304,529.7563999993145,2904.470660809206
1746377152,500,POST,POST /pastes,37.400000,0.000000,67,85,97,100,120,130,160,170,230,230,230,8622,0,52,58.774545975417865,30.012999999598833,479.5962000007421,2848.700881466017
1746377152,500,,Aggregated,378.700000,0.000000,62,79,90,98,110,130,150,170,230,250,250,95349,0,50,55.630070240904836,27.034299999286304,529.7563999993145,2899.4276395137863
1746377153,500,GET,GET /pastes/:slug,341.200000,0.000000,61,78,90,97,110,130,150,170,220,250,250,87082,0,49,55.31207341930514,27.034299999286304,529.7563999993145,2904.356904986105
1746377153,500,POST,POST /pastes,37.900000,0.000000,66,86,97,100,120,130,160,170,230,230,230,8653,0,52,58.773982006246385,30.012999999598833,479.5962000007421,2848.1890673754765
1746377153,500,,Aggregated,379.100000,0.000000,62,79,90,98,110,130,150,170,230,250,250,95735,0,50,55.6249777385494,27.034299999286304,529.7563999993145,2899.2801796626104
1746377154,500,GET,GET /pastes/:slug,337.800000,0.000000,61,77,89,96,110,130,150,170,220,250,250,87446,0,49,55.29803749513919,27.034299999286304,529.7563999993145,2904.6148937630082
1746377154,500,POST,POST /pastes,38.800000,0.000000,67,85,97,100,120,120,150,160,230,230,230,8685,0,53,58.780734277495945,30.012999999598833,479.5962000007421,2850.067472654001
1746377154,500,,Aggregated,376.600000,0.000000,62,78,90,97,110,120,150,170,220,250,250,96131,0,50,55.61268335916657,27.034299999286304,529.7563999993145,2899.6867815793034
1746377155,500,GET,GET /pastes/:slug,337.700000,0.000000,59,73,84,90,110,120,130,130,150,160,160,87776,0,49,55.28407469809458,27.034299999286304,529.7563999993145,2904.0071659679184
1746377155,500,POST,POST /pastes,38.100000,0.000000,65,79,92,100,110,120,130,130,130,130,130,8728,0,53,58.7731344294287,30.012999999598833,479.5962000007421,2849.8452108157653
1746377155,500,,Aggregated,375.800000,0.000000,60,74,84,91,110,120,130,130,150,160,160,96504,0,50,55.59963170438577,27.034299999286304,529.7563999993145,2899.1086587084474
1746377156,500,GET,GET /pastes/:slug,338.900000,0.000000,59,73,83,90,110,120,130,130,150,160,160,88119,0,49,55.24661192818744,27.034299999286304,529.7563999993145,2903.631974942975
1746377156,500,POST,POST /pastes,37.600000,0.000000,66,82,94,100,110,120,130,130,130,130,130,8757,0,53,58.737242137724934,30.012999999598833,479.5962000007421,2849.1317802900535
1746377156,500,,Aggregated,376.500000,0.000000,60,74,84,91,110,120,130,130,150,160,160,96876,0,50,55.56214362587276,27.034299999286304,529.7563999993145,2898.7054894917214
1746377157,500,GET,GET /pastes/:slug,338.600000,0.000000,56,69,80,88,110,120,120,130,150,160,160,88483,0,49,55.21885002655821,27.034299999286304,529.7563999993145,2903.4455206084785
1746377157,500,POST,POST /pastes,38.400000,0.000000,65,78,91,99,110,120,130,130,130,130,130,8795,0,53,58.71390164866914,30.012999999598833,479.5962000007421,2848.9484934621946
1746377157,500,,Aggregated,377.000000,0.000000,57,70,81,89,110,120,120,130,150,160,160,97278,0,50,55.534841093567216,27.034299999286304,529.7563999993145,2898.518390591912
1746377158,500,GET,GET /pastes/:slug,337.700000,0.000000,53,62,71,78,99,110,120,120,140,140,140,88812,0,49,55.20540038283048,27.034299999286304,529.7563999993145,2903.330259424402
1746377158,500,POST,POST /pastes,38.400000,0.000000,60,70,79,89,110,120,130,130,130,130,130,8838,0,52,58.67978267708114,30.012999999598833,479.5962000007421,2847.3727087576376
1746377158,500,,Aggregated,376.100000,0.000000,54,63,72,79,100,110,120,130,140,140,140,97650,0,50,55.519855996928,27.034299999286304,529.7563999993145,2898.2657142857142
1746377159,500,GET,GET /pastes/:slug,338.300000,0.000000,51,57,63,69,91,110,120,120,140,140,140,89159,0,49,55.180255331485775,27.034299999286304,529.7563999993145,2903.4910665216075
1746377159,500,POST,POST /pastes,37.400000,0.000000,56,64,70,77,100,120,130,130,130,130,130,8878,0,52,58.65716897950525,30.012999999598833,479.5962000007421,2846.582451002478
1746377159,500,,Aggregated,375.700000,0.000000,52,58,64,70,92,110,120,130,140,140,140,98037,0,50,55.49511644889201,27.034299999286304,529.7563999993145,2898.3375562287706
1746377160,500,GET,GET /pastes/:slug,340.800000,0.000000,50,55,59,63,77,95,110,120,140,140,140,89493,0,49,55.21573265506714,27.034299999286304,529.7563999993145,2903.4683159576725
1746377160,500,POST,POST /pastes,37.400000,0.000000,55,60,65,68,83,110,120,120,130,130,130,8909,0,53,58.70120637558055,30.012999999598833,479.5962000007421,2845.5106072510944
1746377160,500,,Aggregated,378.200000,0.000000,50,56,60,63,78,97,110,120,140,140,140,98402,0,50,55.53129621450794,27.034299999286304,529.7563999993145,2898.2210117680534
1746377161,500,GET,GET /pastes/:slug,342.300000,0.000000,49,54,57,60,69,83,100,120,160,170,170,89843,0,49,55.233269003705566,27.034299999286304,529.7563999993145,2904.0851819284753
1746377161,500,POST,POST /pastes,37.400000,0.000000,54,59,62,65,73,89,110,130,150,150,150,8952,0,53,58.71421581769987,30.012999999598833,479.5962000007421,2844.8615951742627
1746377161,500,,Aggregated,379.700000,0.000000,50,54,58,60,70,83,100,120,160,170,170,98795,0,50,55.548684114580794,27.034299999286304,529.7563999993145,2898.7188218027227
1746377162,500,GET,GET /pastes/:slug,342.500000,0.000000,50,55,58,61,70,84,110,120,170,310,310,90187,0,49,55.23440177741683,27.034299999286304,529.7563999993145,2903.9940567931076
1746377162,500,POST,POST /pastes,36.900000,0.000000,54,60,63,65,75,89,110,130,150,150,150,8989,0,53,58.70102951385545,30.012999999598833,479.5962000007421,2843.5167426855046
1746377162,500,,Aggregated,379.400000,0.000000,50,55,59,61,70,84,110,120,170,310,310,99176,0,50,55.548605987335456,27.034299999286304,529.7563999993145,2898.5125836896023
1746377163,500,GET,GET /pastes/:slug,343.100000,0.000000,50,55,58,60,70,83,100,120,170,310,310,90542,0,49,55.22252272867714,27.034299999286304,529.7563999993145,2904.0184334342075
1746377163,500,POST,POST /pastes,35.500000,0.000000,54,60,62,66,75,84,120,130,150,150,150,9025,0,53,58.70181861496319,30.012999999598833,479.5962000007421,2844.0835457063713
1746377163,500,,Aggregated,378.600000,0.000000,51,55,59,61,70,83,110,120,170,310,310,99567,0,50,55.53789474323792,27.034299999286304,529.7563999993145,2898.585786455352
1746377164,500,GET,GET /pastes/:slug,344.100000,0.000000,50,55,58,60,70,83,100,120,170,310,310,90893,0,49,55.211361572397,27.034299999286304,529.7563999993145,2903.704146633954
1746377164,500,POST,POST /pastes,36.600000,0.000000,54,59,62,65,75,83,120,130,150,150,150,9062,0,53,58.68609087398409,30.012999999598833,479.5962000007421,2845.5115868461708
1746377164,500,,Aggregated,380.700000,0.000000,50,55,58,61,70,83,110,120,170,310,310,99955,0,50,55.52638330148532,27.034299999286304,529.7563999993145,2898.4283627632435
1746377165,500,GET,GET /pastes/:slug,344.300000,0.000000,50,55,58,61,70,83,100,120,170,310,310,91226,0,49,55.19685620108184,27.034299999286304,529.7563999993145,2903.485585249819
1746377165,500,POST,POST /pastes,37.200000,0.000000,53,58,61,64,76,84,120,130,150,150,150,9100,0,53,58.66395527472983,30.012999999598833,479.5962000007421,2845.981758241758
1746377165,500,,Aggregated,381.500000,0.000000,51,55,59,61,70,83,110,120,170,310,310,100326,0,50,55.51133700934926,27.034299999286304,529.7563999993145,2898.269740645496
1746377166,500,GET,GET /pastes/:slug,341.700000,0.000000,51,55,59,61,71,83,100,120,170,310,310,91582,1,49,55.17766312484818,27.034299999286304,529.7563999993145,2903.733113493918
1746377166,500,POST,POST /pastes,36.900000,0.000000,54,59,62,65,76,84,120,130,150,150,150,9135,0,53,58.64174663383082,30.012999999598833,479.5962000007421,2846.5307060755335
1746377166,500,,Aggregated,378.600000,0.000000,51,56,59,62,71,83,110,120,170,310,310,100717,1,50,55.49185440193742,27.034299999286304,529.7563999993145,2898.5448732587347
1746377167,500,GET,GET /pastes/:slug,341.900000,0.000000,51,55,58,61,70,83,100,120,170,310,310,91938,1,49,55.14561027648883,27.034299999286304,529.7563999993145,2903.3404359459637
1746377167,500,POST,POST /pastes,37.400000,0.000000,54,59,62,65,76,85,120,130,150,150,150,9153,0,53,58.623849382720245,30.012999999598833,479.5962000007421,2846.879493062384
1746377167,500,,Aggregated,379.300000,0.000000,51,55,59,61,71,83,110,120,170,310,310,101091,1,50,55.460537644299784,27.034299999286304,529.7563999993145,2898.2283388234364
1746377168,500,GET,GET /pastes/:slug,341.700000,0.000000,51,55,58,61,70,83,100,120,170,310,310,92300,1,49,55.128945784396706,27.034299999286304,529.7563999993145,2903.5791657638138
1746377168,500,POST,POST /pastes,37.700000,0.000000,54,59,62,65,77,89,120,130,150,150,150,9191,0,53,58.61160961810874,30.012999999598833,479.5962000007421,2847.3913611141334
1746377168,500,,Aggregated,379.400000,0.000000,51,56,59,61,71,83,100,120,170,310,310,101491,1,50,55.44433496467565,27.034299999286304,529.7563999993145,2898.4908119931815
1746377169,500,GET,GET /pastes/:slug,345.300000,0.100000,51,56,60,63,73,89,110,120,170,310,310,92663,1,49,55.16094820478294,27.034299999286304,529.7563999993145,2903.807301727766
1746377169,500,POST,POST /pastes,36.800000,0.000000,55,60,63,67,77,98,120,130,150,150,150,9223,0,53,58.633867570208906,30.012999999598833,479.5962000007421,2847.75116556435
1746377169,500,,Aggregated,382.100000,0.100000,51,57,60,63,74,90,110,120,170,310,310,101886,1,50,55.47532638537076,27.034299999286304,529.7563999993145,2898.732946626622
1746377170,500,GET,GET /pastes/:slug,345.600000,0.100000,51,55,59,62,71,85,110,140,170,310,310,93017,1,49,55.174666500745126,27.034299999286304,529.7563999993145,2903.4833955083477
1746377170,500,POST,POST /pastes,34.700000,0.000000,53,59,62,65,75,87,120,130,170,170,170,9250,0,53,58.62100160000377,30.012999999598833,479.5962000007421,2846.957945945946
1746377170,500,,Aggregated,380.300000,0.100000,51,56,59,62,72,85,110,140,170,310,310,102267,1,50,55.48638582044931,27.034299999286304,529.7563999993145,2898.370696314549
1746377171,500,GET,GET /pastes/:slug,347.200000,0.100000,50,55,58,61,70,81,100,120,170,310,310,93364,1,49,55.15693338545684,27.034299999286304,529.7563999993145,2903.7974915384943
1746377171,500,POST,POST /pastes,34.800000,0.000000,53,58,61,63,73,81,100,120,170,170,170,9283,0,53,58.602278832277776,30.012999999598833,479.5962000007421,2847.329634816331
1746377171,500,,Aggregated,382.000000,0.100000,51,55,59,61,70,81,100,120,170,310,310,102647,1,50,55.468517180237804,27.034299999286304,529.7563999993145,2898.690755696708
1746377172,500,GET,GET /pastes/:slug,348.100000,0.100000,51,55,59,61,70,82,100,120,160,170,170,93735,1,49,55.156263581370766,27.034299999286304,529.7563999993145,2903.785000266709
1746377172,500,POST,POST /pastes,34.300000,0.000000,53,58,62,64,73,81,110,120,170,170,170,9324,0,53,58.604845699274776,30.012999999598833,479.5962000007421,2847.8537108537107
1746377172,500,,Aggregated,382.400000,0.100000,51,56,59,62,70,82,100,120,160,170,170,103059,1,50,55.468265247090216,27.034299999286304,529.7563999993145,2898.7247596037223
1746377173,500,GET,GET /pastes/:slug,349.100000,0.100000,51,55,59,61,70,85,110,120,160,170,170,94086,1,49,55.15431907084812,27.034299999286304,529.7563999993145,2904.04848755394
1746377173,500,POST,POST /pastes,33.800000,0.000000,53,58,62,64,73,85,110,120,170,170,170,9370,0,53,58.596269871935704,30.012999999598833,479.5962000007421,2848.176520811099
1746377173,500,,Aggregated,382.900000,0.100000,51,56,59,62,70,85,110,120,160,170,170,103456,1,50,55.46605622486752,27.034299999286304,529.7563999993145,2898.9881688833902
1746377174,500,GET,GET /pastes/:slug,351.500000,0.100000,50,55,58,61,70,84,110,120,160,170,170,94451,1,49,55.12328793977619,27.034299999286304,529.7563999993145,2903.274745635303
1746377174,500,POST,POST /pastes,32.500000,0.000000,53,58,62,64,73,83,110,120,170,170,170,9394,0,53,58.57390673834798,30.012999999598833,479.5962000007421,2848.688311688312
1746377174,500,,Aggregated,384.000000,0.100000,51,55,58,61,70,84,110,120,160,170,170,103845,1,50,55.43543694063156,27.034299999286304,529.7563999993145,2898.3367615195725
1746377175,500,GET,GET /pastes/:slug,351.700000,0.100000,50,55,58,60,69,82,110,120,160,170,170,94791,1,49,55.092030347815886,27.034299999286304,529.7563999993145,2903.6213986559906
1746377175,500,POST,POST /pastes,33.700000,0.000000,53,58,61,63,73,83,110,120,170,170,170,9420,0,53,58.55284016985528,30.012999999598833,479.5962000007421,2847.986518046709
1746377175,500,,Aggregated,385.400000,0.100000,50,55,58,61,69,83,110,120,160,170,170,104211,1,50,55.40486515914727,27.034299999286304,529.7563999993145,2898.5923654892476
1746377176,500,GET,GET /pastes/:slug,353.700000,0.100000,50,55,58,61,69,84,110,120,160,170,170,95150,1,49,55.08039211245214,27.034299999286304,529.7563999993145,2903.5330110352074
1746377176,500,POST,POST /pastes,34.100000,0.000000,53,59,61,63,71,86,110,120,170,170,170,9457,0,53,58.541447837583824,30.012999999598833,479.5962000007421,2848.4324838743787
1746377176,500,,Aggregated,387.800000,0.100000,50,55,58,61,70,85,110,120,160,170,170,104607,1,50,55.3932889930874,27.034299999286304,529.7563999993145,2898.5516456833675
1746377177,500,GET,GET /pastes/:slug,356.700000,0.100000,50,55,58,60,69,84,110,120,160,170,170,95500,1,49,55.04590378010271,27.034299999286304,529.7563999993145,2903.286554973822
1746377177,500,POST,POST /pastes,32.600000,0.000000,53,58,61,63,70,83,110,120,170,170,170,9499,0,53,58.50573749868725,30.012999999598833,479.5962000007421,2850.0952731866514
1746377177,500,,Aggregated,389.300000,0.100000,50,55,58,61,69,84,110,120,160,170,170,104999,1,50,55.3589063848216,27.034299999286304,529.7563999993145,2898.47447118544
1746377178,500,GET,GET /pastes/:slug,355.600000,0.100000,50,55,58,60,69,86,110,120,160,170,170,95824,1,49,55.05809042723973,27.034299999286304,529.7563999993145,2903.538591584572
1746377178,500,POST,POST /pastes,31.500000,0.000000,53,58,61,63,70,79,110,120,170,170,170,9523,0,53,58.50274658196204,30.012999999598833,479.5962000007421,2849.4389373096715
1746377178,500,,Aggregated,387.100000,0.100000,50,55,58,61,69,85,110,120,160,170,170,105347,1,50,55.369475284534815,27.034299999286304,529.7563999993145,2898.648172230818
1746377179,500,GET,GET /pastes/:slug,354.400000,0.000000,50,55,58,60,70,87,110,140,160,170,170,96226,1,49,55.08833455302956,27.034299999286304,529.7563999993145,2903.472252821483
1746377179,500,POST,POST /pastes,32.800000,0.000000,53,58,60,62,70,81,110,120,170,170,170,9553,0,53,58.50369452528254,30.012999999598833,479.5962000007421,2849.959489165707
1746377179,500,,Aggregated,387.200000,0.000000,50,55,58,60,70,87,110,130,160,170,170,105779,1,50,55.396778892784866,27.034299999286304,529.7563999993145,2898.639465300296
1746377180,500,GET,GET /pastes/:slug,352.200000,0.000000,49,54,57,59,68,83,110,120,160,160,160,96555,1,49,55.06099930609317,27.034299999286304,529.7563999993145,2903.8841903578273
1746377180,500,POST,POST /pastes,34.600000,0.000000,53,57,60,61,69,79,110,110,120,120,120,9584,0,53,58.4751741339758,30.012999999598833,479.5962000007421,2850.4869574290483
1746377180,500,,Aggregated,386.800000,0.000000,50,54,57,60,68,83,110,120,160,160,160,106139,1,50,55.369287979912144,27.034299999286304,529.7563999993145,2899.0625971603276
1746377181,500,GET,GET /pastes/:slug,353.400000,0.000000,49,54,57,59,68,83,110,120,160,430,430,96925,1,49,55.05262202837092,27.034299999286304,529.7563999993145,2903.887634769151
1746377181,500,POST,POST /pastes,33.000000,0.000000,53,57,60,62,69,79,110,110,120,120,120,9622,0,53,58.462970307630655,30.012999999598833,479.5962000007421,2851.0762835169403
1746377181,500,,Aggregated,386.400000,0.000000,50,54,57,60,68,83,110,120,160,430,430,106547,1,50,55.360602273174436,27.034299999286304,529.7563999993145,2899.1183702966764
1746377182,500,GET,GET /pastes/:slug,356.000000,0.000000,49,54,57,59,67,81,100,120,160,430,430,97259,1,49,55.0320000935633,27.034299999286304,529.7563999993145,2903.9742748743047
1746377182,500,POST,POST /pastes,32.700000,0.000000,53,57,60,61,69,77,99,110,120,120,120,9654,0,53,58.44005130516058,30.012999999598833,479.5962000007421,2851.605034182722
1746377182,500,,Aggregated,388.700000,0.000000,49,54,57,59,67,81,100,120,160,430,430,106913,1,50,55.33973934320371,27.034299999286304,529.7563999993145,2899.2454519094963
1746377183,500,GET,GET /pastes/:slug,352.900000,0.000000,48,53,56,58,66,79,99,120,160,430,430,97603,1,49,55.0093726965349,27.034299999286304,529.7563999993145,2903.752323186787
1746377183,500,POST,POST /pastes,33.800000,0.000000,53,57,59,61,69,75,89,100,120,120,120,9690,0,53,58.4251465841098,30.012999999598833,479.5962000007421,2851.8410732714137
1746377183,500,,Aggregated,386.700000,0.000000,49,54,57,59,66,78,99,110,160,430,430,107293,1,50,55.31786298919751,27.034299999286304,529.7563999993145,2899.0640395925175
1746377184,500,GET,GET /pastes/:slug,352.100000,0.000000,49,54,57,59,68,81,100,120,160,430,430,97954,1,49,55.00831419237513,27.034299999286304,529.7563999993145,2904.109531004349
1746377184,500,POST,POST /pastes,33.600000,0.000000,53,57,60,61,69,73,89,100,120,120,120,9714,0,53,58.41890697961959,30.012999999598833,479.5962000007421,2852.2835083384807
1746377184,500,,Aggregated,385.700000,0.000000,50,54,58,60,68,81,100,120,160,430,430,107668,1,50,55.31602398855726,27.034299999286304,529.7563999993145,2899.433694319575
1746377185,500,GET,GET /pastes/:slug,349.900000,0.000000,50,55,59,62,73,90,110,130,160,430,430,98299,1,49,55.05365859164322,27.034299999286304,529.7563999993145,2903.7770068871505
1746377185,500,POST,POST /pastes,32.200000,0.000000,54,58,61,64,71,87,110,110,130,130,130,9751,0,53,58.453245369708085,30.012999999598833,479.5962000007421,2851.5806583940107
1746377185,500,,Aggregated,382.100000,0.000000,51,56,59,62,73,90,110,130,160,430,430,108050,1,50,55.360455173530845,27.034299999286304,529.7563999993145,2899.0665340120313
1746377186,500,GET,GET /pastes/:slug,348.700000,0.000000,51,56,60,63,78,97,120,130,160,430,430,98659,1,49,55.08110354858596,27.034299999286304,529.7563999993145,2903.429844210868
1746377186,500,POST,POST /pastes,32.000000,0.000000,54,58,62,65,73,92,110,120,130,130,130,9788,0,53,58.46668379648848,30.012999999598833,479.5962000007421,2851.534327748263
1746377186,500,,Aggregated,380.700000,0.000000,51,56,60,63,78,97,120,130,160,430,430,108447,1,50,55.386672715704634,27.034299999286304,529.7563999993145,2898.745958855478
1746377187,500,GET,GET /pastes/:slug,349.900000,0.000000,52,57,62,66,81,98,120,130,160,430,430,99025,1,49,55.087159168896434,27.034299999286304,529.7563999993145,2903.415935369856
1746377187,500,POST,POST /pastes,32.000000,0.000000,54,58,63,66,76,99,110,120,130,130,130,9814,0,53,58.45956996128337,30.012999999598833,479.5962000007421,2852.0586916649686
1746377187,500,,Aggregated,381.900000,0.000000,52,58,62,66,80,98,120,130,160,430,430,108839,1,50,55.39124905870188,27.034299999286304,529.7563999993145,2898.785058664633
1746377188,500,GET,GET /pastes/:slug,349.100000,0.000000,52,58,63,67,89,180,250,280,320,430,430,99271,1,49,55.40642947285668,27.034299999286304,529.7563999993145,2903.301276304258
1746377188,500,POST,POST /pastes,33.100000,0.000000,55,60,65,69,100,220,250,270,330,330,330,9838,0,53,58.81751885546196,30.012999999598833,479.5962000007421,2850.90618011791
1746377188,500,,Aggregated,382.200000,0.000000,52,58,63,67,89,180,250,280,320,430,430,109109,1,50,55.7139961937149,27.034299999286304,529.7563999993145,2898.576982650377
1746377189,500,GET,GET /pastes/:slug,348.200000,0.000000,53,60,66,72,120,220,280,300,370,810,810,99666,1,49,55.64530332309863,27.034299999286304,806.973000000653,2903.650843818353
1746377189,500,POST,POST /pastes,32.900000,0.000000,56,62,69,76,180,240,270,310,380,380,380,9882,0,53,59.11830139648157,30.012999999598833,479.5962000007421,2849.086116170816
1746377189,500,,Aggregated,381.100000,0.000000,54,60,66,72,120,230,280,300,380,810,810,109548,1,50,55.958592173294186,27.034299999286304,806.973000000653,2898.7287216562604
1746377190,500,GET,GET /pastes/:slug,350.900000,0.000000,54,60,67,72,120,220,280,300,370,810,810,100033,1,49,55.628626829146114,27.034299999286304,806.973000000653,2903.419641518299
1746377190,500,POST,POST /pastes,31.300000,0.000000,56,62,69,76,180,240,270,310,380,380,380,9919,0,53,59.08967093457338,30.012999999598833,479.5962000007421,2849.4476257687265
1746377190,500,,Aggregated,382.200000,0.000000,54,61,67,72,120,230,280,300,370,810,810,109952,1,50,55.94085486030327,27.034299999286304,806.973000000653,2898.5507130384167
1746377191,500,GET,GET /pastes/:slug,344.700000,0.000000,53,60,66,71,120,220,280,300,370,810,810,100377,1,49,55.60135154168741,27.034299999286304,806.973000000653,2903.2779023082976
1746377191,500,POST,POST /pastes,32.300000,0.000000,55,62,68,74,150,240,270,310,380,380,380,9958,0,53,59.06138691504691,30.012999999598833,479.5962000007421,2849.6914038963646
1746377191,500,,Aggregated,377.000000,0.000000,54,60,66,71,120,230,280,300,370,810,810,110335,1,50,55.913628083564156,27.034299999286304,806.973000000653,2898.4415915167447
1746377192,500,GET,GET /pastes/:slug,344.100000,0.000000,53,60,66,73,120,220,280,300,370,810,810,100740,1,49,55.59814941135564,27.034299999286304,806.973000000653,2903.337988882271
1746377192,500,POST,POST /pastes,32.900000,0.000000,55,62,66,76,180,240,270,310,380,380,380,9990,0,53,59.048517117121065,30.012999999598833,479.5962000007421,2849.889189189189
1746377192,500,,Aggregated,377.000000,0.000000,54,60,66,73,120,230,280,300,370,810,810,110730,1,50,55.90943969746287,27.034299999286304,806.973000000653,2898.515867425269
1746377193,500,GET,GET /pastes/:slug,346.000000,0.000000,54,60,67,73,120,220,280,300,370,810,810,101087,1,49,55.58312286248442,27.034299999286304,806.973000000653,2902.92601422537
1746377193,500,POST,POST /pastes,33.000000,0.000000,55,62,67,76,180,240,270,310,380,380,380,10019,0,53,59.03611240643151,30.012999999598833,479.5962000007421,2849.953588182453
1746377193,500,,Aggregated,379.000000,0.000000,54,61,67,73,120,230,280,300,370,810,810,111106,1,50,55.89449670584899,27.034299999286304,806.973000000653,2898.149217864022
1746377194,500,GET,GET /pastes/:slug,344.900000,0.000000,55,62,70,77,120,220,280,300,370,810,810,101444,1,49,55.63045383364163,27.034299999286304,806.973000000653,2903.1232404085013
1746377194,500,POST,POST /pastes,33.700000,0.000000,56,64,74,85,150,240,270,310,380,380,380,10052,0,53,59.07489287704281,30.012999999598833,479.5962000007421,2851.2318941504177
1746377194,500,,Aggregated,378.600000,0.000000,55,62,70,78,130,230,280,300,370,810,810,111496,1,50,55.94098964895633,27.034299999286304,806.973000000653,2898.4449397287794
1746377195,500,GET,GET /pastes/:slug,347.300000,0.000000,55,62,70,76,130,220,280,300,370,810,810,101800,1,50,55.67345624852601,27.034299999286304,806.973000000653,2903.083546168959
1746377195,500,POST,POST /pastes,33.500000,0.000000,56,65,74,85,180,240,270,310,380,380,380,10096,0,53,59.15548572702358,30.012999999598833,479.5962000007421,2851.0127773375593
1746377195,500,,Aggregated,380.800000,0.000000,55,62,70,76,130,230,280,300,370,810,810,111896,1,50,55.98762806534675,27.034299999286304,806.973000000653,2898.385375706013
1746377196,500,GET,GET /pastes/:slug,348.500000,0.000000,54,61,67,73,130,220,280,300,370,810,810,102123,1,50,55.6657633598692,27.034299999286304,806.973000000653,2903.136443308559
1746377196,500,POST,POST /pastes,32.900000,0.000000,56,64,72,82,180,240,270,310,380,380,380,10126,0,53,59.141379972351196,30.012999999598833,479.5962000007421,2850.841793403121
1746377196,500,,Aggregated,381.400000,0.000000,54,61,67,74,140,230,280,300,370,810,810,112249,1,50,55.97929928284449,27.034299999286304,806.973000000653,2898.4189346898415
1746377197,500,GET,GET /pastes/:slug,346.400000,0.000000,54,60,66,72,130,220,280,300,370,810,810,102483,1,50,55.65068840002672,27.034299999286304,806.973000000653,2902.8979928378367
1746377197,500,POST,POST /pastes,33.800000,0.000000,56,65,70,82,180,240,270,310,380,380,380,10154,0,53,59.13533673429444,30.012999999598833,479.5962000007421,2851.8095331888912
1746377197,500,,Aggregated,380.200000,0.000000,54,60,67,73,140,230,280,300,370,810,810,112637,1,50,55.96482246952624,27.034299999286304,806.973000000653,2898.292470502588
1746377198,500,GET,GET /pastes/:slug,347.200000,0.000000,52,57,61,64,75,93,130,150,200,340,340,102823,1,50,55.63059926281027,27.034299999286304,806.973000000653,2902.6967993542303
1746377198,500,POST,POST /pastes,33.800000,0.000000,55,61,66,68,85,110,140,170,190,190,190,10188,0,53,59.11761467412888,30.012999999598833,479.5962000007421,2852.2399882214368
1746377198,500,,Aggregated,381.000000,0.000000,52,57,61,65,76,95,140,160,200,340,340,113011,1,50,55.94495550256192,27.034299999286304,806.973000000653,2898.148091778676
1746377199,500,GET,GET /pastes/:slug,346.400000,0.000000,51,56,60,63,73,85,120,140,200,340,340,103180,1,50,55.611531952897124,27.034299999286304,806.973000000653,2902.8059798410545
1746377199,500,POST,POST /pastes,33.400000,0.000000,54,59,64,67,75,92,140,140,190,190,190,10221,0,53,59.09024431073511,30.012999999598833,479.5962000007421,2852.9602778593094
1746377199,500,,Aggregated,379.800000,0.000000,51,56,60,63,73,86,120,140,200,340,340,113401,1,50,55.925073447324166,27.034299999286304,806.973000000653,2898.3133129337484
1746377200,500,GET,GET /pastes/:slug,344.100000,0.000000,51,57,60,64,76,94,120,140,200,340,340,103533,1,50,55.63658482705896,27.034299999286304,806.973000000653,2902.723701621705
1746377200,500,POST,POST /pastes,34.000000,0.000000,55,61,65,67,80,100,140,150,190,190,190,10249,0,53,59.10557397795092,30.012999999598833,479.5962000007421,2852.944092106547
1746377200,500,,Aggregated,378.100000,0.000000,52,57,61,65,76,95,120,140,200,340,340,113782,1,50,55.94905665746756,27.034299999286304,806.973000000653,2898.239765516514
1746377201,500,GET,GET /pastes/:slug,349.300000,0.000000,52,57,62,65,77,94,120,140,200,340,340,103866,1,50,55.628058308781334,27.034299999286304,806.973000000653,2902.826738297422
1746377201,500,POST,POST /pastes,33.800000,0.000000,55,62,67,68,82,100,140,150,190,190,190,10283,0,53,59.091849489450325,30.012999999598833,479.5962000007421,2852.929009044053
1746377201,500,,Aggregated,383.100000,0.000000,52,58,62,66,78,95,120,140,200,340,340,114149,1,50,55.940090518532436,27.034299999286304,806.973000000653,2898.3317506066633
1746377202,500,GET,GET /pastes/:slug,348.100000,0.000000,52,57,61,65,76,90,120,140,190,340,340,104231,1,50,55.603488260689275,27.034299999286304,806.973000000653,2902.8019399219042
1746377202,500,POST,POST /pastes,34.100000,0.000000,55,62,67,68,81,100,140,150,190,190,190,10314,0,53,59.070579018811195,30.012999999598833,479.5962000007421,2853.8948031801433
1746377202,500,,Aggregated,382.200000,0.000000,52,58,62,65,76,90,120,140,190,340,340,114545,1,50,55.91567625736593,27.034299999286304,806.973000000653,2898.3981841197783
1746377203,500,GET,GET /pastes/:slug,347.300000,0.000000,51,56,60,64,76,90,120,140,190,340,340,104560,1,50,55.570587127963975,27.034299999286304,806.973000000653,2902.9751817138485
1746377203,500,POST,POST /pastes,32.600000,0.000000,55,61,65,68,81,100,140,150,190,190,190,10341,0,53,59.042476810754714,30.012999999598833,479.5962000007421,2853.2660284305193
1746377203,500,,Aggregated,379.900000,0.000000,51,57,61,64,76,91,120,140,190,340,340,114901,1,50,55.88305447994348,27.034299999286304,806.973000000653,2898.5013968546837
1746377204,500,GET,GET /pastes/:slug,347.300000,0.000000,50,55,59,61,71,85,120,140,190,340,340,104918,1,50,55.561002947062576,27.034299999286304,806.973000000653,2903.0331878228712
1746377204,500,POST,POST /pastes,32.400000,0.000000,54,58,62,65,75,87,140,150,190,190,190,10379,0,53,59.02829447923816,30.012999999598833,479.5962000007421,2853.220156084401
1746377204,500,,Aggregated,379.700000,0.000000,50,55,59,61,71,85,120,140,190,340,340,115297,1,50,55.87312744997685,27.034299999286304,806.973000000653,2898.549034233328
1746377205,500,GET,GET /pastes/:slug,347.500000,0.000000,49,54,57,59,68,79,96,120,180,340,340,105265,1,50,55.545019103214855,27.034299999286304,806.973000000653,2903.005310407068
1746377205,500,POST,POST /pastes,32.000000,0.000000,53,58,61,64,71,79,93,110,150,150,150,10410,0,53,59.03285659942507,30.012999999598833,479.5962000007421,2852.7071085494717
1746377205,500,,Aggregated,379.500000,0.000000,49,54,58,60,68,79,95,120,180,340,340,115675,1,50,55.85890186384251,27.034299999286304,806.973000000653,2898.478798357467
1746377206,500,GET,GET /pastes/:slug,345.600000,0.000000,49,54,57,59,67,78,94,120,140,160,160,105605,1,49,55.520544650347155,27.034299999286304,806.973000000653,2903.0458122248
1746377206,500,POST,POST /pastes,32.400000,0.000000,53,58,60,62,70,79,93,110,150,150,150,10444,0,53,59.01028068747797,30.012999999598833,479.5962000007421,2852.8689199540404
1746377206,500,,Aggregated,378.000000,0.000000,49,54,57,59,67,78,94,120,150,160,160,116049,1,50,55.8346085644856,27.034299999286304,806.973000000653,2898.530069194909
1746377207,500,GET,GET /pastes/:slug,345.900000,0.000000,48,53,56,59,67,78,94,120,150,270,270,105950,1,49,55.50267113355274,27.034299999286304,806.973000000653,2903.411042944785
1746377207,500,POST,POST /pastes,32.300000,0.000000,53,57,60,62,69,79,93,110,150,150,150,10480,0,53,58.987193921757154,30.012999999598833,479.5962000007421,2853.544465648855
1746377207,500,,Aggregated,378.200000,0.000000,49,54,57,59,67,78,94,120,150,270,270,116430,1,50,55.816317090955835,27.034299999286304,806.973000000653,2898.9224942025253
1746377208,500,GET,GET /pastes/:slug,346.000000,0.000000,49,54,58,60,69,81,99,120,160,320,320,106319,1,50,55.51217724583473,27.034299999286304,806.973000000653,2903.307884761896
1746377208,500,POST,POST /pastes,31.600000,0.000000,53,58,61,62,70,79,93,110,150,150,150,10519,0,53,58.97357718414519,30.012999999598833,479.5962000007421,2854.616028139557
1746377208,500,,Aggregated,377.600000,0.000000,49,55,58,60,69,81,98,120,160,320,320,116838,1,50,55.823809300056396,27.034299999286304,806.973000000653,2898.924125712525
1746377209,500,GET,GET /pastes/:slug,345.700000,0.000000,50,55,59,61,73,89,110,130,180,320,320,106650,1,50,55.543565438348715,27.034299999286304,806.973000000653,2902.685813408345
1746377209,500,POST,POST /pastes,31.900000,0.000000,54,59,62,66,76,86,120,140,190,190,190,10550,0,53,59.03251384834279,30.012999999598833,479.5962000007421,2854.3510900473934
1746377209,500,,Aggregated,377.600000,0.000000,50,55,59,61,73,89,110,130,190,320,320,117200,1,50,55.85763033361748,27.034299999286304,806.973000000653,2898.3348634812287
1746377210,500,GET,GET /pastes/:slug,345.700000,0.000000,51,56,61,64,83,120,150,180,240,320,320,107026,1,50,55.69351440958163,27.034299999286304,806.973000000653,2902.6110104086856
1746377210,500,POST,POST /pastes,32.400000,0.000000,55,61,66,70,82,120,160,180,240,240,240,10592,0,53,59.18856778701064,30.012999999598833,479.5962000007421,2854.4527001510573
1746377210,500,,Aggregated,378.100000,0.000000,51,57,61,65,83,120,160,180,240,320,320,117618,1,50,56.00825879712259,27.034299999286304,806.973000000653,2898.274150215103
1746377211,500,GET,GET /pastes/:slug,347.300000,0.000000,51,56,61,64,85,120,150,180,240,320,320,107368,1,50,55.69709575758005,27.034299999286304,806.973000000653,2902.8721220475372
1746377211,500,POST,POST /pastes,33.300000,0.000000,55,61,67,70,86,130,160,180,240,240,240,10614,0,53,59.19135517241551,30.012999999598833,479.5962000007421,2855.292349726776
1746377211,500,,Aggregated,380.600000,0.000000,51,57,61,65,85,120,160,180,240,320,320,117982,1,50,56.011449382956215,27.034299999286304,806.973000000653,2898.591708904748
1746377212,500,GET,GET /pastes/:slug,344.600000,0.000000,51,57,61,65,87,120,150,180,240,320,320,107700,1,50,55.68278078737099,27.034299999286304,806.973000000653,2902.3693686165275
1746377212,500,POST,POST /pastes,32.500000,0.000000,55,61,66,71,86,130,160,180,240,240,240,10655,0,53,59.17096571562797,30.012999999598833,479.5962000007421,2854.9111215391836
1746377212,500,,Aggregated,377.100000,0.000000,51,57,62,66,87,120,160,180,240,320,320,118355,1,50,55.996807321194176,27.034299999286304,806.973000000653,2898.0969033838874
1746377213,500,GET,GET /pastes/:slug,348.400000,0.000000,52,58,63,68,88,120,150,180,240,320,320,108060,1,50,55.68795866277882,27.034299999286304,806.973000000653,2902.821941513974
1746377213,500,POST,POST /pastes,34.200000,0.000000,56,62,69,71,87,120,160,180,240,240,240,10691,0,53,59.17793093256072,30.012999999598833,479.5962000007421,2854.459077728931
1746377213,500,,Aggregated,382.600000,0.000000,52,59,63,68,88,120,160,180,240,320,320,118751,1,50,56.002156383524785,27.034299999286304,806.973000000653,2898.4678950072
1746377214,500,GET,GET /pastes/:slug,348.200000,0.000000,52,58,63,68,88,120,150,180,240,320,320,108398,1,50,55.68468305780424,27.034299999286304,806.973000000653,2902.9970755918007
1746377214,500,POST,POST /pastes,32.800000,0.000000,56,63,69,72,89,120,160,180,240,240,240,10732,0,53,59.17335901043673,30.012999999598833,479.5962000007421,2855.254193067462
1746377214,500,,Aggregated,381.000000,0.000000,53,59,64,68,88,120,160,180,240,320,320,119130,1,50,55.99896552505613,27.034299999286304,806.973000000653,2898.696088306892
1746377215,500,GET,GET /pastes/:slug,345.600000,0.000000,53,59,64,71,93,120,160,180,240,320,320,108741,1,50,55.692057311408526,27.034299999286304,806.973000000653,2902.9863620897363
1746377215,500,POST,POST /pastes,34.000000,0.000000,58,64,69,73,90,130,160,180,240,240,240,10764,0,53,59.178760525828075,30.012999999598833,479.5962000007421,2856.030193236715
1746377215,500,,Aggregated,379.600000,0.000000,54,61,66,71,93,120,160,180,240,320,320,119505,1,50,56.0061100573194,27.034299999286304,806.973000000653,2898.7569474080583
1746377217,500,GET,GET /pastes/:slug,348.000000,0.000000,54,61,66,71,92,120,160,180,220,240,240,109103,1,50,55.68502283621793,27.034299999286304,806.973000000653,2902.688890314657
1746377217,500,POST,POST /pastes,34.600000,0.000000,58,65,70,74,90,130,160,180,240,240,240,10796,0,53,59.17179940718904,30.012999999598833,479.5962000007421,2854.345313078918
1746377217,500,,Aggregated,382.600000,0.000000,55,62,67,71,92,120,160,180,230,240,240,119899,1,50,55.99898074963065,27.034299999286304,806.973000000653,2898.335916062686
1746377218,500,GET,GET /pastes/:slug,345.800000,0.000000,54,60,65,69,91,120,160,180,220,240,240,109466,1,50,55.66627016607824,27.034299999286304,806.973000000653,2903.108179708768
1746377218,500,POST,POST /pastes,35.200000,0.000000,58,65,69,72,100,130,160,180,240,240,240,10822,0,53,59.15874113842312,30.012999999598833,479.5962000007421,2853.5678248013305
1746377218,500,,Aggregated,381.000000,0.000000,54,61,65,69,91,120,160,180,230,240,240,120288,1,50,55.98047873935891,27.034299999286304,806.973000000653,2898.651162210694
1746377219,500,GET,GET /pastes/:slug,348.100000,0.000000,53,58,63,66,83,110,150,180,220,240,240,109816,1,50,55.64964952556905,27.034299999286304,806.973000000653,2903.265689881256
1746377219,500,POST,POST /pastes,34.900000,0.000000,57,64,67,69,85,110,160,180,240,240,240,10855,0,53,59.14917318286687,30.012999999598833,479.5962000007421,2854.0478120681714
1746377219,500,,Aggregated,383.000000,0.000000,53,59,63,67,83,110,150,180,230,240,240,120671,1,50,55.96445034183838,27.034299999286304,806.973000000653,2898.838279288313
1746377220,500,GET,GET /pastes/:slug,349.200000,0.000000,51,56,60,63,71,82,98,110,130,140,140,110150,1,50,55.6406686182469,27.034299999286304,806.973000000653,2903.0837040399456
1746377220,500,POST,POST /pastes,34.100000,0.000000,56,61,65,66,73,85,100,110,110,110,110,10891,0,53,59.139296428245125,30.012999999598833,479.5962000007421,2855.0763933523094
1746377220,500,,Aggregated,383.300000,0.000000,52,57,61,63,71,82,98,110,130,140,140,121041,1,50,55.95546736808177,27.034299999286304,806.973000000653,2898.7641129865087
1746377221,500,GET,GET /pastes/:slug,348.000000,0.000000,51,57,60,63,71,81,93,100,110,120,120,110531,1,50,55.63756143163372,27.034299999286304,806.973000000653,2903.0662800481314
1746377221,500,POST,POST /pastes,33.300000,0.000000,56,61,65,66,72,82,93,110,110,110,110,10930,0,53,59.13438128088068,30.012999999598833,479.5962000007421,2854.6065873741995
1746377221,500,,Aggregated,381.300000,0.000000,52,57,61,63,71,81,93,100,110,120,120,121461,1,50,55.95223232148595,27.034299999286304,806.973000000653,2898.7055021776537
1746377222,500,GET,GET /pastes/:slug,349.600000,0.000000,51,56,60,62,70,80,93,100,120,120,120,110878,1,50,55.613720372841435,27.034299999286304,806.973000000653,2903.476162989953
1746377222,500,POST,POST /pastes,33.900000,0.000000,55,61,64,66,72,82,100,110,110,110,110,10971,0,53,59.10491681706517,30.012999999598833,479.5962000007421,2854.7379454926627
1746377222,500,,Aggregated,383.500000,0.000000,52,57,60,63,70,80,93,100,120,120,120,121849,1,50,55.928059564707205,27.034299999286304,806.973000000653,2899.087887467275
1746377223,500,GET,GET /pastes/:slug,349.000000,0.000000,50,55,59,61,69,78,91,100,120,120,120,111217,1,50,55.594382192469894,27.034299999286304,806.973000000653,2903.417651977665
1746377223,500,POST,POST /pastes,33.700000,0.000000,54,59,64,65,72,79,93,110,110,110,110,11010,0,53,59.08993014532332,30.012999999598833,479.5962000007421,2855.8455949137146
1746377223,500,,Aggregated,382.700000,0.000000,51,56,59,62,69,78,91,100,120,120,120,122227,1,50,55.909255198933174,27.034299999286304,806.973000000653,2899.132442095445
1746377224,500,GET,GET /pastes/:slug,348.800000,0.000000,51,56,61,63,75,91,160,200,270,300,300,111562,1,50,55.716459133933945,27.034299999286304,806.973000000653,2903.5969953926965
1746377224,500,POST,POST /pastes,35.200000,0.000000,54,61,65,66,76,98,140,200,290,290,290,11047,0,53,59.205260097765056,30.012999999598833,479.5962000007421,2855.005159771884
1746377224,500,,Aggregated,384.000000,0.000000,51,57,61,64,75,92,160,200,270,300,300,122609,1,50,56.030798083338226,27.034299999286304,806.973000000653,2899.2188991020234
1746377225,500,GET,GET /pastes/:slug,348.900000,0.000000,50,56,59,62,72,88,160,200,270,300,300,111892,1,50,55.692409621777564,27.034299999286304,806.973000000653,2903.586610302792
1746377225,500,POST,POST /pastes,35.300000,0.000000,54,60,64,66,74,93,140,200,290,290,290,11084,0,53,59.188424594010186,30.012999999598833,479.5962000007421,2853.6262179718515
1746377225,500,,Aggregated,384.200000,0.000000,50,56,60,63,72,88,160,200,270,300,300,122976,1,50,56.007510372755775,27.034299999286304,806.973000000653,2899.0836098100444
1746377226,500,GET,GET /pastes/:slug,348.600000,0.000000,49,55,58,61,72,89,160,200,270,300,300,112253,1,50,55.669727914620985,27.034299999286304,806.973000000653,2903.28610371215
1746377226,500,POST,POST /pastes,35.400000,0.000000,54,59,63,65,73,93,140,200,290,290,290,11119,0,53,59.168161273496814,30.012999999598833,479.5962000007421,2853.12824894325
1746377226,500,,Aggregated,384.000000,0.000000,50,55,59,62,72,89,160,200,270,300,300,123372,1,50,55.98502701423365,27.034299999286304,806.973000000653,2898.7655870051553
1746377227,500,GET,GET /pastes/:slug,347.600000,0.000000,49,55,58,61,72,89,160,200,270,300,300,112591,1,50,55.646270244512834,27.034299999286304,806.973000000653,2903.485527262392
1746377227,500,POST,POST /pastes,35.100000,0.000000,52,58,62,65,73,93,140,200,290,290,290,11156,0,53,59.134811159914484,30.012999999598833,479.5962000007421,2852.9792040157763
1746377227,500,,Aggregated,382.700000,0.000000,49,55,58,61,72,89,160,200,270,300,300,123747,1,50,55.960768070337245,27.034299999286304,806.973000000653,2898.932297348623
1746377228,500,GET,GET /pastes/:slug,349.100000,0.000000,48,54,57,60,71,89,160,200,270,300,300,112940,1,50,55.61746665131865,27.034299999286304,806.973000000653,2903.4859128740923
1746377228,500,POST,POST /pastes,35.300000,0.000000,52,57,61,64,73,84,140,200,290,290,290,11195,0,53,59.10119935685582,30.012999999598833,479.5962000007421,2853.373827601608
1746377228,500,,Aggregated,384.400000,0.000000,49,54,58,61,72,89,160,200,270,300,300,124135,1,50,55.93164385870224,27.034299999286304,806.973000000653,2898.9666008780764
1746377229,500,GET,GET /pastes/:slug,346.900000,0.000000,48,54,57,60,71,87,160,200,270,300,300,113285,1,50,55.6009555280922,27.034299999286304,806.973000000653,2903.1449000308953
1746377229,500,POST,POST /pastes,35.800000,0.000000,52,57,61,64,74,84,140,200,290,290,290,11233,0,53,59.08942089379534,30.012999999598833,479.5962000007421,2852.4667497551854
1746377229,500,,Aggregated,382.700000,0.000000,49,54,58,60,71,87,160,200,270,300,300,124518,1,50,55.915656466534955,27.034299999286304,806.973000000653,2898.5731299892386
1746377230,500,GET,GET /pastes/:slug,346.800000,0.000000,48,53,56,58,67,82,160,200,270,300,300,113641,1,50,55.57423359878841,27.034299999286304,806.973000000653,2902.983087090047
1746377230,500,POST,POST /pastes,37.000000,0.000000,52,57,60,62,73,84,140,200,290,290,290,11262,0,53,59.08203446101982,30.012999999598833,479.5962000007421,2853.5322322855623
1746377230,500,,Aggregated,383.800000,0.000000,48,53,56,59,67,83,160,200,270,300,300,124903,1,50,55.890517861860744,27.034299999286304,806.973000000653,2898.5243028590185
1746377231,500,GET,GET /pastes/:slug,344.900000,0.000000,47,52,56,58,66,81,160,200,270,300,300,114010,1,50,55.544810998157416,27.034299999286304,806.973000000653,2902.9677396719585
1746377231,500,POST,POST /pastes,37.800000,0.000000,52,57,60,62,72,82,140,200,290,290,290,11292,0,53,59.05850806765946,30.012999999598833,479.5962000007421,2854.5777541622388
1746377231,500,,Aggregated,382.700000,0.000000,48,53,56,58,66,81,160,200,270,300,300,125302,1,50,55.86145931429675,27.034299999286304,806.973000000653,2898.6069176868687
1746377232,500,GET,GET /pastes/:slug,347.200000,0.000000,48,53,56,58,66,81,160,200,270,300,300,114350,1,50,55.53204320332265,27.034299999286304,806.973000000653,2903.156125929165
1746377232,500,POST,POST /pastes,37.100000,0.000000,52,57,60,62,71,82,140,200,290,290,290,11321,0,53,59.04273345110917,30.012999999598833,479.5962000007421,2853.7997526720255
1746377232,500,,Aggregated,384.300000,0.000000,48,53,56,59,66,81,160,200,270,300,300,125671,1,50,55.848301721956716,27.034299999286304,806.973000000653,2898.7098853355187
1746377233,500,GET,GET /pastes/:slug,345.500000,0.000000,47,51,54,56,60,65,71,79,99,110,110,114705,1,50,55.50184571117172,27.034299999286304,806.973000000653,2903.272342094939
1746377233,500,POST,POST /pastes,35.800000,0.000000,51,55,58,60,65,71,77,84,100,100,100,11357,0,53,59.01230555604611,30.012999999598833,479.5962000007421,2853.3860174341817
1746377233,500,,Aggregated,381.300000,0.000000,47,52,55,56,61,66,72,80,100,110,110,126062,1,50,55.818105110977434,27.034299999286304,806.973000000653,2898.7780536561377
1746377234,500,GET,GET /pastes/:slug,344.900000,0.000000,47,52,55,56,62,69,85,99,150,170,170,115068,1,50,55.513254493863855,27.034299999286304,806.973000000653,2903.274368199673
1746377234,500,POST,POST /pastes,35.100000,0.000000,51,55,59,61,68,77,100,140,180,180,180,11398,0,53,59.05317434637779,30.012999999598833,479.5962000007421,2853.7205650114056
1746377234,500,,Aggregated,380.000000,0.000000,47,52,55,57,62,69,86,100,170,180,180,126466,1,50,55.83229681732647,27.034299999286304,806.973000000653,2898.8082330428733
1746377235,500,GET,GET /pastes/:slug,347.600000,0.000000,47,52,55,56,62,69,84,99,150,170,170,115422,1,50,55.4929460657406,27.034299999286304,806.973000000653,2903.5208365822805
1746377235,500,POST,POST /pastes,34.300000,0.000000,51,56,58,60,67,79,96,140,180,180,180,11433,0,53,59.03221149304747,30.012999999598833,479.5962000007421,2853.8743986705153
1746377235,500,,Aggregated,381.900000,0.000000,47,52,55,57,62,70,85,100,170,180,180,126855,1,50,55.8119277505813,27.034299999286304,806.973000000653,2899.0463757833745
1746377236,500,GET,GET /pastes/:slug,349.000000,0.000000,47,52,55,56,62,70,84,99,150,170,170,115749,1,50,55.46852185245602,27.034299999286304,806.973000000653,2903.688688455192
1746377236,500,POST,POST /pastes,35.200000,0.000000,52,56,59,60,68,77,96,140,180,180,180,11476,0,53,58.99710808644246,30.012999999598833,479.5962000007421,2854.0692750087137
1746377236,500,,Aggregated,384.200000,0.000000,47,52,55,57,63,71,86,100,170,180,180,127225,1,50,55.786808789939165,27.034299999286304,806.973000000653,2899.2128984083315
1746377237,500,GET,GET /pastes/:slug,351.000000,0.000000,47,52,55,56,62,70,84,99,150,170,170,116113,1,50,55.4420781445653,27.034299999286304,806.973000000653,2904.0660907908673
1746377237,500,POST,POST /pastes,34.600000,0.000000,52,57,59,60,68,77,96,140,180,180,180,11503,0,53,58.985903329567506,30.012999999598833,479.5962000007421,2854.116404416239
1746377237,500,,Aggregated,385.600000,0.000000,47,52,55,57,63,71,86,100,170,180,180,127616,1,50,55.761510042627826,27.034299999286304,806.973000000653,2899.5637459252757
1746377238,500,GET,GET /pastes/:slug,349.300000,0.000000,47,52,55,56,62,68,82,95,150,170,170,116472,1,50,55.42248402019303,27.034299999286304,806.973000000653,2904.1328645511367
1746377238,500,POST,POST /pastes,35.500000,0.000000,52,57,59,61,68,76,96,140,180,180,180,11543,0,53,58.97287605475361,30.012999999598833,479.5962000007421,2852.228016979988
1746377238,500,,Aggregated,384.800000,0.000000,47,52,55,57,62,69,83,99,170,180,180,128015,1,50,55.74261974846705,27.034299999286304,806.973000000653,2899.452650080069
1746377239,500,GET,GET /pastes/:slug,351.200000,0.000000,47,52,55,56,62,68,82,95,150,170,170,116824,1,49,55.39610504776345,27.034299999286304,806.973000000653,2904.4205899472713
1746377239,500,POST,POST /pastes,34.700000,0.000000,52,57,59,61,68,75,96,140,180,180,180,11565,0,53,58.96074834414378,30.012999999598833,479.5962000007421,2853.112321660182
1746377239,500,,Aggregated,385.900000,0.000000,47,52,55,57,62,69,83,99,170,180,180,128389,1,50,55.717200310774345,27.034299999286304,806.973000000653,2899.798853484333
1746377240,500,GET,GET /pastes/:slug,350.000000,0.000000,48,53,55,57,63,70,83,95,150,170,170,117184,1,49,55.385419414765956,27.034299999286304,806.973000000653,2904.5601276624793
1746377240,500,POST,POST /pastes,34.900000,0.000000,53,57,60,61,69,77,96,140,180,180,180,11601,0,53,58.95460718041726,30.012999999598833,479.5962000007421,2852.719162141195
1746377240,500,,Aggregated,384.900000,0.000000,48,53,56,58,64,71,86,99,170,180,180,128785,1,50,55.70693315681189,27.034299999286304,806.973000000653,2899.8902744884886
1746377241,500,GET,GET /pastes/:slug,352.300000,0.000000,47,52,55,57,63,71,83,95,150,170,170,117534,1,49,55.365848064389304,27.034299999286304,806.973000000653,2904.8887726104786
1746377241,500,POST,POST /pastes,33.100000,0.000000,53,58,60,62,69,79,96,140,180,180,180,11633,0,53,58.94270258746853,30.012999999598833,479.5962000007421,2851.9528066706785
1746377241,500,,Aggregated,385.400000,0.000000,48,53,56,57,63,71,86,99,170,180,180,129167,1,50,55.68798567435971,27.034299999286304,806.973000000653,2900.121269364466
1746377242,500,GET,GET /pastes/:slug,352.300000,0.000000,48,53,56,57,63,71,83,95,150,170,170,117888,1,49,55.346713444115565,27.034299999286304,806.973000000653,2904.7212778230187
1746377242,500,POST,POST /pastes,33.900000,0.000000,53,58,61,63,69,79,96,140,180,180,180,11668,0,53,58.91894667466748,30.012999999598833,479.5962000007421,2851.265255399383
1746377242,500,,Aggregated,386.200000,0.000000,48,53,56,58,64,72,86,99,170,180,180,129556,1,50,55.66843391506361,27.034299999286304,806.973000000653,2899.906951434129
1746377243,500,GET,GET /pastes/:slug,350.500000,0.000000,47,52,55,57,62,67,75,81,96,120,120,118226,1,49,55.33063108453222,27.034299999286304,806.973000000653,2904.482195117825
1746377243,500,POST,POST /pastes,34.300000,0.000000,53,58,60,62,69,73,82,86,89,89,89,11707,0,53,58.90781052362052,30.012999999598833,479.5962000007421,2851.4984197488684
1746377243,500,,Aggregated,384.800000,0.000000,48,53,56,57,63,68,75,82,96,120,120,129933,1,50,55.65293596238056,27.034299999286304,806.973000000653,2899.7083419916416
1746377244,500,GET,GET /pastes/:slug,353.000000,0.000000,47,52,55,57,62,68,74,78,96,120,120,118586,1,49,55.311890704635374,27.034299999286304,806.973000000653,2904.852065167895
1746377244,500,POST,POST /pastes,34.300000,0.000000,53,58,60,61,68,72,79,86,89,89,89,11733,0,53,58.88801090087998,30.012999999598833,479.5962000007421,2851.563879655672
1746377244,500,,Aggregated,387.300000,0.000000,48,53,55,57,63,68,74,81,96,120,120,130319,1,50,55.633859245389985,27.034299999286304,806.973000000653,2900.0543742662235
1746377245,500,GET,GET /pastes/:slug,349.400000,0.000000,48,52,55,57,62,68,74,78,96,120,120,118942,1,49,55.29080946679818,27.034299999286304,806.973000000653,2904.5871180911704
1746377245,500,POST,POST /pastes,35.200000,0.000000,53,58,61,62,68,73,83,87,89,89,89,11766,0,53,58.86874986401747,30.012999999598833,479.5962000007421,2851.3325684174742
1746377245,500,,Aggregated,384.600000,0.000000,48,53,56,57,63,68,74,81,96,120,120,130708,1,50,55.612886514214885,27.034299999286304,806.973000000653,2899.793279676837
1746377246,500,GET,GET /pastes/:slug,349.800000,0.000000,48,53,55,57,63,68,74,78,96,120,120,119304,1,49,55.272511956010796,27.034299999286304,806.973000000653,2904.657102863274
1746377246,500,POST,POST /pastes,33.300000,0.000000,53,57,61,62,66,73,79,86,89,89,89,11807,0,53,58.83551143389732,30.012999999598833,479.5962000007421,2850.748708393326
1746377246,500,,Aggregated,383.100000,0.000000,48,53,56,58,63,68,74,81,96,120,120,131111,1,50,55.59337240887491,27.034299999286304,806.973000000653,2899.8024650868347
1746377247,500,GET,GET /pastes/:slug,349.900000,0.000000,48,53,55,57,62,67,73,77,96,100,100,119648,1,49,55.24574659083249,27.034299999286304,806.973000000653,2904.5357715966834
1746377247,500,POST,POST /pastes,33.200000,0.000000,53,57,60,61,65,72,76,83,89,89,89,11849,0,53,58.80338469069295,30.012999999598833,479.5962000007421,2850.426787070639
1746377247,500,,Aggregated,383.100000,0.000000,48,53,56,57,63,67,73,77,96,100,100,131497,1,50,55.56632009323416,27.034299999286304,806.973000000653,2899.66009110474
1746377248,500,GET,GET /pastes/:slug,351.200000,0.000000,48,52,55,57,62,67,73,77,96,100,100,120000,1,49,55.22064530749928,27.034299999286304,806.973000000653,2904.01395
1746377248,500,POST,POST /pastes,33.000000,0.000000,52,56,59,61,65,70,76,83,89,89,89,11884,0,53,58.77955150622878,30.012999999598833,479.5962000007421,2851.0763211040053
1746377248,500,,Aggregated,384.200000,0.000000,48,53,55,57,63,67,73,77,96,100,100,131884,1,50,55.54133653058752,27.034299999286304,806.973000000653,2899.2437672500077
1746377249,500,GET,GET /pastes/:slug,349.700000,0.000000,47,52,55,57,62,67,74,77,96,100,100,120340,1,49,55.20828502991452,27.034299999286304,806.973000000653,2904.0923300648165
1746377249,500,POST,POST /pastes,34.000000,0.000000,51,55,59,60,64,69,77,83,91,91,91,11921,0,53,58.759973399884764,30.012999999598833,479.5962000007421,2850.1832061068703
1746377249,500,,Aggregated,383.700000,0.000000,47,53,55,57,63,67,74,77,96,100,100,132261,1,50,55.52840719032829,27.034299999286304,806.973000000653,2899.2333718934533
1746377250,500,GET,GET /pastes/:slug,350.400000,0.000000,48,53,56,58,66,77,100,120,180,190,190,120683,1,49,55.25810881731406,27.034299999286304,806.973000000653,2904.3234672654808
1746377250,500,POST,POST /pastes,33.700000,0.000000,52,56,60,61,66,79,110,120,200,200,200,11950,0,53,58.81745823431161,30.012999999598833,479.5962000007421,2850.6337238493725
1746377250,500,,Aggregated,384.100000,0.000000,48,53,57,59,66,77,100,120,190,200,200,132633,1,50,55.578799938929265,27.034299999286304,806.973000000653,2899.486115823362
1746377251,500,GET,GET /pastes/:slug,348.700000,0.000000,48,53,56,58,66,77,100,120,180,190,190,121015,1,49,55.23498938230723,27.034299999286304,806.973000000653,2904.360327232161
1746377251,500,POST,POST /pastes,34.900000,0.000000,51,55,59,61,66,77,110,120,200,200,200,11988,0,53,58.783881489826086,30.012999999598833,479.5962000007421,2850.189189189189
1746377251,500,,Aggregated,383.600000,0.000000,48,53,56,59,66,77,100,120,190,200,200,133003,1,50,55.55486275798303,27.034299999286304,806.973000000653,2899.477703510447
1746377252,500,GET,GET /pastes/:slug,347.200000,0.000000,48,53,56,58,66,78,100,120,180,190,190,121395,1,49,55.2222650380983,27.034299999286304,806.973000000653,2904.309024259648
1746377252,500,POST,POST /pastes,34.400000,0.000000,51,55,59,61,66,77,110,120,200,200,200,12024,0,53,58.76631092814611,30.012999999598833,479.5962000007421,2849.5227877578177
1746377252,500,,Aggregated,381.600000,0.000000,48,53,56,59,66,78,100,120,190,200,200,133419,1,50,55.54166188398983,27.034299999286304,806.973000000653,2899.3715737638568
1746377253,500,GET,GET /pastes/:slug,347.700000,0.000000,48,53,56,58,66,77,100,120,180,190,190,121737,1,49,55.202430418031895,27.034299999286304,806.973000000653,2904.4337465191356
1746377253,500,POST,POST /pastes,35.100000,0.000000,51,55,59,61,66,77,110,120,200,200,200,12056,0,53,58.743958419046436,30.012999999598833,479.5962000007421,2850.3278865295288
1746377253,500,,Aggregated,382.800000,0.000000,48,53,56,59,66,77,100,120,190,200,200,133793,1,50,55.52155519720795,27.034299999286304,806.973000000653,2899.558302751265
1746377254,500,GET,GET /pastes/:slug,346.200000,0.000000,48,53,56,59,66,81,100,120,180,190,190,122110,1,49,55.18637846368011,27.034299999286304,806.973000000653,2904.4111211203012
1746377254,500,POST,POST /pastes,35.600000,0.000000,51,55,59,61,67,77,110,120,200,200,200,12090,0,53,58.734025599670794,30.012999999598833,479.5962000007421,2850.362365591398
1746377254,500,,Aggregated,381.800000,0.000000,48,53,56,59,66,80,100,120,190,200,200,134200,1,50,55.50598393219128,27.034299999286304,806.973000000653,2899.5419001490313
1746377255,500,GET,GET /pastes/:slug,349.200000,0.000000,48,53,56,59,68,85,110,130,180,190,190,122465,1,49,55.1735188731473,27.034299999286304,806.973000000653,2904.517102845711
1746377255,500,POST,POST /pastes,34.000000,0.000000,51,56,59,61,68,85,120,120,200,200,200,12118,0,53,58.72215898663377,30.012999999598833,479.5962000007421,2850.8508829839907
1746377255,500,,Aggregated,383.200000,0.000000,48,53,56,59,68,85,110,130,190,200,200,134583,1,50,55.49304229657597,27.034299999286304,806.973000000653,2899.684937919351
1746377256,500,GET,GET /pastes/:slug,349.000000,0.000000,48,53,56,59,68,85,110,130,180,190,190,122824,1,49,55.15071300885817,27.034299999286304,806.973000000653,2904.4979320002603
1746377256,500,POST,POST /pastes,35.100000,0.000000,51,55,58,60,68,85,120,120,200,200,200,12150,0,53,58.69820274897343,30.012999999598833,479.5962000007421,2850.0880658436213
1746377256,500,,Aggregated,384.100000,0.000000,48,53,56,59,68,85,110,130,190,200,200,134974,1,50,55.47004858713599,27.034299999286304,806.973000000653,2899.6001007601462
1746377257,500,GET,GET /pastes/:slug,349.900000,0.000000,48,54,57,60,71,86,110,130,180,190,190,123157,1,49,55.14581679807064,27.034299999286304,806.973000000653,2904.616627556696
1746377257,500,POST,POST /pastes,34.900000,0.000000,51,56,59,62,71,85,120,120,200,200,200,12186,0,53,58.688314844906,30.012999999598833,479.5962000007421,2850.8149515837845
1746377257,500,,Aggregated,384.800000,0.000000,49,54,57,60,71,86,110,130,190,200,200,135343,1,50,55.46477589605727,27.034299999286304,806.973000000653,2899.772437436735
1746377258,500,GET,GET /pastes/:slug,350.500000,0.000000,48,53,56,59,70,86,110,130,180,190,190,123516,1,49,55.12262959049824,27.034299999286304,806.973000000653,2904.6867531331973
1746377258,500,POST,POST /pastes,33.900000,0.000000,51,56,59,62,70,85,120,120,200,200,200,12217,0,53,58.6672247114693,30.012999999598833,479.5962000007421,2850.434476549071
1746377258,500,,Aggregated,384.400000,0.000000,48,53,57,59,70,86,110,130,190,200,200,135733,1,50,55.44167004928848,27.034299999286304,806.973000000653,2899.8036365511703
1746377259,500,GET,GET /pastes/:slug,350.400000,0.000000,47,52,55,57,63,72,84,94,140,140,140,123866,1,49,55.09367303941334,27.034299999286304,806.973000000653,2904.5734422682576
1746377259,500,POST,POST /pastes,33.900000,0.000000,50,55,57,59,66,71,78,100,120,120,120,12252,0,53,58.638147926870424,30.012999999598833,479.5962000007421,2849.84916748286
1746377259,500,,Aggregated,384.300000,0.000000,47,52,55,57,63,72,84,94,140,140,140,136118,1,50,55.41271171410146,27.034299999286304,806.973000000653,2899.647702728515
1746377260,500,GET,GET /pastes/:slug,351.700000,0.000000,47,52,55,56,62,71,84,94,140,140,140,124215,1,49,55.06737831340781,27.034299999286304,806.973000000653,2904.612462263012
1746377260,500,POST,POST /pastes,33.400000,0.000000,49,55,57,59,66,71,78,100,120,120,120,12283,0,53,58.60875220223219,30.012999999598833,479.5962000007421,2849.6035984694295
1746377260,500,,Aggregated,385.100000,0.000000,47,52,55,57,63,71,84,94,140,140,140,136498,1,50,55.38605474439216,27.034299999286304,806.973000000653,2899.662397983853
1746377261,500,GET,GET /pastes/:slug,349.800000,0.000000,46,51,54,56,62,70,83,93,140,140,140,124553,1,49,55.04540423193315,27.034299999286304,806.973000000653,2904.785665539971
1746377261,500,POST,POST /pastes,33.100000,0.000000,49,55,57,59,66,71,81,100,120,120,120,12316,0,53,58.588396987659756,30.012999999598833,479.5962000007421,2849.25276063657
1746377261,500,,Aggregated,382.900000,0.000000,47,52,55,56,62,70,82,94,140,140,140,136869,1,50,55.36421637185964,27.034299999286304,806.973000000653,2899.788600778847
1746377262,500,GET,GET /pastes/:slug,353.100000,0.000000,46,51,54,56,62,69,83,93,140,140,140,124913,1,49,55.02972358921797,27.034299999286304,806.973000000653,2905.017252007397
1746377262,500,POST,POST /pastes,33.400000,0.000000,49,54,57,58,65,71,78,100,120,120,120,12354,0,53,58.5703396713637,30.012999999598833,479.5962000007421,2850.542172575684
1746377262,500,,Aggregated,386.500000,0.000000,47,52,54,56,62,69,83,94,140,140,140,137267,1,50,55.34837826280228,27.034299999286304,806.973000000653,2900.1145067641896
1746377263,500,GET,GET /pastes/:slug,351.100000,0.000000,47,52,55,57,63,72,84,93,140,140,140,125235,1,49,55.01819136822768,27.034299999286304,806.973000000653,2904.804711143051
1746377263,500,POST,POST /pastes,32.800000,0.000000,50,55,58,60,67,71,81,100,120,120,120,12396,0,53,58.556776613425825,30.012999999598833,479.5962000007421,2850.5222652468537
1746377263,500,,Aggregated,383.900000,0.000000,47,52,55,57,63,71,84,94,140,140,140,137631,1,50,55.33690083556824,27.034299999286304,806.973000000653,2899.915658536231
1746377264,500,GET,GET /pastes/:slug,352.300000,0.000000,47,52,54,56,61,68,77,83,100,280,280,125608,1,49,55.00669976354996,27.034299999286304,806.973000000653,2904.4352907458124
1746377264,500,POST,POST /pastes,33.000000,0.000000,51,55,58,60,67,71,78,81,100,100,100,12436,0,53,58.54616981344654,30.012999999598833,479.5962000007421,2850.820842714699
1746377264,500,,Aggregated,385.300000,0.000000,47,52,55,57,62,68,77,83,100,280,280,138044,1,50,55.3255607755504,27.034299999286304,806.973000000653,2899.605314247631
1746377265,500,GET,GET /pastes/:slug,350.100000,0.000000,48,53,55,58,63,71,79,86,100,280,280,125966,1,49,55.00560497991519,27.034299999286304,806.973000000653,2904.2210834669672
1746377265,500,POST,POST /pastes,34.100000,0.000000,51,56,58,62,68,74,81,89,100,100,100,12471,0,53,58.545117721114124,30.012999999598833,479.5962000007421,2851.3587523053484
1746377265,500,,Aggregated,384.200000,0.000000,48,53,56,58,64,71,79,86,100,280,280,138437,1,50,55.32445950143447,27.034299999286304,806.973000000653,2899.4590174592054
1746377266,500,GET,GET /pastes/:slug,349.400000,0.000000,48,53,56,58,64,73,86,92,120,280,280,126285,1,49,55.01190790671881,27.034299999286304,806.973000000653,2904.1336659144
1746377266,500,POST,POST /pastes,34.400000,0.000000,52,57,61,64,72,84,100,110,120,120,120,12508,0,53,58.580413287497066,30.012999999598833,479.5962000007421,2850.147585545251
1746377266,500,,Aggregated,383.800000,0.000000,48,53,56,58,65,75,87,94,120,280,280,138793,1,50,55.33350096474658,27.034299999286304,806.973000000653,2899.2684501379754
1746377267,500,GET,GET /pastes/:slug,347.200000,0.000000,48,53,57,59,66,76,90,97,120,280,280,126645,1,49,55.014671379841104,27.034299999286304,806.973000000653,2904.068624896364
1746377267,500,POST,POST /pastes,35.000000,0.000000,53,58,62,65,75,89,100,110,120,120,120,12548,0,53,58.59222237010027,30.012999999598833,479.5962000007421,2849.9873286579536
1746377267,500,,Aggregated,382.200000,0.000000,49,54,57,59,67,77,91,100,120,280,280,139193,1,50,55.33718120307824,27.034299999286304,806.973000000653,2899.193292766159
1746377268,500,GET,GET /pastes/:slug,347.000000,0.000000,49,53,57,59,66,76,89,97,120,280,280,126989,1,49,54.99239935978678,27.034299999286304,806.973000000653,2904.4249029443495
1746377268,500,POST,POST /pastes,35.200000,0.000000,53,58,62,65,75,89,100,110,120,120,120,12582,0,53,58.570989365762124,30.012999999598833,479.5962000007421,2849.48728342076
1746377268,500,,Aggregated,382.200000,0.000000,49,54,57,60,67,77,90,100,120,280,280,139571,1,50,55.31500089918435,27.034299999286304,806.973000000653,2899.47240472591
1746377269,500,GET,GET /pastes/:slug,345.600000,0.000000,50,55,59,61,70,85,110,130,200,280,280,127352,1,49,55.02824964664838,27.034299999286304,806.973000000653,2904.1951441673473
1746377269,500,POST,POST /pastes,35.400000,0.000000,54,59,64,67,80,100,120,130,180,180,180,12618,0,53,58.60204449199747,30.012999999598833,479.5962000007421,2849.13401489935
1746377269,500,,Aggregated,381.000000,0.000000,50,55,59,61,72,86,110,130,200,280,280,139970,1,50,55.35041970708054,27.034299999286304,806.973000000653,2899.2314996070586
1746377270,500,GET,GET /pastes/:slug,343.000000,0.000000,50,55,60,63,76,92,120,130,200,280,280,127673,1,49,55.04573317851048,27.034299999286304,806.973000000653,2904.3758821363954
1746377270,500,POST,POST /pastes,36.000000,0.000000,54,60,65,69,87,100,120,130,180,180,180,12658,0,53,58.62292280771303,30.012999999598833,479.5962000007421,2850.437509875178
1746377270,500,,Aggregated,379.000000,0.000000,51,56,60,63,76,93,120,130,200,280,280,140331,1,50,55.36839934868327,27.034299999286304,806.973000000653,2899.510585686698
1746377271,500,GET,GET /pastes/:slug,344.200000,0.000000,50,56,60,63,76,95,130,140,200,280,280,128050,1,49,55.0418425864893,27.034299999286304,806.973000000653,2904.6316360796563
1746377271,500,POST,POST /pastes,36.300000,0.000000,54,59,65,70,89,110,130,150,180,180,180,12694,0,53,58.620219741612054,30.012999999598833,479.5962000007421,2850.7162438947535
1746377271,500,,Aggregated,380.500000,0.000000,51,56,60,63,77,97,130,140,200,280,280,140744,1,50,55.36458401494948,27.034299999286304,806.973000000653,2899.768892457227
1746377272,500,GET,GET /pastes/:slug,344.900000,0.000000,50,56,60,63,76,95,130,140,200,280,280,128412,1,49,55.02219027115786,27.034299999286304,806.973000000653,2904.5882238420086
1746377272,500,POST,POST /pastes,36.900000,0.000000,54,59,64,68,88,110,130,150,180,180,180,12740,0,53,58.59122422292208,30.012999999598833,479.5962000007421,2851.851962323391
1746377272,500,,Aggregated,381.800000,0.000000,51,56,60,63,77,97,130,140,200,280,280,141152,1,50,55.34432167946624,27.034299999286304,806.973000000653,2899.82839067105
1746377273,500,GET,GET /pastes/:slug,348.600000,0.000000,50,55,59,62,74,94,130,140,200,210,210,128775,1,49,55.006592173946274,27.034299999286304,806.973000000653,2905.0129450592117
1746377273,500,POST,POST /pastes,37.700000,0.000000,53,59,63,67,88,110,130,150,180,180,180,12771,0,53,58.576721674107645,30.012999999598833,479.5962000007421,2851.4753738939785
1746377273,500,,Aggregated,386.300000,0.000000,50,56,60,63,75,96,130,140,200,210,210,141546,1,50,55.32870741455096,27.034299999286304,806.973000000653,2900.18251310528
1746377274,500,GET,GET /pastes/:slug,347.600000,0.000000,50,55,59,61,72,94,130,140,200,210,210,129104,1,49,54.98949078030062,27.034299999286304,806.973000000653,2905.343521502045
1746377274,500,POST,POST /pastes,37.700000,0.000000,54,60,63,69,88,110,130,150,180,180,180,12801,0,53,58.56653337239502,30.012999999598833,479.5962000007421,2851.642059214124
1746377274,500,,Aggregated,385.300000,0.000000,50,55,60,62,74,96,130,140,200,210,210,141905,1,50,55.31216948944737,27.034299999286304,806.973000000653,2900.4992072160953
1746377275,500,GET,GET /pastes/:slug,349.800000,0.000000,50,55,59,61,74,100,130,140,200,210,210,129465,1,49,54.9951474251723,27.034299999286304,806.973000000653,2905.009724636002
1746377275,500,POST,POST /pastes,37.500000,0.000000,53,59,62,66,86,100,130,150,180,180,180,12840,0,53,58.56073042835131,30.012999999598833,479.5962000007421,2851.9193146417447
1746377275,500,,Aggregated,387.300000,0.000000,50,55,59,62,75,100,130,140,200,210,210,142305,1,50,55.31686546572525,27.034299999286304,806.973000000653,2900.2194441516463
1746377276,500,GET,GET /pastes/:slug,348.700000,0.000000,49,54,58,60,70,95,130,140,200,210,210,129806,1,49,54.97319893302257,27.034299999286304,806.973000000653,2904.913008643668
1746377276,500,POST,POST /pastes,36.900000,0.000000,51,57,60,63,74,97,130,150,180,180,180,12877,0,53,58.53348821930833,30.012999999598833,479.5962000007421,2852.6162926147395
1746377276,500,,Aggregated,385.600000,0.000000,49,54,58,60,70,95,130,140,200,210,210,142683,1,50,55.29451152905415,27.034299999286304,806.973000000653,2900.193281610283
1746377277,500,GET,GET /pastes/:slug,350.000000,0.000000,49,54,57,60,68,93,130,140,200,210,210,130168,1,49,54.95315101253711,27.034299999286304,806.973000000653,2904.950702169504
1746377277,500,POST,POST /pastes,36.600000,0.000000,51,57,60,62,73,97,130,150,180,180,180,12908,0,53,58.51767063836575,30.012999999598833,479.5962000007421,2853.355980787109
1746377277,500,,Aggregated,386.600000,0.000000,49,54,57,60,68,93,130,140,200,210,210,143076,1,50,55.27473408258566,27.034299999286304,806.973000000653,2900.2959406189716
1746377278,500,GET,GET /pastes/:slug,348.700000,0.000000,49,54,57,60,69,92,120,130,200,210,210,130495,1,49,54.95265694164474,27.034299999286304,806.973000000653,2904.9895781447567
1746377278,500,POST,POST /pastes,37.000000,0.000000,51,58,61,63,75,95,120,130,180,180,180,12948,0,53,58.524999938216325,30.012999999598833,479.5962000007421,2853.387936360828
1746377278,500,,Aggregated,385.700000,0.000000,49,54,58,60,70,92,120,130,200,210,210,143443,1,50,55.27511741109723,27.034299999286304,806.973000000653,2900.3317136423525
1746377279,500,GET,GET /pastes/:slug,350.400000,0.000000,49,54,57,59,65,79,110,120,150,170,170,130863,1,49,54.95614098102546,27.034299999286304,806.973000000653,2905.0959323873058
1746377279,500,POST,POST /pastes,36.500000,0.000000,51,57,60,63,72,81,99,110,170,170,170,12979,0,53,58.526627968258445,30.012999999598833,479.5962000007421,2854.648277987518
1746377279,500,,Aggregated,386.900000,0.000000,49,54,57,59,66,79,110,120,150,170,170,143842,1,50,55.278309406154186,27.034299999286304,806.973000000653,2900.543992714228
1746377280,500,GET,GET /pastes/:slug,350.500000,0.000000,48,53,56,58,64,73,96,110,130,140,140,131214,1,49,54.93037681725985,27.034299999286304,806.973000000653,2904.9054902678067
1746377280,500,POST,POST /pastes,36.500000,0.000000,51,57,60,62,70,79,97,99,110,110,110,13005,0,53,58.503396378318186,30.012999999598833,479.5962000007421,2855.5211841599385
1746377280,500,,Aggregated,387.000000,0.000000,48,53,56,58,64,74,96,110,130,140,140,144219,1,50,55.252575136424674,27.034299999286304,806.973000000653,2900.4522427696766
1746377281,500,GET,GET /pastes/:slug,352.900000,0.000000,48,53,56,58,64,75,98,110,130,140,140,131564,1,49,54.91629542427972,27.034299999286304,806.973000000653,2904.7148840108234
1746377281,500,POST,POST /pastes,36.200000,0.000000,51,57,60,62,70,79,97,99,110,110,110,13035,0,53,58.491092642886926,30.012999999598833,479.5962000007421,2855.7738396624472
1746377281,500,,Aggregated,389.100000,0.000000,48,53,56,58,65,75,98,110,130,140,140,144599,1,50,55.23854856395989,27.034299999286304,806.973000000653,2900.3030518883256
1746377282,500,GET,GET /pastes/:slug,348.900000,0.000000,48,53,56,58,64,75,99,110,150,300,300,131903,1,49,54.901188658331755,27.034299999286304,806.973000000653,2904.5150451468126
1746377282,500,POST,POST /pastes,34.900000,0.000000,51,56,59,61,70,79,97,99,110,110,110,13065,0,53,58.467874764640186,30.012999999598833,479.5962000007421,2855.9974741676233
1746377282,500,,Aggregated,383.800000,0.000000,48,53,56,58,65,76,99,110,150,300,300,144968,1,50,55.22263031427644,27.034299999286304,806.973000000653,2900.1424797196623
1746377283,500,GET,GET /pastes/:slug,348.100000,0.000000,49,53,57,59,69,90,110,120,200,300,300,132251,1,49,54.930080952128385,27.034299999286304,806.973000000653,2904.354212822587
1746377283,500,POST,POST /pastes,34.000000,0.000000,52,58,62,67,79,99,120,150,180,180,180,13109,0,53,58.54099405751996,30.012999999598833,479.5962000007421,2855.5615226180485
1746377283,500,,Aggregated,382.100000,0.000000,49,54,57,60,70,91,110,120,200,300,300,145360,1,50,55.25572390685217,27.034299999286304,806.973000000653,2899.953941937259
1746377284,500,GET,GET /pastes/:slug,348.400000,0.000000,49,53,56,59,67,84,110,120,200,300,300,132596,1,49,54.920876567919784,27.034299999286304,806.973000000653,2904.3261712268845
1746377284,500,POST,POST /pastes,33.500000,0.000000,52,58,63,67,79,110,120,150,180,180,180,13154,0,53,58.54076129694615,30.012999999598833,479.5962000007421,2855.368633115402
1746377284,500,,Aggregated,381.900000,0.000000,49,54,57,60,69,86,110,120,200,300,300,145750,1,50,55.24757271698111,27.034299999286304,806.973000000653,2899.907732418525
1746377285,500,GET,GET /pastes/:slug,348.100000,0.000000,49,53,56,59,67,83,110,120,200,300,300,132937,1,49,54.9012669497573,27.034299999286304,806.973000000653,2904.5666142608907
1746377285,500,POST,POST /pastes,33.600000,0.000000,52,58,63,67,79,110,120,150,180,180,180,13189,0,53,58.52446549397462,30.012999999598833,479.5962000007421,2854.457199181136
1746377285,500,,Aggregated,381.700000,0.000000,49,54,57,59,68,85,110,120,200,300,300,146126,1,50,55.228288599564685,27.034299999286304,806.973000000653,2900.043852565594
1746377286,500,GET,GET /pastes/:slug,346.800000,0.000000,49,54,57,59,69,88,110,120,200,300,300,133292,1,49,54.89935351483872,27.034299999286304,806.973000000653,2904.4213381148156
1746377286,500,POST,POST /pastes,34.400000,0.000000,52,59,63,67,79,110,120,150,180,180,180,13228,0,53,58.50547146205233,30.012999999598833,479.5962000007421,2853.2620955548837
1746377286,500,,Aggregated,381.200000,0.000000,49,54,58,60,70,89,110,120,200,300,300,146520,1,50,55.22491813540801,27.034299999286304,806.973000000653,2899.802620802621
1746377287,500,GET,GET /pastes/:slug,345.400000,0.000000,49,54,57,59,68,84,100,120,200,300,300,133621,1,49,54.881749798309365,27.034299999286304,806.973000000653,2904.3260116299084
1746377287,500,POST,POST /pastes,35.500000,0.000000,52,58,62,65,74,94,120,150,180,180,180,13264,0,53,58.48679629071401,30.012999999598833,479.5962000007421,2852.671818455971
1746377287,500,,Aggregated,380.900000,0.000000,49,54,57,60,69,85,110,120,200,300,300,146885,1,50,55.20729247915034,27.034299999286304,806.973000000653,2899.6615379378427
1746377288,500,GET,GET /pastes/:slug,347.600000,0.000000,48,53,56,59,66,77,100,120,200,300,300,133991,1,49,54.87112599577494,27.034299999286304,806.973000000653,2903.8196893821228
1746377288,500,POST,POST /pastes,34.700000,0.000000,51,56,60,63,69,91,120,150,180,180,180,13295,0,53,58.466155381725756,30.012999999598833,479.5962000007421,2852.1162843174125
1746377288,500,,Aggregated,382.300000,0.000000,49,54,57,59,67,78,110,120,200,300,300,147286,1,50,55.195636917969075,27.034299999286304,806.973000000653,2899.1526010618795
1746377289,500,GET,GET /pastes/:slug,345.300000,0.000000,50,55,59,63,82,110,160,180,240,300,300,134336,1,49,54.9851870161376,27.034299999286304,806.973000000653,2903.682326405431
1746377289,500,POST,POST /pastes,35.200000,0.000000,53,59,65,68,100,130,170,190,210,210,210,13325,0,53,58.60084757974025,30.012999999598833,479.5962000007421,2851.899061913696
1746377289,500,,Aggregated,380.500000,0.000000,50,56,60,63,83,120,160,180,240,300,300,147661,1,50,55.311465972734645,27.034299999286304,806.973000000653,2899.009379592445
1746377290,500,GET,GET /pastes/:slug,347.100000,0.000000,52,59,65,70,96,120,160,180,240,300,300,134650,1,49,55.04881683252777,27.034299999286304,806.973000000653,2903.513969550687
1746377290,500,POST,POST /pastes,34.500000,0.000000,54,63,69,76,110,140,170,190,210,210,210,13363,0,53,58.676783671333915,30.012999999598833,479.5962000007421,2853.3216343635413
1746377290,500,,Aggregated,381.600000,0.000000,52,59,66,71,97,120,160,180,240,300,300,148013,1,50,55.376359148858356,27.034299999286304,806.973000000653,2898.9824745123738
1746377291,500,GET,GET /pastes/:slug,343.800000,0.000000,53,60,66,72,96,120,160,180,220,300,300,134995,1,49,55.05268412755916,27.034299999286304,806.973000000653,2903.3245453535314
1746377291,500,POST,POST /pastes,34.800000,0.000000,56,65,71,77,110,140,170,190,210,210,210,13399,0,53,58.68482901709376,30.012999999598833,479.5962000007421,2852.284424210762
1746377291,500,,Aggregated,378.600000,0.000000,53,60,67,72,97,120,160,180,220,300,300,148394,1,50,55.38064286830979,27.034299999286304,806.973000000653,2898.7159588662616
1746377292,500,GET,GET /pastes/:slug,343.400000,0.000000,52,59,64,69,89,120,150,180,220,240,240,135327,1,49,55.03863616203618,27.034299999286304,806.973000000653,2903.45133639259
1746377292,500,POST,POST /pastes,35.000000,0.000000,55,64,68,73,99,130,160,190,210,210,210,13434,0,53,58.673800610394515,30.012999999598833,479.5962000007421,2852.4794551138903
1746377292,500,,Aggregated,378.400000,0.000000,53,59,65,69,90,120,150,180,220,240,240,148761,1,50,55.366913057185585,27.034299999286304,806.973000000653,2898.8482734049917
1746377293,500,GET,GET /pastes/:slug,343.300000,0.000000,52,59,64,69,88,120,150,180,220,240,240,135683,1,49,55.03181151654848,27.034299999286304,806.973000000653,2903.3250517750935
1746377293,500,POST,POST /pastes,36.100000,0.000000,55,63,68,73,93,130,160,190,210,210,210,13473,0,53,58.66641738291664,30.012999999598833,479.5962000007421,2852.19735767832
1746377293,500,,Aggregated,379.400000,0.000000,52,59,65,69,88,120,150,180,220,240,240,149156,1,50,55.36011909276164,27.034299999286304,806.973000000653,2898.7067767974468
1746377294,500,GET,GET /pastes/:slug,341.300000,0.000000,52,59,65,69,88,120,150,180,220,240,240,136020,1,49,55.01824868842714,27.034299999286304,806.973000000653,2902.9405455080137
1746377294,500,POST,POST /pastes,36.500000,0.000000,55,63,68,74,93,130,160,190,210,210,210,13515,0,53,58.6533805919379,30.012999999598833,479.5962000007421,2852.338586755457
1746377294,500,,Aggregated,377.800000,0.000000,53,59,65,70,89,120,150,180,220,240,240,149535,1,50,55.3467925589325,27.034299999286304,806.973000000653,2898.3671314407998
1746377295,500,GET,GET /pastes/:slug,340.500000,0.000000,52,59,64,69,88,110,150,180,220,240,240,136383,1,49,55.00957315647732,27.034299999286304,806.973000000653,2903.293504322386
1746377295,500,POST,POST /pastes,35.700000,0.000000,55,64,70,75,94,130,160,190,210,210,210,13541,0,53,58.65385317923679,30.012999999598833,479.5962000007421,2852.799350121852
1746377295,500,,Aggregated,376.200000,0.000000,52,59,65,69,88,120,150,180,220,240,240,149924,1,50,55.33872123008966,27.034299999286304,806.973000000653,2898.7329180117927
1746377296,500,GET,GET /pastes/:slug,340.900000,0.000000,52,59,64,69,87,110,150,180,220,240,240,136739,1,49,54.99126572082465,27.034299999286304,806.973000000653,2903.456585173213
1746377296,500,POST,POST /pastes,36.100000,0.000000,55,64,71,75,94,130,160,190,210,210,210,13582,0,53,58.62543753497584,30.012999999598833,479.5962000007421,2852.626122809601
1746377296,500,,Aggregated,377.000000,0.000000,52,59,65,69,88,120,150,180,220,240,240,150321,1,50,55.319625175457524,27.034299999286304,806.973000000653,2898.863884620246
1746377297,500,GET,GET /pastes/:slug,342.200000,0.000000,51,58,63,67,87,110,150,180,220,240,240,137078,1,49,54.96973591166962,27.034299999286304,806.973000000653,2903.3295131239147
1746377297,500,POST,POST /pastes,34.700000,0.000000,55,63,70,75,94,130,160,190,210,210,210,13614,0,53,58.601039305130044,30.012999999598833,479.5962000007421,2852.1958278242987
1746377297,500,,Aggregated,376.900000,0.000000,52,58,64,68,88,120,150,180,220,240,240,150692,1,50,55.29779954078488,27.034299999286304,806.973000000653,2898.70993151594
1746377298,500,GET,GET /pastes/:slug,342.000000,0.000000,51,57,61,64,75,89,110,120,150,160,160,137449,1,49,54.968543939205524,27.034299999286304,806.973000000653,2903.3361901505286
1746377298,500,POST,POST /pastes,35.600000,0.000000,54,61,65,70,79,92,120,140,160,160,160,13637,0,53,58.59433032192125,30.012999999598833,479.5962000007421,2852.5140426780085
1746377298,500,,Aggregated,377.600000,0.000000,51,57,61,65,76,90,110,120,150,160,160,151086,1,50,55.295806881510956,27.034299999286304,806.973000000653,2898.748990641092
1746377299,500,GET,GET /pastes/:slug,345.800000,0.000000,50,55,59,62,71,81,95,100,130,140,140,137803,1,49,54.96495979768096,27.034299999286304,806.973000000653,2903.3201309115184
1746377299,500,POST,POST /pastes,34.500000,0.000000,53,59,63,66,76,86,97,100,140,140,140,13666,0,53,58.585797343776214,30.012999999598833,479.5962000007421,2853.040611737158
1746377299,500,,Aggregated,380.300000,0.000000,50,56,60,62,72,82,95,100,130,140,140,151469,1,50,55.29164292033312,27.034299999286304,806.973000000653,2898.7837577326054
1746377300,500,GET,GET /pastes/:slug,344.400000,0.000000,49,54,57,59,66,73,84,89,110,120,120,138146,1,49,54.95368632026872,27.034299999286304,806.973000000653,2903.360792205348
1746377300,500,POST,POST /pastes,34.900000,0.000000,51,56,60,63,71,79,86,92,97,97,97,13708,0,53,58.57028152903698,30.012999999598833,479.5962000007421,2852.615552961774
1746377300,500,,Aggregated,379.300000,0.000000,49,54,57,60,66,74,84,90,110,120,120,151854,1,50,55.280159690228395,27.034299999286304,806.973000000653,2898.7799728686764
1746377301,500,GET,GET /pastes/:slug,346.900000,0.000000,49,54,57,60,66,73,84,89,110,120,120,138516,1,49,54.93888677120196,27.034299999286304,806.973000000653,2903.2971281296022
1746377301,500,POST,POST /pastes,33.500000,0.000000,52,57,60,62,70,76,86,90,97,97,97,13740,0,53,58.558489184864555,30.012999999598833,479.5962000007421,2851.827365356623
1746377301,500,,Aggregated,380.400000,0.000000,49,54,57,60,66,74,84,90,110,120,120,152256,1,50,55.26552964349465,27.034299999286304,806.973000000653,2898.6523552438
1746377302,500,GET,GET /pastes/:slug,349.600000,0.000000,49,55,58,60,67,75,88,98,150,160,160,138844,1,49,54.94931616922473,27.034299999286304,806.973000000653,2903.3784751231597
1746377302,500,POST,POST /pastes,34.600000,0.000000,52,57,60,62,71,79,90,96,130,130,130,13786,0,53,58.561138299727574,30.012999999598833,479.5962000007421,2852.2188452052806
1746377302,500,,Aggregated,384.200000,0.000000,50,55,58,60,67,76,88,97,150,160,160,152630,1,50,55.27554679158687,27.034299999286304,806.973000000653,2898.757583699142
1746377303,500,GET,GET /pastes/:slug,348.800000,0.000000,50,55,59,61,71,86,120,130,170,170,170,139195,1,49,54.985535819532394,27.034299999286304,806.973000000653,2903.111289917023
1746377303,500,POST,POST /pastes,33.600000,0.000000,52,57,61,63,72,85,120,130,140,140,140,13816,0,53,58.5864920599338,30.012999999598833,479.5962000007421,2852.076433121019
1746377303,500,,Aggregated,382.400000,0.000000,50,55,59,61,71,85,120,130,170,170,170,153011,1,50,55.31068114514566,27.034299999286304,806.973000000653,2898.5031402971026
1746377304,500,GET,GET /pastes/:slug,350.300000,0.000000,50,55,59,61,70,84,120,130,170,170,170,139551,1,49,54.96915979247607,27.034299999286304,806.973000000653,2902.9832677659065
1746377304,500,POST,POST /pastes,34.600000,0.000000,53,58,61,62,72,85,120,130,140,140,140,13848,0,53,58.570190395728304,30.012999999598833,479.5962000007421,2851.7848064702484
1746377304,500,,Aggregated,384.900000,0.000000,50,55,59,61,70,84,120,130,170,170,170,153399,1,50,55.294240606522315,27.034299999286304,806.973000000653,2898.361358287864
1746377305,500,GET,GET /pastes/:slug,348.600000,0.000000,51,56,60,62,73,87,120,140,170,170,170,139890,1,49,54.97558561369531,27.034299999286304,806.973000000653,2902.9274715848164
1746377305,500,POST,POST /pastes,35.200000,0.000000,53,58,61,63,75,86,120,130,140,140,140,13877,0,53,58.57471813792919,30.012999999598833,479.5962000007421,2852.2642501981695
1746377305,500,,Aggregated,383.800000,0.000000,51,56,60,62,73,87,120,130,170,170,170,153767,1,50,55.30039628203661,27.034299999286304,806.973000000653,2898.3552712870774
1746377306,500,GET,GET /pastes/:slug,351.900000,0.000000,53,58,63,66,81,99,120,140,170,170,170,140249,1,49,55.02389705880142,27.034299999286304,806.973000000653,2902.99936541437
1746377306,500,POST,POST /pastes,33.700000,0.000000,54,60,63,69,79,96,120,130,140,140,140,13907,0,53,58.6068371108104,30.012999999598833,479.5962000007421,2852.9767742863305
1746377306,500,,Aggregated,385.600000,0.000000,53,59,63,67,81,99,120,140,170,170,170,154156,1,50,55.34712772970203,27.034299999286304,806.973000000653,2898.486636913257
1746377307,500,GET,GET /pastes/:slug,350.600000,0.000000,53,58,62,66,80,98,120,140,170,170,170,140595,1,49,55.01313508801756,27.034299999286304,806.973000000653,2902.9370603506527
1746377307,500,POST,POST /pastes,33.300000,0.000000,54,60,63,68,79,96,120,130,140,140,140,13941,0,53,58.58783714941803,30.012999999598833,479.5962000007421,2852.5875475216985
1746377307,500,,Aggregated,383.900000,0.000000,53,58,62,66,80,98,120,140,170,170,170,154536,1,50,55.33561607262982,27.034299999286304,806.973000000653,2898.3949306310506
1746377308,500,GET,GET /pastes/:slug,350.300000,0.000000,52,58,62,65,80,98,120,140,170,170,170,140937,1,49,55.00100758565734,27.034299999286304,806.973000000653,2902.9729879307774
1746377308,500,POST,POST /pastes,33.300000,0.000000,55,60,63,67,79,95,120,130,140,140,140,13980,0,53,58.58124525036101,30.012999999598833,479.5962000007421,2852.3036480686696
1746377308,500,,Aggregated,383.600000,0.000000,53,58,62,65,80,98,120,140,170,170,170,154917,1,50,55.32409493276982,27.034299999286304,806.973000000653,2898.400491876295
1746377309,500,GET,GET /pastes/:slug,348.300000,0.000000,52,58,62,65,79,98,120,140,170,170,170,141300,1,49,54.98822298867513,27.034299999286304,806.973000000653,2903.0493276716206
1746377309,500,POST,POST /pastes,33.200000,0.000000,56,61,64,67,80,96,120,130,140,140,140,14011,0,53,58.57247374206344,30.012999999598833,479.5962000007421,2851.6374991078437
1746377309,500,,Aggregated,381.500000,0.000000,53,58,62,65,79,98,120,140,170,170,170,155311,1,50,55.31156735775266,27.034299999286304,806.973000000653,2898.411335964613
1746377310,500,GET,GET /pastes/:slug,349.200000,0.000000,52,58,61,65,79,98,120,140,170,170,170,141655,1,49,54.97465136917017,27.034299999286304,806.973000000653,2902.8797218594473
1746377310,500,POST,POST /pastes,33.300000,0.000000,55,61,64,67,77,95,120,130,140,140,140,14045,0,53,58.565452659313195,30.012999999598833,479.5962000007421,2851.0901388394445
1746377310,500,,Aggregated,382.500000,0.000000,52,58,62,65,78,98,120,140,170,170,170,155700,1,50,55.298561479125986,27.034299999286304,806.973000000653,2898.208015414258
1746377311,500,GET,GET /pastes/:slug,348.400000,0.000000,53,58,63,67,86,100,130,140,170,170,170,141991,1,49,54.99662674746845,27.034299999286304,806.973000000653,2902.7908529413835
1746377311,500,POST,POST /pastes,34.600000,0.000000,57,62,67,72,86,110,130,130,140,140,140,14080,0,53,58.59894595170846,30.012999999598833,479.5962000007421,2850.638849431818
1746377311,500,,Aggregated,383.000000,0.000000,53,59,63,67,86,100,130,140,170,170,170,156071,1,50,55.321611237833395,27.034299999286304,806.973000000653,2898.0859416547596
1746377312,500,GET,GET /pastes/:slug,345.500000,0.000000,52,57,61,64,75,91,110,120,140,150,150,142325,1,49,54.985759737219595,27.034299999286304,806.973000000653,2902.7895942385385
1746377312,500,POST,POST /pastes,34.200000,0.000000,56,61,64,69,77,91,120,130,140,140,140,14109,0,53,58.58859649160496,30.012999999598833,479.5962000007421,2850.903040612375
1746377312,500,,Aggregated,379.700000,0.000000,52,57,61,64,76,91,110,120,140,150,150,156434,1,50,55.310704594269104,27.034299999286304,806.973000000653,2898.1098738125984
1746377313,500,GET,GET /pastes/:slug,347.300000,0.000000,52,57,61,64,77,91,110,120,140,210,210,142675,1,49,54.981502312246576,27.034299999286304,806.973000000653,2902.8258840021026
1746377313,500,POST,POST /pastes,33.900000,0.000000,55,60,64,67,77,91,120,130,140,140,140,14149,0,53,58.57471123047946,30.012999999598833,479.5962000007421,2850.0375998303766
1746377313,500,,Aggregated,381.200000,0.000000,52,58,61,64,77,91,110,120,140,210,210,156824,1,50,55.305689381726545,27.034299999286304,806.973000000653,2898.063210988114
1746377314,500,GET,GET /pastes/:slug,348.400000,0.000000,53,59,63,67,81,95,120,120,170,290,290,143037,1,49,55.00894164656556,27.034299999286304,806.973000000653,2902.9275711878745
1746377314,500,POST,POST /pastes,32.700000,0.000000,57,62,66,69,79,93,120,130,140,140,140,14175,0,53,58.584483477957534,30.012999999598833,479.5962000007421,2850.2996119929453
1746377314,500,,Aggregated,381.100000,0.000000,54,59,64,67,81,95,120,120,170,290,290,157212,1,50,55.33132992137937,27.034299999286304,806.973000000653,2898.1823779355263
1746377315,500,GET,GET /pastes/:slug,349.200000,0.000000,52,57,61,64,75,91,110,120,170,290,290,143381,1,49,54.999371487155365,27.034299999286304,806.973000000653,2903.1093450317685
1746377315,500,POST,POST /pastes,32.700000,0.000000,55,60,63,65,74,86,120,130,140,140,140,14219,0,53,58.566764568538375,30.012999999598833,479.5962000007421,2850.283564245024
1746377315,500,,Aggregated,381.900000,0.000000,52,58,61,65,75,91,110,120,170,290,290,157600,1,50,55.32122911548158,27.034299999286304,806.973000000653,2898.343293147208
1746377316,500,GET,GET /pastes/:slug,346.900000,0.000000,52,56,60,63,71,86,120,130,170,290,290,143727,1,49,55.00729333667177,27.034299999286304,806.973000000653,2903.5697885574737
1746377316,500,POST,POST /pastes,32.500000,0.000000,55,60,63,65,74,86,120,130,150,150,150,14267,0,53,58.568256599149024,30.012999999598833,479.5962000007421,2849.4052709048856
1746377316,500,,Aggregated,379.400000,0.000000,52,57,60,63,72,86,120,130,170,290,290,157994,1,50,55.32885151524685,27.034299999286304,806.973000000653,2898.6786840006584
1746377317,500,GET,GET /pastes/:slug,348.700000,0.000000,52,57,61,64,75,90,110,130,170,290,290,144094,1,50,55.0170637229852,27.034299999286304,806.973000000653,2903.8171887795465
1746377317,500,POST,POST /pastes,33.800000,0.000000,55,60,63,66,74,86,120,130,150,150,150,14293,0,53,58.56705043728116,30.012999999598833,479.5962000007421,2850.091023577975
1746377317,500,,Aggregated,382.500000,0.000000,52,57,61,64,75,89,120,130,170,290,290,158387,1,50,55.337418045672386,27.034299999286304,806.973000000653,2898.9688863353686
1746377318,500,GET,GET /pastes/:slug,345.100000,0.000000,52,57,61,64,75,90,110,130,170,290,290,144448,1,50,55.00054762890332,27.034299999286304,806.973000000653,2903.879008362871
1746377318,500,POST,POST /pastes,34.800000,0.000000,55,59,63,65,73,86,120,130,150,150,150,14330,0,53,58.5495598115885,30.012999999598833,479.5962000007421,2850.3645498953247
1746377318,500,,Aggregated,379.900000,0.000000,52,57,61,64,75,90,120,130,170,290,290,158778,1,50,55.3208523598982,27.034299999286304,806.973000000653,2899.0492322613964
1746377319,500,GET,GET /pastes/:slug,347.700000,0.000000,52,57,60,63,75,90,110,130,170,290,290,144802,1,49,54.98377328351697,27.034299999286304,806.973000000653,2903.7236778497536
1746377319,500,POST,POST /pastes,35.500000,0.000000,54,58,62,64,73,86,120,130,150,150,150,14359,0,53,58.53147258166043,30.012999999598833,479.5962000007421,2850.0627481022357
1746377319,500,,Aggregated,383.200000,0.000000,52,57,61,63,74,90,120,130,170,290,290,159161,1,50,55.30383544838178,27.034299999286304,806.973000000653,2898.882559169646
1746377320,500,GET,GET /pastes/:slug,346.100000,0.000000,51,56,60,63,73,86,110,130,170,290,290,145152,1,50,54.97460503816567,27.034299999286304,806.973000000653,2903.7743813381835
1746377320,500,POST,POST /pastes,34.900000,0.000000,54,58,61,64,70,81,120,130,150,150,150,14393,0,53,58.51860539151406,30.012999999598833,479.5962000007421,2850.1314527895506
1746377320,500,,Aggregated,381.000000,0.000000,51,57,60,63,72,86,110,130,170,290,290,159545,1,50,55.29431920711964,27.034299999286304,806.973000000653,2898.9351029490113
1746377321,500,GET,GET /pastes/:slug,347.900000,0.000000,52,57,61,64,74,86,100,130,170,290,290,145511,1,50,54.99284294864172,27.034299999286304,806.973000000653,2904.325233143886
1746377321,500,POST,POST /pastes,34.700000,0.000000,54,58,62,64,72,81,110,120,150,150,150,14427,0,53,58.54130700076687,30.012999999598833,479.5962000007421,2850.315311568587
1746377321,500,,Aggregated,382.600000,0.000000,52,57,61,64,74,86,100,130,170,290,290,159938,1,50,55.31292754942491,27.034299999286304,806.973000000653,2899.45333816854
1746377322,500,GET,GET /pastes/:slug,352.400000,0.000000,54,59,65,69,88,120,170,190,240,290,290,145856,1,50,55.12459393237029,27.034299999286304,806.973000000653,2904.473165313734
1746377322,500,POST,POST /pastes,35.000000,0.000000,55,61,64,67,81,120,150,180,240,240,240,14448,0,53,58.633928599117816,30.012999999598833,479.5962000007421,2850.360811184939
1746377322,500,,Aggregated,387.400000,0.000000,54,59,65,69,88,120,170,190,240,290,290,160304,1,50,55.44088589804324,27.034299999286304,806.973000000653,2899.5960861862463
1746377323,500,GET,GET /pastes/:slug,350.200000,0.000000,54,59,65,70,90,120,170,190,240,290,290,146205,1,50,55.14956283984679,27.034299999286304,806.973000000653,2904.3041482849426
1746377323,500,POST,POST /pastes,34.900000,0.000000,55,61,65,68,89,120,150,180,240,240,240,14485,0,53,58.654036886438085,30.012999999598833,479.5962000007421,2850.148498446669
1746377323,500,,Aggregated,385.100000,0.000000,54,60,65,70,90,120,170,190,240,290,290,160690,1,50,55.46546492812209,27.034299999286304,806.973000000653,2899.422422054888
1746377324,500,GET,GET /pastes/:slug,345.000000,0.000000,54,61,67,73,95,130,170,190,240,240,240,146551,1,50,55.17362316326622,27.034299999286304,806.973000000653,2904.322556652633
1746377324,500,POST,POST /pastes,33.600000,0.000000,56,63,67,72,100,130,160,180,240,240,240,14525,0,53,58.71073847848923,30.012999999598833,479.5962000007421,2849.558416523236
1746377324,500,,Aggregated,378.600000,0.000000,54,61,67,73,96,130,170,190,240,240,240,161076,1,50,55.492581915368824,27.034299999286304,806.973000000653,2899.384209938166
1746377325,500,GET,GET /pastes/:slug,349.000000,0.000000,54,62,69,75,96,120,170,190,240,240,240,146881,1,50,55.19457312586286,27.034299999286304,806.973000000653,2904.221390104915
1746377325,500,POST,POST /pastes,33.200000,0.000000,56,64,70,77,100,130,170,180,240,240,240,14560,0,53,58.740485508245094,30.012999999598833,479.5962000007421,2849.395741758242
1746377325,500,,Aggregated,382.200000,0.000000,54,62,69,75,97,120,170,190,240,240,240,161441,1,50,55.514370973296494,27.034299999286304,806.973000000653,2899.276788424254
1746377326,500,GET,GET /pastes/:slug,346.900000,0.000000,54,62,69,76,97,120,170,190,240,240,240,147246,1,50,55.19211499667114,27.034299999286304,806.973000000653,2904.300931774038
1746377326,500,POST,POST /pastes,34.100000,0.000000,57,65,72,78,100,130,170,180,240,240,240,14611,0,53,58.737016076931184,30.012999999598833,479.5962000007421,2849.3537745534186
1746377326,500,,Aggregated,381.000000,0.000000,55,62,69,76,97,120,170,190,240,240,240,161857,1,50,55.5121169099882,27.034299999286304,806.973000000653,2899.3407946520692
1746377327,500,GET,GET /pastes/:slug,348.100000,0.000000,53,60,67,73,94,120,170,190,240,240,240,147601,1,50,55.168778439169145,27.034299999286304,806.973000000653,2904.2883449299125
1746377327,500,POST,POST /pastes,34.300000,0.000000,56,64,71,77,100,130,170,180,240,240,240,14647,0,53,58.70833049088805,30.012999999598833,479.5962000007421,2848.4779818392844
1746377327,500,,Aggregated,382.400000,0.000000,54,61,67,73,95,120,170,190,240,240,240,162248,1,50,55.48831284884817,27.034299999286304,806.973000000653,2899.2500431438293
1746377328,500,GET,GET /pastes/:slug,349.900000,0.000000,53,60,67,73,95,120,170,190,240,240,240,147947,1,50,55.151904667210665,27.034299999286304,806.973000000653,2904.1372518537046
1746377328,500,POST,POST /pastes,32.800000,0.000000,56,63,71,77,100,130,170,180,240,240,240,14687,0,53,58.68950665214368,30.012999999598833,479.5962000007421,2849.4077074964252
1746377328,500,,Aggregated,382.700000,0.000000,54,61,67,73,95,120,170,190,240,240,240,162634,1,50,55.47137513680977,27.034299999286304,806.973000000653,2899.1947870678946
1746377329,500,GET,GET /pastes/:slug,346.400000,0.000000,53,61,68,74,95,120,170,190,240,240,240,148279,1,50,55.13903100438907,27.034299999286304,806.973000000653,2904.3659452788324
1746377329,500,POST,POST /pastes,34.300000,0.000000,56,65,73,78,100,130,170,190,310,310,310,14724,0,53,58.694758910625055,30.012999999598833,479.5962000007421,2848.596169519152
1746377329,500,,Aggregated,380.700000,0.000000,54,61,68,75,96,120,170,190,240,310,310,163003,1,50,55.46021857573128,27.034299999286304,806.973000000653,2899.328282301553
1746377330,500,GET,GET /pastes/:slug,348.500000,0.000000,53,60,66,72,94,120,170,190,240,290,290,148653,1,50,55.13295235212058,27.034299999286304,806.973000000653,2904.441235629284
1746377330,500,POST,POST /pastes,34.500000,0.000000,56,64,70,77,100,130,170,190,310,310,310,14760,0,53,58.696617547428325,30.012999999598833,479.5962000007421,2848.812330623306
1746377330,500,,Aggregated,383.000000,0.000000,53,60,66,72,95,120,170,190,240,310,310,163413,1,50,55.45483432162616,27.034299999286304,806.973000000653,2899.41664983814
1746377331,500,GET,GET /pastes/:slug,345.900000,0.000000,53,60,66,72,94,120,170,190,240,290,290,148963,1,50,55.14419801695575,27.034299999286304,806.973000000653,2904.4015158126513
1746377331,500,POST,POST /pastes,35.500000,0.000000,56,64,70,77,97,120,170,190,310,310,310,14803,0,53,58.70334170100871,30.012999999598833,479.5962000007421,2848.8195636019727
1746377331,500,,Aggregated,381.400000,0.000000,53,60,66,73,95,120,170,190,240,310,310,163766,1,50,55.465913171231286,27.034299999286304,806.973000000653,2899.3773982389507
1746377332,500,GET,GET /pastes/:slug,343.900000,0.000000,50,56,60,63,77,91,110,120,160,290,290,149290,1,50,55.12695604996845,27.034299999286304,806.973000000653,2904.359541831335
1746377332,500,POST,POST /pastes,35.200000,0.000000,54,60,66,69,83,98,130,160,310,310,310,14845,0,53,58.67998627821057,30.012999999598833,479.5962000007421,2848.8521387672617
1746377332,500,,Aggregated,379.100000,0.000000,51,56,61,64,78,92,110,120,170,310,310,164135,1,50,55.44830575440875,27.034299999286304,806.973000000653,2899.339239041033
1746377333,500,GET,GET /pastes/:slug,342.600000,0.000000,50,55,59,62,73,86,100,110,140,290,290,149637,1,50,55.126207568314015,27.034299999286304,806.973000000653,2904.2953948555505
1746377333,500,POST,POST /pastes,37.000000,0.000000,53,58,63,67,78,87,110,120,310,310,310,14884,0,53,58.67164778285655,30.012999999598833,479.5962000007421,2849.1856355818327
1746377333,500,,Aggregated,379.600000,0.000000,50,55,59,62,74,86,100,110,180,310,310,164521,1,50,55.44695891405892,27.034299999286304,806.973000000653,2899.30968690927
1746377334,500,GET,GET /pastes/:slug,346.400000,0.000000,51,56,61,64,81,100,130,140,210,290,290,150003,1,50,55.19170768851167,27.034299999286304,806.973000000653,2904.455124230849
1746377334,500,POST,POST /pastes,38.800000,0.000000,54,59,65,69,82,97,120,130,310,310,310,14912,0,53,58.71706756303911,30.012999999598833,479.5962000007421,2848.4015557939915
1746377334,500,,Aggregated,385.200000,0.000000,51,56,61,64,81,100,130,140,220,310,310,164915,1,50,55.51047897340999,27.034299999286304,806.973000000653,2899.3866294757904
1746377335,500,GET,GET /pastes/:slug,342.100000,0.000000,49,55,59,62,75,94,130,140,210,290,290,150348,1,50,55.180285918667494,27.034299999286304,806.973000000653,2904.5227605289065
1746377335,500,POST,POST /pastes,39.600000,0.000000,53,57,61,64,77,89,110,120,310,310,310,14953,0,53,58.6958522570746,30.012999999598833,479.5962000007421,2848.1336186718386
1746377335,500,,Aggregated,381.700000,0.000000,50,55,59,62,75,93,130,140,220,310,310,165301,1,50,55.49830131759585,27.034299999286304,806.973000000653,2899.421842578085
1746377336,500,GET,GET /pastes/:slug,344.600000,0.000000,50,55,59,61,75,93,130,140,210,290,290,150706,1,50,55.16450403500729,27.034299999286304,806.973000000653,2904.5065889878306
1746377336,500,POST,POST /pastes,39.500000,0.000000,53,57,61,66,78,92,110,120,310,310,310,14988,0,53,58.679910982121804,30.012999999598833,479.5962000007421,2848.0860021350413
1746377336,500,,Aggregated,384.100000,0.000000,50,55,59,62,76,93,130,140,220,310,310,165694,1,50,55.48249333651141,27.034299999286304,806.973000000653,2899.4030139896436
1746377337,500,GET,GET /pastes/:slug,342.600000,0.000000,49,55,59,61,75,94,130,140,210,290,290,151048,1,50,55.140729438985076,27.034299999286304,806.973000000653,2904.702472061861
1746377337,500,POST,POST /pastes,38.300000,0.000000,53,58,61,64,78,92,110,120,310,310,310,15021,0,53,58.65742007190262,30.012999999598833,479.5962000007421,2848.0632447906264
1746377337,500,,Aggregated,380.900000,0.000000,50,55,59,62,75,93,130,140,220,310,310,166069,1,50,55.45881535506283,27.034299999286304,806.973000000653,2899.5794338497853
1746377338,500,GET,GET /pastes/:slug,343.300000,0.000000,49,55,59,61,75,94,130,140,220,340,340,151385,1,50,55.12887768470981,27.034299999286304,806.973000000653,2904.5282623773824
1746377338,500,POST,POST /pastes,39.100000,0.000000,53,58,61,64,79,92,110,120,310,310,310,15042,0,53,58.647857764928226,30.012999999598833,479.5962000007421,2847.7334131099587
1746377338,500,,Aggregated,382.400000,0.000000,50,55,59,62,75,94,130,140,230,340,340,166427,1,50,55.44693003418851,27.034299999286304,806.973000000653,2899.3950320560966
1746377339,500,GET,GET /pastes/:slug,345.400000,0.000000,49,55,59,62,76,95,130,140,220,340,340,151752,1,50,55.12010679068352,27.034299999286304,806.973000000653,2904.3377747904474
1746377339,500,POST,POST /pastes,37.200000,0.000000,53,57,61,64,78,92,110,120,130,130,130,15085,0,53,58.629475817039825,30.012999999598833,479.5962000007421,2847.830957905204
1746377339,500,,Aggregated,382.600000,0.000000,49,55,59,62,77,94,130,140,220,340,340,166837,1,50,55.43741549176678,27.034299999286304,806.973000000653,2899.228564407176
1746377340,500,GET,GET /pastes/:slug,344.900000,0.000000,49,54,58,60,70,90,130,140,210,340,340,152093,1,50,55.104466344274954,27.034299999286304,806.973000000653,2904.5310435062756
1746377340,500,POST,POST /pastes,36.900000,0.000000,51,56,60,62,77,88,110,120,130,130,130,15116,0,53,58.61222376290353,30.012999999598833,479.5962000007421,2847.973141042604
1746377340,500,,Aggregated,381.800000,0.000000,49,54,58,60,71,90,130,140,210,340,340,167209,1,50,55.42157404266463,27.034299999286304,806.973000000653,2899.4181054847527
1746377341,500,GET,GET /pastes/:slug,346.400000,0.000000,49,54,58,61,73,92,130,140,210,340,340,152480,1,50,55.10334271642046,27.034299999286304,806.973000000653,2904.4413824763906
1746377341,500,POST,POST /pastes,35.700000,0.000000,51,56,60,62,77,84,110,120,130,130,130,15142,0,53,58.607874983493,30.012999999598833,479.5962000007421,2848.4500066041473
1746377341,500,,Aggregated,382.100000,0.000000,49,54,58,61,73,92,130,140,210,340,340,167622,1,50,55.41992185035307,27.034299999286304,806.973000000653,2899.3834460870294
1746377342,500,GET,GET /pastes/:slug,345.300000,0.000000,49,55,59,61,74,92,130,140,210,340,340,152836,1,50,55.10017970242498,27.034299999286304,806.973000000653,2904.581335549216
1746377342,500,POST,POST /pastes,36.200000,0.000000,52,57,60,63,78,91,110,120,130,130,130,15161,0,53,58.60675252951991,30.012999999598833,479.5962000007421,2848.2900864059097
1746377342,500,,Aggregated,381.500000,0.000000,50,55,59,62,75,92,120,140,210,340,340,167997,1,50,55.41663267855922,27.034299999286304,806.973000000653,2899.5012946659763
1746377343,500,GET,GET /pastes/:slug,347.000000,0.000000,49,54,58,60,69,80,100,140,210,340,340,153179,1,50,55.10033807114443,27.034299999286304,806.973000000653,2904.619471337455
1746377343,500,POST,POST /pastes,34.600000,0.000000,52,56,60,62,70,79,92,110,130,130,130,15198,0,53,58.60814805895877,30.012999999598833,479.5962000007421,2847.82181866035
1746377343,500,,Aggregated,381.600000,0.000000,49,54,58,60,69,80,100,130,210,340,340,168377,1,50,55.41695908348489,27.034299999286304,806.973000000653,2899.492816714872
1746377344,500,GET,GET /pastes/:slug,350.600000,0.000000,49,54,57,59,66,74,86,95,120,340,340,153542,1,50,55.08479889932286,27.034299999286304,806.973000000653,2904.6327649763584
1746377344,500,POST,POST /pastes,32.800000,0.000000,52,56,59,62,69,78,84,92,110,110,110,15235,0,53,58.59050238923897,30.012999999598833,479.5962000007421,2847.63721693469
1746377344,500,,Aggregated,383.400000,0.000000,49,54,57,59,66,75,86,94,120,340,340,168777,1,50,55.40124837211191,27.034299999286304,806.973000000653,2899.4879456324024
1746377345,500,GET,GET /pastes/:slug,350.400000,0.000000,49,54,57,59,66,77,93,110,170,340,340,153897,1,50,55.09379757045202,27.034299999286304,806.973000000653,2904.6424101834345
1746377345,500,POST,POST /pastes,31.900000,0.000000,52,57,59,62,70,79,98,120,170,170,170,15269,0,53,58.61654669592374,30.012999999598833,479.5962000007421,2847.243237933067
1746377345,500,,Aggregated,382.300000,0.000000,49,54,57,59,67,77,94,110,170,340,340,169166,1,50,55.41176250665004,27.034299999286304,806.973000000653,2899.4615348237826
1746377346,500,GET,GET /pastes/:slug,350.100000,0.000000,49,54,57,60,67,77,93,110,170,340,340,154259,1,50,55.079178073239476,27.034299999286304,806.973000000653,2904.6694909211133
1746377346,500,POST,POST /pastes,31.900000,0.000000,54,57,61,63,71,79,98,120,170,170,170,15303,0,53,58.60820088218338,30.012999999598833,479.5962000007421,2846.56191596419
1746377346,500,,Aggregated,382.000000,0.000000,49,55,58,60,67,78,94,110,170,340,340,169562,1,50,55.39767299571809,27.034299999286304,806.973000000653,2899.425272171831
1746377347,500,GET,GET /pastes/:slug,354.000000,0.000000,50,54,58,60,68,78,94,110,170,340,340,154603,1,50,55.06409829692735,27.034299999286304,806.973000000653,2904.7879407256005
1746377347,500,POST,POST /pastes,32.100000,0.000000,54,57,61,63,71,79,98,120,170,170,170,15337,0,53,58.588254789075656,30.012999999598833,479.5962000007421,2847.0344917519724
1746377347,500,,Aggregated,386.100000,0.000000,50,55,58,60,68,78,94,110,170,340,340,169940,1,50,55.38215165764369,27.034299999286304,806.973000000653,2899.5757208426503
1746377348,500,GET,GET /pastes/:slug,353.900000,0.000000,50,55,59,61,71,83,110,120,170,180,180,154947,1,50,55.086321167882204,27.034299999286304,806.973000000653,2904.8264503346304
1746377348,500,POST,POST /pastes,31.100000,0.000000,54,57,62,64,76,86,110,140,170,170,170,15375,0,53,58.608859362604925,30.012999999598833,479.5962000007421,2847.2399349593497
1746377348,500,,Aggregated,385.000000,0.000000,51,55,59,61,72,83,110,120,170,180,180,170322,1,50,55.40430137445515,27.034299999286304,806.973000000653,2899.6281044139923
1746377349,500,GET,GET /pastes/:slug,351.900000,0.000000,50,55,58,61,70,81,100,120,170,180,180,155296,1,50,55.0737019498237,27.034299999286304,806.973000000653,2904.8940603750257
1746377349,500,POST,POST /pastes,31.600000,0.000000,54,57,61,64,75,86,110,140,170,170,170,15413,0,53,58.59398034776206,30.012999999598833,479.5962000007421,2847.1684292480372
1746377349,500,,Aggregated,383.500000,0.000000,51,55,59,61,70,82,110,120,170,180,180,170709,1,50,55.39154137801719,27.034299999286304,806.973000000653,2899.682119864799
1746377350,500,GET,GET /pastes/:slug,351.400000,0.000000,50,55,58,61,70,81,100,120,170,180,180,155629,1,50,55.05552546825982,27.034299999286304,806.973000000653,2904.9760391700775
1746377350,500,POST,POST /pastes,31.700000,0.000000,54,58,61,64,74,86,110,140,170,170,170,15453,0,53,58.57108406782181,30.012999999598833,479.5962000007421,2847.348799585841
1746377350,500,,Aggregated,383.100000,0.000000,51,55,59,61,70,82,110,120,170,180,180,171082,1,50,55.37306867583918,27.034299999286304,806.973000000653,2899.77085257362
1746377351,500,GET,GET /pastes/:slug,352.300000,0.000000,50,54,58,60,67,78,99,120,170,180,180,155992,1,50,55.045955311809614,27.034299999286304,806.973000000653,2904.9674470485666
1746377351,500,POST,POST /pastes,32.800000,0.000000,53,57,60,63,72,83,110,140,170,170,170,15494,0,53,58.55836612237319,30.012999999598833,479.5962000007421,2847.0459532722343
1746377351,500,,Aggregated,385.100000,0.000000,50,55,58,60,67,78,100,120,170,180,180,171486,1,50,55.36330654222452,27.034299999286304,806.973000000653,2899.734159056716
1746377352,500,GET,GET /pastes/:slug,352.800000,0.000000,50,54,58,60,67,78,98,120,170,180,180,156348,1,50,55.03913546639421,27.034299999286304,806.973000000653,2904.870833013534
1746377352,500,POST,POST /pastes,32.600000,0.000000,53,57,60,63,72,83,110,140,170,170,170,15524,0,53,58.545416413298874,30.012999999598833,479.5962000007421,2847.2456841020357
1746377352,500,,Aggregated,385.400000,0.000000,50,55,58,60,67,79,100,120,170,180,180,171872,1,50,55.35583338938228,27.034299999286304,806.973000000653,2899.6659548966672
1746377353,500,GET,GET /pastes/:slug,351.300000,0.000000,49,54,57,59,66,77,98,120,170,180,180,156701,1,50,55.02898948187816,27.034299999286304,806.973000000653,2905.243769982323
1746377353,500,POST,POST /pastes,34.400000,0.000000,53,57,60,62,70,82,110,140,170,170,170,15568,0,53,58.53723610611761,30.012999999598833,479.5962000007421,2847.4676901336074
1746377353,500,,Aggregated,385.700000,0.000000,49,54,57,60,67,78,100,120,170,180,180,172269,1,50,55.34603075712918,27.034299999286304,806.973000000653,2900.0225287196185
1746377354,500,GET,GET /pastes/:slug,349.800000,0.000000,49,54,58,60,67,78,99,120,170,180,180,157048,1,50,55.02020443876888,27.034299999286304,806.973000000653,2905.33303193928
1746377354,500,POST,POST /pastes,35.400000,0.000000,53,58,61,64,72,82,110,140,170,170,170,15597,0,53,58.53423928319825,30.012999999598833,479.5962000007421,2847.035391421427
1746377354,500,,Aggregated,385.200000,0.000000,50,55,58,60,67,78,100,120,170,180,180,172645,1,50,55.33766744938966,27.034299999286304,806.973000000653,2900.066338440152
1746377355,500,GET,GET /pastes/:slug,351.300000,0.000000,50,54,58,60,66,74,89,100,170,180,180,157400,1,50,55.014651747139425,27.034299999286304,806.973000000653,2905.2672363405336
1746377355,500,POST,POST /pastes,35.700000,0.000000,53,58,61,64,70,78,87,110,140,140,140,15633,0,53,58.53347450905433,30.012999999598833,479.5962000007421,2847.1046504189853
1746377355,500,,Aggregated,387.000000,0.000000,50,55,58,60,66,74,89,100,170,180,180,173033,1,50,55.33256657400527,27.034299999286304,806.973000000653,2900.0124253755066
1746377356,500,GET,GET /pastes/:slug,350.900000,0.000000,50,55,58,60,67,74,92,100,170,180,180,157752,1,50,55.00728559891303,27.034299999286304,806.973000000653,2905.2875652923576
1746377356,500,POST,POST /pastes,36.700000,0.000000,53,58,61,64,70,79,95,110,140,140,140,15661,0,53,58.53003683673121,30.012999999598833,479.5962000007421,2847.35578826384
1746377356,500,,Aggregated,387.600000,0.000000,51,55,58,60,67,75,92,100,170,180,180,173413,1,50,55.32542672521577,27.034299999286304,806.973000000653,2900.0557224660206
1746377357,500,GET,GET /pastes/:slug,348.400000,0.000000,51,56,59,62,71,93,150,190,240,260,260,158106,1,50,55.0783615011431,27.034299999286304,806.973000000653,2905.6461045121628
1746377357,500,POST,POST /pastes,35.700000,0.000000,54,59,63,66,78,100,170,200,220,220,220,15692,0,53,58.630099668624126,30.012999999598833,479.5962000007421,2847.0829084884017
1746377357,500,,Aggregated,384.100000,0.000000,51,56,60,62,71,94,150,190,240,260,260,173798,1,50,55.39904341534333,27.034299999286304,806.973000000653,2900.3585081531432
1746377358,500,GET,GET /pastes/:slug,347.500000,0.000000,50,55,58,60,67,80,150,190,240,260,260,158451,1,50,55.06795747896661,27.034299999286304,806.973000000653,2905.770017229301
1746377358,500,POST,POST /pastes,36.500000,0.000000,53,59,62,65,73,92,170,200,220,220,220,15728,0,53,58.6135375508681,30.012999999598833,479.5962000007421,2847.0408189216682
1746377358,500,,Aggregated,384.000000,0.000000,51,55,59,61,68,81,150,190,240,260,260,174179,1,50,55.38811595599842,27.034299999286304,806.973000000653,2900.466893253492
1746377359,500,GET,GET /pastes/:slug,352.200000,0.000000,51,55,59,61,69,83,150,190,240,260,260,158823,1,50,55.06267915729911,27.034299999286304,806.973000000653,2905.763925879753
1746377359,500,POST,POST /pastes,35.100000,0.000000,54,59,63,65,74,95,170,200,220,220,220,15752,0,53,58.613748666839,30.012999999598833,479.5962000007421,2847.268346876587
1746377359,500,,Aggregated,387.300000,0.000000,51,56,59,61,69,84,150,190,240,260,260,174575,1,50,55.383094147500074,27.034299999286304,806.973000000653,2900.485837032794
1746377360,500,GET,GET /pastes/:slug,348.400000,0.000000,51,56,60,63,72,96,150,190,240,260,260,159156,1,50,55.07821534720474,27.034299999286304,806.973000000653,2905.514777953706
1746377360,500,POST,POST /pastes,36.200000,0.000000,55,60,63,67,79,100,170,200,220,220,220,15794,0,53,58.625444472587404,30.012999999598833,479.5962000007421,2847.648537419273
1746377360,500,,Aggregated,384.600000,0.000000,52,57,60,63,73,97,150,190,240,260,260,174950,1,50,55.3984493386672,27.034299999286304,806.973000000653,2900.290774507002
1746377361,500,GET,GET /pastes/:slug,348.500000,0.000000,52,57,61,64,77,100,150,190,240,260,260,159508,1,50,55.0909665377267,27.034299999286304,806.973000000653,2905.4142111994383
1746377361,500,POST,POST /pastes,35.100000,0.000000,56,61,66,68,82,120,170,200,220,220,220,15829,0,53,58.637950116876304,30.012999999598833,479.5962000007421,2848.5639648745973
1746377361,500,,Aggregated,383.600000,0.000000,52,58,61,64,78,100,150,190,240,260,260,175337,1,50,55.411179630653045,27.034299999286304,806.973000000653,2900.2819085532433
1746377362,500,GET,GET /pastes/:slug,349.200000,0.000000,52,57,61,64,77,100,150,190,240,260,260,159858,1,50,55.084603028310866,27.034299999286304,806.973000000653,2905.2720039034643
1746377362,500,POST,POST /pastes,33.800000,0.000000,57,62,66,69,88,120,170,200,220,220,220,15853,0,53,58.63771127862452,30.012999999598833,479.5962000007421,2848.4751781997097
1746377362,500,,Aggregated,383.000000,0.000000,52,58,62,65,78,100,150,190,240,260,260,175711,1,50,55.40517160450864,27.034299999286304,806.973000000653,2900.1476799972684
1746377363,500,GET,GET /pastes/:slug,349.600000,0.000000,52,57,62,65,79,100,150,190,240,260,260,160210,1,50,55.083487221145525,27.034299999286304,806.973000000653,2905.2197428375257
1746377363,500,POST,POST /pastes,33.100000,0.000000,58,63,68,73,92,120,170,200,220,220,220,15897,0,53,58.66290118890556,30.012999999598833,479.5962000007421,2849.023966786186
1746377363,500,,Aggregated,382.700000,0.000000,52,58,62,66,80,100,150,190,240,260,260,176107,1,50,55.406597284036536,27.034299999286304,806.973000000653,2900.1470072172033
1746377364,500,GET,GET /pastes/:slug,348.700000,0.000000,52,58,63,67,83,110,150,190,240,260,260,160527,1,50,55.09002578382277,27.034299999286304,806.973000000653,2905.492403147134
1746377364,500,POST,POST /pastes,32.900000,0.000000,57,63,70,74,94,120,170,200,220,220,220,15939,0,53,58.67097830478896,30.012999999598833,479.5962000007421,2848.990526381831
1746377364,500,,Aggregated,381.600000,0.000000,52,58,63,67,85,110,150,190,240,260,260,176466,1,50,55.41346940600351,27.034299999286304,806.973000000653,2900.388964446409
1746377365,500,GET,GET /pastes/:slug,349.400000,0.000000,53,59,66,71,100,130,180,200,240,260,260,160874,1,50,55.16406385867026,27.034299999286304,806.973000000653,2905.6596715441897
1746377365,500,POST,POST /pastes,32.900000,0.000000,58,65,73,80,110,160,200,210,220,220,220,15984,0,53,58.739334171673704,30.012999999598833,479.5962000007421,2848.408345845846
1746377365,500,,Aggregated,382.300000,0.000000,53,60,67,72,100,130,180,200,240,260,260,176858,1,50,55.48718817695452,27.034299999286304,806.973000000653,2900.4854346424813
1746377366,500,GET,GET /pastes/:slug,349.400000,0.000000,52,59,66,71,100,130,180,200,240,260,260,161204,1,50,55.14931660380465,27.034299999286304,806.973000000653,2905.8424977047716
1746377366,500,POST,POST /pastes,32.300000,0.000000,56,63,70,78,100,160,200,210,220,220,220,16020,0,53,58.716250343323225,30.012999999598833,479.5962000007421,2849.14531835206
1746377366,500,,Aggregated,381.700000,0.000000,53,59,66,71,100,130,180,200,240,260,260,177224,1,50,55.47174628887635,27.034299999286304,806.973000000653,2900.717408477407
1746377367,500,GET,GET /pastes/:slug,345.900000,0.000000,51,57,62,66,84,110,150,170,230,230,230,161583,1,50,55.13251767760055,27.034299999286304,806.973000000653,2905.6863098221966
1746377367,500,POST,POST /pastes,34.700000,0.000000,54,61,68,71,90,110,180,190,210,210,210,16049,0,53,58.69522914823568,30.012999999598833,479.5962000007421,2848.845535547386
1746377367,500,,Aggregated,380.600000,0.000000,52,57,62,67,86,110,150,180,230,230,230,177632,1,50,55.45440763206978,27.034299999286304,806.973000000653,2900.550762250045
1746377368,500,GET,GET /pastes/:slug,346.200000,0.000000,51,56,61,65,84,110,150,170,230,230,230,161934,1,50,55.114219537587715,27.034299999286304,806.973000000653,2905.6966665431596
1746377368,500,POST,POST /pastes,34.600000,0.000000,54,60,66,71,90,110,180,190,210,210,210,16081,0,53,58.67401565823267,30.012999999598833,479.5962000007421,2848.5178160562155
1746377368,500,,Aggregated,380.800000,0.000000,51,56,62,66,86,110,150,180,230,230,230,178015,1,50,55.43579401960409,27.034299999286304,806.973000000653,2900.531410274415
1746377369,500,GET,GET /pastes/:slug,343.200000,0.000000,50,56,61,65,86,110,150,170,230,230,230,162281,1,50,55.10338795052888,27.034299999286304,806.973000000653,2905.5959477696097
1746377369,500,POST,POST /pastes,36.400000,0.000000,53,59,65,70,90,110,170,190,210,210,210,16113,0,53,58.65902521566689,30.012999999598833,479.5962000007421,2848.141376528269
1746377369,500,,Aggregated,379.600000,0.000000,50,56,61,65,86,110,150,180,230,230,230,178394,1,50,55.424542155565035,27.034299999286304,806.973000000653,2900.406504703073
1746377370,500,GET,GET /pastes/:slug,345.600000,0.000000,50,55,59,63,79,100,150,170,230,230,230,162628,1,50,55.100284223502726,27.034299999286304,806.973000000653,2905.696036352904
1746377370,500,POST,POST /pastes,35.000000,0.000000,52,58,63,68,87,110,180,190,210,210,210,16145,0,53,58.652476772997005,30.012999999598833,479.5962000007421,2848.692722205017
1746377370,500,,Aggregated,380.600000,0.000000,50,56,60,63,80,100,150,180,230,230,230,178773,1,50,55.42108293869817,27.034299999286304,806.973000000653,2900.548063745644
1746377371,500,GET,GET /pastes/:slug,346.100000,0.000000,50,55,59,62,74,98,150,170,230,230,230,162967,1,50,55.08956604465811,27.034299999286304,806.973000000653,2905.5803628955555
1746377371,500,POST,POST /pastes,35.100000,0.000000,51,57,62,66,86,110,170,190,210,210,210,16188,0,53,58.63755911786748,30.012999999598833,479.5962000007421,2849.3135656041513
1746377371,500,,Aggregated,381.200000,0.000000,50,55,59,62,75,99,150,180,230,230,230,179155,1,50,55.41015387011185,27.034299999286304,806.973000000653,2900.496235103681
1746377372,500,GET,GET /pastes/:slug,344.900000,0.000000,49,54,58,61,73,98,150,170,230,230,230,163332,1,50,55.076166757278415,27.034299999286304,806.973000000653,2905.800657556388
1746377372,500,POST,POST /pastes,35.700000,0.000000,51,56,60,64,86,110,170,190,210,210,210,16221,0,53,58.62387202392204,30.012999999598833,479.5962000007421,2849.754207508785
1746377372,500,,Aggregated,380.600000,0.000000,49,55,59,62,73,98,150,180,230,230,230,179553,1,50,55.39667004672651,27.034299999286304,806.973000000653,2900.7373644550635
1746377373,500,GET,GET /pastes/:slug,346.000000,0.000000,48,54,57,60,71,97,150,170,230,230,230,163679,1,50,55.059654356391434,27.034299999286304,806.973000000653,2905.9109415380103
1746377373,500,POST,POST /pastes,35.100000,0.000000,50,55,59,62,72,99,170,190,210,210,210,16257,0,53,58.60980641570036,30.012999999598833,479.5962000007421,2849.416128436981
1746377373,500,,Aggregated,381.100000,0.000000,49,54,58,60,71,98,150,180,230,230,230,179936,1,50,55.380406301684395,27.034299999286304,806.973000000653,2900.8067034945757
1746377374,500,GET,GET /pastes/:slug,344.400000,0.000000,47,53,56,58,65,73,100,120,170,200,200,164032,1,50,55.043276900237736,27.034299999286304,806.973000000653,2905.879395483808
1746377374,500,POST,POST /pastes,35.900000,0.000000,48,54,56,58,65,71,98,110,140,140,140,16289,0,53,58.59013808091562,30.012999999598833,479.5962000007421,2849.4445331205106
1746377374,500,,Aggregated,380.300000,0.000000,48,53,56,58,65,73,99,120,170,200,200,180321,1,50,55.36367675256835,27.034299999286304,806.973000000653,2900.781445311417
1746377375,500,GET,GET /pastes/:slug,343.600000,0.000000,47,52,55,57,63,68,76,86,110,110,110,164383,1,50,55.028973659683786,27.034299999286304,806.973000000653,2905.7960190530653
1746377375,500,POST,POST /pastes,36.400000,0.000000,49,54,56,58,64,69,84,95,110,110,110,16318,0,53,58.57759209462135,30.012999999598833,479.5962000007421,2849.005454099767
1746377375,500,,Aggregated,380.000000,0.000000,47,52,55,57,63,68,76,87,110,110,110,180701,1,50,55.34942764511472,27.034299999286304,806.973000000653,2900.667611136629
1746377376,500,GET,GET /pastes/:slug,344.900000,0.000000,47,52,55,57,63,69,76,86,110,110,110,164731,1,50,55.0184033849111,27.034299999286304,806.973000000653,2905.900977958004
1746377376,500,POST,POST /pastes,35.200000,0.000000,50,55,57,59,64,70,84,95,110,110,110,16353,0,53,58.565900085613166,30.012999999598833,479.5962000007421,2848.2709594569806
1746377376,500,,Aggregated,380.100000,0.000000,47,53,55,57,63,69,77,87,110,110,110,181084,1,50,55.338764176293154,27.034299999286304,806.973000000653,2900.696632502043
1746377377,500,GET,GET /pastes/:slug,348.300000,0.000000,47,53,55,58,63,69,78,87,110,110,110,165073,1,50,55.006098805981615,27.034299999286304,806.973000000653,2906.01635034197
1746377377,500,POST,POST /pastes,34.400000,0.000000,51,55,57,59,65,70,84,95,110,110,110,16396,0,53,58.54547213954782,30.012999999598833,479.5962000007421,2848.06294218102
1746377377,500,,Aggregated,382.700000,0.000000,48,53,56,58,63,69,78,87,110,110,110,181469,1,50,55.32588656685098,27.034299999286304,806.973000000653,2900.7801718199803
1746377378,500,GET,GET /pastes/:slug,348.500000,0.000000,48,53,55,58,63,69,78,87,110,110,110,165422,1,50,54.988974889070406,27.034299999286304,806.973000000653,2905.9413983629747
1746377378,500,POST,POST /pastes,33.400000,0.000000,51,55,58,60,65,70,84,95,110,110,110,16429,0,53,58.533267520849186,30.012999999598833,479.5962000007421,2847.8039442449326
1746377378,500,,Aggregated,381.900000,0.000000,48,53,56,58,64,70,78,87,110,110,110,181851,1,50,55.30917760254207,27.034299999286304,806.973000000653,2900.6890751219403
1746377379,500,GET,GET /pastes/:slug,347.700000,0.000000,47,52,55,57,63,68,75,82,110,110,110,165778,1,50,54.9736954879405,27.034299999286304,806.973000000653,2905.9401910989395
1746377379,500,POST,POST /pastes,33.400000,0.000000,51,55,58,60,65,70,77,87,110,110,110,16463,0,53,58.51602214055969,30.012999999598833,479.5962000007421,2847.203000668165
1746377379,500,,Aggregated,381.100000,0.000000,48,53,56,58,63,69,75,83,110,110,110,182241,1,50,55.29369660559301,27.034299999286304,806.973000000653,2900.6340834389625
1746377380,500,GET,GET /pastes/:slug,348.300000,0.000000,47,52,55,57,63,68,73,78,95,98,98,166129,1,50,54.967263052807134,27.034299999286304,806.973000000653,2906.215085867007
1746377380,500,POST,POST /pastes,34.500000,0.000000,51,56,58,61,66,70,76,77,98,98,98,16491,0,53,58.51562976775393,30.012999999598833,479.5962000007421,2846.975441149718
1746377380,500,,Aggregated,382.800000,0.000000,48,53,55,58,63,68,73,78,96,98,98,182620,1,50,55.28768861132328,27.034299999286304,806.973000000653,2900.865611652612
1746377381,500,GET,GET /pastes/:slug,346.400000,0.000000,48,52,55,57,63,68,75,80,96,98,98,166478,1,50,54.96148260070255,27.034299999286304,806.973000000653,2906.372283424837
1746377381,500,POST,POST /pastes,34.800000,0.000000,51,55,58,60,65,70,76,78,98,98,98,16529,0,53,58.50200443463171,30.012999999598833,479.5962000007421,2847.445943493254
1746377381,500,,Aggregated,381.200000,0.000000,48,53,55,58,63,68,75,80,96,98,98,183007,1,50,55.28125881359629,27.034299999286304,806.973000000653,2901.050118301486
1746377382,500,GET,GET /pastes/:slug,347.700000,0.000000,48,52,55,57,63,68,75,80,96,230,230,166848,1,50,54.94723643016257,27.034299999286304,806.973000000653,2906.481342299578
1746377382,500,POST,POST /pastes,34.600000,0.000000,51,55,58,59,65,70,76,77,94,94,94,16555,0,53,58.488621310783515,30.012999999598833,479.5962000007421,2846.809362730293
1746377382,500,,Aggregated,382.300000,0.000000,48,53,56,58,63,68,75,80,96,230,230,183403,1,50,55.26690201196169,27.034299999286304,806.973000000653,2901.095009350992
1746377383,500,GET,GET /pastes/:slug,347.600000,0.000000,48,53,57,59,65,71,80,88,120,230,230,167179,1,50,54.95713398811893,27.034299999286304,806.973000000653,2906.6148678960876
1746377383,500,POST,POST /pastes,33.900000,0.000000,51,56,58,61,67,71,77,80,94,94,94,16587,0,53,58.48944324471071,30.012999999598833,479.5962000007421,2846.8565744257553
1746377383,500,,Aggregated,381.500000,0.000000,49,54,57,59,65,71,80,87,120,230,230,183766,1,50,55.27596561986318,27.034299999286304,806.973000000653,2901.22099300197
1746377384,500,GET,GET /pastes/:slug,348.100000,0.000000,48,54,57,60,67,74,88,120,190,230,230,167498,1,50,54.968992078709746,27.034299999286304,806.973000000653,2906.4377903019736
1746377384,500,POST,POST /pastes,34.200000,0.000000,52,56,60,62,69,75,86,100,200,200,200,16616,0,53,58.51060707149866,30.012999999598833,479.5962000007421,2846.952997111218
1746377384,500,,Aggregated,382.300000,0.000000,49,54,58,60,67,74,88,120,200,230,230,184114,1,50,55.28861728222611,27.034299999286304,806.973000000653,2901.069380927034
1746377385,500,GET,GET /pastes/:slug,349.700000,0.000000,50,55,59,62,72,93,200,340,510,520,520,167709,1,50,55.11384148912541,27.034299999286304,806.973000000653,2906.393073716974
1746377385,500,POST,POST /pastes,33.300000,0.000000,53,58,62,65,75,130,320,380,490,490,490,16639,0,53,58.70722955706599,30.012999999598833,491.7452999998204,2847.267804555562
1746377385,500,,Aggregated,383.000000,0.000000,50,56,60,62,72,94,210,340,510,520,520,184348,1,50,55.43817581367728,27.034299999286304,806.973000000653,2901.056507258012
1746377386,500,GET,GET /pastes/:slug,348.500000,0.000000,51,57,62,67,130,500,640,720,940,940,940,167897,1,50,55.731972340778675,27.034299999286304,944.6825999984867,2906.378821539396
1746377386,500,POST,POST /pastes,33.100000,0.000000,54,60,66,70,230,530,680,820,950,950,950,16660,0,53,59.419842665067506,30.012999999598833,953.3936000007088,2848.132713085234
1746377386,500,,Aggregated,381.600000,0.000000,51,58,63,67,140,500,640,730,940,950,950,184557,1,50,56.064877186450616,27.034299999286304,953.3936000007088,2901.1209328283403
1746377387,500,GET,GET /pastes/:slug,346.600000,0.000000,52,59,66,72,460,640,1400,1500,1700,1700,1700,167975,1,50,56.368287030211036,27.034299999286304,1666.338099999848,2906.3308766185446
1746377387,500,POST,POST /pastes,33.000000,0.000000,55,63,69,79,490,640,1300,1400,1600,1600,1600,16666,0,53,59.91253664346744,30.012999999598833,1568.4373000003689,2848.114784591384
1746377387,500,,Aggregated,379.600000,0.000000,52,59,66,72,470,640,1400,1500,1600,1700,1700,184641,1,50,56.688196823022786,27.034299999286304,1666.338099999848,2901.0761965110673
1746377388,500,GET,GET /pastes/:slug,331.100000,0.000000,55,66,84,200,1200,1800,1800,1800,2200,2800,2800,168188,1,50,58.504613418315905,27.034299999286304,2815.0939000006474,2906.3558934049993
1746377388,500,POST,POST /pastes,32.200000,0.000000,58,70,200,490,1600,1800,1800,1900,2000,2000,2000,16693,0,53,62.675009626791095,30.012999999598833,1965.0925999994797,2848.495596956808
1746377388,500,,Aggregated,363.300000,0.000000,55,66,85,230,1300,1800,1800,1800,2200,2800,2800,184881,1,50,58.88116062385948,27.034299999286304,2815.0939000006474,2901.1316576608738
1746377389,500,GET,GET /pastes/:slug,312.000000,0.000000,62,110,480,610,1700,1800,2100,2200,3300,3500,3500,168553,1,50,60.41281292649623,27.034299999286304,3489.1046000011556,2906.4994749425996
1746377389,500,POST,POST /pastes,29.700000,0.000000,69,340,660,930,1800,1800,2000,2400,2900,2900,2900,16738,0,53,65.34176838332067,30.012999999598833,2920.1709999997547,2848.4906798900706
1746377389,500,,Aggregated,341.700000,0.000000,62,130,490,640,1700,1800,2100,2200,3300,3500,3500,185291,1,50,60.85806313528323,27.034299999286304,3489.1046000011556,2901.2593326173424
1746377390,500,GET,GET /pastes/:slug,286.200000,0.000000,69,160,490,640,1700,1800,2100,2200,3400,4000,4000,168832,1,50,60.497172881916406,27.034299999286304,3961.542200000622,2906.7379406747536
1746377390,500,POST,POST /pastes,26.600000,0.000000,130,360,680,950,1800,1800,2100,2400,2900,2900,2900,16767,0,53,65.69040113914363,30.012999999598833,2920.1709999997547,2848.614600107354
1746377390,500,,Aggregated,312.800000,0.000000,70,170,500,660,1700,1800,2100,2200,3400,4000,4000,185599,1,50,60.96632874045528,27.034299999286304,3961.542200000622,2901.4870823657457
1746377391,500,GET,GET /pastes/:slug,274.800000,0.000000,110,290,500,650,1700,1800,2100,2200,3400,4000,4000,169130,1,50,60.84349942824886,27.034299999286304,3961.542200000622,2906.766505055283
1746377391,500,POST,POST /pastes,26.200000,0.000000,230,500,800,1300,1800,1900,2100,2400,2900,2900,2900,16791,0,53,66.0498118396773,30.012999999598833,2920.1709999997547,2847.6909058424158
1746377391,500,,Aggregated,301.000000,0.000000,110,310,520,690,1700,1800,2100,2200,3400,4000,4000,185921,1,50,61.31369478918348,27.034299999286304,3961.542200000622,2901.4312369232093
1746377392,500,GET,GET /pastes/:slug,273.800000,0.000000,230,430,540,690,1700,1800,2100,2200,3400,4000,4000,169409,1,50,61.423643877832596,27.034299999286304,3961.542200000622,2906.706662574007
1746377392,500,POST,POST /pastes,27.800000,0.000000,320,590,830,1300,1800,1900,2200,2400,2900,2900,2900,16810,0,53,66.62687011897783,30.012999999598833,2920.1709999997547,2847.455502676978
1746377392,500,,Aggregated,301.600000,0.000000,240,440,550,730,1800,1800,2100,2200,3400,4000,4000,186219,1,50,61.893339414344354,27.034299999286304,3961.542200000622,2901.358056911486
1746377393,500,GET,GET /pastes/:slug,265.500000,0.000000,270,430,530,680,1700,1800,2100,2200,3400,4000,4000,169779,1,50,61.65892866785493,27.034299999286304,3961.542200000622,2906.736740115091
1746377393,500,POST,POST /pastes,27.400000,0.000000,360,610,830,1300,1800,1900,2100,2400,2900,2900,2900,16849,0,53,67.18792943201449,30.012999999598833,2920.1709999997547,2847.841889726393
1746377393,500,,Aggregated,292.900000,0.000000,270,450,540,720,1700,1800,2100,2200,3400,4000,4000,186628,1,50,62.15809349775907,27.034299999286304,3961.542200000622,2901.419642283044
1746377394,500,GET,GET /pastes/:slug,261.200000,0.000000,260,430,530,680,1700,1800,2100,2200,3400,4000,4000,170123,1,50,61.629344379065444,27.034299999286304,3961.542200000622,2906.6942212399263
1746377394,500,POST,POST /pastes,25.800000,0.000000,380,640,850,1300,1800,1900,2200,2400,2900,2900,2900,16874,0,53,67.20103537394917,30.012999999598833,2920.1709999997547,2847.794476709731
1746377394,500,,Aggregated,287.000000,0.000000,270,450,550,720,1700,1800,2100,2200,3400,4000,4000,186997,1,50,62.13211562057036,27.034299999286304,3961.542200000622,2901.379300202677
1746377395,500,GET,GET /pastes/:slug,252.800000,0.000000,200,370,480,610,1700,1800,2100,2200,3400,4000,4000,170501,1,50,61.60348098896638,27.034299999286304,3961.542200000622,2906.736658436021
1746377395,500,POST,POST /pastes,24.900000,0.000000,310,610,830,1300,1800,1800,2100,2400,2900,2900,2900,16905,0,53,67.20992643005128,30.012999999598833,2920.1709999997547,2847.613073055309
1746377395,500,,Aggregated,277.700000,0.000000,210,370,510,660,1700,1800,2100,2200,3300,4000,4000,187406,1,50,62.109211649572586,27.034299999286304,3961.542200000622,2901.403402238989
1746377396,500,GET,GET /pastes/:slug,257.700000,0.000000,95,270,380,460,1700,1800,2100,2200,3400,4000,4000,170878,1,50,61.57284975420901,27.034299999286304,3961.542200000622,2906.8929060499304
1746377396,500,POST,POST /pastes,26.000000,0.000000,230,510,750,1200,1800,1800,2100,2400,2900,2900,2900,16930,0,53,67.23041629060938,30.012999999598833,2920.1709999997547,2848.1033668044893
1746377396,500,,Aggregated,283.700000,0.000000,110,290,390,480,1700,1800,2100,2200,3300,4000,4000,187808,1,50,62.082852530774886,27.034299999286304,3961.542200000622,2901.5933080592945
1746377397,500,GET,GET /pastes/:slug,257.800000,0.000000,74,220,320,380,1300,1800,2100,2200,3300,4000,4000,171212,1,50,61.57086847300278,27.034299999286304,3961.542200000622,2906.767644791253
1746377397,500,POST,POST /pastes,25.100000,0.000000,160,340,590,750,1700,1800,2100,2400,2900,2900,2900,16967,0,53,67.27595063947741,30.012999999598833,2920.1709999997547,2848.0025932692874
1746377397,500,,Aggregated,282.900000,0.000000,81,230,330,400,1500,1800,2100,2200,3300,4000,4000,188179,1,50,62.0852623698701,27.034299999286304,3961.542200000622,2901.4691437408
1746377398,500,GET,GET /pastes/:slug,276.800000,0.000000,59,110,230,290,430,570,1900,2200,3300,4000,4000,171570,1,50,61.538252667131495,27.034299999286304,3961.542200000622,2906.645771405257
1746377398,500,POST,POST /pastes,26.300000,0.000000,120,220,310,400,750,1500,2000,2200,2900,2900,2900,16998,0,53,67.26597376161996,30.012999999598833,2920.1709999997547,2847.707612660313
1746377398,500,,Aggregated,303.100000,0.000000,62,120,240,290,450,680,1900,2200,3300,4000,4000,188568,1,50,62.054564041087524,27.034299999286304,3961.542200000622,2901.332935598829
1746377399,500,GET,GET /pastes/:slug,298.800000,0.000000,54,69,110,190,340,420,480,520,660,4000,4000,171932,1,50,61.505594220388,27.034299999286304,3961.542200000622,2906.6322266942743
1746377399,500,POST,POST /pastes,27.100000,0.000000,85,120,190,240,460,610,750,930,1300,1300,1300,17035,0,53,67.24727879659586,30.012999999598833,2920.1709999997547,2847.664103316701
1746377399,500,,Aggregated,325.900000,0.000000,55,74,120,190,340,430,500,540,930,4000,4000,188967,1,50,62.02319568919328,27.034299999286304,3961.542200000622,2901.316367408066
1746377400,500,GET,GET /pastes/:slug,325.000000,0.000000,51,60,81,150,330,420,470,520,630,970,970,172285,1,50,61.47622646312636,27.034299999286304,3961.542200000622,2906.467179382999
1746377400,500,POST,POST /pastes,30.200000,0.000000,74,100,130,170,450,610,750,910,1300,1300,1300,17076,0,53,67.22757584914571,30.012999999598833,2920.1709999997547,2848.109803232607
1746377400,500,,Aggregated,355.200000,0.000000,52,62,91,150,330,430,500,540,930,1300,1300,189361,1,50,61.994865687231034,27.034299999286304,3961.542200000622,2901.204688399406
1746377401,500,GET,GET /pastes/:slug,336.300000,0.000000,50,56,62,70,280,400,470,520,630,970,970,172612,1,50,61.459505698327646,27.034299999286304,3961.542200000622,2906.3327288948626
1746377401,500,POST,POST /pastes,30.400000,0.000000,65,83,100,120,280,590,750,910,1300,1300,1300,17116,0,53,67.21462857560314,30.012999999598833,2920.1709999997547,2847.396880112176
1746377401,500,,Aggregated,366.700000,0.000000,50,57,65,77,280,410,480,540,930,1300,1300,189728,1,50,61.97869465919508,27.034299999286304,3961.542200000622,2901.015928065441
1746377402,500,GET,GET /pastes/:slug,337.300000,0.000000,49,54,58,62,81,140,290,370,470,500,500,172965,1,50,61.452790347178606,27.034299999286304,3961.542200000622,2906.2040701876103
1746377402,500,POST,POST /pastes,29.400000,0.000000,62,78,88,97,140,260,570,750,1300,1300,1300,17155,0,53,67.20731015447554,30.012999999598833,2920.1709999997547,2847.2447682891284
1746377402,500,,Aggregated,366.700000,0.000000,50,56,60,64,88,150,300,380,750,1300,1300,190120,1,50,61.97203496791385,27.034299999286304,3961.542200000622,2900.8840258783925
1746377403,500,GET,GET /pastes/:slug,346.600000,0.000000,48,53,56,59,68,81,98,110,140,150,150,173333,1,50,61.433777894571534,27.034299999286304,3961.542200000622,2906.30670443597
1746377403,500,POST,POST /pastes,30.900000,0.000000,58,71,79,84,100,120,150,190,210,210,210,17188,0,53,67.18868826507028,30.012999999598833,2920.1709999997547,2847.3191179892947
1746377403,500,,Aggregated,377.500000,0.000000,49,54,57,60,73,87,110,120,190,210,210,190521,1,50,61.9529616037067,27.034299999286304,3961.542200000622,2900.9850935067525
1746377405,500,GET,GET /pastes/:slug,348.200000,0.000000,48,53,57,59,68,81,98,110,140,150,150,173689,1,50,61.411720532099075,27.034299999286304,3961.542200000622,2906.480070701081
1746377405,500,POST,POST /pastes,32.500000,0.000000,56,66,76,82,95,120,150,190,210,210,210,17227,0,53,67.15896712718568,30.012999999598833,2920.1709999997547,2847.4003599001567
1746377405,500,,Aggregated,380.700000,0.000000,49,54,57,60,73,86,110,120,190,210,210,190916,1,50,61.930314139201485,27.034299999286304,3961.542200000622,2901.149107460873
1746377406,500,GET,GET /pastes/:slug,353.000000,0.000000,48,53,57,59,69,81,98,110,140,150,150,174021,1,50,61.389356162760606,27.034299999286304,3961.542200000622,2906.76511455514
1746377406,500,POST,POST /pastes,33.900000,0.000000,55,63,72,77,92,110,120,190,210,210,210,17265,0,53,67.12929329858224,30.012999999598833,2920.1709999997547,2846.7595713871997
1746377406,500,,Aggregated,386.900000,0.000000,49,54,58,60,72,85,100,120,190,210,210,191286,1,50,61.90742865447437,27.034299999286304,3961.542200000622,2901.3491630333638
1746377407,500,GET,GET /pastes/:slug,354.900000,0.000000,49,54,57,60,70,81,95,110,130,160,160,174363,1,50,61.388095267343246,27.034299999286304,3961.542200000622,2906.734255547335
1746377407,500,POST,POST /pastes,35.200000,0.000000,54,61,67,74,86,95,110,120,150,150,150,17307,0,53,67.11616253539204,30.012999999598833,2920.1709999997547,2846.8928179349396
1746377407,500,,Aggregated,390.100000,0.000000,49,54,58,61,72,83,97,110,140,160,160,191670,1,50,61.905315803724136,27.034299999286304,3961.542200000622,2901.3308238117597
1746377408,500,GET,GET /pastes/:slug,349.700000,0.000000,50,55,59,62,75,85,100,110,130,160,160,174718,1,50,61.38865866825283,27.034299999286304,3961.542200000622,2906.77204981742
1746377408,500,POST,POST /pastes,35.800000,0.000000,55,61,68,74,85,93,110,120,150,150,150,17344,0,53,67.10679306388542,30.012999999598833,2920.1709999997547,2846.8000461254614
1746377408,500,,Aggregated,385.500000,0.000000,50,56,60,63,76,86,100,110,140,160,160,192062,1,50,61.905030063728546,27.034299999286304,3961.542200000622,2901.3563276441982
1746377409,500,GET,GET /pastes/:slug,345.400000,0.000000,50,56,60,62,75,85,100,110,130,160,160,175063,1,50,61.36510743846387,27.034299999286304,3961.542200000622,2906.915647509754
1746377409,500,POST,POST /pastes,37.600000,0.000000,54,61,66,71,84,92,110,120,150,150,150,17371,0,53,67.07983250244817,30.012999999598833,2920.1709999997547,2846.615911576766
1746377409,500,,Aggregated,383.000000,0.000000,51,56,60,63,77,86,100,110,140,160,160,192434,1,50,61.88097515979418,27.034299999286304,3961.542200000622,2901.472395730484
1746377410,500,GET,GET /pastes/:slug,346.300000,0.000000,51,56,60,62,75,85,100,110,130,160,160,175413,1,50,61.338603635989436,27.034299999286304,3961.542200000622,2906.813674015039
1746377410,500,POST,POST /pastes,37.200000,0.000000,53,60,65,68,82,91,110,120,150,150,150,17412,0,53,67.04377559154774,30.012999999598833,2920.1709999997547,2846.9129336090054
1746377410,500,,Aggregated,383.500000,0.000000,51,56,60,63,76,86,100,110,140,160,160,192825,1,50,61.853777778814184,27.034299999286304,3961.542200000622,2901.404667444574
1746377411,500,GET,GET /pastes/:slug,347.300000,0.000000,51,56,61,64,77,88,110,120,140,160,160,175790,1,50,61.335746785936834,27.034299999286304,3961.542200000622,2906.6498094317085
1746377411,500,POST,POST /pastes,37.000000,0.000000,54,60,65,68,83,92,110,120,150,150,150,17442,0,53,67.04553041509168,30.012999999598833,2920.1709999997547,2847.135477582846
1746377411,500,,Aggregated,384.300000,0.000000,51,57,61,64,78,88,110,120,150,160,160,193232,1,50,61.85113784983783,27.034299999286304,3961.542200000622,2901.2777749027077
1746377412,500,GET,GET /pastes/:slug,346.300000,0.000000,52,58,62,67,85,110,130,150,180,180,180,176125,1,50,61.390604637046614,27.034299999286304,3961.542200000622,2906.627577004968
1746377412,500,POST,POST /pastes,37.300000,0.000000,54,60,66,70,88,110,140,150,180,180,180,17466,0,53,67.08896071224257,30.012999999598833,2920.1709999997547,2847.1153669987402
1746377412,500,,Aggregated,383.600000,0.000000,52,58,63,68,85,110,130,150,180,180,180,193591,1,50,61.90471679726777,27.034299999286304,3961.542200000622,2901.258317793699
1746377413,500,GET,GET /pastes/:slug,347.100000,0.000000,54,62,72,80,130,290,380,430,520,540,540,176400,1,50,61.76156518197181,27.034299999286304,3961.542200000622,2906.42376984127
1746377413,500,POST,POST /pastes,36.400000,0.000000,55,63,74,82,120,240,380,440,540,540,540,17488,0,53,67.37579642612218,30.012999999598833,2920.1709999997547,2846.9143984446478
1746377413,500,,Aggregated,383.500000,0.000000,54,62,72,81,130,290,380,430,520,540,540,193888,1,50,62.267948640451486,27.034299999286304,3961.542200000622,2901.0562386532433
1746377414,500,GET,GET /pastes/:slug,349.600000,0.000000,57,72,98,130,300,380,460,490,540,550,550,176673,1,50,62.173287746287386,27.034299999286304,3961.542200000622,2906.3371652714336
1746377414,500,POST,POST /pastes,35.000000,0.000000,58,75,98,130,300,390,440,480,540,540,540,17519,0,53,67.8361529653532,30.012999999598833,2920.1709999997547,2845.9766539186026
1746377414,500,,Aggregated,384.600000,0.000000,57,72,98,130,300,380,460,490,540,550,550,194192,1,50,62.68416221986409,27.034299999286304,3961.542200000622,2900.89175146247
1746377415,500,GET,GET /pastes/:slug,337.000000,0.000000,62,100,200,270,360,410,480,500,550,900,900,176947,1,50,62.61785536064372,27.034299999286304,3961.542200000622,2906.4261445517586
1746377415,500,POST,POST /pastes,32.800000,0.000000,66,110,240,300,380,410,470,510,540,540,540,17550,0,53,68.36005145299318,30.012999999598833,2920.1709999997547,2845.47396011396
1746377415,500,,Aggregated,369.800000,0.000000,62,100,200,280,360,410,480,500,540,900,900,194497,1,50,63.135989529400675,27.034299999286304,3961.542200000622,2900.9262610734354
1746377416,500,GET,GET /pastes/:slug,333.000000,0.000000,75,140,250,290,360,410,480,500,550,900,900,177308,1,50,62.821557547317745,27.034299999286304,3961.542200000622,2906.491596543867
1746377416,500,POST,POST /pastes,33.100000,0.000000,81,180,280,310,380,440,470,510,540,540,540,17579,0,53,68.54940957392532,30.012999999598833,2920.1709999997547,2846.302747596564
1746377416,500,,Aggregated,366.100000,0.000000,75,140,250,290,360,420,480,500,540,900,900,194887,1,50,63.338215460753375,27.034299999286304,3961.542200000622,2901.062502886288
1746377417,500,GET,GET /pastes/:slug,322.900000,0.000000,92,150,250,290,360,410,480,500,550,900,900,177652,1,50,62.90311196271248,27.034299999286304,3961.542200000622,2906.6295791772677
1746377417,500,POST,POST /pastes,32.100000,0.000000,110,190,280,320,380,440,470,510,540,540,540,17611,0,53,68.64441579694697,30.012999999598833,2920.1709999997547,2846.68627562319
1746377417,500,,Aggregated,355.000000,0.000000,93,150,250,290,360,420,480,500,540,900,900,195263,1,50,63.42092691907747,27.034299999286304,3961.542200000622,2901.223222013387
1746377418,500,GET,GET /pastes/:slug,326.900000,0.000000,100,150,250,290,360,420,480,500,550,900,900,177982,1,50,62.93630540503984,27.034299999286304,3961.542200000622,2906.8071546560886
1746377418,500,POST,POST /pastes,31.300000,0.000000,110,180,280,310,380,440,470,510,540,540,540,17649,0,53,68.6885039265702,30.012999999598833,2920.1709999997547,2846.5282452263586
1746377418,500,,Aggregated,358.200000,0.000000,100,150,250,290,360,420,480,500,540,900,900,195631,1,50,63.45524438560269,27.034299999286304,3961.542200000622,2901.369046827957
1746377419,500,GET,GET /pastes/:slug,326.500000,0.000000,110,160,250,290,360,420,480,500,550,900,900,178345,1,50,63.01198185539154,27.034299999286304,3961.542200000622,2906.809986262581
1746377419,500,POST,POST /pastes,30.100000,0.000000,120,200,280,310,380,440,470,510,540,540,540,17682,0,53,68.75840287863578,30.012999999598833,2920.1709999997547,2846.5104060626627
1746377419,500,,Aggregated,356.600000,0.000000,110,170,250,290,360,420,480,500,540,900,900,196027,1,50,63.53031971973169,27.034299999286304,3961.542200000622,2901.3708519744728
1746377420,500,GET,GET /pastes/:slug,326.400000,0.000000,120,170,250,290,360,420,480,500,550,900,900,178665,1,50,63.06102663923987,27.034299999286304,3961.542200000622,2906.570010914281
1746377420,500,POST,POST /pastes,30.200000,0.000000,130,200,280,310,380,440,470,510,540,540,540,17716,0,53,68.81699824452666,30.012999999598833,2920.1709999997547,2846.430006773538
1746377420,500,,Aggregated,356.600000,0.000000,120,180,260,290,360,420,480,500,540,900,900,196381,1,50,63.580286613266175,27.034299999286304,3961.542200000622,2901.144637210321
1746377421,500,GET,GET /pastes/:slug,325.500000,0.000000,110,170,250,290,360,420,480,500,550,900,900,179018,1,50,63.093064998490455,27.034299999286304,3961.542200000622,2906.50258074607
1746377421,500,POST,POST /pastes,30.600000,0.000000,120,180,280,300,380,420,470,510,540,540,540,17752,0,53,68.83617312979007,30.012999999598833,2920.1709999997547,2846.685049571879
1746377421,500,,Aggregated,356.100000,0.000000,110,170,260,290,360,420,480,500,540,900,900,196770,1,50,63.61119101133202,27.034299999286304,3961.542200000622,2901.1060222594906
1746377422,500,GET,GET /pastes/:slug,322.000000,0.000000,100,140,190,250,340,400,460,490,550,900,900,179300,1,50,63.12049506915653,27.034299999286304,3961.542200000622,2906.6096597880646
1746377422,500,POST,POST /pastes,30.400000,0.000000,110,130,210,280,360,400,460,480,510,510,510,17790,0,53,68.87221173131175,30.012999999598833,2920.1709999997547,2846.32658797077
1746377422,500,,Aggregated,352.400000,0.000000,100,140,200,250,340,400,460,490,540,900,900,197090,1,50,63.63966417677106,27.034299999286304,3961.542200000622,2901.1683088944137
1746377423,500,GET,GET /pastes/:slug,321.600000,0.000000,99,130,170,190,300,350,410,440,540,900,900,179667,1,50,63.3809018378432,27.034299999286304,3961.542200000622,2906.42843148714
1746377423,500,POST,POST /pastes,30.700000,0.000000,100,130,160,200,300,370,400,460,510,510,510,17820,0,53,69.04661322671384,30.012999999598833,2920.1709999997547,2846.568462401796
1746377423,500,,Aggregated,352.300000,0.000000,99,130,160,190,300,350,410,450,540,900,900,197487,1,50,63.892140435572095,27.034299999286304,3961.542200000622,2901.0270397545155
1746377424,500,GET,GET /pastes/:slug,316.900000,0.000000,92,120,140,160,220,280,330,360,420,470,470,179993,1,50,63.47392918335594,27.034299999286304,3961.542200000622,2906.513119954665
1746377424,500,POST,POST /pastes,32.200000,0.000000,97,120,130,150,200,250,320,320,450,450,450,17850,0,53,69.12775900840602,30.012999999598833,2920.1709999997547,2846.5089075630253
1746377424,500,,Aggregated,349.100000,0.000000,93,120,140,160,220,280,330,360,430,470,470,197843,1,50,63.98403498632676,27.034299999286304,3961.542200000622,2901.099356560505
1746377425,500,GET,GET /pastes/:slug,324.200000,0.000000,90,110,140,160,200,240,290,320,410,470,470,180347,1,50,63.625617142507444,27.034299999286304,3961.542200000622,2906.7688899732184
1746377425,500,POST,POST /pastes,33.100000,0.000000,96,120,130,150,200,240,290,310,330,330,330,17893,0,54,69.3373067680126,30.012999999598833,2920.1709999997547,2846.795450734924
1746377425,500,,Aggregated,357.300000,0.000000,91,120,140,160,200,240,290,320,410,470,470,198240,1,50,64.1411501452777,27.034299999286304,3961.542200000622,2901.3557304277642
1746377426,500,GET,GET /pastes/:slug,328.500000,0.000000,85,110,130,150,200,240,290,320,410,470,470,180644,1,50,63.64149500509171,27.034299999286304,3961.542200000622,2906.8746263368835
1746377426,500,POST,POST /pastes,32.600000,0.000000,90,110,130,150,200,230,290,310,330,330,330,17921,0,54,69.34357529714012,30.012999999598833,2920.1709999997547,2847.1287316555995
1746377426,500,,Aggregated,361.100000,0.000000,85,110,130,150,200,240,290,320,410,470,470,198565,1,50,64.15612236093897,27.034299999286304,3961.542200000622,2901.482406264951
1746377427,500,GET,GET /pastes/:slug,337.500000,0.000000,82,100,130,150,200,240,290,320,410,470,470,181006,1,50,63.64646440173143,27.034299999286304,3961.542200000622,2906.819005999801
1746377427,500,POST,POST /pastes,33.900000,0.000000,86,110,130,150,200,230,290,310,330,330,330,17955,0,54,69.34235869674498,30.012999999598833,2920.1709999997547,2847.5601225285436
1746377427,500,,Aggregated,371.400000,0.000000,82,100,130,150,200,240,290,320,410,470,470,198961,1,50,64.16048364201961,27.034299999286304,3961.542200000622,2901.4712581862777
1746377428,500,GET,GET /pastes/:slug,332.200000,0.000000,84,110,130,150,190,240,290,310,390,400,400,181350,1,50,63.73876799503594,27.034299999286304,3961.542200000622,2906.7728811690104
1746377428,500,POST,POST /pastes,34.200000,0.000000,88,110,130,150,200,230,290,310,330,330,330,17990,0,54,69.43810782101521,30.012999999598833,2920.1709999997547,2848.561923290717
1746377428,500,,Aggregated,366.400000,0.000000,85,110,130,150,190,240,290,310,390,400,400,199340,1,50,64.25312097722407,27.034299999286304,3961.542200000622,2901.51946924852
1746377429,500,GET,GET /pastes/:slug,335.000000,0.000000,85,110,140,160,200,240,290,310,390,400,400,181687,1,50,63.806022291632274,27.034299999286304,3961.542200000622,2906.8237518369506
1746377429,500,POST,POST /pastes,34.200000,0.000000,86,110,140,150,200,230,290,310,330,330,330,18026,0,54,69.48551681460489,30.012999999598833,2920.1709999997547,2849.205536447354
1746377429,500,,Aggregated,369.200000,0.000000,85,110,140,160,200,240,290,310,390,400,400,199713,1,51,64.31865075483255,27.034299999286304,3961.542200000622,2901.6231592335002
1746377430,500,GET,GET /pastes/:slug,329.200000,0.000000,87,110,140,160,200,240,290,310,390,400,400,182026,1,50,63.85482669673455,27.034299999286304,3961.542200000622,2906.721292562601
1746377430,500,POST,POST /pastes,33.900000,0.000000,87,110,140,150,200,230,290,310,330,330,330,18064,0,54,69.5277765500484,30.012999999598833,2920.1709999997547,2849.134743135518
1746377430,500,,Aggregated,363.100000,0.000000,87,110,140,160,200,240,290,310,390,400,400,200090,1,51,64.36697705982252,27.034299999286304,3961.542200000622,2901.522414913289
1746377431,500,GET,GET /pastes/:slug,332.300000,0.000000,90,110,140,160,200,240,290,310,390,400,400,182343,1,50,63.89852865094795,27.034299999286304,3961.542200000622,2906.5107955885337
1746377431,500,POST,POST /pastes,34.300000,0.000000,91,120,140,150,200,230,290,310,330,330,330,18101,0,54,69.5796999723816,30.012999999598833,2920.1709999997547,2849.42992099884
1746377431,500,,Aggregated,366.600000,0.000000,90,110,140,160,200,240,290,310,390,400,400,200444,1,51,64.4115641226472,27.034299999286304,3961.542200000622,2901.3561343816727
1746377432,500,GET,GET /pastes/:slug,334.600000,0.000000,84,100,120,130,170,200,240,270,330,350,350,182677,1,50,63.929670922994134,27.034299999286304,3961.542200000622,2906.4506971320966
1746377432,500,POST,POST /pastes,34.400000,0.000000,86,100,130,140,170,220,280,290,330,330,330,18142,0,54,69.6311206261753,30.012999999598833,2920.1709999997547,2850.432697607761
1746377432,500,,Aggregated,369.000000,0.000000,84,100,120,130,170,200,240,270,330,350,350,200819,1,51,64.44474021681158,27.034299999286304,3961.542200000622,2901.3900278360115
1746377433,500,GET,GET /pastes/:slug,330.800000,0.000000,86,110,120,130,160,190,230,260,330,350,350,183056,1,50,64.05271429890198,27.034299999286304,3961.542200000622,2906.386346254698
1746377433,500,POST,POST /pastes,35.100000,0.000000,90,110,130,140,160,200,240,290,330,330,330,18175,0,54,69.72949928473605,30.012999999598833,2920.1709999997547,2850.2692159559833
1746377433,500,,Aggregated,365.900000,0.000000,86,110,120,130,160,190,230,260,330,350,350,201231,1,51,64.56543633038591,27.034299999286304,3961.542200000622,2901.3178983357434
1746377434,500,GET,GET /pastes/:slug,335.100000,0.000000,83,100,110,120,150,170,200,220,260,270,270,183382,1,50,64.11372784624328,27.034299999286304,3961.542200000622,2906.320085940823
1746377434,500,POST,POST /pastes,34.700000,0.000000,85,100,120,130,150,160,200,230,270,270,270,18215,0,54,69.78379638759675,30.012999999598833,2920.1709999997547,2849.964315124897
1746377434,500,,Aggregated,369.800000,0.000000,83,100,110,120,150,170,200,220,270,270,270,201597,1,51,64.62603853777523,27.034299999286304,3961.542200000622,2901.2281432759414
1746377435,500,GET,GET /pastes/:slug,341.500000,0.000000,91,110,130,140,190,220,260,300,330,330,330,183680,1,50,64.35547996352226,27.034299999286304,3961.542200000622,2906.240635888502
1746377435,500,POST,POST /pastes,35.400000,0.000000,95,120,130,140,180,240,310,330,350,350,350,18247,0,54,70.07207714145189,30.012999999598833,2920.1709999997547,2849.8714857236805
1746377435,500,,Aggregated,376.900000,0.000000,92,110,130,140,190,220,270,300,330,350,350,201927,1,51,64.87205649219696,27.034299999286304,3961.542200000622,2901.146874860717
1746377436,500,GET,GET /pastes/:slug,341.500000,0.000000,100,130,150,170,210,250,280,300,330,330,330,183911,1,50,64.51755261675363,27.034299999286304,3961.542200000622,2906.0688539565335
1746377436,500,POST,POST /pastes,35.400000,0.000000,100,130,140,160,220,260,310,330,350,350,350,18267,0,54,70.22620014233713,30.012999999598833,2920.1709999997547,2849.539004762687
1746377436,500,,Aggregated,376.900000,0.000000,100,130,150,160,210,250,280,310,330,350,350,202178,1,51,65.033335067613,27.034299999286304,3961.542200000622,2900.961321212001
1746377437,500,GET,GET /pastes/:slug,331.900000,0.000000,110,150,190,220,310,430,620,690,750,780,780,184312,1,50,65.26058469171716,27.034299999286304,3961.542200000622,2906.060023221494
1746377437,500,POST,POST /pastes,35.200000,0.000000,110,140,170,200,290,350,620,670,680,680,680,18296,0,54,70.76397434412272,30.012999999598833,2920.1709999997547,2849.705618714473
1746377437,500,,Aggregated,367.100000,0.000000,110,150,190,220,310,430,620,680,750,780,780,202608,1,51,65.75755429351186,27.034299999286304,3961.542200000622,2900.971082089552
1746377438,500,GET,GET /pastes/:slug,330.200000,0.000000,120,160,200,230,320,440,620,690,750,780,780,184593,1,50,65.39846213724121,27.034299999286304,3961.542200000622,2906.1352326469582
1746377438,500,POST,POST /pastes,34.700000,0.000000,120,140,190,210,300,350,620,670,680,680,680,18321,0,54,70.87330733038962,30.012999999598833,2920.1709999997547,2849.2107963539106
1746377438,500,,Aggregated,364.900000,0.000000,120,160,200,230,310,430,620,690,750,780,780,202914,1,51,65.89278307509508,27.034299999286304,3961.542200000622,2900.9955547670443
1746377439,500,GET,GET /pastes/:slug,322.800000,0.000000,130,190,240,270,360,510,630,690,750,780,780,184902,1,50,65.77259033758308,27.034299999286304,3961.542200000622,2906.260089128295
1746377439,500,POST,POST /pastes,33.700000,0.000000,130,170,220,250,350,440,660,680,710,710,710,18347,0,54,71.2117194200723,30.012999999598833,2920.1709999997547,2848.830108464599
1746377439,500,,Aggregated,356.500000,0.000000,130,190,230,260,360,500,630,690,750,780,780,203249,1,51,66.26357283332202,27.034299999286304,3961.542200000622,2901.0759659334117
1746377440,500,GET,GET /pastes/:slug,325.100000,0.000000,150,200,240,270,370,510,630,690,750,780,780,185198,1,50,65.86997866499514,27.034299999286304,3961.542200000622,2906.1520102808886
1746377440,500,POST,POST /pastes,33.400000,0.000000,140,190,220,250,350,440,660,680,710,710,710,18388,0,54,71.34132523929003,30.012999999598833,2920.1709999997547,2849.154883619752
1746377440,500,,Aggregated,358.500000,0.000000,150,200,240,270,360,510,630,690,750,780,780,203586,1,51,66.36415371047052,27.034299999286304,3961.542200000622,2901.0039983102965
1746377441,500,GET,GET /pastes/:slug,313.500000,0.000000,150,200,240,270,360,510,630,690,750,780,780,185583,1,51,65.94723134554228,27.034299999286304,3961.542200000622,2906.279831665616
1746377441,500,POST,POST /pastes,32.300000,0.000000,140,190,230,250,350,440,660,680,710,710,710,18427,0,54,71.44280548651834,30.012999999598833,2920.1709999997547,2849.1461985130513
1746377441,500,,Aggregated,345.800000,0.000000,150,200,240,260,360,500,630,690,750,780,780,204010,1,51,66.44361360472455,27.034299999286304,3961.542200000622,2901.1192931719033
1746377442,500,GET,GET /pastes/:slug,318.600000,0.000000,140,200,240,270,360,510,630,690,750,780,780,185914,1,51,65.96542144647402,27.034299999286304,3961.542200000622,2906.2033789816796
1746377442,500,POST,POST /pastes,32.300000,0.000000,130,190,220,250,350,440,660,680,710,710,710,18465,0,54,71.47479585161555,30.012999999598833,2920.1709999997547,2850.2992688870836
1746377442,500,,Aggregated,350.900000,0.000000,140,200,240,260,360,510,630,690,750,780,780,204379,1,51,66.46317610028363,27.034299999286304,3961.542200000622,2901.1526184197005
1746377443,500,GET,GET /pastes/:slug,319.200000,0.000000,140,200,240,260,360,500,630,690,750,780,780,186263,1,51,65.98320059754089,27.034299999286304,3961.542200000622,2906.2545110945275
1746377443,500,POST,POST /pastes,31.600000,0.000000,130,190,230,250,350,440,660,680,710,710,710,18497,0,54,71.48710537384889,30.012999999598833,2920.1709999997547,2850.50759582635
1746377443,500,,Aggregated,350.800000,0.000000,140,200,230,260,360,500,630,690,750,780,780,204760,1,51,66.48039598065958,27.034299999286304,3961.542200000622,2901.2186120336005
1746377444,500,GET,GET /pastes/:slug,316.700000,0.000000,120,170,210,250,360,500,630,690,750,780,780,186626,1,51,66.03526856761526,27.034299999286304,3961.542200000622,2906.424721099954
1746377444,500,POST,POST /pastes,31.800000,0.000000,120,180,210,230,350,440,660,680,710,710,710,18522,0,54,71.5157931216979,30.012999999598833,2920.1709999997547,2850.1414534067594
1746377444,500,,Aggregated,348.500000,0.000000,120,170,210,240,360,500,630,690,750,780,780,205148,1,51,66.53008341246253,27.034299999286304,3961.542200000622,2901.343127888159
1746377445,500,GET,GET /pastes/:slug,316.500000,0.000000,100,140,180,220,360,500,630,690,750,780,780,186952,1,51,66.0565792711485,27.034299999286304,3961.542200000622,2906.335235782447
1746377445,500,POST,POST /pastes,32.600000,0.000000,110,140,180,200,350,450,660,680,710,710,710,18545,0,54,71.52368087894797,30.012999999598833,2920.1709999997547,2850.167107036937
1746377445,500,,Aggregated,349.100000,0.000000,100,140,180,220,360,500,630,690,750,780,780,205497,1,51,66.54995581346614,27.034299999286304,3961.542200000622,2901.266363985849
1746377446,500,GET,GET /pastes/:slug,320.100000,0.000000,97,130,150,170,220,340,430,490,590,710,710,187300,1,51,66.15416883715832,27.034299999286304,3961.542200000622,2906.4027015483184
1746377446,500,POST,POST /pastes,30.300000,0.000000,100,130,160,180,230,350,440,540,710,710,710,18584,0,54,71.64718808653079,30.012999999598833,2920.1709999997547,2850.1072427894965
1746377446,500,,Aggregated,350.400000,0.000000,97,130,150,170,220,340,430,490,610,710,710,205884,1,51,66.64999303782636,27.034299999286304,3961.542200000622,2901.3212245730606
1746377447,500,GET,GET /pastes/:slug,327.500000,0.000000,88,110,140,150,200,270,430,490,590,710,710,187692,1,51,66.18123535419602,27.034299999286304,3961.542200000622,2906.425548238604
1746377447,500,POST,POST /pastes,30.000000,0.000000,96,120,150,160,210,300,410,450,710,710,710,18617,0,54,71.69043738519039,30.012999999598833,2920.1709999997547,2850.292635763012
1746377447,500,,Aggregated,357.500000,0.000000,89,110,140,150,200,270,430,490,610,710,710,206309,1,51,66.67837708921982,27.034299999286304,3961.542200000622,2901.3602024148245
1746377448,500,GET,GET /pastes/:slug,328.300000,0.000000,77,99,120,130,170,220,410,490,590,710,710,188018,1,51,66.14243519981987,27.034299999286304,3961.542200000622,2906.211495707858
1746377448,500,POST,POST /pastes,30.900000,0.000000,81,110,130,140,180,220,260,320,710,710,710,18653,0,54,71.64546492253733,30.012999999598833,2920.1709999997547,2849.8266230633144
1746377448,500,,Aggregated,359.200000,0.000000,78,100,120,130,180,220,400,490,610,710,710,206671,1,51,66.63910872159047,27.034299999286304,3961.542200000622,2901.122503882983
1746377449,500,GET,GET /pastes/:slug,334.200000,0.000000,66,86,100,110,140,170,190,210,260,270,270,188374,1,51,66.1039842526024,27.034299999286304,3961.542200000622,2906.4241668170766
1746377449,500,POST,POST /pastes,32.200000,0.000000,72,92,110,120,160,180,220,250,280,280,280,18687,0,54,71.59804605341122,30.012999999598833,2920.1709999997547,2850.1033873816023
1746377449,500,,Aggregated,366.400000,0.000000,67,86,100,110,140,170,190,210,270,280,280,207061,1,51,66.5998165574387,27.034299999286304,3961.542200000622,2901.341285901256
1746377450,500,GET,GET /pastes/:slug,338.700000,0.000000,60,77,90,100,130,150,180,190,240,260,260,188718,1,51,66.0717207579548,27.034299999286304,3961.542200000622,2906.471640225098
1746377450,500,POST,POST /pastes,32.100000,0.000000,66,81,94,110,140,160,190,220,260,260,260,18724,0,54,71.55715962401723,30.012999999598833,2920.1709999997547,2849.917271950438
1746377450,500,,Aggregated,370.800000,0.000000,61,78,90,100,130,160,180,200,250,260,260,207442,1,51,66.56684400844482,27.034299999286304,3961.542200000622,2901.3669652240146
1746377451,500,GET,GET /pastes/:slug,348.000000,0.000000,57,70,85,95,130,150,180,190,240,260,260,189084,1,51,66.04026471303595,27.034299999286304,3961.542200000622,2906.2632427915637
1746377451,500,POST,POST /pastes,33.500000,0.000000,61,74,88,100,140,170,200,250,260,260,260,18752,0,54,71.53121477176305,30.012999999598833,2920.1709999997547,2850.253093003413
1746377451,500,,Aggregated,381.500000,0.000000,57,71,85,95,130,150,180,200,250,260,260,207836,1,51,66.53568560018373,27.034299999286304,3961.542200000622,2901.209727862353
1746377452,500,GET,GET /pastes/:slug,343.800000,0.000000,53,64,78,90,130,150,180,190,240,260,260,189417,1,51,66.00401548224114,27.034299999286304,3961.542200000622,2906.1917620910476
1746377452,500,POST,POST /pastes,33.100000,0.000000,58,68,77,93,140,160,200,250,260,260,260,18782,0,54,71.49423552337895,30.012999999598833,2920.1709999997547,2849.9413268022577
1746377452,500,,Aggregated,376.900000,0.000000,54,64,77,90,130,150,180,200,250,260,260,208199,1,51,66.49929794187177,27.034299999286304,3961.542200000622,2901.1173108420307
1746377453,500,GET,GET /pastes/:slug,346.000000,0.000000,52,60,68,79,110,150,170,190,250,470,470,189761,1,51,65.98838742734097,27.034299999286304,3961.542200000622,2906.326895410543
1746377453,500,POST,POST /pastes,32.400000,0.000000,56,66,73,78,120,160,190,220,260,260,260,18823,0,54,71.46303852733907,30.012999999598833,2920.1709999997547,2850.096212080965
1746377453,500,,Aggregated,378.400000,0.000000,52,60,69,79,110,150,180,200,260,470,470,208584,1,51,66.48242991216844,27.034299999286304,3961.542200000622,2901.252536148506
1746377454,500,GET,GET /pastes/:slug,349.600000,0.000000,50,56,62,68,100,140,170,190,250,470,470,190115,1,51,65.95855196065357,27.034299999286304,3961.542200000622,2906.2160797412093
1746377454,500,POST,POST /pastes,31.900000,0.000000,54,62,69,76,110,150,190,220,260,260,260,18854,0,54,71.43239565079583,30.012999999598833,2920.1709999997547,2849.693486793253
1746377454,500,,Aggregated,381.500000,0.000000,50,57,63,69,110,140,180,200,260,470,470,208969,1,51,66.45242353458998,27.034299999286304,3961.542200000622,2901.1163904694
1746377455,500,GET,GET /pastes/:slug,346.500000,0.000000,48,54,58,61,75,100,130,150,200,470,470,190464,1,51,65.93055403015609,27.034299999286304,3961.542200000622,2905.929698000672
1746377455,500,POST,POST /pastes,31.500000,0.000000,51,59,62,66,77,110,140,150,190,190,190,18893,0,54,71.39390439316685,30.012999999598833,2920.1709999997547,2849.719896257873
1746377455,500,,Aggregated,378.000000,0.000000,48,54,58,61,75,100,130,150,200,470,470,209357,1,51,66.42358305907956,27.034299999286304,3961.542200000622,2900.8571578690944
1746377456,500,GET,GET /pastes/:slug,350.900000,0.000000,47,53,56,59,67,80,96,110,140,470,470,190809,1,51,65.92302795832302,27.034299999286304,3961.542200000622,2905.9656619970756
1746377456,500,POST,POST /pastes,33.100000,0.000000,51,58,61,65,71,78,110,110,130,130,130,18934,0,54,71.38359939791444,30.012999999598833,2920.1709999997547,2849.4629766557514
1746377456,500,,Aggregated,384.000000,0.000000,48,53,57,59,68,79,97,110,140,470,470,209743,1,51,66.41596674358496,27.034299999286304,3961.542200000622,2900.8650300605977
1746377457,500,GET,GET /pastes/:slug,344.800000,0.000000,49,54,58,61,72,90,130,180,260,470,470,191130,1,51,65.95689313189806,27.034299999286304,3961.542200000622,2905.988840056506
1746377457,500,POST,POST /pastes,33.600000,0.000000,52,59,64,66,76,97,130,160,240,240,240,18977,0,54,71.40962888760643,30.012999999598833,2920.1709999997547,2849.424724666702
1746377457,500,,Aggregated,378.400000,0.000000,49,55,59,62,73,91,130,170,260,470,470,210107,1,51,66.44938774862217,27.034299999286304,3961.542200000622,2900.8799326057674
1746377458,500,GET,GET /pastes/:slug,347.200000,0.000000,50,56,60,63,78,94,130,180,260,470,470,191486,1,51,65.94049981982845,27.034299999286304,3961.542200000622,2905.805254692249
1746377458,500,POST,POST /pastes,34.200000,0.000000,54,60,65,68,80,100,130,160,240,240,240,19016,0,54,71.3910208245741,30.012999999598833,2920.1709999997547,2848.9492006731175
1746377458,500,,Aggregated,381.400000,0.000000,50,56,61,64,78,95,130,170,260,470,470,210502,1,51,66.43288045006581,27.034299999286304,3961.542200000622,2900.6690815289166
1746377459,500,GET,GET /pastes/:slug,349.600000,0.000000,51,57,62,66,81,98,130,180,260,470,470,191815,1,51,65.93221859447736,27.034299999286304,3961.542200000622,2905.6528008758437
1746377459,500,POST,POST /pastes,35.100000,0.000000,55,61,66,69,86,100,130,160,240,240,240,19052,0,54,71.38164123452188,30.012999999598833,2920.1709999997547,2848.878752886836
1746377459,500,,Aggregated,384.700000,0.000000,51,58,63,67,81,98,130,170,260,470,470,210867,1,51,66.4245782341465,27.034299999286304,3961.542200000622,2900.523220797944
1746377460,500,GET,GET /pastes/:slug,346.200000,0.000000,52,59,65,71,88,100,140,180,280,470,470,192162,1,51,65.94058267451247,27.034299999286304,3961.542200000622,2905.6894026914792
1746377460,500,POST,POST /pastes,36.200000,0.000000,57,64,69,75,93,110,130,160,240,240,240,19087,0,54,71.38762377535039,30.012999999598833,2920.1709999997547,2849.0928904489965
1746377460,500,,Aggregated,382.400000,0.000000,53,60,66,71,89,100,140,180,280,470,470,211249,1,51,66.43273967166593,27.034299999286304,3961.542200000622,2900.5757329028775
1746377461,500,GET,GET /pastes/:slug,340.900000,0.000000,55,63,71,78,98,120,150,180,280,470,470,192515,1,51,65.97181205152675,27.034299999286304,3961.542200000622,2905.776926473262
1746377461,500,POST,POST /pastes,35.600000,0.000000,59,68,77,85,100,120,140,160,240,240,240,19126,0,54,71.42690255150623,30.012999999598833,2920.1709999997547,2849.123287671233
1746377461,500,,Aggregated,376.500000,0.000000,55,64,72,78,98,120,150,180,280,470,470,211641,1,51,66.46478865295363,27.034299999286304,3961.542200000622,2900.657136377167
1746377462,500,GET,GET /pastes/:slug,342.800000,0.000000,57,66,76,82,100,120,160,180,240,350,350,192864,1,51,65.98955779046216,27.034299999286304,3961.542200000622,2905.963456114153
1746377462,500,POST,POST /pastes,36.500000,0.000000,61,69,79,87,110,130,160,160,240,240,240,19154,0,54,71.4404093453121,30.012999999598833,2920.1709999997547,2849.187950297588
1746377462,500,,Aggregated,379.300000,0.000000,57,67,76,82,100,120,160,180,240,350,350,212018,1,51,66.4819952754001,27.034299999286304,3961.542200000622,2900.8342782216605
1746377463,500,GET,GET /pastes/:slug,340.900000,0.000000,59,70,80,85,100,120,160,180,240,350,350,193169,1,51,66.00314292096398,27.034299999286304,3961.542200000622,2906.158332858792
1746377463,500,POST,POST /pastes,37.000000,0.000000,63,75,86,91,110,130,160,160,240,240,240,19181,0,54,71.45400082373762,30.012999999598833,2920.1709999997547,2849.1262707888013
1746377463,500,,Aggregated,377.900000,0.000000,59,70,80,86,100,120,160,180,240,350,350,212350,1,51,66.49550414268789,27.034299999286304,3961.542200000622,2901.006781257358
1746377464,500,GET,GET /pastes/:slug,341.100000,0.000000,65,80,89,96,120,150,190,210,240,350,350,193550,1,51,66.10114850942736,27.034299999286304,3961.542200000622,2906.1999121673985
1746377464,500,POST,POST /pastes,37.000000,0.000000,67,81,92,98,120,150,170,200,250,250,250,19210,0,54,71.51703693389453,30.012999999598833,2920.1709999997547,2849.439562727746
1746377464,500,,Aggregated,378.100000,0.000000,65,80,89,96,120,150,190,210,240,350,350,212760,1,51,66.5901465195514,27.034299999286304,3961.542200000622,2901.075047001316
1746377465,500,GET,GET /pastes/:slug,344.000000,0.000000,69,84,95,100,140,170,200,220,240,350,350,193861,1,51,66.16219635563465,27.034299999286304,3961.542200000622,2906.1894089063812
1746377465,500,POST,POST /pastes,36.000000,0.000000,73,89,100,110,140,170,210,230,250,250,250,19240,0,54,71.60992850832206,30.012999999598833,2920.1709999997547,2849.658471933472
1746377465,500,,Aggregated,380.000000,0.000000,69,85,95,100,140,170,200,220,250,350,350,213101,1,51,66.65404935781518,27.034299999286304,3961.542200000622,2901.0854665158777
1746377466,500,GET,GET /pastes/:slug,338.800000,0.000000,70,86,97,100,130,160,200,210,240,350,350,194182,1,51,66.21348275277671,27.034299999286304,3961.542200000622,2906.267934206054
1746377466,500,POST,POST /pastes,35.900000,0.000000,76,90,100,110,140,160,200,230,250,250,250,19270,0,54,71.64329056046242,30.012999999598833,2920.1709999997547,2849.479346133887
1746377466,500,,Aggregated,374.700000,0.000000,71,86,98,110,130,160,200,210,240,350,350,213452,1,51,66.70367444202805,27.034299999286304,3961.542200000622,2901.1411792815247
1746377467,500,GET,GET /pastes/:slug,336.900000,0.000000,78,96,110,120,160,180,210,230,250,350,350,194544,1,51,66.34609334083642,27.034299999286304,3961.542200000622,2906.5052276091783
1746377467,500,POST,POST /pastes,34.400000,0.000000,82,100,120,130,160,200,230,230,250,250,250,19302,0,54,71.78951118019431,30.012999999598833,2920.1709999997547,2849.8216247021032
1746377467,500,,Aggregated,371.300000,0.000000,79,96,110,120,160,180,210,230,250,350,350,213846,1,51,66.8374228542959,27.034299999286304,3961.542200000622,2901.3888966826594
1746377468,500,GET,GET /pastes/:slug,338.800000,0.000000,84,100,120,130,160,180,210,230,250,350,350,194876,1,51,66.40058890371165,27.034299999286304,3961.542200000622,2906.49557154293
1746377468,500,POST,POST /pastes,34.300000,0.000000,90,110,130,130,160,200,230,230,250,250,250,19334,0,54,71.85125102928072,30.012999999598833,2920.1709999997547,2850.3601944760526
1746377468,500,,Aggregated,373.100000,0.000000,84,100,120,130,160,180,210,230,250,350,350,214210,1,51,66.8925505373222,27.034299999286304,3961.542200000622,2901.428948228374
1746377469,500,GET,GET /pastes/:slug,333.800000,0.000000,89,110,130,140,170,200,230,240,350,470,470,195211,1,51,66.52083747995604,27.034299999286304,3961.542200000622,2906.649907023682
1746377469,500,POST,POST /pastes,32.600000,0.000000,96,120,130,140,180,200,230,250,250,250,250,19374,0,54,71.9322411840668,30.012999999598833,2920.1709999997547,2850.0658098482504
1746377469,500,,Aggregated,366.400000,0.000000,89,110,130,140,170,200,230,240,350,470,470,214585,1,51,67.0094109373897,27.034299999286304,3961.542200000622,2901.541160845353
1746377470,500,GET,GET /pastes/:slug,335.400000,0.000000,88,110,130,140,180,200,230,260,320,470,470,195524,1,51,66.56886416398865,27.034299999286304,3961.542200000622,2906.557087620957
1746377470,500,POST,POST /pastes,31.900000,0.000000,93,120,130,150,180,200,230,250,250,250,250,19405,0,54,71.96220737954677,30.012999999598833,2920.1709999997547,2849.7760371038394
1746377470,500,,Aggregated,367.300000,0.000000,88,110,130,140,180,200,230,250,320,470,470,214929,1,51,67.05580554973865,27.034299999286304,3961.542200000622,2901.43057474794
1746377471,500,GET,GET /pastes/:slug,338.200000,0.000000,91,110,130,140,180,200,230,260,320,470,470,195848,1,51,66.6104925968085,27.034299999286304,3961.542200000622,2906.663555410318
1746377471,500,POST,POST /pastes,31.400000,0.000000,97,120,140,150,190,200,230,250,250,250,250,19434,0,54,72.00677432850175,30.012999999598833,2920.1709999997547,2849.905577853247
1746377471,500,,Aggregated,369.600000,0.000000,92,110,130,140,180,200,230,250,320,470,470,215282,1,51,67.09762732787603,27.034299999286304,3961.542200000622,2901.5398825726256
1746377472,500,GET,GET /pastes/:slug,336.700000,0.000000,99,120,140,150,190,220,250,270,320,470,470,196186,1,51,66.7207590118548,27.034299999286304,3961.542200000622,2906.7719460104186
1746377472,500,POST,POST /pastes,31.400000,0.000000,100,130,150,160,200,230,250,270,320,320,320,19466,0,54,72.15134097401076,30.012999999598833,2920.1709999997547,2849.7141169218125
1746377472,500,,Aggregated,368.100000,0.000000,99,120,140,160,190,220,250,270,320,470,470,215652,1,51,67.21095482953923,27.034299999286304,3961.542200000622,2901.6215755012704
1746377473,500,GET,GET /pastes/:slug,335.900000,0.000000,99,120,140,160,190,220,260,300,400,470,470,196544,1,51,66.82320595846089,27.034299999286304,3961.542200000622,2906.6427619260826
1746377473,500,POST,POST /pastes,31.200000,0.000000,100,130,150,170,200,230,260,280,330,330,330,19507,0,54,72.26106588917246,30.012999999598833,2920.1709999997547,2850.2211513815555
1746377473,500,,Aggregated,367.100000,0.000000,99,120,140,160,190,220,260,290,400,470,470,216051,1,51,67.3141841704032,27.034299999286304,3961.542200000622,2901.5485186368032
1746377474,500,GET,GET /pastes/:slug,333.600000,0.000000,98,120,140,150,190,220,260,300,400,470,470,196892,1,51,66.8393482833215,27.034299999286304,3961.542200000622,2906.7807376632877
1746377474,500,POST,POST /pastes,31.400000,0.000000,100,130,150,170,200,230,260,290,330,330,330,19544,0,54,72.29940827364346,30.012999999598833,2920.1709999997547,2850.901708964388
1746377474,500,,Aggregated,365.000000,0.000000,99,120,140,160,190,220,260,300,400,470,470,216436,1,51,67.33238739165289,27.034299999286304,3961.542200000622,2901.734905468591
1746377475,500,GET,GET /pastes/:slug,324.700000,0.000000,96,120,140,160,190,230,260,300,400,470,470,197247,1,51,66.9072501842853,27.034299999286304,3961.542200000622,2906.894857716467
1746377475,500,POST,POST /pastes,31.400000,0.000000,100,130,150,160,200,230,260,290,330,330,330,19579,0,54,72.35398520864601,30.012999999598833,2920.1709999997547,2850.1964860309517
1746377475,500,,Aggregated,356.100000,0.000000,96,120,140,160,190,230,260,300,400,470,470,216826,1,51,67.39908061533103,27.034299999286304,3961.542200000622,2901.7750961600545
1746377476,500,GET,GET /pastes/:slug,333.400000,0.000000,94,120,140,160,200,250,280,310,400,470,470,197457,1,51,66.99706196083051,27.034299999286304,3961.542200000622,2906.6898970408747
1746377476,500,POST,POST /pastes,32.600000,0.000000,100,130,160,170,220,250,290,300,330,330,330,19604,0,54,72.49198759437283,30.012999999598833,2920.1709999997547,2849.684809222608
1746377476,500,,Aggregated,366.000000,0.000000,94,120,140,160,200,250,280,300,400,470,470,217061,1,51,67.49333960683751,27.034299999286304,3961.542200000622,2901.541446874381
1746377477,500,GET,GET /pastes/:slug,335.000000,0.000000,88,120,140,170,230,280,360,410,500,520,520,197894,1,51,67.18042060951684,27.034299999286304,3961.542200000622,2906.6520763641142
1746377477,500,POST,POST /pastes,34.000000,0.000000,97,130,160,180,240,290,360,420,470,470,470,19641,0,54,72.70196763912683,30.012999999598833,2920.1709999997547,2850.107682908202
1746377477,500,,Aggregated,369.000000,0.000000,89,120,150,170,230,280,360,410,500,520,520,217535,1,51,67.67895512216319,27.034299999286304,3961.542200000622,2901.546744202082
1746377478,500,GET,GET /pastes/:slug,330.200000,0.000000,85,110,130,160,210,270,360,410,500,520,520,198206,1,51,67.18920281525163,27.034299999286304,3961.542200000622,2906.6422106293453
1746377478,500,POST,POST /pastes,32.900000,0.000000,93,120,150,170,240,290,360,420,470,470,470,19673,0,54,72.70523616124056,30.012999999598833,2920.1709999997547,2850.50551517308
1746377478,500,,Aggregated,363.100000,0.000000,85,110,140,160,220,270,360,420,500,520,520,217879,1,51,67.68726331679416,27.034299999286304,3961.542200000622,2901.573446729607
1746377479,500,GET,GET /pastes/:slug,334.000000,0.000000,88,120,140,160,210,270,350,410,500,520,520,198555,1,51,67.27222336783134,27.034299999286304,3961.542200000622,2906.6004331293598
1746377479,500,POST,POST /pastes,34.100000,0.000000,97,130,160,180,240,290,360,420,470,470,470,19724,0,54,72.82530941493077,30.012999999598833,2920.1709999997547,2850.0534881362805
1746377479,500,,Aggregated,368.100000,0.000000,89,120,140,160,220,270,350,410,500,520,520,218279,1,51,67.77400809835024,27.034299999286304,3961.542200000622,2901.4907709857566
1746377480,500,GET,GET /pastes/:slug,330.600000,0.000000,91,120,150,170,230,270,350,410,500,520,520,198889,1,51,67.41876177365141,27.034299999286304,3961.542200000622,2906.6486029896073
1746377480,500,POST,POST /pastes,33.300000,0.000000,100,130,160,180,250,300,360,420,470,470,470,19758,0,55,72.95957609070209,30.012999999598833,2920.1709999997547,2850.485170563822
1746377480,500,,Aggregated,363.900000,0.000000,93,130,150,170,230,280,350,410,500,520,520,218647,1,51,67.91945654319426,27.034299999286304,3961.542200000622,2901.5734037055163
1746377481,500,GET,GET /pastes/:slug,332.900000,0.000000,86,110,140,160,210,270,350,410,500,520,520,199211,1,51,67.43081786196436,27.034299999286304,3961.542200000622,2906.6917640090155
1746377481,500,POST,POST /pastes,34.400000,0.000000,93,120,150,170,220,300,360,420,470,470,470,19793,0,55,72.96394068105336,30.012999999598833,2920.1709999997547,2850.606578083161
1746377481,500,,Aggregated,367.300000,0.000000,86,110,140,160,210,270,350,410,500,520,520,219004,1,51,67.93088681028573,27.034299999286304,3961.542200000622,2901.6229338276926
1746377482,500,GET,GET /pastes/:slug,326.400000,0.000000,86,110,130,150,210,270,350,410,500,520,520,199574,1,51,67.48369910709695,27.034299999286304,3961.542200000622,2906.7140759818412
1746377482,500,POST,POST /pastes,34.400000,0.000000,91,120,140,160,220,290,360,420,470,470,470,19826,0,55,73.00536916675543,30.012999999598833,2920.1709999997547,2850.910319782104
1746377482,500,,Aggregated,360.800000,0.000000,87,110,130,150,210,270,350,410,500,520,520,219400,1,51,67.98266278349956,27.034299999286304,3961.542200000622,2901.6713901549683
1746377483,500,GET,GET /pastes/:slug,332.500000,0.000000,84,110,130,150,200,260,340,410,500,520,520,199888,1,51,67.49194119206649,27.034299999286304,3961.542200000622,2906.593077123189
1746377483,500,POST,POST /pastes,35.800000,0.000000,89,120,140,160,220,290,360,420,470,470,470,19852,0,55,73.00881768588029,30.012999999598833,2920.1709999997547,2850.590066492041
1746377483,500,,Aggregated,368.300000,0.000000,85,110,130,150,210,270,340,410,500,520,520,219740,1,51,67.9903530977511,27.034299999286304,3961.542200000622,2901.5335896969145
1746377484,500,GET,GET /pastes/:slug,329.200000,0.000000,86,110,130,150,200,260,340,410,500,520,520,200214,1,51,67.50434712057984,27.034299999286304,3961.542200000622,2906.36428521482
1746377484,500,POST,POST /pastes,34.600000,0.000000,91,120,140,160,220,290,360,420,470,470,470,19894,0,55,73.03113969036401,30.012999999598833,2920.1709999997547,2850.6143058208504
1746377484,500,,Aggregated,363.800000,0.000000,86,110,130,150,200,270,340,410,500,520,520,220108,1,51,68.0038746769759,27.034299999286304,3961.542200000622,2901.325440238428
1746377485,500,GET,GET /pastes/:slug,339.000000,0.000000,86,110,130,140,190,260,340,410,500,520,520,200547,1,51,67.56025322941632,27.034299999286304,3961.542200000622,2906.4194278647897
1746377485,500,POST,POST /pastes,35.500000,0.000000,91,120,140,150,210,280,360,420,470,470,470,19940,0,55,73.10726398195067,30.012999999598833,2920.1709999997547,2850.704112337011
1746377485,500,,Aggregated,374.500000,0.000000,86,110,130,140,200,260,340,410,500,520,520,220487,1,52,68.06190364148361,27.034299999286304,3961.542200000622,2901.380748071315
1746377486,500,GET,GET /pastes/:slug,330.700000,0.000000,84,100,120,130,160,190,220,240,340,350,350,200886,1,51,67.6309867083806,27.034299999286304,3961.542200000622,2906.485563951694
1746377486,500,POST,POST /pastes,34.500000,0.000000,88,110,130,130,160,190,210,270,300,300,300,19967,0,55,73.15960370111168,30.012999999598833,2920.1709999997547,2850.7274002103472
1746377486,500,,Aggregated,365.200000,0.000000,84,100,120,130,160,190,220,240,340,350,350,220853,1,52,68.13082096688655,27.034299999286304,3961.542200000622,2901.444549089213
1746377487,500,GET,GET /pastes/:slug,332.200000,0.000000,90,110,130,140,160,190,220,240,340,350,350,201206,1,51,67.69783876723245,27.034299999286304,3961.542200000622,2906.4750554158427
1746377487,500,POST,POST /pastes,35.400000,0.000000,93,110,130,140,170,190,210,270,300,300,300,20000,0,55,73.22402228500474,30.012999999598833,2920.1709999997547,2850.66245
1746377487,500,,Aggregated,367.600000,0.000000,91,110,130,140,160,190,220,240,340,350,350,221206,1,52,68.19748014384697,27.034299999286304,3961.542200000622,2901.428844606385
1746377488,500,GET,GET /pastes/:slug,332.600000,0.000000,94,120,130,140,180,210,250,290,350,360,360,201554,1,51,67.83740638836122,27.034299999286304,3961.542200000622,2906.4823769312443
1746377488,500,POST,POST /pastes,36.300000,0.000000,97,120,140,140,170,200,270,290,320,320,320,20031,0,55,73.33526868853772,30.012999999598833,2920.1709999997547,2850.790025460536
1746377488,500,,Aggregated,368.900000,0.000000,94,120,130,140,170,210,250,290,350,360,360,221585,1,52,68.33440609382313,27.034299999286304,3961.542200000622,2901.4478597377984
1746377489,500,GET,GET /pastes/:slug,333.000000,0.000000,91,120,130,140,180,210,250,290,350,360,360,201881,1,51,67.88979775015848,27.034299999286304,3961.542200000622,2906.6008638752533
1746377489,500,POST,POST /pastes,35.800000,0.000000,96,120,130,140,170,210,270,290,320,320,320,20066,0,55,73.39398948470526,30.012999999598833,2920.1709999997547,2850.362653244294
1746377489,500,,Aggregated,368.800000,0.000000,91,120,130,140,180,210,250,290,350,360,360,221947,1,52,68.38742606387912,27.034299999286304,3961.542200000622,2901.516425092477
1746377490,500,GET,GET /pastes/:slug,332.000000,0.000000,85,100,120,130,160,190,240,280,350,360,360,202241,1,51,67.88170675085546,27.034299999286304,3961.542200000622,2906.5871608625353
1746377490,500,POST,POST /pastes,35.900000,0.000000,89,110,120,130,160,180,240,240,320,320,320,20097,0,55,73.393347449873,30.012999999598833,2920.1709999997547,2851.130218440563
1746377490,500,,Aggregated,367.900000,0.000000,85,110,120,130,160,190,240,280,350,360,360,222338,1,52,68.37990068589174,27.034299999286304,3961.542200000622,2901.5744407163866
1746377491,500,GET,GET /pastes/:slug,334.600000,0.000000,82,100,120,130,160,190,240,280,350,360,360,202577,1,51,67.88672967414752,27.034299999286304,3961.542200000622,2906.644954757944
1746377491,500,POST,POST /pastes,35.500000,0.000000,88,110,120,130,160,180,240,240,320,320,320,20126,0,55,73.39414270595748,30.012999999598833,2920.1709999997547,2851.057636887608
1746377491,500,,Aggregated,370.100000,0.000000,83,100,120,130,160,190,240,280,350,360,360,222703,1,52,68.38444274796399,27.034299999286304,3961.542200000622,2901.621446500496
1746377492,500,GET,GET /pastes/:slug,335.400000,0.000000,82,100,120,130,160,190,240,280,350,360,360,202926,1,51,67.92372432315118,27.034299999286304,3961.542200000622,2906.3751811004995
1746377492,500,POST,POST /pastes,34.500000,0.000000,89,110,130,130,160,180,240,240,320,320,320,20161,0,55,73.45018953425456,30.012999999598833,2920.1709999997547,2851.3029115619265
1746377492,500,,Aggregated,369.900000,0.000000,83,100,120,130,160,190,240,280,350,360,360,223087,1,52,68.42316653682118,27.034299999286304,3961.542200000622,2901.398145118272
1746377493,500,GET,GET /pastes/:slug,333.600000,0.000000,86,110,120,130,160,190,240,280,350,360,360,203280,1,51,67.97198336186445,27.034299999286304,3961.542200000622,2906.4378295946476
1746377493,500,POST,POST /pastes,33.000000,0.000000,92,110,130,140,160,180,240,240,320,320,320,20190,0,55,73.49382088162982,30.012999999598833,2920.1709999997547,2851.5962357602775
1746377493,500,,Aggregated,366.600000,0.000000,87,110,120,130,160,190,240,280,350,360,360,223470,1,52,68.47086866872446,27.034299999286304,3961.542200000622,2901.4830178547454
1746377494,500,GET,GET /pastes/:slug,339.400000,0.000000,87,110,120,130,160,190,240,280,350,360,360,203654,1,51,68.01125786431786,27.034299999286304,3961.542200000622,2906.348478301433
1746377494,500,POST,POST /pastes,33.300000,0.000000,96,120,130,140,170,190,240,240,320,320,320,20216,0,55,73.548025821137,30.012999999598833,2920.1709999997547,2851.7937277404035
1746377494,500,,Aggregated,372.700000,0.000000,88,110,120,130,160,190,240,280,350,360,360,223870,1,52,68.51124134140278,27.034299999286304,3961.542200000622,2901.422052977174
1746377495,500,GET,GET /pastes/:slug,334.500000,0.000000,85,100,120,130,150,180,240,280,350,360,360,203973,1,51,68.03495562549844,27.034299999286304,3961.542200000622,2906.4050438048175
1746377495,500,POST,POST /pastes,33.500000,0.000000,90,110,130,140,160,180,240,240,320,320,320,20255,0,55,73.5520946334288,30.012999999598833,2920.1709999997547,2851.9580844235993
1746377495,500,,Aggregated,368.000000,0.000000,85,110,120,130,160,180,240,280,350,360,360,224228,1,52,68.53333071962395,27.034299999286304,3961.542200000622,2901.4867322546693
1746377496,500,GET,GET /pastes/:slug,340.400000,0.000000,83,100,120,120,150,180,240,280,350,360,360,204324,1,51,68.09393827058882,27.034299999286304,3961.542200000622,2906.3099342221176
1746377496,500,POST,POST /pastes,32.800000,0.000000,89,110,130,130,160,180,240,270,320,320,320,20285,0,55,73.59679631748102,30.012999999598833,2920.1709999997547,2852.088932708898
1746377496,500,,Aggregated,373.200000,0.000000,84,100,120,120,150,180,240,280,350,360,360,224609,1,52,68.59091513029236,27.034299999286304,3961.542200000622,2901.413100098393
1746377497,500,GET,GET /pastes/:slug,338.400000,0.000000,84,100,120,120,150,180,240,280,350,360,360,204649,1,51,68.14616541150858,27.034299999286304,3961.542200000622,2906.2754521155734
1746377497,500,POST,POST /pastes,32.400000,0.000000,90,110,130,140,160,180,240,240,320,320,320,20325,0,55,73.67864562854105,30.012999999598833,2920.1709999997547,2851.7724969249693
1746377497,500,,Aggregated,370.800000,0.000000,84,100,120,130,150,180,240,270,350,360,360,224974,1,52,68.64599054868498,27.034299999286304,3961.542200000622,2901.351449500831
1746377498,500,GET,GET /pastes/:slug,339.700000,0.000000,82,98,110,120,140,160,180,210,270,310,310,204999,1,52,68.24213832457622,27.034299999286304,3961.542200000622,2906.155747101205
1746377498,500,POST,POST /pastes,31.300000,0.000000,88,110,130,130,150,170,190,210,290,290,290,20354,0,55,73.76587746389389,30.012999999598833,2920.1709999997547,2851.8475975238284
1746377498,500,,Aggregated,371.000000,0.000000,82,99,110,120,140,160,180,210,280,310,310,225353,1,52,68.7410453124646,27.034299999286304,3961.542200000622,2901.2506068257358
1746377499,500,GET,GET /pastes/:slug,339.100000,0.000000,88,110,120,130,150,170,210,230,280,310,310,205327,1,52,68.33847922192334,27.034299999286304,3961.542200000622,2906.0831795136537
1746377499,500,POST,POST /pastes,31.500000,0.000000,96,120,140,140,160,180,250,290,300,300,300,20382,0,55,73.88123265626999,30.012999999598833,2920.1709999997547,2851.748356392896
1746377499,500,,Aggregated,370.600000,0.000000,89,110,120,130,150,170,210,240,300,310,310,225709,1,52,68.83900157813774,27.034299999286304,3961.542200000622,2901.176630085641
1746377500,500,GET,GET /pastes/:slug,340.700000,0.000000,92,110,120,130,150,170,210,230,280,310,310,205667,1,52,68.3900022249551,27.034299999286304,3961.542200000622,2906.1431586010394
1746377500,500,POST,POST /pastes,32.100000,0.000000,100,130,140,150,170,190,250,290,300,300,300,20418,0,55,73.9506066607942,30.012999999598833,2920.1709999997547,2851.9365265941815
1746377500,500,,Aggregated,372.800000,0.000000,92,110,130,130,160,170,210,240,300,310,310,226085,1,52,68.89218689607837,27.034299999286304,3961.542200000622,2901.247694451202
1746377501,500,GET,GET /pastes/:slug,338.900000,0.000000,93,110,130,130,160,170,210,230,280,310,310,205982,1,52,68.41628920779414,27.034299999286304,3961.542200000622,2906.1995659814934
1746377501,500,POST,POST /pastes,31.600000,0.000000,100,130,140,150,170,190,250,290,300,300,300,20449,0,55,73.96548020930602,30.012999999598833,2920.1709999997547,2851.446916719644
1746377501,500,,Aggregated,370.500000,0.000000,93,110,130,140,160,170,210,240,300,310,310,226431,1,52,68.91743704881351,27.034299999286304,3961.542200000622,2901.254850263436
1746377502,500,GET,GET /pastes/:slug,340.800000,0.000000,92,110,130,130,150,170,210,230,280,310,310,206355,1,52,68.45089662232503,27.034299999286304,3961.542200000622,2906.2024908531416
1746377502,500,POST,POST /pastes,31.500000,0.000000,99,130,140,150,170,190,250,290,300,300,300,20489,0,55,74.01943035287701,30.012999999598833,2920.1709999997547,2851.4475572258284
1746377502,500,,Aggregated,372.300000,0.000000,92,110,130,140,160,170,210,240,300,310,310,226844,1,52,68.95385763343937,27.034299999286304,3961.542200000622,2901.256916647564
1746377503,500,GET,GET /pastes/:slug,340.300000,0.000000,90,110,120,130,150,170,210,230,300,390,390,206677,1,52,68.46374400876678,27.034299999286304,3961.542200000622,2906.219574505146
1746377503,500,POST,POST /pastes,31.500000,0.000000,97,120,140,150,160,190,250,290,300,300,300,20528,0,55,74.02829041797047,30.012999999598833,2920.1709999997547,2852.04418355417
1746377503,500,,Aggregated,371.800000,0.000000,90,110,130,130,160,170,210,240,300,390,390,227205,1,52,68.96650146871737,27.034299999286304,3961.542200000622,2901.3248211967166
1746377504,500,GET,GET /pastes/:slug,338.500000,0.000000,91,110,120,130,150,170,210,230,300,390,390,207028,1,52,68.50457826429214,27.034299999286304,3961.542200000622,2906.3066348513244
1746377504,500,POST,POST /pastes,32.600000,0.000000,97,120,140,150,160,190,250,290,300,300,300,20559,0,55,74.06125973053645,30.012999999598833,2920.1709999997547,2852.019845323216
1746377504,500,,Aggregated,371.100000,0.000000,91,110,120,130,150,170,210,240,300,390,390,227587,1,52,69.00653933528677,27.034299999286304,3961.542200000622,2901.40265480893
1746377505,500,GET,GET /pastes/:slug,339.600000,0.000000,91,110,130,130,160,170,210,230,300,390,390,207362,1,52,68.55374866802919,27.034299999286304,3961.542200000622,2906.135082609157
1746377505,500,POST,POST /pastes,33.000000,0.000000,96,120,140,150,160,190,250,290,300,300,300,20592,0,55,74.09956416570023,30.012999999598833,2920.1709999997547,2852.4847513597515
1746377505,500,,Aggregated,372.600000,0.000000,91,110,130,140,160,180,210,240,300,390,390,227954,1,52,69.05472444703716,27.034299999286304,3961.542200000622,2901.2886327943356
1746377506,500,GET,GET /pastes/:slug,333.000000,0.000000,88,110,120,130,160,170,210,230,300,390,390,207712,1,52,68.57162668743189,27.034299999286304,3961.542200000622,2906.2827617085195
1746377506,500,POST,POST /pastes,33.800000,0.000000,93,110,140,140,160,190,250,290,300,300,300,20637,0,55,74.12569659350216,30.012999999598833,2920.1709999997547,2852.46818820565
1746377506,500,,Aggregated,366.800000,0.000000,89,110,120,130,160,170,210,240,300,390,390,228349,1,52,69.07357476100135,27.034299999286304,3961.542200000622,2901.419279261131
1746377507,500,GET,GET /pastes/:slug,337.300000,0.000000,86,100,120,130,150,170,210,230,300,390,390,208041,1,52,68.59486478434492,27.034299999286304,3961.542200000622,2906.1630255574623
1746377507,500,POST,POST /pastes,32.900000,0.000000,91,110,120,140,160,190,250,290,300,300,300,20664,0,55,74.1451947299701,30.012999999598833,2920.1709999997547,2852.0808168795975
1746377507,500,,Aggregated,370.200000,0.000000,87,100,120,130,150,170,210,240,300,390,390,228705,1,52,69.09634930806037,27.034299999286304,3961.542200000622,2901.276578999147
1746377508,500,GET,GET /pastes/:slug,337.600000,0.000000,85,100,110,120,150,170,190,210,270,390,390,208391,1,52,68.63494067690004,27.034299999286304,3961.542200000622,2906.223848438752
1746377508,500,POST,POST /pastes,33.900000,0.000000,91,110,120,130,160,180,230,260,300,300,300,20699,0,55,74.19034195855392,30.012999999598833,2920.1709999997547,2851.8973863471665
1746377508,500,,Aggregated,371.500000,0.000000,86,100,120,120,150,170,190,220,290,390,390,229090,1,52,69.1368886062243,27.034299999286304,3961.542200000622,2901.315282203501
1746377509,500,GET,GET /pastes/:slug,334.800000,0.000000,82,100,110,120,140,150,170,180,220,390,390,208723,1,52,68.67690707636378,27.034299999286304,3961.542200000622,2906.319126306157
1746377509,500,POST,POST /pastes,34.100000,0.000000,90,100,120,120,150,160,190,200,230,230,230,20727,0,55,74.22529850919605,30.012999999598833,2920.1709999997547,2851.84464707869
1746377509,500,,Aggregated,368.900000,0.000000,83,100,110,120,140,150,170,190,220,390,390,229450,1,52,69.17811217215048,27.034299999286304,3961.542200000622,2901.398261059054
1746377510,500,GET,GET /pastes/:slug,339.500000,0.000000,82,99,110,120,130,150,170,180,220,390,390,209064,1,52,68.71870999167669,27.034299999286304,3961.542200000622,2906.5368069108026
1746377510,500,POST,POST /pastes,34.000000,0.000000,89,100,120,120,140,160,190,200,230,230,230,20763,0,55,74.27888148630302,30.012999999598833,2920.1709999997547,2851.6123874199297
1746377510,500,,Aggregated,373.500000,0.000000,83,100,110,120,140,150,170,180,220,390,390,229827,1,52,69.2210262588815,27.034299999286304,3961.542200000622,2901.5748323739163
1746377511,500,GET,GET /pastes/:slug,337.800000,0.000000,79,96,110,110,130,150,170,180,220,390,390,209431,1,52,68.71066600503217,27.034299999286304,3961.542200000622,2906.3823120741436
1746377511,500,POST,POST /pastes,34.100000,0.000000,87,100,110,120,140,160,190,200,230,230,230,20789,0,55,74.27909532445553,30.012999999598833,2920.1709999997547,2851.3604790995237
1746377511,500,,Aggregated,371.900000,0.000000,80,96,110,110,130,150,170,180,220,390,390,230220,1,52,69.21349841369104,27.034299999286304,3961.542200000622,2901.4138085309705
1746377512,500,GET,GET /pastes/:slug,339.100000,0.000000,82,98,110,120,140,160,180,200,230,230,230,209716,1,52,68.77263696236759,27.034299999286304,3961.542200000622,2906.4389030879856
1746377512,500,POST,POST /pastes,34.000000,0.000000,89,100,120,120,150,170,190,200,230,230,230,20821,0,55,74.33298581720912,30.012999999598833,2920.1709999997547,2851.148071658422
1746377512,500,,Aggregated,373.100000,0.000000,82,99,110,120,140,160,180,200,230,230,230,230537,1,52,69.27482109552892,27.034299999286304,3961.542200000622,2901.445299453016
1746377513,500,GET,GET /pastes/:slug,336.300000,0.000000,87,100,120,130,150,180,210,230,260,280,280,210092,1,52,68.88769915132357,27.034299999286304,3961.542200000622,2906.423205072064
1746377513,500,POST,POST /pastes,34.400000,0.000000,91,110,120,130,160,180,200,210,240,240,240,20853,0,55,74.41946587541901,30.012999999598833,2920.1709999997547,2851.794657842996
1746377513,500,,Aggregated,370.700000,0.000000,87,100,120,130,150,180,210,230,260,280,280,230945,1,52,69.38718574552358,27.034299999286304,3961.542200000622,2901.490562688086
1746377514,500,GET,GET /pastes/:slug,335.200000,0.000000,82,99,110,120,150,180,210,230,260,280,280,210455,1,52,68.90459327029468,27.034299999286304,3961.542200000622,2906.168373286451
1746377514,500,POST,POST /pastes,33.400000,0.000000,90,110,120,130,150,180,200,210,240,240,240,20885,0,55,74.42745703136747,30.012999999598833,2920.1709999997547,2851.6470672731625
1746377514,500,,Aggregated,368.600000,0.000000,82,100,110,120,150,180,210,230,260,280,280,231340,1,52,69.40318845335842,27.034299999286304,3961.542200000622,2901.246278205239
1746377515,500,GET,GET /pastes/:slug,338.200000,0.000000,82,100,110,120,150,180,210,230,260,280,280,210806,1,52,68.93621459113992,27.034299999286304,3961.542200000622,2906.1134313065095
1746377515,500,POST,POST /pastes,32.700000,0.000000,91,110,120,130,150,180,200,210,240,240,240,20914,0,55,74.46257308502001,30.012999999598833,2920.1709999997547,2851.6184374103473
1746377515,500,,Aggregated,370.900000,0.000000,83,100,110,120,150,180,210,230,260,280,280,231720,1,52,69.43499873381627,27.034299999286304,3961.542200000622,2901.1949594337993
1746377516,500,GET,GET /pastes/:slug,341.600000,0.000000,86,110,120,130,160,190,220,240,280,290,290,211141,1,52,69.0167155654271,27.034299999286304,3961.542200000622,2905.9293694734797
1746377516,500,POST,POST /pastes,32.500000,0.000000,97,110,130,130,170,190,200,220,280,280,280,20946,0,55,74.53583040676529,30.012999999598833,2920.1709999997547,2851.774658646042
1746377516,500,,Aggregated,374.100000,0.000000,87,110,120,130,160,190,220,240,280,290,290,232087,1,52,69.51481920529761,27.034299999286304,3961.542200000622,2901.0418722289487
1746377517,500,GET,GET /pastes/:slug,335.500000,0.000000,86,110,120,130,160,190,220,240,280,290,290,211503,1,52,69.0470161160827,27.034299999286304,3961.542200000622,2906.165203330449
1746377517,500,POST,POST /pastes,32.200000,0.000000,96,110,130,140,170,190,200,220,280,280,280,20976,0,55,74.56945512490941,30.012999999598833,2920.1709999997547,2851.3019641495043
1746377517,500,,Aggregated,367.700000,0.000000,87,110,120,130,160,190,220,240,280,290,290,232479,1,52,69.54529200615924,27.034299999286304,3961.542200000622,2901.2150301747683
1746377518,500,GET,GET /pastes/:slug,335.600000,0.000000,85,110,120,130,160,190,230,240,280,290,290,211822,1,52,69.09530545033009,27.034299999286304,3961.542200000622,2906.0779758476456
1746377518,500,POST,POST /pastes,31.000000,0.000000,94,110,130,140,180,200,210,220,280,280,280,21018,0,55,74.63017719098373,30.012999999598833,2920.1709999997547,2852.3565039489963
1746377518,500,,Aggregated,366.600000,0.000000,86,110,120,130,170,190,220,240,280,290,290,232840,1,52,69.59492722599151,27.034299999286304,3961.542200000622,2901.228646280708
1746377519,500,GET,GET /pastes/:slug,341.900000,0.000000,89,110,130,140,170,200,230,240,280,290,290,212157,1,52,69.20342689611864,27.034299999286304,3961.542200000622,2906.0820854367284
1746377519,500,POST,POST /pastes,30.900000,0.000000,97,120,140,160,190,200,220,220,280,280,280,21049,0,55,74.74416406480573,30.012999999598833,2920.1709999997547,2852.2842890398592
1746377519,500,,Aggregated,372.800000,0.000000,90,110,130,140,170,200,230,240,280,290,290,233206,1,52,69.70352970935515,27.034299999286304,3961.542200000622,2901.2263363721345
1746377520,500,GET,GET /pastes/:slug,338.100000,0.000000,90,110,130,140,170,200,230,240,280,290,290,212498,1,52,69.25546061092265,27.034299999286304,3961.542200000622,2905.9768750764715
1746377520,500,POST,POST /pastes,30.500000,0.000000,100,120,140,150,180,200,220,220,280,280,280,21090,0,55,74.8180075106729,30.012999999598833,2920.1709999997547,2852.3593646277855
1746377520,500,,Aggregated,368.600000,0.000000,91,110,130,140,180,200,230,240,280,290,290,233588,1,52,69.7576872412105,27.034299999286304,3961.542200000622,2901.135901673031
1746377521,500,GET,GET /pastes/:slug,337.300000,0.000000,89,110,130,140,170,200,230,240,280,290,290,212855,1,52,69.2311476474587,27.034299999286304,3961.542200000622,2905.9676258485824
1746377521,500,POST,POST /pastes,31.700000,0.000000,97,120,140,150,180,200,220,220,280,280,280,21127,0,55,74.78337348890462,30.012999999598833,2920.1709999997547,2852.9817768731955
1746377521,500,,Aggregated,369.000000,0.000000,90,110,130,140,180,200,230,240,280,290,290,233982,1,52,69.73247627680699,27.034299999286304,3961.542200000622,2901.1833602584816
1746377522,500,GET,GET /pastes/:slug,339.800000,0.000000,79,100,120,130,160,190,210,230,270,290,290,213205,1,52,69.20494059848426,27.034299999286304,3961.542200000622,2905.982420674937
1746377522,500,POST,POST /pastes,32.300000,0.000000,88,110,120,130,180,190,210,220,280,280,280,21169,0,55,74.75246287496292,30.012999999598833,2920.1709999997547,2853.3593934526903
1746377522,500,,Aggregated,372.100000,0.000000,80,100,120,130,160,190,210,230,280,290,290,234374,1,52,69.70600086570983,27.034299999286304,3961.542200000622,2901.2294324455784
1746377523,500,GET,GET /pastes/:slug,339.200000,0.000000,73,94,110,120,150,180,210,230,270,290,290,213562,1,52,69.17067720849138,27.034299999286304,3961.542200000622,2905.968163811914
1746377523,500,POST,POST /pastes,32.500000,0.000000,80,100,120,130,170,190,210,220,280,280,280,21203,0,55,74.7174944441868,30.012999999598833,2920.1709999997547,2853.5350657925765
1746377523,500,,Aggregated,371.700000,0.000000,73,95,110,120,160,180,210,230,280,290,290,234765,1,52,69.67164270951751,27.034299999286304,3961.542200000622,2901.232624113475
1746377524,500,GET,GET /pastes/:slug,343.200000,0.000000,68,89,110,120,150,180,210,230,270,290,290,213921,1,52,69.13510879062753,27.034299999286304,3961.542200000622,2905.994203467635
1746377524,500,POST,POST /pastes,33.600000,0.000000,74,100,120,130,170,190,210,220,280,280,280,21230,0,55,74.69479660857728,30.012999999598833,2920.1709999997547,2853.647385774847
1746377524,500,,Aggregated,376.800000,0.000000,68,90,110,120,150,180,210,230,280,290,290,235151,1,52,69.63705082946652,27.034299999286304,3961.542200000622,2901.2682063865345
1746377525,500,GET,GET /pastes/:slug,341.700000,0.000000,60,80,100,110,150,180,210,230,270,290,290,214265,1,52,69.09765116281162,27.034299999286304,3961.542200000622,2906.0607938767416
1746377525,500,POST,POST /pastes,33.900000,0.000000,66,90,110,120,170,190,210,220,280,280,280,21273,0,55,74.64477981009229,30.012999999598833,2920.1709999997547,2853.5116344662247
1746377525,500,,Aggregated,375.600000,0.000000,60,81,100,110,150,180,210,220,280,290,290,235538,1,52,69.59864916616375,27.034299999286304,3961.542200000622,2901.314730531804
1746377526,500,GET,GET /pastes/:slug,342.100000,0.000000,55,68,84,98,140,170,190,210,240,250,250,214616,1,52,69.06473397836064,27.034299999286304,3961.542200000622,2906.0402998844447
1746377526,500,POST,POST /pastes,34.500000,0.000000,60,74,96,110,150,190,200,220,250,250,250,21305,0,55,74.60858154424295,30.012999999598833,2920.1709999997547,2853.3539544707814
1746377526,500,,Aggregated,376.600000,0.000000,55,69,86,100,140,170,190,210,240,250,250,235921,1,52,69.56537475383666,27.034299999286304,3961.542200000622,2901.282425049063
1746377527,500,GET,GET /pastes/:slug,346.400000,0.000000,52,61,73,86,130,170,190,210,240,250,250,214968,1,52,69.02559862584116,27.034299999286304,3961.542200000622,2906.1798546760447
1746377527,500,POST,POST /pastes,34.500000,0.000000,57,66,85,100,150,190,200,220,250,250,250,21331,0,55,74.57725075243023,30.012999999598833,2920.1709999997547,2853.2695607332053
1746377527,500,,Aggregated,380.900000,0.000000,52,61,74,87,130,170,190,210,240,250,250,236299,1,52,69.5267530594707,27.034299999286304,3961.542200000622,2901.403577670663
1746377528,500,GET,GET /pastes/:slug,347.700000,0.000000,50,56,62,69,110,150,190,210,240,250,250,215328,1,52,68.98722034245347,27.034299999286304,3961.542200000622,2906.1377665700697
1746377528,500,POST,POST /pastes,35.900000,0.000000,54,60,66,80,130,170,190,210,250,250,250,21368,0,55,74.53236964152381,30.012999999598833,2920.1709999997547,2853.127854736054
1746377528,500,,Aggregated,383.600000,0.000000,50,57,63,70,110,160,190,210,240,250,250,236696,1,52,69.48781498800093,27.034299999286304,3961.542200000622,2901.352236624193
1746377529,500,GET,GET /pastes/:slug,345.000000,0.000000,47,53,56,59,71,95,140,170,190,200,200,215677,1,52,68.9493267831054,27.034299999286304,3961.542200000622,2906.080532462896
1746377529,500,POST,POST /pastes,35.700000,0.000000,52,57,60,63,80,100,140,170,180,180,180,21398,0,55,74.49680095336379,30.012999999598833,2920.1709999997547,2852.369427049257
1746377529,500,,Aggregated,380.700000,0.000000,48,53,57,59,72,98,140,170,190,200,200,237075,1,52,69.45003268754559,27.034299999286304,3961.542200000622,2901.232656332384
1746377530,500,GET,GET /pastes/:slug,348.200000,0.000000,46,51,54,56,61,68,81,93,150,170,170,216045,1,52,68.91309568654592,27.034299999286304,3961.542200000622,2905.958462357379
1746377530,500,POST,POST /pastes,35.800000,0.000000,50,55,57,59,65,71,100,110,130,130,130,21430,0,55,74.45742221652263,30.012999999598833,2920.1709999997547,2852.433737750817
1746377530,500,,Aggregated,384.000000,0.000000,46,51,54,56,62,68,82,96,150,170,170,237475,1,52,69.41342168944038,27.034299999286304,3961.542200000622,2901.1283335087905
1746377531,500,GET,GET /pastes/:slug,350.500000,0.000000,46,51,53,55,61,66,75,84,100,120,120,216392,1,52,68.87831685598277,27.034299999286304,3961.542200000622,2905.8874865983953
1746377531,500,POST,POST /pastes,35.100000,0.000000,50,54,57,59,65,71,94,100,110,110,110,21466,0,55,74.41725179819625,30.012999999598833,2920.1709999997547,2852.20301872729
1746377531,500,,Aggregated,385.600000,0.000000,46,51,54,56,61,67,76,85,110,120,120,237858,1,52,69.37818979475095,27.034299999286304,3961.542200000622,2901.04261786444
1746377532,500,GET,GET /pastes/:slug,349.600000,0.000000,45,50,53,55,60,64,70,75,95,110,110,216732,1,52,68.84403845255814,27.034299999286304,3961.542200000622,2905.834648321429
1746377532,500,POST,POST /pastes,34.200000,0.000000,50,54,57,58,64,66,74,89,110,110,110,21512,0,55,74.36726608404986,30.012999999598833,2920.1709999997547,2851.8138248419486
1746377532,500,,Aggregated,383.800000,0.000000,46,51,53,55,60,65,70,76,100,110,110,238244,1,52,69.34275268170396,27.034299999286304,3961.542200000622,2900.9568929332954
1746377533,500,GET,GET /pastes/:slug,353.700000,0.000000,45,50,53,54,59,64,69,74,91,94,94,217084,1,52,68.81006041117652,27.034299999286304,3961.542200000622,2905.8061994435334
1746377533,500,POST,POST /pastes,34.100000,0.000000,49,54,56,58,63,66,71,76,100,100,100,21548,0,55,74.32934968442939,30.012999999598833,2920.1709999997547,2851.9255615370334
1746377533,500,,Aggregated,387.800000,0.000000,45,50,53,55,60,64,69,74,92,100,100,238632,1,52,69.30844137123226,27.034299999286304,3961.542200000622,2900.9408838714003
1746377534,500,GET,GET /pastes/:slug,351.500000,0.000000,45,50,53,54,60,64,69,73,91,94,94,217444,1,52,68.77289657474942,27.034299999286304,3961.542200000622,2905.893443829216
1746377534,500,POST,POST /pastes,33.700000,0.000000,49,54,56,58,63,66,71,73,89,89,89,21581,0,55,74.29252000834465,30.012999999598833,2920.1709999997547,2851.8608034845465
1746377534,500,,Aggregated,385.200000,0.000000,46,50,53,55,60,64,69,73,91,94,94,239025,1,52,69.27125027549363,27.034299999286304,3961.542200000622,2901.0149649618243
1746377535,500,GET,GET /pastes/:slug,350.300000,0.000000,45,50,53,54,60,64,69,74,92,94,94,217776,1,52,68.74135822312755,27.034299999286304,3961.542200000622,2905.8651687972965
1746377535,500,POST,POST /pastes,34.500000,0.000000,50,54,57,59,64,66,73,76,89,89,89,21618,0,55,74.25705877047305,30.012999999598833,2920.1709999997547,2852.111434915348
1746377535,500,,Aggregated,384.800000,0.000000,46,51,53,55,60,65,70,74,92,94,94,239394,1,52,69.23944261301402,27.034299999286304,3961.542200000622,2901.011044554166
1746377536,500,GET,GET /pastes/:slug,351.300000,0.000000,45,50,53,54,60,64,70,78,92,98,98,218131,1,52,68.70879426491325,27.034299999286304,3961.542200000622,2905.8433601826428
1746377536,500,POST,POST /pastes,34.300000,0.000000,49,54,57,59,64,69,76,82,91,91,91,21659,0,55,74.21619819013264,30.012999999598833,2920.1709999997547,2852.099496745002
1746377536,500,,Aggregated,385.600000,0.000000,46,50,53,55,60,65,71,78,92,98,98,239790,1,52,69.20624979523683,27.034299999286304,3961.542200000622,2900.9889528337294
1746377537,500,GET,GET /pastes/:slug,349.600000,0.000000,45,50,53,55,60,64,70,78,92,98,98,218485,1,52,68.67242505435075,27.034299999286304,3961.542200000622,2905.834903997986
1746377537,500,POST,POST /pastes,34.800000,0.000000,49,54,58,60,65,69,76,82,91,91,91,21689,0,55,74.18441474941577,30.012999999598833,2920.1709999997547,2852.144912167458
1746377537,500,,Aggregated,384.400000,0.000000,46,51,53,55,60,65,71,78,92,98,98,240174,1,52,69.17018727880563,27.034299999286304,3961.542200000622,2900.9864098528565
1746377539,500,GET,GET /pastes/:slug,349.500000,0.000000,46,51,54,55,62,67,79,88,130,130,130,218853,1,52,68.64508428671226,27.034299999286304,3961.542200000622,2905.806399729499
1746377539,500,POST,POST /pastes,34.400000,0.000000,50,55,59,61,67,73,85,91,130,130,130,21723,0,55,74.16513998527304,30.012999999598833,2920.1709999997547,2852.601712470653
1746377539,500,,Aggregated,383.900000,0.000000,46,51,54,56,62,68,79,89,130,130,130,240576,1,52,69.14352207743033,27.034299999286304,3961.542200000622,2901.0022404562383
1746377540,500,GET,GET /pastes/:slug,348.700000,0.000000,46,51,54,56,63,71,91,110,140,140,140,219207,1,52,68.62411213327971,27.034299999286304,3961.542200000622,2905.676648099741
1746377540,500,POST,POST /pastes,35.500000,0.000000,50,56,60,61,67,76,90,93,130,130,130,21759,0,55,74.13342027207533,30.012999999598833,2920.1709999997547,2852.4551220184753
1746377540,500,,Aggregated,384.200000,0.000000,46,51,54,56,63,72,91,110,140,140,140,240966,1,52,69.12159740419766,27.034299999286304,3961.542200000622,2900.8707950499243
1746377541,500,GET,GET /pastes/:slug,349.700000,0.000000,46,51,54,56,62,71,91,110,140,140,140,219564,1,52,68.58922170938705,27.034299999286304,3961.542200000622,2905.7365916088247
1746377541,500,POST,POST /pastes,35.200000,0.000000,51,56,59,61,67,76,90,93,130,130,130,21791,0,55,74.09923190308304,30.012999999598833,2920.1709999997547,2852.3126520122987
1746377541,500,,Aggregated,384.900000,0.000000,46,51,54,57,63,72,91,110,140,140,140,241355,1,52,69.08669900271343,27.034299999286304,3961.542200000622,2900.913152824677
1746377542,500,GET,GET /pastes/:slug,349.700000,0.000000,47,52,55,57,65,81,110,120,150,150,150,219839,1,52,68.58322879743743,27.034299999286304,3961.542200000622,2905.9387551799273
1746377542,500,POST,POST /pastes,35.200000,0.000000,51,57,60,62,71,83,120,130,160,160,160,21819,0,55,74.09057603465259,30.012999999598833,2920.1709999997547,2852.7739126449424
1746377542,500,,Aggregated,384.900000,0.000000,47,52,56,58,66,81,110,120,150,160,160,241658,1,52,69.08048032384565,27.034299999286304,3961.542200000622,2901.138567727946
1746377543,500,GET,GET /pastes/:slug,348.500000,0.000000,47,53,57,60,73,96,130,170,220,220,220,220246,1,52,68.58736125287105,27.034299999286304,3961.542200000622,2906.0112011114843
1746377543,500,POST,POST /pastes,35.800000,0.000000,54,58,63,66,82,100,150,170,220,220,220,21855,0,55,74.11616231068817,30.012999999598833,2920.1709999997547,2852.882269503546
1746377543,500,,Aggregated,384.300000,0.000000,48,54,57,60,74,98,140,170,220,220,220,242101,1,52,69.0864585185517,27.034299999286304,3961.542200000622,2901.2151333534352
1746377544,500,GET,GET /pastes/:slug,343.100000,0.000000,48,53,57,60,75,96,130,170,220,220,220,220606,1,52,68.55417162497773,27.034299999286304,3961.542200000622,2906.2335883883484
1746377544,500,POST,POST /pastes,35.100000,0.000000,54,58,63,66,82,100,150,170,220,220,220,21889,0,55,74.08020482434506,30.012999999598833,2920.1709999997547,2853.0096852300244
1746377544,500,,Aggregated,378.200000,0.000000,48,54,58,61,75,97,140,170,220,220,220,242495,1,52,69.05298331470703,27.034299999286304,3961.542200000622,2901.4292913255945
1746377545,500,GET,GET /pastes/:slug,349.800000,0.000000,48,53,57,60,74,96,130,170,220,220,220,220947,1,52,68.52288690636148,27.034299999286304,3961.542200000622,2906.2820088075423
1746377545,500,POST,POST /pastes,34.000000,0.000000,53,58,61,65,81,100,150,170,220,220,220,21928,0,55,74.03590380792066,30.012999999598833,2920.1709999997547,2853.2369117110543
1746377545,500,,Aggregated,383.800000,0.000000,48,54,58,61,74,97,140,170,220,220,220,242875,1,52,69.02063033247512,27.034299999286304,3961.542200000622,2901.492825527535
1746377546,500,GET,GET /pastes/:slug,349.300000,0.000000,48,53,58,60,77,110,140,170,220,220,220,221274,1,52,68.50721558294168,27.034299999286304,3961.542200000622,2906.4108300116595
1746377546,500,POST,POST /pastes,34.100000,0.000000,53,58,63,66,83,130,160,170,220,220,220,21967,0,55,74.0179051987112,30.012999999598833,2920.1709999997547,2853.7808530978286
1746377546,500,,Aggregated,383.400000,0.000000,48,54,58,61,78,110,140,170,220,220,220,243241,1,52,69.00488381646137,27.034299999286304,3961.542200000622,2901.657837288944
1746377547,500,GET,GET /pastes/:slug,349.100000,0.000000,48,54,58,61,77,110,140,170,220,220,220,221631,1,52,68.47600738208932,27.034299999286304,3961.542200000622,2906.2752999354784
1746377547,500,POST,POST /pastes,34.500000,0.000000,54,59,63,66,83,130,160,170,220,220,220,22000,0,55,73.98925991818578,30.012999999598833,2920.1709999997547,2853.3960454545454
1746377547,500,,Aggregated,383.600000,0.000000,49,55,59,62,78,110,140,170,220,220,220,243631,1,52,68.97385681748166,27.034299999286304,3961.542200000622,2901.5002770583383
1746377548,500,GET,GET /pastes/:slug,347.900000,0.000000,48,54,58,60,73,100,140,170,220,220,220,221986,1,52,68.44322641743095,27.034299999286304,3961.542200000622,2906.2690665177083
1746377548,500,POST,POST /pastes,34.800000,0.000000,52,58,61,65,78,130,160,170,220,220,220,22025,0,55,73.96357838819908,30.012999999598833,2920.1709999997547,2853.578206583428
1746377548,500,,Aggregated,382.700000,0.000000,49,54,58,61,74,110,140,170,220,220,220,244011,1,52,68.94150621693231,27.034299999286304,3961.542200000622,2901.513067033863
1746377549,500,GET,GET /pastes/:slug,348.500000,0.000000,48,54,58,60,71,93,140,170,220,220,220,222328,1,52,68.41552816154433,27.034299999286304,3961.542200000622,2906.236029649887
1746377549,500,POST,POST /pastes,34.100000,0.000000,52,58,61,65,77,130,160,170,220,220,220,22071,0,55,73.92141883467394,30.012999999598833,2920.1709999997547,2853.61936477731
1746377549,500,,Aggregated,382.600000,0.000000,49,54,58,61,71,94,140,170,220,220,220,244399,1,52,68.91274997115318,27.034299999286304,3961.542200000622,2901.484363683976
1746377550,500,GET,GET /pastes/:slug,347.500000,0.000000,48,54,58,60,71,93,140,170,220,220,220,222678,1,52,68.38262453991784,27.034299999286304,3961.542200000622,2906.0814000485007
1746377550,500,POST,POST /pastes,33.500000,0.000000,52,59,63,65,77,130,160,170,220,220,220,22105,0,55,73.88867308301691,30.012999999598833,2920.1709999997547,2853.349604161954
1746377550,500,,Aggregated,381.000000,0.000000,49,54,58,61,72,94,140,170,220,220,220,244783,1,52,68.87984535609046,27.034299999286304,3961.542200000622,2901.3194829706313
1746377551,500,GET,GET /pastes/:slug,345.600000,0.000000,48,53,57,59,69,86,130,170,220,220,220,223019,1,52,68.36195029347199,27.034299999286304,3961.542200000622,2906.0841004578087
1746377551,500,POST,POST /pastes,34.800000,0.000000,52,59,62,65,77,100,160,170,220,220,220,22135,0,55,73.8689164129248,30.012999999598833,2920.1709999997547,2853.4931556358706
1746377551,500,,Aggregated,380.400000,0.000000,49,54,58,60,70,86,140,170,220,220,220,245154,1,52,68.85917528288303,27.034299999286304,3961.542200000622,2901.335654323405
1746377552,500,GET,GET /pastes/:slug,344.900000,0.000000,48,53,56,58,65,74,92,110,160,170,170,223373,1,52,68.33502656005795,27.034299999286304,3961.542200000622,2906.0818362111804
1746377552,500,POST,POST /pastes,34.500000,0.000000,51,56,60,62,71,81,110,140,170,170,170,22168,0,55,73.83834911133575,30.012999999598833,2920.1709999997547,2853.678500541321
1746377552,500,,Aggregated,379.400000,0.000000,48,53,56,59,66,75,92,110,160,170,170,245541,1,52,68.83187903812376,27.034299999286304,3961.542200000622,2901.350743867623
1746377553,500,GET,GET /pastes/:slug,344.800000,0.000000,48,53,56,58,65,74,92,110,160,170,170,223735,1,52,68.30094921223696,27.034299999286304,3961.542200000622,2906.0636199074797
1746377553,500,POST,POST /pastes,34.100000,0.000000,51,56,61,62,71,80,110,140,170,170,170,22209,0,55,73.79833302265229,30.012999999598833,2920.1709999997547,2853.549011661939
1746377553,500,,Aggregated,378.900000,0.000000,48,53,56,59,65,75,92,110,160,170,170,245944,1,52,68.79736871035685,27.034299999286304,3961.542200000622,2901.3214959502975
1746377554,500,GET,GET /pastes/:slug,351.100000,0.000000,48,53,56,58,65,75,92,110,160,170,170,224085,1,52,68.27137885489805,27.034299999286304,3961.542200000622,2906.1673605997726
1746377554,500,POST,POST /pastes,34.600000,0.000000,51,56,60,62,71,79,110,140,170,170,170,22248,0,55,73.75709172510285,30.012999999598833,2920.1709999997547,2853.859627831715
1746377554,500,,Aggregated,385.700000,0.000000,48,53,56,59,65,75,92,110,160,170,170,246333,1,52,68.76683070234206,27.034299999286304,3961.542200000622,2901.443095322186
1746377555,500,GET,GET /pastes/:slug,347.000000,0.000000,48,53,57,60,68,81,110,120,160,180,180,224443,1,52,68.26954876962009,27.034299999286304,3961.542200000622,2906.0716306590093
1746377555,500,POST,POST /pastes,35.200000,0.000000,51,56,60,62,74,82,110,110,180,180,180,22284,0,55,73.74680316370919,30.012999999598833,2920.1709999997547,2853.77845090648
1746377555,500,,Aggregated,382.200000,0.000000,48,53,57,60,69,82,110,120,180,180,180,246727,1,52,68.76424589201851,27.034299999286304,3961.542200000622,2901.348591763366
1746377556,500,GET,GET /pastes/:slug,346.300000,0.000000,48,54,57,61,70,84,110,120,160,180,180,224764,1,52,68.24872864159659,27.034299999286304,3961.542200000622,2906.125028919222
1746377556,500,POST,POST /pastes,35.800000,0.000000,51,57,61,65,75,90,110,110,180,180,180,22325,0,55,73.72506010750656,30.012999999598833,2920.1709999997547,2853.9330347144455
1746377556,500,,Aggregated,382.100000,0.000000,49,54,58,61,71,85,110,120,180,180,180,247089,1,52,68.74352646738653,27.034299999286304,3961.542200000622,2901.409374759702
1746377557,500,GET,GET /pastes/:slug,347.100000,0.000000,48,54,57,61,71,84,110,120,160,180,180,225121,1,52,68.21583362058556,27.034299999286304,3961.542200000622,2906.199932480755
1746377557,500,POST,POST /pastes,35.500000,0.000000,52,57,62,65,76,91,110,110,180,180,180,22358,0,55,73.69765680293774,30.012999999598833,2920.1709999997547,2853.8589319259327
1746377557,500,,Aggregated,382.600000,0.000000,49,54,58,61,71,86,110,120,180,180,180,247479,1,52,68.71107807652398,27.034299999286304,3961.542200000622,2901.4712884729615
1746377558,500,GET,GET /pastes/:slug,346.600000,0.000000,48,53,57,60,69,83,110,120,160,180,180,225473,1,52,68.18315926075337,27.034299999286304,3961.542200000622,2906.2537687439294
1746377558,500,POST,POST /pastes,35.300000,0.000000,51,57,62,65,74,91,110,110,180,180,180,22398,0,55,73.65697443968587,30.012999999598833,2920.1709999997547,2854.098892758282
1746377558,500,,Aggregated,381.900000,0.000000,48,54,57,60,70,84,110,120,180,180,180,247871,1,52,68.67778151336812,27.034299999286304,3961.542200000622,2901.5409749426112
1746377559,500,GET,GET /pastes/:slug,347.100000,0.000000,48,53,57,59,69,83,110,120,160,180,180,225796,1,52,68.15045174670878,27.034299999286304,3961.542200000622,2906.3173306878775
1746377559,500,POST,POST /pastes,35.600000,0.000000,51,56,60,63,72,91,110,110,180,180,180,22435,0,55,73.61380603075945,30.012999999598833,2920.1709999997547,2854.422554045019
1746377559,500,,Aggregated,382.700000,0.000000,48,53,57,60,70,84,110,120,180,180,180,248231,1,52,68.64422711466361,27.034299999286304,3961.542200000622,2901.627105397795
1746377560,500,GET,GET /pastes/:slug,348.200000,0.000000,47,53,56,58,67,78,110,120,160,180,180,226149,1,52,68.11940684902363,27.034299999286304,3961.542200000622,2906.3137975405593
1746377560,500,POST,POST /pastes,36.800000,0.000000,51,56,59,62,70,85,100,110,180,180,180,22467,0,55,73.58178650465497,30.012999999598833,2920.1709999997547,2853.9760982774737
1746377560,500,,Aggregated,385.000000,0.000000,48,53,56,59,67,79,110,120,180,180,180,248616,1,52,68.61303269660857,27.034299999286304,3961.542200000622,2901.584129742253
1746377561,500,GET,GET /pastes/:slug,345.100000,0.000000,47,53,56,58,67,78,110,120,160,180,180,226487,1,52,68.09512382609086,27.034299999286304,3961.542200000622,2906.409930812806
1746377561,500,POST,POST /pastes,36.000000,0.000000,51,56,60,63,70,85,100,110,180,180,180,22503,0,55,73.55128275785815,30.012999999598833,2920.1709999997547,2853.799937786073
1746377561,500,,Aggregated,381.100000,0.000000,48,53,56,59,67,78,110,120,180,180,180,248990,1,52,68.58823577613565,27.034299999286304,3961.542200000622,2901.655190971525
1746377562,500,GET,GET /pastes/:slug,345.200000,0.000000,47,52,56,58,67,78,110,120,160,180,180,226846,1,52,68.06158189785062,27.034299999286304,3961.542200000622,2906.4718002521536
1746377562,500,POST,POST /pastes,35.900000,0.000000,51,56,59,62,69,85,100,110,180,180,180,22542,0,55,73.50994000532707,30.012999999598833,2920.1709999997547,2852.9396238133263
1746377562,500,,Aggregated,381.100000,0.000000,48,53,56,59,67,78,110,120,180,180,180,249388,1,52,68.55405502590347,27.034299999286304,3961.542200000622,2901.6330657449435
1746377563,500,GET,GET /pastes/:slug,343.800000,0.000000,47,52,56,58,66,77,110,120,160,180,180,227196,1,52,68.02764234273401,27.034299999286304,3961.542200000622,2906.6797566858572
1746377563,500,POST,POST /pastes,36.700000,0.000000,51,56,60,63,69,85,100,110,180,180,180,22580,0,55,73.46984269265239,30.012999999598833,2920.1709999997547,2852.8785208148806
1746377563,500,,Aggregated,380.500000,0.000000,47,52,56,58,67,77,110,120,180,180,180,249776,1,52,68.51962269273265,27.034299999286304,3961.542200000622,2901.816071199795
1746377564,500,GET,GET /pastes/:slug,345.900000,0.000000,46,51,54,56,62,68,75,82,100,110,110,227537,1,52,67.99614444947333,27.034299999286304,3961.542200000622,2906.6766240215875
1746377564,500,POST,POST /pastes,37.400000,0.000000,51,55,59,61,67,70,85,94,110,110,110,22611,0,55,73.43964354075861,30.012999999598833,2920.1709999997547,2853.041616912122
1746377564,500,,Aggregated,383.300000,0.000000,47,52,55,57,63,68,75,82,110,110,110,250148,1,52,68.48818499328395,27.034299999286304,3961.542200000622,2901.8285295105297
1746377565,500,GET,GET /pastes/:slug,344.300000,0.000000,46,51,54,55,60,66,71,77,89,100,100,227889,1,52,67.96353204981297,27.034299999286304,3961.542200000622,2906.539648688616
1746377565,500,POST,POST /pastes,36.800000,0.000000,50,54,57,59,64,68,72,76,91,91,91,22645,0,55,73.40449656878299,30.012999999598833,2920.1709999997547,2852.7642305144623
1746377565,500,,Aggregated,381.100000,0.000000,46,51,54,56,61,66,71,77,91,100,100,250534,1,52,68.45532414801968,27.034299999286304,3961.542200000622,2901.679053541635
1746377566,500,GET,GET /pastes/:slug,345.300000,0.000000,47,51,54,56,62,69,80,94,130,140,140,228239,1,52,67.94801110940654,27.034299999286304,3961.542200000622,2906.6461034266713
1746377566,500,POST,POST /pastes,36.200000,0.000000,51,55,57,59,65,68,76,87,130,130,130,22689,0,55,73.37617653488864,30.012999999598833,2920.1709999997547,2853.3522411741374
1746377566,500,,Aggregated,381.500000,0.000000,47,52,55,57,62,69,79,94,130,140,140,250928,1,52,68.43882777928323,27.034299999286304,3961.542200000622,2901.827253235988
1746377567,500,GET,GET /pastes/:slug,343.600000,0.000000,46,51,54,56,62,68,80,94,130,140,140,228565,1,52,67.91425402751887,27.034299999286304,3961.542200000622,2906.510533108744
1746377567,500,POST,POST /pastes,35.700000,0.000000,50,55,57,59,64,68,76,87,130,130,130,22733,0,55,73.32464360621498,30.012999999598833,2920.1709999997547,2853.175119869793
1746377567,500,,Aggregated,379.300000,0.000000,47,51,55,56,62,68,79,94,130,140,140,251298,1,52,68.4036904189449,27.034299999286304,3961.542200000622,2901.68568790838
1746377568,500,GET,GET /pastes/:slug,345.200000,0.000000,47,51,55,57,63,70,84,100,130,140,140,228942,1,52,67.88592774720169,27.034299999286304,3961.542200000622,2906.4154545692795
1746377568,500,POST,POST /pastes,36.800000,0.000000,50,55,57,59,65,70,82,100,130,130,130,22769,0,55,73.29273789802312,30.012999999598833,2920.1709999997547,2853.2550397470245
1746377568,500,,Aggregated,382.000000,0.000000,47,52,55,57,63,70,83,100,130,140,140,251711,1,52,68.3750111020179,27.034299999286304,3961.542200000622,2901.6067275566024
1746377569,500,GET,GET /pastes/:slug,344.100000,0.000000,46,51,54,56,62,70,84,100,130,140,140,229282,1,52,67.85256440278725,27.034299999286304,3961.542200000622,2906.251611552586
1746377569,500,POST,POST /pastes,37.100000,0.000000,50,54,57,59,65,70,82,100,130,130,130,22803,0,55,73.25308725606688,30.012999999598833,2920.1709999997547,2853.408455027847
1746377569,500,,Aggregated,381.200000,0.000000,47,51,55,57,63,70,83,100,130,140,140,252085,1,52,68.34108265109018,27.034299999286304,3961.542200000622,2901.471547295555
1746377570,500,GET,GET /pastes/:slug,345.000000,0.000000,46,51,54,56,61,68,83,100,130,140,140,229647,1,52,67.81979544387622,27.034299999286304,3961.542200000622,2906.1076565337235
1746377570,500,POST,POST /pastes,37.200000,0.000000,49,54,57,58,65,70,82,100,130,130,130,22840,0,55,73.21845494746428,30.012999999598833,2920.1709999997547,2853.1545971978985
1746377570,500,,Aggregated,382.200000,0.000000,46,51,54,56,61,69,83,100,130,140,140,252487,1,52,68.3081587380738,27.034299999286304,3961.542200000622,2901.317517337526
1746377571,500,GET,GET /pastes/:slug,346.500000,0.000000,46,51,54,56,63,75,110,130,180,190,190,229999,1,52,67.80839444606215,27.034299999286304,3961.542200000622,2906.1558876342942
1746377571,500,POST,POST /pastes,36.600000,0.000000,49,54,57,59,66,76,100,130,150,150,150,22866,0,55,73.20799644887971,30.012999999598833,2920.1709999997547,2853.133823143532
1746377571,500,,Aggregated,383.100000,0.000000,46,51,55,57,63,76,100,130,180,190,190,252865,1,52,68.2966680283947,27.034299999286304,3961.542200000622,2901.3612243687344
1746377572,500,GET,GET /pastes/:slug,348.300000,0.000000,46,51,54,56,63,76,110,130,180,190,190,230346,1,52,67.77642978736269,27.034299999286304,3961.542200000622,2906.08663054709
1746377572,500,POST,POST /pastes,37.000000,0.000000,49,54,57,59,66,76,100,130,150,150,150,22898,0,55,73.17695138003678,30.012999999598833,2920.1709999997547,2853.274390776487
1746377572,500,,Aggregated,385.300000,0.000000,46,51,54,57,64,76,100,130,180,190,190,253244,1,52,68.26473807276791,27.034299999286304,3961.542200000622,2901.3114150779484
1746377573,500,GET,GET /pastes/:slug,349.500000,0.000000,46,51,54,56,63,75,100,130,180,190,190,230715,1,52,67.74287353834755,27.034299999286304,3961.542200000622,2906.205019179507
1746377573,500,POST,POST /pastes,36.200000,0.000000,49,54,57,60,67,79,100,130,150,150,150,22925,0,55,73.15715664994893,30.012999999598833,2920.1709999997547,2853.517818974918
1746377573,500,,Aggregated,385.700000,0.000000,46,51,54,57,64,76,100,130,180,190,190,253640,1,52,68.23223815092264,27.034299999286304,3961.542200000622,2901.442938810913
1746377574,500,GET,GET /pastes/:slug,348.000000,0.000000,46,51,54,57,64,76,100,130,180,190,190,231075,1,52,67.7117969001401,27.034299999286304,3961.542200000622,2906.188691983122
1746377574,500,POST,POST /pastes,35.600000,0.000000,49,54,57,60,68,81,100,130,150,150,150,22955,0,55,73.12978600740949,30.012999999598833,2920.1709999997547,2853.6674798518843
1746377574,500,,Aggregated,383.600000,0.000000,46,51,55,57,64,76,100,130,180,190,190,254030,1,52,68.20138450773526,27.034299999286304,3961.542200000622,2901.44269968114
1746377575,500,GET,GET /pastes/:slug,350.800000,0.000000,46,51,54,56,63,73,100,130,180,190,190,231424,1,52,67.68229840552354,27.034299999286304,3961.542200000622,2906.252938329646
1746377575,500,POST,POST /pastes,34.700000,0.000000,49,53,56,60,67,76,100,130,150,150,150,22988,0,55,73.09658342613932,30.012999999598833,2920.1709999997547,2854.525187054115
1746377575,500,,Aggregated,385.500000,0.000000,46,51,54,57,63,74,100,130,180,190,190,254412,1,52,68.17151897709215,27.034299999286304,3961.542200000622,2901.578954609059
1746377576,500,GET,GET /pastes/:slug,349.900000,0.000000,46,51,54,56,62,70,89,120,180,190,190,231764,1,51,67.65257791503386,27.034299999286304,3961.542200000622,2906.107833830966
1746377576,500,POST,POST /pastes,34.100000,0.000000,49,52,56,59,66,76,85,140,150,150,150,23025,0,55,73.05744058198036,30.012999999598833,2920.1709999997547,2854.5090119435395
1746377576,500,,Aggregated,384.000000,0.000000,46,51,54,56,63,70,89,120,180,190,190,254789,1,52,68.14100937363838,27.034299999286304,3961.542200000622,2901.444905392305
1746377577,500,GET,GET /pastes/:slug,351.400000,0.000000,46,51,53,55,61,67,81,120,180,190,190,232114,1,51,67.62204447469732,27.034299999286304,3961.542200000622,2906.2130935660925
1746377577,500,POST,POST /pastes,34.500000,0.000000,50,53,56,59,65,70,81,130,150,150,150,23067,0,55,73.01951524255871,30.012999999598833,2920.1709999997547,2854.7055967399315
1746377577,500,,Aggregated,385.900000,0.000000,46,51,54,56,62,68,81,120,180,190,190,255181,1,52,68.10994701525546,27.034299999286304,3961.542200000622,2901.5570908492405
1746377578,500,GET,GET /pastes/:slug,352.100000,0.000000,46,51,54,56,62,69,83,120,180,190,190,232421,1,51,67.59514415478756,27.034299999286304,3961.542200000622,2906.1443458207305
1746377578,500,POST,POST /pastes,32.500000,0.000000,50,54,57,60,66,73,82,130,150,150,150,23115,0,55,72.9735056759727,30.012999999598833,2920.1709999997547,2854.8398875189273
1746377578,500,,Aggregated,384.600000,0.000000,47,51,54,56,63,69,82,120,180,190,190,255536,1,52,68.08165418297186,27.034299999286304,3961.542200000622,2901.503502441926
1746377579,500,GET,GET /pastes/:slug,351.700000,0.000000,47,51,55,57,64,75,120,130,180,190,190,232800,1,51,67.58280620919194,27.034299999286304,3961.542200000622,2906.3055498281788
1746377579,500,POST,POST /pastes,32.800000,0.000000,50,54,59,60,66,75,130,140,160,160,160,23147,0,55,72.95622034389363,30.012999999598833,2920.1709999997547,2855.2092279777075
1746377579,500,,Aggregated,384.500000,0.000000,47,52,55,57,64,75,120,140,180,190,190,255947,1,52,68.06876000812628,27.034299999286304,3961.542200000622,2901.6845675081167
1746377580,500,GET,GET /pastes/:slug,347.500000,0.000000,46,51,54,56,62,69,88,110,160,180,180,233149,1,51,67.55363913591692,27.034299999286304,3961.542200000622,2906.3771922676056
1746377580,500,POST,POST /pastes,34.300000,0.000000,50,54,57,60,65,70,81,110,160,160,160,23183,0,55,72.9171354440801,30.012999999598833,2920.1709999997547,2854.9388776258465
1746377580,500,,Aggregated,381.800000,0.000000,47,51,54,56,63,69,88,110,160,180,180,256332,1,52,68.03872072897613,27.034299999286304,3961.542200000622,2901.725044083454
1746377581,500,GET,GET /pastes/:slug,351.300000,0.000000,47,51,54,56,63,71,94,120,160,180,180,233509,1,51,67.52775762347437,27.034299999286304,3961.542200000622,2906.4303260259776
1746377581,500,POST,POST /pastes,34.200000,0.000000,50,54,58,60,66,71,93,110,160,160,160,23221,0,55,72.88725577710262,30.012999999598833,2920.1709999997547,2855.0457344644933
1746377581,500,,Aggregated,385.500000,0.000000,47,52,55,57,63,71,94,120,160,180,180,256730,1,52,68.01251946130144,27.034299999286304,3961.542200000622,2901.7826354535896
1746377582,500,GET,GET /pastes/:slug,348.400000,0.000000,47,51,54,57,63,72,94,120,160,180,180,233867,1,51,67.49800192716323,27.034299999286304,3961.542200000622,2906.4281707124132
1746377582,500,POST,POST /pastes,33.700000,0.000000,50,53,57,59,66,70,93,110,160,160,160,23249,0,55,72.85745080218926,30.012999999598833,2920.1709999997547,2854.93242720117
1746377582,500,,Aggregated,382.100000,0.000000,47,52,55,57,64,71,94,120,160,180,180,257116,1,52,67.98261520247644,27.034299999286304,3961.542200000622,2901.771811166944
1746377583,500,GET,GET /pastes/:slug,350.300000,0.000000,47,52,55,57,64,73,96,120,160,180,180,234214,1,51,67.4768420521399,27.034299999286304,3961.542200000622,2906.380997720034
1746377583,500,POST,POST /pastes,35.300000,0.000000,50,54,57,60,66,73,95,120,160,160,160,23287,0,55,72.83608785159514,30.012999999598833,2920.1709999997547,2855.193154979173
1746377583,500,,Aggregated,385.600000,0.000000,47,52,55,57,65,73,96,120,160,180,180,257501,1,52,67.96150330367634,27.034299999286304,3961.542200000622,2901.7518456239004
1746377584,500,GET,GET /pastes/:slug,350.200000,0.000000,47,52,55,58,65,77,110,120,160,180,180,234552,1,51,67.45513345910459,27.034299999286304,3961.542200000622,2906.27396483509
1746377584,500,POST,POST /pastes,35.000000,0.000000,51,55,59,60,66,79,110,130,160,160,160,23320,0,55,72.81708161235382,30.012999999598833,2920.1709999997547,2855.136835334477
1746377584,500,,Aggregated,385.200000,0.000000,48,52,56,58,66,77,110,120,160,180,180,257872,1,52,67.94002763502816,27.034299999286304,3961.542200000622,2901.6495082831793
1746377585,500,GET,GET /pastes/:slug,346.400000,0.000000,47,52,56,58,66,77,110,120,160,180,180,234904,1,51,67.4270388537441,27.034299999286304,3961.542200000622,2906.3284490685555
1746377585,500,POST,POST /pastes,35.200000,0.000000,51,55,59,61,67,79,110,130,160,160,160,23358,0,55,72.78524463995542,30.012999999598833,2920.1709999997547,2854.9696035619486
1746377585,500,,Aggregated,381.600000,0.000000,48,53,56,59,66,78,110,120,160,180,180,258262,1,52,67.91165126576874,27.034299999286304,3961.542200000622,2901.6833990288933
1746377586,500,GET,GET /pastes/:slug,348.200000,0.000000,48,52,56,59,66,77,110,120,160,180,180,235269,1,51,67.39875497409304,27.034299999286304,3961.542200000622,2906.236797028083
1746377586,500,POST,POST /pastes,36.000000,0.000000,51,56,60,62,69,79,110,130,160,160,160,23387,0,55,72.76422596314521,30.012999999598833,2920.1709999997547,2854.6420233463036
1746377586,500,,Aggregated,384.200000,0.000000,48,53,56,59,66,78,110,120,160,180,180,258656,1,52,67.88388684816886,27.034299999286304,3961.542200000622,2901.571732339478
1746377587,500,GET,GET /pastes/:slug,345.800000,0.000000,48,53,56,59,66,77,100,120,160,180,180,235635,1,51,67.36868365777536,27.034299999286304,3961.542200000622,2906.2517495278717
1746377587,500,POST,POST /pastes,36.700000,0.000000,52,56,60,63,70,80,120,130,160,160,160,23422,0,55,72.73858188882579,30.012999999598833,2920.1709999997547,2854.4105114849285
1746377587,500,,Aggregated,382.500000,0.000000,48,53,57,59,66,78,110,120,160,180,180,259057,1,52,67.85418976788877,27.034299999286304,3961.542200000622,2901.564651794779
1746377588,500,GET,GET /pastes/:slug,348.700000,0.000000,47,52,55,57,63,70,82,100,130,270,270,235966,1,51,67.33941985540254,27.034299999286304,3961.542200000622,2906.0617038047853
1746377588,500,POST,POST /pastes,36.400000,0.000000,51,55,59,62,68,78,87,120,130,130,130,23458,0,55,72.69995428851875,30.012999999598833,2920.1709999997547,2854.3617529201124
1746377588,500,,Aggregated,385.100000,0.000000,47,52,55,58,64,70,84,100,130,270,270,259424,1,52,67.82413760214916,27.034299999286304,3961.542200000622,2901.3868184901935
1746377589,500,GET,GET /pastes/:slug,348.900000,0.000000,47,52,55,57,63,70,82,100,130,270,270,236317,1,51,67.31013087886146,27.034299999286304,3961.542200000622,2906.139080133888
1746377589,500,POST,POST /pastes,35.600000,0.000000,51,56,60,63,68,79,87,120,130,130,130,23487,0,55,72.67574326649083,30.012999999598833,2920.1709999997547,2854.5665261634094
1746377589,500,,Aggregated,384.500000,0.000000,47,52,55,58,64,71,83,100,130,270,270,259804,1,52,67.79519707548724,27.034299999286304,3961.542200000622,2901.4767786485195
1746377590,500,GET,GET /pastes/:slug,349.700000,0.000000,47,52,55,57,63,70,82,100,130,270,270,236668,1,51,67.2795594398056,27.034299999286304,3961.542200000622,2906.087041763145
1746377590,500,POST,POST /pastes,34.100000,0.000000,51,56,60,62,68,78,87,120,130,130,130,23520,0,55,72.64435858843835,30.012999999598833,2920.1709999997547,2854.8147534013606
1746377590,500,,Aggregated,383.800000,0.000000,47,52,55,58,63,71,83,100,130,270,270,260188,1,52,67.7645167628788,27.034299999286304,3961.542200000622,2901.452223007979
1746377591,500,GET,GET /pastes/:slug,350.600000,0.000000,47,51,54,57,62,68,78,89,130,270,270,237025,1,51,67.24783587174312,27.034299999286304,3961.542200000622,2906.049032802447
1746377591,500,POST,POST /pastes,34.300000,0.000000,51,56,60,62,68,78,87,120,130,130,130,23568,0,55,72.60017816106891,30.012999999598833,2920.1709999997547,2854.8442803801763
1746377591,500,,Aggregated,384.900000,0.000000,47,52,55,57,63,69,80,90,130,270,270,260593,1,52,67.73190107332081,27.034299999286304,3961.542200000622,2901.418081068947
1746377592,500,GET,GET /pastes/:slug,349.000000,0.000000,46,51,54,56,61,67,77,85,130,270,270,237363,1,51,67.21843951416147,27.034299999286304,3961.542200000622,2906.0178629356724
1746377592,500,POST,POST /pastes,34.400000,0.000000,51,56,59,61,68,76,86,120,130,130,130,23610,0,55,72.5614725540055,30.012999999598833,2920.1709999997547,2854.9045319779752
1746377592,500,,Aggregated,383.400000,0.000000,47,51,54,57,62,68,78,87,130,270,270,260973,1,52,67.70181905944256,27.034299999286304,3961.542200000622,2901.3936844041336
1746377593,500,GET,GET /pastes/:slug,349.600000,0.000000,46,51,53,55,60,65,72,77,88,270,270,237722,1,51,67.1894472307985,27.034299999286304,3961.542200000622,2906.10099612152
1746377593,500,POST,POST /pastes,33.800000,0.000000,51,55,59,61,66,72,78,80,120,120,120,23649,0,55,72.53159790266238,30.012999999598833,2920.1709999997547,2854.9251976827773
1746377593,500,,Aggregated,383.400000,0.000000,47,51,54,56,61,66,73,78,89,270,270,261371,1,52,67.6728081286748,27.034299999286304,3961.542200000622,2901.4705801332207
1746377594,500,GET,GET /pastes/:slug,347.900000,0.000000,46,50,53,55,60,65,72,77,89,270,270,238088,1,51,67.16049034390592,27.034299999286304,3961.542200000622,2906.07777796445
1746377594,500,POST,POST /pastes,34.900000,0.000000,50,55,59,60,66,72,78,80,120,120,120,23681,0,55,72.50051475866981,30.012999999598833,2920.1709999997547,2854.6751826358686
1746377594,500,,Aggregated,382.800000,0.000000,46,51,54,56,61,66,73,77,89,270,270,261769,1,52,67.64357702783698,27.034299999286304,3961.542200000622,2901.4276289400195
1746377595,500,GET,GET /pastes/:slug,350.400000,0.000000,45,50,53,54,60,64,71,76,89,270,270,238439,1,51,67.12759795754833,27.034299999286304,3961.542200000622,2906.006920008891
1746377595,500,POST,POST /pastes,37.200000,0.000000,49,54,58,60,65,71,76,78,120,120,120,23713,0,55,72.46794030279011,30.012999999598833,2920.1709999997547,2854.819592628516
1746377595,500,,Aggregated,387.600000,0.000000,46,50,53,55,60,65,72,77,89,270,270,262152,1,52,67.61065945634532,27.034299999286304,3961.542200000622,2901.3767623363547
1746377596,500,GET,GET /pastes/:slug,348.700000,0.000000,45,50,53,54,60,64,71,76,89,270,270,238776,1,51,67.0969172199044,27.034299999286304,3961.542200000622,2905.9960841960665
1746377596,500,POST,POST /pastes,36.300000,0.000000,49,54,57,59,64,69,75,78,120,120,120,23757,0,55,72.42427617965515,30.012999999598833,2920.1709999997547,2855.466304668098
1746377596,500,,Aggregated,385.000000,0.000000,46,50,53,55,60,64,71,76,89,270,270,262533,1,52,67.57899782236832,27.034299999286304,3961.542200000622,2901.423569608392
1746377597,500,GET,GET /pastes/:slug,351.100000,0.000000,45,50,52,54,59,63,70,74,84,93,93,239133,1,51,67.06224467346576,27.034299999286304,3961.542200000622,2905.960641149486
1746377597,500,POST,POST /pastes,35.700000,0.000000,49,54,56,59,63,68,72,76,80,80,80,23790,0,55,72.38802091215058,30.012999999598833,2920.1709999997547,2855.315762925599
1746377597,500,,Aggregated,386.800000,0.000000,45,50,53,54,60,64,71,75,84,93,93,262923,1,52,67.54413563286506,27.034299999286304,3961.542200000622,2901.3781525389563
1746377598,500,GET,GET /pastes/:slug,348.400000,0.000000,45,50,52,54,59,63,71,77,93,100,100,239480,1,51,67.03587450350716,27.034299999286304,3961.542200000622,2906.017166360448
1746377598,500,POST,POST /pastes,36.600000,0.000000,49,54,57,59,63,69,74,76,86,86,86,23829,0,55,72.35558315917842,30.012999999598833,2920.1709999997547,2855.090603886021
1746377598,500,,Aggregated,385.000000,0.000000,45,50,53,54,60,64,71,77,93,100,100,263309,1,52,67.5172987524156,27.034299999286304,3961.542200000622,2901.408402295402
1746377599,500,GET,GET /pastes/:slug,348.900000,0.000000,45,50,52,54,59,64,71,77,93,100,100,239809,1,51,67.0078261416373,27.034299999286304,3961.542200000622,2905.9633791892716
1746377599,500,POST,POST /pastes,36.800000,0.000000,48,54,57,59,63,69,75,76,86,86,86,23858,0,55,72.32712343448989,30.012999999598833,2920.1709999997547,2854.9462234889766
1746377599,500,,Aggregated,385.700000,0.000000,45,50,53,55,60,65,72,77,93,100,100,263667,1,52,67.48914460322973,27.034299999286304,3961.542200000622,2901.347074150349
1746377600,500,GET,GET /pastes/:slug,348.400000,0.000000,45,50,53,54,60,65,73,78,93,100,100,240160,1,51,66.98067284185483,27.034299999286304,3961.542200000622,2906.231583111259
1746377600,500,POST,POST /pastes,36.500000,0.000000,48,53,56,58,63,69,75,77,89,89,89,23896,0,55,72.29227343070215,30.012999999598833,2920.1709999997547,2854.707063943756
1746377600,500,,Aggregated,384.900000,0.000000,45,50,53,55,60,66,73,78,93,100,100,264056,1,52,67.46135121186316,27.034299999286304,3961.542200000622,2901.5688225224953
1746377601,500,GET,GET /pastes/:slug,347.100000,0.000000,45,50,53,54,60,65,72,78,93,100,100,240506,1,51,66.95189397852788,27.034299999286304,3961.542200000622,2906.119909690403
1746377601,500,POST,POST /pastes,37.200000,0.000000,48,54,57,59,63,69,76,77,89,89,89,23936,0,55,72.2589803099957,30.012999999598833,2920.1709999997547,2854.092496657754
1746377601,500,,Aggregated,384.300000,0.000000,45,50,53,55,61,65,72,78,93,100,100,264442,1,52,67.43226554745362,27.034299999286304,3961.542200000622,2901.410642031145
1746377602,500,GET,GET /pastes/:slug,347.800000,0.000000,45,50,53,55,61,66,74,79,96,100,100,240866,1,51,66.92652292851548,27.034299999286304,3961.542200000622,2906.086284490131
1746377602,500,POST,POST /pastes,37.200000,0.000000,49,54,58,60,65,72,82,89,97,97,97,23971,0,55,72.24339707146365,30.012999999598833,2920.1709999997547,2853.7506987610027
1746377602,500,,Aggregated,385.000000,0.000000,45,51,53,55,61,67,75,81,97,100,100,264837,1,52,67.40776531564592,27.034299999286304,3961.542200000622,2901.3492714386584
1746377603,500,GET,GET /pastes/:slug,344.400000,0.000000,45,50,53,55,60,66,74,78,96,100,100,241215,1,51,66.89744492382232,27.034299999286304,3961.542200000622,2905.9508529734885
1746377603,500,POST,POST /pastes,36.800000,0.000000,49,55,59,60,65,72,82,89,97,97,97,24001,0,55,72.21676585142527,30.012999999598833,2920.1709999997547,2853.979167534686
1746377603,500,,Aggregated,381.200000,0.000000,46,51,53,55,61,66,75,80,97,100,100,265216,1,52,67.3788224484937,27.034299999286304,3961.542200000622,2901.247620807191
1746377604,500,GET,GET /pastes/:slug,346.800000,0.000000,46,51,53,55,61,67,76,84,110,120,120,241577,1,51,66.87269789839183,27.034299999286304,3961.542200000622,2905.8167085442738
1746377604,500,POST,POST /pastes,36.800000,0.000000,49,55,58,60,65,72,82,89,97,97,97,24029,0,55,72.19295183736538,30.012999999598833,2920.1709999997547,2853.964293145782
1746377604,500,,Aggregated,383.600000,0.000000,46,51,54,56,61,68,77,85,110,120,120,265606,1,52,67.35401376437163,27.034299999286304,3961.542200000622,2901.1256936966784
1746377605,500,GET,GET /pastes/:slug,346.900000,0.000000,45,50,53,55,61,67,76,84,110,120,120,241927,1,51,66.84048138446633,27.034299999286304,3961.542200000622,2906.0772795099347
1746377605,500,POST,POST /pastes,34.800000,0.000000,49,55,59,60,66,72,82,89,97,97,97,24055,0,55,72.16536121804408,30.012999999598833,2920.1709999997547,2853.723259197672
1746377605,500,,Aggregated,381.700000,0.000000,46,51,54,56,61,67,77,85,110,120,120,265982,1,52,67.32205526689664,27.034299999286304,3961.542200000622,2901.3424630238137
1746377606,500,GET,GET /pastes/:slug,347.000000,0.000000,45,51,53,55,61,67,76,84,110,120,120,242280,1,51,66.80914078834326,27.034299999286304,3961.542200000622,2906.1036280336803
1746377606,500,POST,POST /pastes,35.000000,0.000000,50,56,59,60,66,72,82,89,97,97,97,24090,0,55,72.13543696139695,30.012999999598833,2920.1709999997547,2853.983229555832
1746377606,500,,Aggregated,382.000000,0.000000,46,51,54,56,61,67,77,85,110,120,120,266370,1,52,67.29084096031717,27.034299999286304,3961.542200000622,2901.3899575778055
1746377607,500,GET,GET /pastes/:slug,348.500000,0.000000,45,50,53,55,60,66,74,79,110,120,120,242616,1,51,66.77744821322506,27.034299999286304,3961.542200000622,2906.271968872622
1746377607,500,POST,POST /pastes,33.600000,0.000000,50,56,59,60,66,70,79,89,97,97,97,24124,0,55,72.10398013182117,30.012999999598833,2920.1709999997547,2854.11627424971
1746377607,500,,Aggregated,382.100000,0.000000,45,51,54,56,61,67,74,81,110,120,120,266740,1,52,67.25918044687599,27.034299999286304,3961.542200000622,2901.5550011246905
1746377608,500,GET,GET /pastes/:slug,347.600000,0.000000,45,50,53,55,60,66,74,78,110,120,120,242986,1,51,66.74610166058866,27.034299999286304,3961.542200000622,2906.2866955297836
1746377608,500,POST,POST /pastes,33.200000,0.000000,51,56,59,61,66,70,78,89,97,97,97,24157,0,55,72.07593993045737,30.012999999598833,2920.1709999997547,2853.8952684522083
1746377608,500,,Aggregated,380.800000,0.000000,45,50,53,55,61,67,74,79,110,120,120,267143,1,52,67.22806414167587,27.034299999286304,3961.542200000622,2901.5490841983506
1746377609,500,GET,GET /pastes/:slug,346.600000,0.000000,45,50,53,55,60,67,81,99,220,230,230,243343,1,51,66.72995978803488,27.034299999286304,3961.542200000622,2906.211623099904
1746377609,500,POST,POST /pastes,32.900000,0.000000,51,57,59,61,67,72,93,150,190,190,190,24182,0,55,72.06551000744584,30.012999999598833,2920.1709999997547,2853.5986270779918
1746377609,500,,Aggregated,379.500000,0.000000,45,50,54,56,61,68,83,100,220,230,230,267525,1,52,67.21224845416198,27.034299999286304,3961.542200000622,2901.4558527240447
1746377610,500,GET,GET /pastes/:slug,349.200000,0.000000,45,50,53,55,61,68,84,100,220,230,230,243701,1,51,66.7052251201257,27.034299999286304,3961.542200000622,2906.284438717937
1746377610,500,POST,POST /pastes,33.800000,0.000000,51,56,59,61,67,75,95,150,190,190,190,24219,0,55,72.03603761096905,30.012999999598833,2920.1709999997547,2853.674140137908
1746377610,500,,Aggregated,383.000000,0.000000,46,51,54,56,61,68,84,100,220,230,230,267920,1,51,67.18711130897162,27.034299999286304,3961.542200000622,2901.528657808301
1746377611,500,GET,GET /pastes/:slug,348.400000,0.000000,44,49,53,54,59,66,83,100,220,230,230,244054,1,51,66.67351531218405,27.034299999286304,3961.542200000622,2906.3750563399904
1746377611,500,POST,POST /pastes,32.200000,0.000000,49,55,58,59,65,69,79,150,190,190,190,24250,0,55,72.00210694020842,30.012999999598833,2920.1709999997547,2853.2307216494846
1746377611,500,,Aggregated,380.600000,0.000000,45,50,53,55,60,67,82,100,220,230,230,268304,1,51,67.15512701748644,27.034299999286304,3961.542200000622,2901.571735792236
1746377612,500,GET,GET /pastes/:slug,352.000000,0.000000,44,49,52,54,59,65,83,100,220,230,230,244395,1,51,66.64225766893671,27.034299999286304,3961.542200000622,2906.3397409930644
1746377612,500,POST,POST /pastes,32.100000,0.000000,48,54,57,59,64,68,79,150,190,190,190,24276,0,55,71.97658656698212,30.012999999598833,2920.1709999997547,2852.9600840336134
1746377612,500,,Aggregated,384.100000,0.000000,44,49,53,54,59,65,82,100,220,230,230,268671,1,51,67.12424555869332,27.034299999286304,3961.542200000622,2901.5165760353743
1746377613,500,GET,GET /pastes/:slug,352.800000,0.000000,44,49,52,54,59,64,83,100,220,230,230,244756,1,51,66.6115268602191,27.034299999286304,3961.542200000622,2906.2869919429963
1746377613,500,POST,POST /pastes,31.900000,0.000000,48,53,57,58,62,68,80,150,190,190,190,24309,0,55,71.94742576823633,30.012999999598833,2920.1709999997547,2852.6347443333743
1746377613,500,,Aggregated,384.700000,0.000000,44,49,52,54,59,64,82,100,220,230,230,269065,1,51,67.09360504413314,27.034299999286304,3961.542200000622,2901.439715310427
1746377614,500,GET,GET /pastes/:slug,352.600000,0.000000,44,49,52,54,59,64,78,98,220,230,230,245122,1,51,66.58703196938582,27.034299999286304,3961.542200000622,2906.2652434298025
1746377614,500,POST,POST /pastes,30.400000,0.000000,49,54,57,59,65,69,80,110,190,190,190,24346,0,55,71.9219930748401,30.012999999598833,2920.1709999997547,2853.1787973383716
1746377614,500,,Aggregated,383.000000,0.000000,45,49,53,54,60,65,80,99,220,230,230,269468,1,51,67.06903711683644,27.034299999286304,3961.542200000622,2901.468968486054
1746377615,500,GET,GET /pastes/:slug,352.200000,0.000000,44,49,52,54,59,64,81,99,220,230,230,245447,1,51,66.55786349313611,27.034299999286304,3961.542200000622,2906.2207930836394
1746377615,500,POST,POST /pastes,30.600000,0.000000,49,54,57,59,65,70,80,150,190,190,190,24374,0,55,71.89527375482322,30.012999999598833,2920.1709999997547,2853.1728481168457
1746377615,500,,Aggregated,382.800000,0.000000,45,49,53,54,60,65,80,99,220,230,230,269821,1,51,67.04001290966856,27.034299999286304,3961.542200000622,2901.4287620311243
1746377616,500,GET,GET /pastes/:slug,350.800000,0.000000,45,50,53,55,60,65,83,98,220,230,230,245833,1,51,66.53015393417384,27.034299999286304,3961.542200000622,2906.285156996823
1746377616,500,POST,POST /pastes,30.100000,0.000000,49,54,57,59,65,70,80,150,190,190,190,24401,0,55,71.87237347240112,30.012999999598833,2920.1709999997547,2853.26011229048
1746377616,500,,Aggregated,380.900000,0.000000,45,50,53,55,60,67,82,99,220,230,230,270234,1,51,67.01253401570374,27.034299999286304,3961.542200000622,2901.4972172265516
1746377617,500,GET,GET /pastes/:slug,349.600000,0.000000,45,49,53,54,60,65,83,98,220,230,230,246180,1,51,66.49799039686312,27.034299999286304,3961.542200000622,2906.298464538143
1746377617,500,POST,POST /pastes,31.900000,0.000000,48,54,57,59,64,73,80,150,190,190,190,24431,0,55,71.84347045557146,30.012999999598833,2920.1709999997547,2853.725717326348
1746377617,500,,Aggregated,381.500000,0.000000,45,50,53,55,60,66,82,99,220,230,230,270611,1,51,66.98058505603878,27.034299999286304,3961.542200000622,2901.5521505038596
1746377618,500,GET,GET /pastes/:slug,352.400000,0.000000,45,49,52,54,60,65,82,98,220,230,230,246528,1,51,66.46807112457716,27.034299999286304,3961.542200000622,2906.2622947494806
1746377618,500,POST,POST /pastes,31.700000,0.000000,48,53,57,59,62,70,80,150,190,190,190,24460,0,55,71.8146628495529,30.012999999598833,2920.1709999997547,2853.8448487326245
1746377618,500,,Aggregated,384.100000,0.000000,45,50,53,55,60,65,82,99,220,230,230,270988,1,51,66.95066678782716,27.034299999286304,3961.542200000622,2901.5309755413523
1746377619,500,GET,GET /pastes/:slug,354.800000,0.000000,46,51,54,56,64,89,130,150,250,260,260,246874,1,51,66.50173592399267,27.034299999286304,3961.542200000622,2906.164760161054
1746377619,500,POST,POST /pastes,31.000000,0.000000,49,56,59,62,78,100,200,220,230,230,230,24499,0,55,71.8731663700586,30.012999999598833,2920.1709999997547,2853.970611045349
1746377619,500,,Aggregated,385.800000,0.000000,46,51,54,57,65,91,130,160,250,260,260,271373,1,51,66.98665769033666,27.034299999286304,3961.542200000622,2901.4527790163356
1746377620,500,GET,GET /pastes/:slug,355.200000,0.000000,46,50,54,56,63,86,130,150,250,260,260,247209,1,51,66.47357525939472,27.034299999286304,3961.542200000622,2906.256612825585
1746377620,500,POST,POST /pastes,29.400000,0.000000,49,57,59,62,76,100,200,220,230,230,230,24530,0,55,71.84454003261598,30.012999999598833,2920.1709999997547,2853.942682429678
1746377620,500,,Aggregated,384.600000,0.000000,46,51,54,57,64,88,130,160,250,260,260,271739,1,51,66.95841463058193,27.034299999286304,3961.542200000622,2901.534211136421
1746377621,500,GET,GET /pastes/:slug,351.100000,0.000000,45,50,54,56,63,86,130,150,250,260,260,247573,1,51,66.43987913584965,27.034299999286304,3961.542200000622,2906.1568587850857
1746377621,500,POST,POST /pastes,30.200000,0.000000,49,57,59,61,75,100,200,210,230,230,230,24567,0,55,71.80722492775155,30.012999999598833,2920.1709999997547,2853.540359018195
1746377621,500,,Aggregated,381.300000,0.000000,46,51,54,56,64,87,130,160,250,260,260,272140,1,51,66.92440762879288,27.034299999286304,3961.542200000622,2901.406989049754
1746377622,500,GET,GET /pastes/:slug,350.500000,0.000000,45,50,54,56,63,87,130,150,250,260,260,247918,1,51,66.41088125509133,27.034299999286304,3961.542200000622,2906.196411716777
1746377622,500,POST,POST /pastes,30.800000,0.000000,48,56,59,61,75,100,200,210,230,230,230,24605,0,55,71.76965748018965,30.012999999598833,2920.1709999997547,2853.516399105873
1746377622,500,,Aggregated,381.300000,0.000000,45,51,54,56,64,88,130,160,250,260,260,272523,1,51,66.89470349768536,27.034299999286304,3961.542200000622,2901.4401463362724
1746377623,500,GET,GET /pastes/:slug,350.700000,0.000000,45,50,54,56,63,86,130,150,250,260,260,248274,1,51,66.3845096917104,27.034299999286304,3961.542200000622,2906.0653431289625
1746377623,500,POST,POST /pastes,31.200000,0.000000,48,55,59,61,75,100,200,210,230,230,230,24642,0,55,71.73687336661234,30.012999999598833,2920.1709999997547,2853.267510753997
1746377623,500,,Aggregated,381.900000,0.000000,46,51,54,57,64,88,130,160,250,260,260,272916,1,51,66.86778273424673,27.034299999286304,3961.542200000622,2901.298146682496
1746377624,500,GET,GET /pastes/:slug,349.700000,0.000000,45,50,54,55,62,86,130,150,250,260,260,248630,1,51,66.35435826810809,27.034299999286304,3961.542200000622,2905.942279692716
1746377624,500,POST,POST /pastes,32.100000,0.000000,48,54,58,60,74,100,200,210,230,230,230,24678,0,55,71.70330099684178,30.012999999598833,2920.1709999997547,2853.4325309992705
1746377624,500,,Aggregated,381.800000,0.000000,45,50,54,56,63,88,130,160,250,260,260,273308,1,51,66.83733428293236,27.034299999286304,3961.542200000622,2901.2009783833623
1746377625,500,GET,GET /pastes/:slug,348.800000,0.000000,45,50,53,55,62,86,130,150,250,260,260,248969,1,51,66.32699578863128,27.034299999286304,3961.542200000622,2906.0774072274057
1746377625,500,POST,POST /pastes,32.400000,0.000000,48,54,58,59,74,100,200,210,230,230,230,24719,0,55,71.66581008940746,30.012999999598833,2920.1709999997547,2853.538411748048
1746377625,500,,Aggregated,381.200000,0.000000,45,50,54,56,63,88,130,160,250,260,260,273688,1,51,66.8091877396878,27.034299999286304,3961.542200000622,2901.3321811697992
1746377626,500,GET,GET /pastes/:slug,351.400000,0.000000,45,50,53,55,62,83,130,150,250,260,260,249332,1,51,66.2981644935257,27.034299999286304,3961.542200000622,2906.089836041904
1746377626,500,POST,POST /pastes,33.300000,0.000000,48,54,58,59,74,100,200,210,230,230,230,24747,0,55,71.64204615509246,30.012999999598833,2920.1709999997547,2853.9574493878044
1746377626,500,,Aggregated,384.700000,0.000000,45,50,54,56,63,87,130,160,250,260,260,274079,1,51,66.78067150602459,27.034299999286304,3961.542200000622,2901.3827254185835
1746377627,500,GET,GET /pastes/:slug,350.200000,0.000000,46,52,56,58,74,120,140,160,250,260,260,249684,1,51,66.31387158968839,27.034299999286304,3961.542200000622,2906.165272904952
1746377627,500,POST,POST /pastes,33.800000,0.000000,49,56,59,62,94,140,200,210,230,230,230,24778,0,55,71.66177513923958,30.012999999598833,2920.1709999997547,2853.733715392687
1746377627,500,,Aggregated,384.000000,0.000000,46,52,56,59,76,120,140,170,250,260,260,274462,1,51,66.79667195604388,27.034299999286304,3961.542200000622,2901.4318339150773
1746377628,500,GET,GET /pastes/:slug,348.800000,0.000000,45,51,54,57,66,100,140,160,250,260,260,250044,1,51,66.28479660419667,27.034299999286304,3961.542200000622,2906.228211834717
1746377628,500,POST,POST /pastes,34.000000,0.000000,49,55,58,60,78,120,200,210,230,230,230,24812,0,55,71.63451501693048,30.012999999598833,2920.1709999997547,2853.687086893439
1746377628,500,,Aggregated,382.800000,0.000000,46,51,55,57,67,110,140,170,250,260,260,274856,1,51,66.76773026129936,27.034299999286304,3961.542200000622,2901.4851813313153
1746377629,500,GET,GET /pastes/:slug,345.900000,0.000000,45,50,54,56,64,80,120,140,170,180,180,250379,1,51,66.26342124579034,27.034299999286304,3961.542200000622,2906.169111626774
1746377629,500,POST,POST /pastes,34.300000,0.000000,49,53,57,58,67,85,140,150,170,170,170,24847,0,55,71.60822106894503,30.012999999598833,2920.1709999997547,2853.550207268483
1746377629,500,,Aggregated,380.200000,0.000000,45,50,54,56,64,81,120,140,170,180,180,275226,1,51,66.7459419422574,27.034299999286304,3961.542200000622,2901.4187540421326
1746377630,500,GET,GET /pastes/:slug,347.600000,0.000000,46,51,54,56,64,80,120,140,170,180,180,250730,1,51,66.23791602759846,27.034299999286304,3961.542200000622,2906.1846089418896
1746377630,500,POST,POST /pastes,35.000000,0.000000,49,53,57,58,68,85,140,150,170,170,170,24871,0,55,71.58927221664095,30.012999999598833,2920.1709999997547,2853.430380764746
1746377630,500,,Aggregated,382.600000,0.000000,46,51,54,57,64,81,120,140,170,180,180,275601,1,51,66.72083727889142,27.034299999286304,3961.542200000622,2901.4239208130593
1746377631,500,GET,GET /pastes/:slug,348.600000,0.000000,47,52,56,59,68,85,120,140,170,180,180,251112,1,51,66.22246361503937,27.034299999286304,3961.542200000622,2906.065815253751
1746377631,500,POST,POST /pastes,35.200000,0.000000,50,55,58,61,73,99,140,150,170,170,170,24910,0,55,71.57171837013593,30.012999999598833,2920.1709999997547,2853.5478924126855
1746377631,500,,Aggregated,383.800000,0.000000,47,52,56,59,68,85,120,140,170,180,180,276022,1,51,66.70521475788073,27.034299999286304,3961.542200000622,2901.326260225634
1746377632,500,GET,GET /pastes/:slug,350.900000,0.000000,47,53,57,60,71,88,120,140,170,180,180,251440,1,51,66.21007303094086,27.034299999286304,3961.542200000622,2906.140570314986
1746377632,500,POST,POST /pastes,34.900000,0.000000,51,56,60,63,77,100,140,150,170,170,170,24935,0,55,71.56009524363688,30.012999999598833,2920.1709999997547,2853.880248646481
1746377632,500,,Aggregated,385.800000,0.000000,47,53,57,60,71,90,120,140,170,180,180,276375,1,51,66.69276069760184,27.034299999286304,3961.542200000622,2901.4255594753504
1746377633,500,GET,GET /pastes/:slug,350.600000,0.000000,48,54,58,61,72,90,120,140,170,180,180,251816,1,51,66.18951085316174,27.034299999286304,3961.542200000622,2906.2480779616862
1746377633,500,POST,POST /pastes,34.100000,0.000000,52,58,62,65,80,100,140,150,170,170,170,24965,0,55,71.54630893250872,30.012999999598833,2920.1709999997547,2853.530702984178
1746377633,500,,Aggregated,384.700000,0.000000,48,54,58,61,73,90,120,140,170,180,180,276781,1,51,66.67268153341321,27.034299999286304,3961.542200000622,2901.493093817856
1746377634,500,GET,GET /pastes/:slug,350.000000,0.000000,48,54,58,61,72,90,120,140,170,180,180,252146,1,51,66.16370728704707,27.034299999286304,3961.542200000622,2906.418221982502
1746377634,500,POST,POST /pastes,33.600000,0.000000,53,58,63,67,81,110,140,150,170,170,170,24996,0,55,71.52054521523755,30.012999999598833,2920.1709999997547,2853.4449911985917
1746377634,500,,Aggregated,383.600000,0.000000,49,55,59,62,73,91,120,140,170,180,180,277142,1,51,66.64685138232248,27.034299999286304,3961.542200000622,2901.6404586818308
1746377635,500,GET,GET /pastes/:slug,350.900000,0.000000,48,54,58,61,72,90,120,140,170,180,180,252514,1,51,66.13544591864121,27.034299999286304,3961.542200000622,2906.5901732181187
1746377635,500,POST,POST /pastes,31.900000,0.000000,53,59,65,68,81,110,140,150,170,170,170,25024,0,55,71.49904035726031,30.012999999598833,2920.1709999997547,2853.676070971867
1746377635,500,,Aggregated,382.800000,0.000000,49,55,59,62,73,91,120,140,170,180,180,277538,1,51,66.61905027996038,27.034299999286304,3961.542200000622,2901.8192139454777
1746377636,500,GET,GET /pastes/:slug,350.300000,0.000000,48,53,57,60,70,83,110,130,170,180,180,252867,1,51,66.10744353474264,27.034299999286304,3961.542200000622,2906.4494853025503
1746377636,500,POST,POST /pastes,32.000000,0.000000,52,58,63,65,76,86,110,140,170,170,170,25064,0,54,71.46818493058102,30.012999999598833,2920.1709999997547,2854.0227417810406
1746377636,500,,Aggregated,382.300000,0.000000,48,54,58,60,70,84,110,130,170,180,180,277931,1,51,66.59087871234102,27.034299999286304,3961.542200000622,2901.72160716149
1746377637,500,GET,GET /pastes/:slug,351.200000,0.000000,47,53,56,58,66,75,85,92,120,140,140,253218,1,51,66.08015482351077,27.034299999286304,3961.542200000622,2906.540388124067
1746377637,500,POST,POST /pastes,31.000000,0.000000,52,57,62,64,73,81,90,99,110,110,110,25096,0,54,71.43963586627665,30.012999999598833,2920.1709999997547,2853.697282435448
1746377637,500,,Aggregated,382.200000,0.000000,48,53,57,59,67,76,85,92,120,140,140,278314,1,51,66.56342744453968,27.034299999286304,3961.542200000622,2901.7754442823575
1746377638,500,GET,GET /pastes/:slug,351.700000,0.000000,48,53,57,59,67,75,85,92,120,140,140,253568,1,51,66.05881714727316,27.034299999286304,3961.542200000622,2906.6100730376074
1746377638,500,POST,POST /pastes,31.200000,0.000000,52,57,62,64,72,81,88,99,110,110,110,25134,0,54,71.4069787857116,30.012999999598833,2920.1709999997547,2853.728853346065
1746377638,500,,Aggregated,382.900000,0.000000,48,53,57,59,67,76,86,92,120,140,140,278702,1,51,66.54112690687403,27.034299999286304,3961.542200000622,2901.8411206234614
1746377639,500,GET,GET /pastes/:slug,351.600000,0.000000,48,53,57,59,66,74,85,92,120,140,140,253942,1,51,66.03581066109489,27.034299999286304,3961.542200000622,2906.6400280378984
1746377639,500,POST,POST /pastes,31.600000,0.000000,52,57,62,64,72,84,90,100,120,120,120,25163,0,54,71.38895481461198,30.012999999598833,2920.1709999997547,2853.2939633589
1746377639,500,,Aggregated,383.200000,0.000000,48,53,57,59,66,75,86,92,120,140,140,279105,1,51,66.51842890990697,27.034299999286304,3961.542200000622,2901.830558392003
1746377640,500,GET,GET /pastes/:slug,351.900000,0.000000,47,52,56,58,65,72,84,92,110,120,120,254290,1,51,66.01298320893372,27.034299999286304,3961.542200000622,2906.685988438397
1746377640,500,POST,POST /pastes,31.600000,0.000000,51,56,60,63,70,80,87,88,120,120,120,25197,0,54,71.36700839385954,30.012999999598833,2920.1709999997547,2853.3975076397983
1746377640,500,,Aggregated,383.500000,0.000000,47,53,56,58,66,73,84,92,120,120,120,279487,1,51,66.49567246669643,27.034299999286304,3961.542200000622,2901.8817941442717
1746377641,500,GET,GET /pastes/:slug,354.400000,0.000000,47,52,55,58,64,72,86,100,180,200,200,254662,1,51,65.9987588356323,27.034299999286304,3961.542200000622,2906.636490721034
1746377641,500,POST,POST /pastes,32.100000,0.000000,51,56,60,63,70,80,87,88,140,140,140,25232,0,54,71.3472953154754,30.012999999598833,2920.1709999997547,2853.405754597337
1746377641,500,,Aggregated,386.500000,0.000000,47,52,56,58,65,73,86,98,180,200,200,279894,1,51,66.48092091291568,27.034299999286304,3961.542200000622,2901.8378243192064
1746377642,500,GET,GET /pastes/:slug,352.100000,0.000000,47,52,56,58,65,74,91,110,180,200,200,254986,1,51,65.98229088538129,27.034299999286304,3961.542200000622,2906.589393143153
1746377642,500,POST,POST /pastes,30.700000,0.000000,51,56,61,63,72,80,88,95,140,140,140,25271,0,54,71.32520724546237,30.012999999598833,2920.1709999997547,2853.0524712120614
1746377642,500,,Aggregated,382.800000,0.000000,47,52,56,58,66,75,88,100,180,200,200,280257,1,51,66.46406596802103,27.034299999286304,3961.542200000622,2901.7619256610897
1746377643,500,GET,GET /pastes/:slug,352.800000,0.000000,48,53,57,60,72,97,140,160,190,210,210,255331,1,51,66.01183165068034,27.034299999286304,3961.542200000622,2906.5495924897486
1746377643,500,POST,POST /pastes,32.200000,0.000000,52,57,63,65,78,110,140,150,160,160,160,25297,0,54,71.35679483338268,30.012999999598833,2920.1709999997547,2852.7770881922756
1746377643,500,,Aggregated,385.000000,0.000000,48,54,58,61,72,97,140,160,190,210,210,280628,1,51,66.4936493368434,27.034299999286304,3961.542200000622,2901.7023105320923
1746377644,500,GET,GET /pastes/:slug,354.000000,0.000000,49,54,58,62,75,110,140,160,190,210,210,255684,1,51,66.00168201608173,27.034299999286304,3961.542200000622,2906.5648808685723
1746377644,500,POST,POST /pastes,31.900000,0.000000,52,58,63,65,80,120,140,150,160,160,160,25335,0,54,71.34401381093672,30.012999999598833,2920.1709999997547,2852.5769094138545
1746377644,500,,Aggregated,385.900000,0.000000,49,55,59,62,76,110,140,160,190,210,210,281019,1,51,66.48331484525843,27.034299999286304,3961.542200000622,2901.6976467783315
1746377645,500,GET,GET /pastes/:slug,349.200000,0.000000,49,54,58,62,75,110,140,160,190,210,210,256032,1,51,65.97679830528938,27.034299999286304,3961.542200000622,2906.518974190726
1746377645,500,POST,POST /pastes,33.900000,0.000000,52,57,61,64,79,120,140,150,160,160,160,25364,0,54,71.32467138070022,30.012999999598833,2920.1709999997547,2852.59466172528
1746377645,500,,Aggregated,383.100000,0.000000,49,55,59,62,75,110,140,160,190,210,210,281396,1,51,66.45883590598191,27.034299999286304,3961.542200000622,2901.658435087919
1746377646,500,GET,GET /pastes/:slug,350.400000,0.000000,49,55,59,62,75,110,140,160,190,210,210,256380,1,51,65.95568507683846,27.034299999286304,3961.542200000622,2906.5865083079802
1746377646,500,POST,POST /pastes,33.200000,0.000000,53,58,62,65,79,120,140,150,160,160,160,25403,0,54,71.2974742668221,30.012999999598833,2920.1709999997547,2853.0181868283275
1746377646,500,,Aggregated,383.600000,0.000000,50,56,60,63,76,110,140,160,190,210,210,281783,1,51,66.43725234950179,27.034299999286304,3961.542200000622,2901.7572742145553
1746377647,500,GET,GET /pastes/:slug,349.600000,0.000000,49,54,58,62,75,110,140,160,190,210,210,256735,1,51,65.92754510915871,27.034299999286304,3961.542200000622,2906.625906089937
1746377647,500,POST,POST /pastes,33.900000,0.000000,52,58,62,64,79,120,140,150,160,160,160,25437,0,54,71.26400824390002,30.012999999598833,2920.1709999997547,2853.0768565475487
1746377647,500,,Aggregated,383.500000,0.000000,49,55,59,62,75,110,140,160,190,210,210,282172,1,51,66.4086120213901,27.034299999286304,3961.542200000622,2901.798612193981
1746377648,500,GET,GET /pastes/:slug,350.700000,0.000000,49,54,58,62,75,110,140,160,190,210,210,257092,1,51,65.90137352231834,27.034299999286304,3961.542200000622,2906.515550853391
1746377648,500,POST,POST /pastes,33.800000,0.000000,52,58,62,64,79,120,140,150,160,160,160,25476,0,54,71.23306617993741,30.012999999598833,2920.1709999997547,2853.1921808761185
1746377648,500,,Aggregated,384.500000,0.000000,49,55,59,62,75,110,140,160,190,210,210,282568,1,51,66.38207268905074,27.034299999286304,3961.542200000622,2901.707978256561
1746377649,500,GET,GET /pastes/:slug,351.500000,0.000000,48,54,58,61,73,110,140,160,190,210,210,257438,1,51,65.87339461850942,27.034299999286304,3961.542200000622,2906.5090041097274
1746377649,500,POST,POST /pastes,33.600000,0.000000,52,58,61,64,78,120,140,150,160,160,160,25510,0,54,71.20342511172424,30.012999999598833,2920.1709999997547,2853.4185025480206
1746377649,500,,Aggregated,385.100000,0.000000,49,54,58,61,74,110,140,160,190,210,210,282948,1,51,66.35393902200987,27.034299999286304,3961.542200000622,2901.7224755078673
1746377650,500,GET,GET /pastes/:slug,349.700000,0.000000,48,53,58,60,73,110,140,160,190,210,210,257772,1,51,65.85020751827136,27.034299999286304,3961.542200000622,2906.447713483233
1746377650,500,POST,POST /pastes,33.900000,0.000000,52,58,61,64,75,120,140,150,160,160,160,25543,0,54,71.1788963316795,30.012999999598833,2920.1709999997547,2853.620561406256
1746377650,500,,Aggregated,383.600000,0.000000,48,54,58,61,74,110,140,160,190,210,210,283315,1,51,66.3306293044832,27.034299999286304,3961.542200000622,2901.6849443199267
1746377651,500,GET,GET /pastes/:slug,347.100000,0.000000,47,53,57,59,71,98,140,150,190,210,210,258129,1,51,65.82223085550194,27.034299999286304,3961.542200000622,2906.2907577219144
1746377651,500,POST,POST /pastes,33.400000,0.000000,51,57,61,63,75,120,140,150,160,160,160,25576,0,54,71.14994926102942,30.012999999598833,2920.1709999997547,2853.8152173913045
1746377651,500,,Aggregated,380.500000,0.000000,48,53,57,60,72,99,140,150,190,210,210,283705,1,51,66.30252456177959,27.034299999286304,3961.542200000622,2901.5600888246595
1746377652,500,GET,GET /pastes/:slug,346.500000,0.000000,48,53,58,60,76,110,140,160,190,210,210,258478,1,51,65.8309607753845,27.034299999286304,3961.542200000622,2906.18504476203
1746377652,500,POST,POST /pastes,35.300000,0.000000,51,57,61,63,75,120,150,160,170,170,170,25604,0,54,71.14734294251222,30.012999999598833,2920.1709999997547,2853.7723402593347
1746377652,500,,Aggregated,381.800000,0.000000,48,54,58,61,75,110,140,160,190,210,210,284082,1,51,66.31012048633718,27.034299999286304,3961.542200000622,2901.461145021508
1746377653,500,GET,GET /pastes/:slug,346.300000,0.000000,48,54,58,62,90,130,170,190,240,270,270,258780,1,51,65.90482234021111,27.034299999286304,3961.542200000622,2906.208107272587
1746377653,500,POST,POST /pastes,33.900000,0.000000,51,58,62,64,94,140,180,200,240,240,240,25635,0,54,71.22590498147395,30.012999999598833,2920.1709999997547,2853.2205968402573
1746377653,500,,Aggregated,380.200000,0.000000,48,54,59,63,90,130,170,200,240,270,270,284415,1,51,66.38442416679726,27.034299999286304,3961.542200000622,2901.4322170068385
1746377654,500,GET,GET /pastes/:slug,345.500000,0.000000,48,54,60,65,100,150,190,220,250,270,270,259166,1,51,65.91504042428356,27.034299999286304,3961.542200000622,2906.3247725396077
1746377654,500,POST,POST /pastes,34.400000,0.000000,52,59,63,67,98,140,180,200,240,240,240,25672,0,54,71.2190629479623,30.012999999598833,2920.1709999997547,2853.401994390776
1746377654,500,,Aggregated,379.900000,0.000000,48,55,60,65,100,150,190,220,250,270,270,284838,1,51,66.39308361454474,27.034299999286304,3961.542200000622,2901.554925957913
1746377655,500,GET,GET /pastes/:slug,348.200000,0.000000,48,54,59,65,100,150,190,220,250,270,270,259516,1,51,65.89190131167199,27.034299999286304,3961.542200000622,2906.408772484163
1746377655,500,POST,POST /pastes,33.700000,0.000000,51,58,62,65,97,140,180,200,240,240,240,25716,0,54,71.18564008010927,30.012999999598833,2920.1709999997547,2852.9052729818013
1746377655,500,,Aggregated,381.900000,0.000000,48,54,60,65,100,150,190,220,250,270,270,285232,1,51,66.36917520158917,27.034299999286304,3961.542200000622,2901.584993969821
1746377656,500,GET,GET /pastes/:slug,346.700000,0.000000,48,54,59,64,100,150,190,220,250,270,270,259881,1,51,65.8664787129488,27.034299999286304,3961.542200000622,2906.377226499821
1746377656,500,POST,POST /pastes,34.400000,0.000000,51,58,62,65,97,140,180,200,240,240,240,25746,0,54,71.1631507535189,30.012999999598833,2920.1709999997547,2852.884875320438
1746377656,500,,Aggregated,381.100000,0.000000,48,54,59,64,100,150,190,220,250,270,270,285627,1,51,66.34391298336529,27.034299999286304,3961.542200000622,2901.5555042065353
1746377657,500,GET,GET /pastes/:slug,345.500000,0.000000,49,55,60,65,100,150,190,220,250,270,270,260217,1,51,65.84487725667353,27.034299999286304,3961.542200000622,2906.4624947639854
1746377657,500,POST,POST /pastes,33.800000,0.000000,52,59,63,67,97,140,180,200,240,240,240,25784,0,54,71.13646785991712,30.012999999598833,2920.1709999997547,2852.6605259075395
1746377657,500,,Aggregated,379.300000,0.000000,49,55,60,65,100,150,190,220,250,270,270,286001,1,51,66.32193283380006,27.034299999286304,3961.542200000622,2901.612057300499
1746377658,500,GET,GET /pastes/:slug,344.200000,0.000000,49,55,61,67,100,150,190,220,250,270,270,260582,1,51,65.82607612114336,27.034299999286304,3961.542200000622,2906.554999961624
1746377658,500,POST,POST /pastes,34.500000,0.000000,52,58,63,69,97,140,180,200,240,240,240,25817,0,54,71.1123659991518,30.012999999598833,2920.1709999997547,2852.646976798234
1746377658,500,,Aggregated,378.700000,0.000000,49,56,61,67,100,150,190,220,250,270,270,286399,1,51,66.30260064036403,27.034299999286304,3961.542200000622,2901.6955436296917
1746377659,500,GET,GET /pastes/:slug,344.300000,0.000000,50,57,64,72,110,150,190,220,250,270,270,260906,1,51,65.82337422213273,27.034299999286304,3961.542200000622,2906.6192230151855
1746377659,500,POST,POST /pastes,33.900000,0.000000,53,61,69,75,110,150,180,200,240,240,240,25864,0,54,71.11272811243835,30.012999999598833,2920.1709999997547,2852.8961877513148
1746377659,500,,Aggregated,378.200000,0.000000,50,57,65,72,110,150,190,220,250,270,270,286770,1,51,66.30042499110648,27.034299999286304,3961.542200000622,2901.7739024305192
1746377660,500,GET,GET /pastes/:slug,343.100000,0.000000,50,56,63,70,110,150,190,220,250,270,270,261273,1,51,65.79448576699384,27.034299999286304,3961.542200000622,2906.529105571567
1746377660,500,POST,POST /pastes,34.600000,0.000000,53,60,66,75,110,140,180,200,240,240,240,25896,0,54,71.08481856271644,30.012999999598833,2920.1709999997547,2853.6832715477294
1746377660,500,,Aggregated,377.700000,0.000000,50,57,63,70,110,150,190,220,250,270,270,287169,1,51,66.27155139064318,27.034299999286304,3961.542200000622,2901.7636339577043
1746377661,500,GET,GET /pastes/:slug,345.300000,0.000000,50,57,63,70,110,150,190,220,250,270,270,261624,1,51,65.76879073326522,27.034299999286304,3961.542200000622,2906.536349876158
1746377661,500,POST,POST /pastes,34.500000,0.000000,53,60,66,75,110,150,180,200,240,240,240,25926,0,54,71.0589697562335,30.012999999598833,2920.1709999997547,2853.6313739103603
1746377661,500,,Aggregated,379.800000,0.000000,50,57,63,70,110,150,190,220,250,270,270,287550,1,51,66.2457623255073,27.034299999286304,3961.542200000622,2901.766346722309
1746377662,500,GET,GET /pastes/:slug,343.600000,0.000000,48,54,57,61,81,130,190,220,250,270,270,261974,1,51,65.74290329612795,27.034299999286304,3961.542200000622,2906.4967554032078
1746377662,500,POST,POST /pastes,35.100000,0.000000,51,57,61,63,84,140,180,200,240,240,240,25968,0,54,71.02480532193893,30.012999999598833,2920.1709999997547,2853.764825939618
1746377662,500,,Aggregated,378.700000,0.000000,48,54,58,61,81,130,190,220,250,270,270,287942,1,51,66.21925072653406,27.034299999286304,3961.542200000622,2901.7411353675393
1746377663,500,GET,GET /pastes/:slug,346.900000,0.000000,47,51,54,57,63,74,96,110,140,150,150,262325,1,51,65.71614871704881,27.034299999286304,3961.542200000622,2906.434297150481
1746377663,500,POST,POST /pastes,35.100000,0.000000,50,55,58,60,71,82,110,130,170,170,170,26000,0,54,71.00092034615813,30.012999999598833,2920.1709999997547,2853.184269230769
1746377663,500,,Aggregated,382.000000,0.000000,47,52,55,57,64,75,96,110,140,170,170,288325,1,51,66.19270837145469,27.034299999286304,3961.542200000622,2901.6324217462934
1746377664,500,GET,GET /pastes/:slug,344.700000,0.000000,46,51,54,56,63,75,96,110,140,150,150,262678,1,51,65.69008112974754,27.034299999286304,3961.542200000622,2906.3481867533633
1746377664,500,POST,POST /pastes,34.700000,0.000000,50,55,58,61,72,85,110,130,170,170,170,26027,0,54,70.97899830561025,30.012999999598833,2920.1709999997547,2853.0799170092596
1746377664,500,,Aggregated,379.400000,0.000000,47,52,55,57,64,76,96,110,140,170,170,288705,1,51,66.1668814876766,27.034299999286304,3961.542200000622,2901.5460071699486
1746377665,500,GET,GET /pastes/:slug,346.900000,0.000000,46,51,54,57,64,75,96,110,140,150,150,263040,1,51,65.66662531744157,27.034299999286304,3961.542200000622,2906.432550182482
1746377665,500,POST,POST /pastes,35.500000,0.000000,50,55,58,62,72,86,110,130,170,170,170,26060,0,54,70.95535407521581,30.012999999598833,2920.1709999997547,2852.6407904834996
1746377665,500,,Aggregated,382.400000,0.000000,47,51,55,57,64,76,96,110,140,170,170,289100,1,51,66.14336095018912,27.034299999286304,3961.542200000622,2901.5836630923554
1746377666,500,GET,GET /pastes/:slug,348.500000,0.000000,46,51,54,56,64,75,96,110,140,150,150,263373,1,51,65.6425948924144,27.034299999286304,3961.542200000622,2906.3538745429487
1746377666,500,POST,POST /pastes,35.100000,0.000000,50,55,58,62,71,85,110,130,170,170,170,26097,0,54,70.92549904587199,30.012999999598833,2920.1709999997547,2852.423037130705
1746377666,500,,Aggregated,383.600000,0.000000,46,51,55,57,64,76,96,110,140,170,170,289470,1,51,66.11887205306148,27.034299999286304,3961.542200000622,2901.491771167997
1746377667,500,GET,GET /pastes/:slug,348.600000,0.000000,46,50,54,56,63,74,96,110,140,150,150,263741,1,51,65.61516282944204,27.034299999286304,3961.542200000622,2906.4764712350375
1746377667,500,POST,POST /pastes,34.600000,0.000000,49,55,58,62,70,85,110,130,170,170,170,26125,0,54,70.90391591579406,30.012999999598833,2920.1709999997547,2852.4876172248805
1746377667,500,,Aggregated,383.200000,0.000000,46,51,54,56,64,75,96,110,140,170,170,289866,1,51,66.09182678582421,27.034299999286304,3961.542200000622,2901.610571781444
1746377668,500,GET,GET /pastes/:slug,349.000000,0.000000,45,50,53,55,62,70,89,100,140,150,150,264085,1,51,65.58731624779841,27.034299999286304,3961.542200000622,2906.3565177878336
1746377668,500,POST,POST /pastes,34.100000,0.000000,49,55,58,62,69,85,110,130,170,170,170,26161,0,54,70.87156136233814,30.012999999598833,2920.1709999997547,2852.2499139941133
1746377668,500,,Aggregated,383.100000,0.000000,45,50,53,55,62,72,90,110,140,170,170,290246,1,51,66.06360579680582,27.034299999286304,3961.542200000622,2901.4796793065193
1746377669,500,GET,GET /pastes/:slug,348.500000,0.000000,44,49,52,54,59,64,72,78,91,97,97,264450,1,51,65.55876119493203,27.034299999286304,3961.542200000622,2906.2572698052563
1746377669,500,POST,POST /pastes,35.500000,0.000000,48,53,55,57,63,69,74,79,89,89,89,26193,0,54,70.84256106593851,30.012999999598833,2920.1709999997547,2851.724124766159
1746377669,500,,Aggregated,384.000000,0.000000,45,49,52,54,59,64,72,79,91,97,97,290643,1,51,66.03494183585926,27.034299999286304,3961.542200000622,2901.3426953341386
1746377670,500,GET,GET /pastes/:slug,351.200000,0.000000,44,49,52,54,59,65,73,81,91,97,97,264797,1,51,65.53414059109353,27.034299999286304,3961.542200000622,2906.2570006457777
1746377670,500,POST,POST /pastes,34.100000,0.000000,48,53,55,57,64,69,76,83,89,89,89,26222,0,54,70.81795912974324,30.012999999598833,2920.1709999997547,2851.6947219891695
1746377670,500,,Aggregated,385.300000,0.000000,45,49,52,54,59,65,74,81,91,97,97,291019,1,51,66.01023421288534,27.034299999286304,3961.542200000622,2901.340716585515
1746377671,500,GET,GET /pastes/:slug,350.500000,0.000000,44,49,52,54,59,65,73,80,95,100,100,265163,1,51,65.50582758906691,27.034299999286304,3961.542200000622,2906.275558807224
1746377671,500,POST,POST /pastes,33.600000,0.000000,47,52,55,56,65,69,76,85,98,98,98,26259,0,54,70.78490907118069,30.012999999598833,2920.1709999997547,2851.9652309684298
1746377671,500,,Aggregated,384.100000,0.000000,44,49,52,54,59,65,73,81,97,100,100,291422,1,51,65.98150684677078,27.034299999286304,3961.542200000622,2901.3818483161876
1746377672,500,GET,GET /pastes/:slug,352.400000,0.000000,44,49,52,53,59,64,72,79,95,100,100,265522,1,51,65.47696741098575,27.034299999286304,3961.542200000622,2906.2322632399573
1746377672,500,POST,POST /pastes,32.700000,0.000000,47,52,55,56,63,69,76,85,98,98,98,26296,0,54,70.7522355263209,30.012999999598833,2920.1709999997547,2852.3739732278673
1746377672,500,,Aggregated,385.100000,0.000000,44,49,52,54,59,65,73,80,97,100,100,291818,1,51,65.95232688285041,27.034299999286304,3961.542200000622,2901.3790410461315
1746377673,500,GET,GET /pastes/:slug,349.500000,0.000000,44,49,52,54,60,67,79,86,110,120,120,265842,1,51,65.46024807479532,27.034299999286304,3961.542200000622,2906.437274772233
1746377673,500,POST,POST /pastes,32.800000,0.000000,46,52,55,56,66,72,86,91,98,98,98,26328,0,54,70.7361631608984,30.012999999598833,2920.1709999997547,2852.5145092677
1746377673,500,,Aggregated,382.300000,0.000000,44,49,52,54,61,68,81,86,110,120,120,292170,1,51,65.93567091898417,27.034299999286304,3961.542200000622,2901.5781907793407
1746377674,500,GET,GET /pastes/:slug,351.100000,0.000000,45,49,53,55,65,84,170,200,240,260,260,266156,1,51,65.49703097732052,27.034299999286304,3961.542200000622,2906.450217165873
1746377674,500,POST,POST /pastes,33.400000,0.000000,47,53,56,58,69,86,100,120,250,250,250,26358,0,54,70.74662548752309,30.012999999598833,2920.1709999997547,2852.540746642386
1746377674,500,,Aggregated,384.500000,0.000000,45,50,53,56,66,85,160,200,250,260,260,292514,1,51,65.97006410428087,27.034299999286304,3961.542200000622,2901.59251523004
1746377675,500,GET,GET /pastes/:slug,353.500000,0.000000,45,50,53,56,69,100,180,200,240,260,260,266576,1,51,65.49237461061647,27.034299999286304,3961.542200000622,2906.3578941840224
1746377675,500,POST,POST /pastes,33.200000,0.000000,48,53,56,58,69,90,120,150,250,250,250,26396,0,54,70.72965598197165,30.012999999598833,2920.1709999997547,2852.4592741324445
1746377675,500,,Aggregated,386.700000,0.000000,45,50,53,56,69,100,180,200,250,260,260,292972,1,51,65.96423976864541,27.034299999286304,3961.542200000622,2901.5017715003482
1746377676,500,GET,GET /pastes/:slug,348.800000,0.000000,44,49,53,55,68,100,180,200,240,260,260,266932,1,51,65.463567588748,27.034299999286304,3961.542200000622,2906.3780738165524
1746377676,500,POST,POST /pastes,33.200000,0.000000,47,53,56,57,69,91,120,150,250,250,250,26418,0,54,70.70968899614378,30.012999999598833,2920.1709999997547,2852.63259898554
1746377676,500,,Aggregated,382.000000,0.000000,44,49,53,56,68,100,180,200,250,260,260,293350,1,51,65.93601359297621,27.034299999286304,3961.542200000622,2901.537958070564
1746377677,500,GET,GET /pastes/:slug,351.400000,0.000000,44,49,53,55,68,100,180,200,240,260,260,267281,1,51,65.43368724825066,27.034299999286304,3961.542200000622,2906.568637501356
1746377677,500,POST,POST /pastes,33.300000,0.000000,46,52,55,56,67,91,120,150,250,250,250,26449,0,54,70.67820432152905,30.012999999598833,2920.1709999997547,2852.852735453136
1746377677,500,,Aggregated,384.700000,0.000000,44,49,53,55,68,100,180,200,250,260,260,293730,1,51,65.90593125489244,27.034299999286304,3961.542200000622,2901.731774078235
1746377678,500,GET,GET /pastes/:slug,352.100000,0.000000,44,49,52,55,68,100,180,200,240,260,260,267649,1,51,65.40354192206844,27.034299999286304,3961.542200000622,2906.580551393803
1746377678,500,POST,POST /pastes,33.300000,0.000000,46,52,55,56,67,90,120,150,250,250,250,26497,0,54,70.6358018417229,30.012999999598833,2920.1709999997547,2852.4611842850136
1746377678,500,,Aggregated,385.400000,0.000000,44,49,53,55,68,100,180,200,250,260,260,294146,1,51,65.87486973577603,27.034299999286304,3961.542200000622,2901.7054183976666
1746377679,500,GET,GET /pastes/:slug,354.400000,0.000000,44,49,52,55,68,100,180,200,240,260,260,267973,1,51,65.37832100398064,27.034299999286304,3961.542200000622,2906.4672933467177
1746377679,500,POST,POST /pastes,31.500000,0.000000,46,52,55,57,68,90,120,150,250,250,250,26534,0,54,70.60307404839601,30.012999999598833,2920.1709999997547,2852.377402577825
1746377679,500,,Aggregated,385.900000,0.000000,44,49,53,55,68,100,180,200,250,260,260,294507,1,51,65.84905208093387,27.034299999286304,3961.542200000622,2901.5939926725
1746377680,500,GET,GET /pastes/:slug,351.900000,0.000000,44,49,52,54,65,100,180,200,240,260,260,268336,1,51,65.34964827455039,27.034299999286304,3961.542200000622,2906.436959632699
1746377680,500,POST,POST /pastes,32.300000,0.000000,46,52,55,57,66,86,120,150,250,250,250,26577,0,54,70.56717098995921,30.012999999598833,2920.1709999997547,2852.097452684652
1746377680,500,,Aggregated,384.200000,0.000000,44,49,52,55,65,100,180,200,250,260,260,294913,1,51,65.8198415220748,27.034299999286304,3961.542200000622,2901.5399863688613
1746377681,500,GET,GET /pastes/:slug,352.500000,0.000000,44,48,52,54,64,100,180,200,240,260,260,268674,1,51,65.32335023708933,27.034299999286304,3961.542200000622,2906.491822803844
1746377681,500,POST,POST /pastes,33.900000,0.000000,46,52,55,56,64,86,120,150,250,250,250,26616,0,54,70.53012394800679,30.012999999598833,2920.1709999997547,2852.687406071536
1746377681,500,,Aggregated,386.400000,0.000000,44,49,52,54,64,100,180,200,250,260,260,295290,1,51,65.79266341765599,27.034299999286304,3961.542200000622,2901.6421551694943
1746377682,500,GET,GET /pastes/:slug,350.200000,0.000000,44,49,52,55,65,100,180,200,240,260,260,269029,1,51,65.29988507744424,27.034299999286304,3961.542200000622,2906.480910979857
1746377682,500,POST,POST /pastes,33.900000,0.000000,46,52,55,56,64,86,100,150,250,250,250,26657,0,54,70.49674042465938,30.012999999598833,2920.1709999997547,2852.98124320066
1746377682,500,,Aggregated,384.100000,0.000000,44,49,53,55,65,100,180,200,250,260,260,295686,1,51,65.76839752981081,27.034299999286304,3961.542200000622,2901.657751804279
1746377683,500,GET,GET /pastes/:slug,350.500000,0.000000,44,49,52,54,62,100,180,200,240,260,260,269394,1,51,65.27397284831784,27.034299999286304,3961.542200000622,2906.3809921527577
1746377683,500,POST,POST /pastes,35.000000,0.000000,46,52,54,56,62,75,100,150,250,250,250,26690,0,54,70.47215085051123,30.012999999598833,2920.1709999997547,2852.824578493818
1746377683,500,,Aggregated,385.500000,0.000000,44,49,52,54,62,98,180,200,250,260,260,296084,1,51,65.74255396340105,27.034299999286304,3961.542200000622,2901.5532382702204
1746377684,500,GET,GET /pastes/:slug,351.400000,0.000000,43,48,50,52,57,62,71,76,94,100,100,269719,1,51,65.25714631375526,27.034299999286304,3961.542200000622,2906.380785187547
1746377684,500,POST,POST /pastes,35.300000,0.000000,46,51,54,56,60,64,73,79,85,85,85,26732,0,54,70.44755114096007,30.012999999598833,2920.1709999997547,2853.110953164746
1746377684,500,,Aggregated,386.700000,0.000000,44,48,51,53,57,62,71,76,94,100,100,296451,1,51,65.72518285888614,27.034299999286304,3961.542200000622,2901.577262346897
1746377685,500,GET,GET /pastes/:slug,348.800000,0.000000,44,48,51,53,59,68,81,93,120,130,130,270069,1,51,65.24815591533918,27.034299999286304,3961.542200000622,2906.3665063372696
1746377685,500,POST,POST /pastes,35.300000,0.000000,47,52,55,57,64,75,98,110,130,130,130,26777,0,54,70.43655222766341,30.012999999598833,2920.1709999997547,2853.0695372894647
1746377685,500,,Aggregated,384.100000,0.000000,44,49,52,54,60,68,82,94,130,130,130,296846,1,51,65.71617531952472,27.034299999286304,3961.542200000622,2901.558852064707
1746377686,500,GET,GET /pastes/:slug,351.600000,0.000000,45,49,52,55,61,72,93,110,140,160,160,270417,1,51,65.2380396191798,27.034299999286304,3961.542200000622,2906.3781862826672
1746377686,500,POST,POST /pastes,35.700000,0.000000,48,52,55,57,66,76,100,110,130,130,130,26808,0,54,70.42012175470545,30.012999999598833,2920.1709999997547,2853.2601835273053
1746377686,500,,Aggregated,387.300000,0.000000,45,50,53,55,62,73,94,110,140,160,160,297225,1,51,65.70543387568219,27.034299999286304,3961.542200000622,2901.5872453528473
1746377687,500,GET,GET /pastes/:slug,349.200000,0.000000,45,50,53,55,62,72,93,110,140,160,160,270766,1,51,65.21176563490154,27.034299999286304,3961.542200000622,2906.473068996846
1746377687,500,POST,POST /pastes,37.200000,0.000000,48,52,56,58,67,79,100,110,130,130,130,26836,0,54,70.39367168356485,30.012999999598833,2920.1709999997547,2853.427858101058
1746377687,500,,Aggregated,386.400000,0.000000,45,50,53,55,62,73,94,110,140,160,160,297602,1,51,65.67903947957218,27.034299999286304,3961.542200000622,2901.689763509654
1746377688,500,GET,GET /pastes/:slug,346.700000,0.000000,46,51,55,58,76,130,200,210,260,270,270,271106,1,51,65.28216472228475,27.034299999286304,3961.542200000622,2906.4686137525546
1746377688,500,POST,POST /pastes,38.100000,0.000000,49,54,59,61,75,100,160,220,260,260,260,26866,0,54,70.43652344599667,30.012999999598833,2920.1709999997547,2853.7471525348024
1746377688,500,,Aggregated,384.800000,0.000000,47,52,56,59,76,130,190,220,260,270,270,297972,1,51,65.74689631273954,27.034299999286304,3961.542200000622,2901.7150973917014
1746377689,500,GET,GET /pastes/:slug,345.600000,0.000000,47,52,56,60,80,130,200,210,260,270,270,271443,1,51,65.2681016784361,27.034299999286304,3961.542200000622,2906.346879455355
1746377689,500,POST,POST /pastes,39.000000,0.000000,49,54,59,63,79,110,160,220,260,260,260,26904,0,54,70.41659320919366,30.012999999598833,2920.1709999997547,2853.7425289919715
1746377689,500,,Aggregated,384.600000,0.000000,47,53,57,60,79,130,190,220,260,270,270,298347,1,51,65.73237655347509,27.034299999286304,3961.542200000622,2901.603183541313
1746377690,500,GET,GET /pastes/:slug,346.000000,0.000000,47,53,57,60,80,130,200,210,260,270,270,271801,1,51,65.24499520421094,27.034299999286304,3961.542200000622,2906.3444726104763
1746377690,500,POST,POST /pastes,37.700000,0.000000,50,55,59,63,79,110,160,220,260,260,260,26941,0,54,70.3902189525315,30.012999999598833,2920.1709999997547,2853.520693366987
1746377690,500,,Aggregated,383.700000,0.000000,48,53,57,61,79,130,190,220,260,270,270,298742,1,51,65.70899917085525,27.034299999286304,3961.542200000622,2901.5807452584504
1746377691,500,GET,GET /pastes/:slug,345.300000,0.000000,48,53,58,61,80,130,200,220,260,270,270,272117,1,51,65.22361651311651,27.034299999286304,3961.542200000622,2906.39686605394
1746377691,500,POST,POST /pastes,36.600000,0.000000,51,56,61,64,79,110,160,220,260,260,260,26980,0,54,70.36212063010201,30.012999999598833,2920.1709999997547,2853.6945515196444
1746377691,500,,Aggregated,381.900000,0.000000,48,53,58,61,80,130,200,220,260,270,270,299097,1,51,65.68713450586142,27.034299999286304,3961.542200000622,2901.6428616803246
1746377692,500,GET,GET /pastes/:slug,344.500000,0.000000,47,52,57,60,79,130,200,210,260,270,270,272492,1,51,65.19481868274933,27.034299999286304,3961.542200000622,2906.3073558122805
1746377692,500,POST,POST /pastes,36.700000,0.000000,51,56,60,64,78,110,160,220,260,260,260,27021,0,54,70.32866071944578,30.012999999598833,2920.1709999997547,2853.581732726398
1746377692,500,,Aggregated,381.200000,0.000000,48,53,57,61,79,130,190,220,260,270,270,299513,1,51,65.65797569320742,27.034299999286304,3961.542200000622,2901.5506372010564
1746377693,500,GET,GET /pastes/:slug,345.000000,0.000000,47,52,57,60,79,130,200,210,260,270,270,272846,1,51,65.16809844527585,27.034299999286304,3961.542200000622,2906.349552494814
1746377693,500,POST,POST /pastes,36.100000,0.000000,51,55,60,64,79,110,160,220,260,260,260,27050,0,54,70.30402637338764,30.012999999598833,2920.1709999997547,2853.532975970425
1746377693,500,,Aggregated,381.100000,0.000000,47,53,57,60,79,130,190,220,260,270,270,299896,1,51,65.63134854015935,27.034299999286304,3961.542200000622,2901.5856063435326
1746377694,500,GET,GET /pastes/:slug,343.700000,0.000000,47,52,56,60,77,130,200,210,260,270,270,273174,1,51,65.1462364115902,27.034299999286304,3961.542200000622,2906.445928236216
1746377694,500,POST,POST /pastes,36.800000,0.000000,50,54,58,62,77,110,160,220,260,260,260,27092,0,54,70.27057180718057,30.012999999598833,2920.1709999997547,2853.7944780747084
1746377694,500,,Aggregated,380.500000,0.000000,47,52,56,60,77,130,190,220,260,270,270,300266,1,51,65.60858810820952,27.034299999286304,3961.542200000622,2901.6953634444126
1746377695,500,GET,GET /pastes/:slug,344.400000,0.000000,47,52,55,58,70,130,200,210,260,270,270,273513,1,51,65.12910007933698,27.034299999286304,3961.542200000622,2906.6031559743046
1746377695,500,POST,POST /pastes,36.500000,0.000000,49,54,57,60,69,88,160,220,260,260,260,27133,0,54,70.24481536874423,30.012999999598833,2920.1709999997547,2853.833228909446
1746377695,500,,Aggregated,380.900000,0.000000,47,52,56,58,70,130,190,220,260,270,270,300646,1,51,65.59078825395842,27.034299999286304,3961.542200000622,2901.840722976524
1746377696,500,GET,GET /pastes/:slug,344.900000,0.000000,46,51,55,58,70,120,200,210,260,270,270,273879,1,51,65.11209956403992,27.034299999286304,3961.542200000622,2906.4512138572145
1746377696,500,POST,POST /pastes,36.000000,0.000000,49,54,58,60,69,89,170,220,260,260,260,27160,0,54,70.23283972018191,30.012999999598833,2920.1709999997547,2853.9438144329897
1746377696,500,,Aggregated,380.900000,0.000000,47,52,55,58,69,120,190,220,260,270,270,301039,1,51,65.57409718773842,27.034299999286304,3961.542200000622,2901.713950684131
1746377697,500,GET,GET /pastes/:slug,344.800000,0.000000,48,54,59,63,100,170,210,230,280,280,280,274217,1,51,65.15728605848538,27.034299999286304,3961.542200000622,2906.4308485615406
1746377697,500,POST,POST /pastes,36.100000,0.000000,51,57,61,64,89,160,220,230,300,300,300,27198,0,54,70.28617998382732,30.012999999598833,2920.1709999997547,2854.2950216927716
1746377697,500,,Aggregated,380.900000,0.000000,48,54,59,63,99,170,210,230,280,300,300,301415,1,51,65.62008869598252,27.034299999286304,3961.542200000622,2901.7264037954315
1746377698,500,GET,GET /pastes/:slug,345.400000,0.000000,47,52,55,58,69,94,160,200,280,280,280,274578,1,51,65.12997824989509,27.034299999286304,3961.542200000622,2906.259387132254
1746377698,500,POST,POST /pastes,35.200000,0.000000,49,55,58,61,74,92,160,220,300,300,300,27237,0,54,70.2493878657759,30.012999999598833,2920.1709999997547,2854.3995300510337
1746377698,500,,Aggregated,380.600000,0.000000,47,52,56,58,69,94,160,200,280,300,300,301815,1,51,65.59197437237904,27.034299999286304,3961.542200000622,2901.579344962974
1746377699,500,GET,GET /pastes/:slug,344.900000,0.000000,46,51,54,57,66,89,160,200,280,280,280,274921,1,51,65.10581806118748,27.034299999286304,3961.542200000622,2906.191076709309
1746377699,500,POST,POST /pastes,34.800000,0.000000,49,53,57,60,68,91,160,220,300,300,300,27271,0,54,70.21734479117511,30.012999999598833,2920.1709999997547,2853.7792526860035
1746377699,500,,Aggregated,379.700000,0.000000,46,51,55,57,67,90,160,200,280,300,300,302192,1,51,65.56710242825625,27.034299999286304,3961.542200000622,2901.4612266373697
1746377700,500,GET,GET /pastes/:slug,342.700000,0.000000,46,51,54,57,67,90,160,200,280,280,280,275287,1,51,65.08245631540805,27.034299999286304,3961.542200000622,2906.1237690119765
1746377700,500,POST,POST /pastes,36.300000,0.000000,49,54,57,60,69,91,160,220,300,300,300,27308,0,54,70.19441744910407,30.012999999598833,2920.1709999997547,2853.6943020360336
1746377700,500,,Aggregated,379.000000,0.000000,46,51,55,57,67,90,160,200,280,300,300,302595,1,51,65.54379055635295,27.034299999286304,3961.542200000622,2901.3922173201804
1746377701,500,GET,GET /pastes/:slug,344.300000,0.000000,46,51,54,57,67,90,160,200,280,280,280,275615,1,51,65.06217142064001,27.034299999286304,3961.542200000622,2906.05115106217
1746377701,500,POST,POST /pastes,36.900000,0.000000,49,55,58,60,71,97,160,220,300,300,300,27345,0,54,70.17553919547026,30.012999999598833,2920.1709999997547,2854.1671603583836
1746377701,500,,Aggregated,381.200000,0.000000,46,51,55,57,67,90,160,200,280,300,300,302960,1,51,65.52370113348155,27.034299999286304,3961.542200000622,2901.3681311064165
1746377702,500,GET,GET /pastes/:slug,346.300000,0.000000,47,52,55,57,67,90,160,200,280,280,280,275978,1,51,65.03981854785414,27.034299999286304,3961.542200000622,2906.186648935785
1746377702,500,POST,POST /pastes,36.400000,0.000000,50,55,58,61,72,97,200,220,300,300,300,27373,0,54,70.15470466518612,30.012999999598833,2920.1709999997547,2854.1658933986046
1746377702,500,,Aggregated,382.700000,0.000000,47,52,55,58,68,90,160,200,280,300,300,303351,1,51,65.5013623624104,27.034299999286304,3961.542200000622,2901.492535050156
1746377703,500,GET,GET /pastes/:slug,346.700000,0.000000,47,52,56,58,68,90,160,200,280,280,280,276295,1,51,65.0214864818389,27.034299999286304,3961.542200000622,2906.115213811325
1746377703,500,POST,POST /pastes,36.500000,0.000000,50,56,59,62,74,97,160,220,300,300,300,27412,0,54,70.13074749380341,30.012999999598833,2920.1709999997547,2854.320662483584
1746377703,500,,Aggregated,383.200000,0.000000,47,52,56,58,69,91,160,200,280,300,300,303707,1,51,65.48263839094766,27.034299999286304,3961.542200000622,2901.440338879249
1746377704,500,GET,GET /pastes/:slug,346.600000,0.000000,48,53,57,60,74,110,160,200,280,280,280,276673,1,51,65.01943076772827,27.034299999286304,3961.542200000622,2906.0834125483875
1746377704,500,POST,POST /pastes,35.900000,0.000000,51,57,61,64,84,110,160,220,300,300,300,27451,0,54,70.1284283086273,30.012999999598833,2920.1709999997547,2854.3992932862193
1746377704,500,,Aggregated,382.500000,0.000000,48,54,57,60,75,110,160,200,280,300,300,304124,1,51,65.48058178341573,27.034299999286304,3961.542200000622,2901.4182734674014
1746377705,500,GET,GET /pastes/:slug,345.200000,0.000000,47,52,56,59,72,110,170,200,280,280,280,277029,1,51,64.99317871558472,27.034299999286304,3961.542200000622,2906.05647784167
1746377705,500,POST,POST /pastes,35.000000,0.000000,50,57,60,63,86,110,200,220,300,300,300,27478,0,54,70.10680349370882,30.012999999598833,2920.1709999997547,2854.3800494941406
1746377705,500,,Aggregated,380.200000,0.000000,47,52,56,59,73,110,170,200,280,300,300,304507,1,51,65.45462026422891,27.034299999286304,3961.542200000622,2901.393317723402
1746377707,500,GET,GET /pastes/:slug,345.800000,0.000000,45,50,53,55,61,69,100,120,140,150,150,277386,1,51,64.9664518029017,27.034299999286304,3961.542200000622,2906.0764422140987
1746377707,500,POST,POST /pastes,35.200000,0.000000,49,53,57,59,66,77,110,120,130,130,130,27511,0,54,70.07913709062319,30.012999999598833,2920.1709999997547,2854.639780451456
1746377707,500,,Aggregated,381.000000,0.000000,46,51,54,56,62,71,110,120,140,150,150,304897,1,51,65.42777180588698,27.034299999286304,3961.542200000622,2901.435287982499
1746377708,500,GET,GET /pastes/:slug,345.800000,0.000000,46,51,54,56,63,75,110,120,150,150,150,277693,1,51,64.95355028718654,27.034299999286304,3961.542200000622,2905.999755125264
1746377708,500,POST,POST /pastes,35.200000,0.000000,50,55,58,59,68,81,110,120,130,130,130,27553,0,54,70.05292534388768,30.012999999598833,2920.1709999997547,2854.9902369977863
1746377708,500,,Aggregated,381.000000,0.000000,46,51,54,57,64,77,110,120,150,150,150,305246,1,51,65.4138448723309,27.034299999286304,3961.542200000622,2901.3953860165243
1746377709,500,GET,GET /pastes/:slug,347.500000,0.000000,47,52,55,58,67,88,110,130,150,150,150,278063,1,51,64.9458750276005,27.034299999286304,3961.542200000622,2906.0011831851057
1746377709,500,POST,POST /pastes,35.100000,0.000000,50,56,59,61,73,92,110,130,130,130,130,27594,0,54,70.03812764007165,30.012999999598833,2920.1709999997547,2855.068130753062
1746377709,500,,Aggregated,382.600000,0.000000,47,52,56,58,67,90,110,130,150,150,150,305657,1,51,65.40559169886338,27.034299999286304,3961.542200000622,2901.4030661820275
1746377710,500,GET,GET /pastes/:slug,346.000000,0.000000,46,52,56,58,68,90,110,130,150,150,150,278392,1,51,64.92801618437204,27.034299999286304,3961.542200000622,2906.163901979942
1746377710,500,POST,POST /pastes,35.300000,0.000000,50,56,59,61,73,92,110,130,130,130,130,27630,0,54,70.01651331886126,30.012999999598833,2920.1709999997547,2855.5136083966704
1746377710,500,,Aggregated,381.300000,0.000000,47,52,56,59,69,90,110,130,150,150,150,306022,1,51,65.38744451248444,27.034299999286304,3961.542200000622,2901.5908071968684
1746377711,500,GET,GET /pastes/:slug,346.900000,0.000000,46,51,55,58,67,89,110,130,150,150,150,278760,1,51,64.90065203580038,27.034299999286304,3961.542200000622,2906.45743650452
1746377711,500,POST,POST /pastes,35.300000,0.000000,49,55,58,60,71,92,110,130,130,130,130,27661,0,54,69.99029081378605,30.012999999598833,2920.1709999997547,2855.2964462600776
1746377711,500,,Aggregated,382.200000,0.000000,46,51,55,58,67,90,110,130,150,150,150,306421,1,51,65.36009997911218,27.034299999286304,3961.542200000622,2901.8390710819426
1746377712,500,GET,GET /pastes/:slug,344.900000,0.000000,46,51,55,58,72,100,120,130,160,170,170,279100,1,50,64.89093148441306,27.034299999286304,3961.542200000622,2906.274826227159
1746377712,500,POST,POST /pastes,35.700000,0.000000,50,55,59,61,76,100,130,150,170,170,170,27687,0,54,69.99337404197404,30.012999999598833,2920.1709999997547,2855.364611550547
1746377712,500,,Aggregated,380.600000,0.000000,46,52,56,59,72,100,120,130,170,170,170,306787,1,51,65.35141816439256,27.034299999286304,3961.542200000622,2901.680266764889
1746377713,500,GET,GET /pastes/:slug,345.700000,0.000000,46,52,56,60,75,100,120,130,160,170,170,279464,1,50,64.87785554704608,27.034299999286304,3961.542200000622,2906.2366100821573
1746377713,500,POST,POST /pastes,35.300000,0.000000,50,56,60,64,80,100,130,150,170,170,170,27723,0,54,69.98044388053721,30.012999999598833,2920.1709999997547,2855.5247628323054
1746377713,500,,Aggregated,381.000000,0.000000,47,52,57,60,75,100,120,130,170,170,170,307187,1,51,65.33835373339203,27.034299999286304,3961.542200000622,2901.6599693346398
1746377714,500,GET,GET /pastes/:slug,346.400000,0.000000,46,52,56,60,73,89,110,120,160,170,170,279793,1,51,64.86868201777644,27.034299999286304,3961.542200000622,2906.117029375288
1746377714,500,POST,POST /pastes,33.900000,0.000000,50,55,60,63,80,94,130,150,170,170,170,27758,0,54,69.96977938973052,30.012999999598833,2920.1709999997547,2855.824771237121
1746377714,500,,Aggregated,380.300000,0.000000,46,52,57,60,74,89,110,130,170,170,170,307551,1,51,65.32908130391229,27.034299999286304,3961.542200000622,2901.577904152482
1746377715,500,GET,GET /pastes/:slug,347.000000,0.000000,47,53,57,61,74,89,110,120,160,170,170,280157,1,50,64.85161671812503,27.034299999286304,3961.542200000622,2906.2097359694744
1746377715,500,POST,POST /pastes,34.700000,0.000000,50,56,60,63,80,94,130,150,170,170,170,27789,0,54,69.95104730289438,30.012999999598833,2920.1709999997547,2855.670301198316
1746377715,500,,Aggregated,381.700000,0.000000,48,53,58,61,74,90,110,130,170,170,170,307946,1,51,65.31178855513485,27.034299999286304,3961.542200000622,2901.6490650958285
1746377716,500,GET,GET /pastes/:slug,348.200000,0.000000,48,53,58,61,74,89,110,120,160,170,170,280508,1,50,64.83010400131117,27.034299999286304,3961.542200000622,2906.0996085673137
1746377716,500,POST,POST /pastes,34.500000,0.000000,52,57,61,64,80,93,130,150,170,170,170,27815,0,54,69.93225484091833,30.012999999598833,2920.1709999997547,2855.845083587992
1746377716,500,,Aggregated,382.700000,0.000000,48,54,58,61,74,90,110,130,170,170,170,308323,1,51,65.29038859118393,27.034299999286304,3961.542200000622,2901.565955183363
1746377717,500,GET,GET /pastes/:slug,346.000000,0.000000,48,53,57,60,70,85,110,120,160,170,170,280857,1,50,64.80866773162073,27.034299999286304,3961.542200000622,2906.099456306946
1746377717,500,POST,POST /pastes,33.600000,0.000000,52,57,60,63,76,90,130,150,170,170,170,27860,0,54,69.90275641062992,30.012999999598833,2920.1709999997547,2855.9293969849246
1746377717,500,,Aggregated,379.600000,0.000000,48,53,57,60,70,86,110,120,170,170,170,308717,1,51,65.26838103084576,27.034299999286304,3961.542200000622,2901.5718862258964
1746377718,500,GET,GET /pastes/:slug,347.000000,0.000000,47,52,55,58,66,77,94,120,160,170,170,281194,1,50,64.78327208226278,27.034299999286304,3961.542200000622,2906.311390001209
1746377718,500,POST,POST /pastes,33.600000,0.000000,50,55,59,61,70,86,110,150,170,170,170,27904,0,54,69.8650032361002,30.012999999598833,2920.1709999997547,2855.6598695527523
1746377718,500,,Aggregated,380.600000,0.000000,47,52,56,58,67,78,95,120,170,170,170,309098,1,51,65.24202828940854,27.034299999286304,3961.542200000622,2901.7387948158835
1746377719,500,GET,GET /pastes/:slug,346.100000,0.000000,47,52,55,58,67,78,94,120,160,170,170,281550,1,50,64.76551305771561,27.034299999286304,3961.542200000622,2906.353993961996
1746377719,500,POST,POST /pastes,34.700000,0.000000,50,55,59,61,70,86,110,150,170,170,170,27938,0,54,69.8455644641755,30.012999999598833,2920.1709999997547,2855.223065359009
1746377719,500,,Aggregated,380.800000,0.000000,47,52,56,58,67,79,95,120,170,170,170,309488,1,51,65.22409780476019,27.034299999286304,3961.542200000622,2901.7383194178774
1746377720,500,GET,GET /pastes/:slug,348.000000,0.000000,47,52,56,58,67,78,94,120,160,170,170,281899,1,50,64.7425887466782,27.034299999286304,3961.542200000622,2906.3205013143006
1746377720,500,POST,POST /pastes,34.600000,0.000000,51,56,59,62,70,86,110,150,170,170,170,27966,0,54,69.82783162412004,30.012999999598833,2920.1709999997547,2855.5554602016737
1746377720,500,,Aggregated,382.600000,0.000000,48,53,56,59,67,79,95,120,170,170,170,309865,1,51,65.20154313749418,27.034299999286304,3961.542200000622,2901.7388443354366
1746377721,500,GET,GET /pastes/:slug,346.300000,0.000000,47,52,55,58,65,73,85,91,110,120,120,282241,1,50,64.72019250250608,27.034299999286304,3961.542200000622,2906.3879733986205
1746377721,500,POST,POST /pastes,34.000000,0.000000,51,56,59,62,69,80,88,96,110,110,110,28006,0,54,69.80190007498894,30.012999999598833,2920.1709999997547,2855.9309076626437
1746377721,500,,Aggregated,380.300000,0.000000,47,52,56,58,66,73,85,91,110,120,120,310247,1,51,65.17891829928932,27.034299999286304,3961.542200000622,2901.833213536311
1746377722,500,GET,GET /pastes/:slug,349.500000,0.000000,46,51,54,57,63,72,83,91,110,120,120,282594,1,50,64.70132407269726,27.034299999286304,3961.542200000622,2906.3832070036874
1746377722,500,POST,POST /pastes,33.500000,0.000000,50,55,58,61,68,73,88,99,110,110,110,28045,0,54,69.77789655197505,30.012999999598833,2920.1709999997547,2856.008985558923
1746377722,500,,Aggregated,383.000000,0.000000,47,52,55,57,64,72,84,91,110,120,120,310639,1,51,65.15964538837564,27.034299999286304,3961.542200000622,2901.835339413274
1746377723,500,GET,GET /pastes/:slug,346.500000,0.000000,47,51,54,57,63,70,81,91,100,120,120,282941,1,50,64.68980680106388,27.034299999286304,3961.542200000622,2906.3569153993235
1746377723,500,POST,POST /pastes,34.200000,0.000000,50,55,57,60,66,73,88,94,100,100,100,28082,0,54,69.76478908910133,30.012999999598833,2920.1709999997547,2855.916886261662
1746377723,500,,Aggregated,380.700000,0.000000,47,52,55,57,63,70,81,91,100,120,120,311023,1,51,65.14802260057816,27.034299999286304,3961.542200000622,2901.8027284155833
1746377724,500,GET,GET /pastes/:slug,347.100000,0.000000,47,52,55,58,66,76,94,100,120,130,130,283308,1,50,64.68668658632936,27.034299999286304,3961.542200000622,2906.367582277945
1746377724,500,POST,POST /pastes,35.700000,0.000000,50,55,58,61,69,77,93,98,110,110,110,28104,0,54,69.75770233063425,30.012999999598833,2920.1709999997547,2855.678906917165
1746377724,500,,Aggregated,382.800000,0.000000,47,52,56,58,66,76,94,100,120,130,130,311412,1,51,65.14433056433151,27.034299999286304,3961.542200000622,2901.793081191476
1746377725,500,GET,GET /pastes/:slug,345.000000,0.000000,47,52,55,58,66,76,94,100,120,130,130,283656,1,50,64.66652613200432,27.034299999286304,3961.542200000622,2906.2364871534533
1746377725,500,POST,POST /pastes,35.900000,0.000000,50,55,58,61,68,76,93,98,110,110,110,28144,0,54,69.7288647136208,30.012999999598833,2920.1709999997547,2855.048145252985
1746377725,500,,Aggregated,380.900000,0.000000,47,52,56,58,66,76,94,100,120,130,130,311800,1,51,65.12346794419378,27.034299999286304,3961.542200000622,2901.616074406671
1746377726,500,GET,GET /pastes/:slug,349.300000,0.000000,47,52,56,58,67,77,94,100,120,130,130,283991,1,50,64.64809196171633,27.034299999286304,3961.542200000622,2906.123701103204
1746377726,500,POST,POST /pastes,34.600000,0.000000,50,56,60,62,67,77,93,98,110,110,110,28189,0,54,69.70381632906954,30.012999999598833,2920.1709999997547,2855.2035900528576
1746377726,500,,Aggregated,383.900000,0.000000,47,52,56,58,67,77,94,100,120,130,130,312180,1,51,65.10461004164131,27.034299999286304,3961.542200000622,2901.5257543724774
1746377727,500,GET,GET /pastes/:slug,348.700000,0.000000,47,52,56,58,67,77,94,100,120,130,130,284345,1,50,64.62539104362583,27.034299999286304,3961.542200000622,2906.19140480754
1746377727,500,POST,POST /pastes,35.400000,0.000000,51,56,61,62,69,77,93,98,110,110,110,28219,0,54,69.68392211276601,30.012999999598833,2920.1709999997547,2855.600836315957
1746377727,500,,Aggregated,384.100000,0.000000,48,52,56,59,67,77,94,100,120,130,130,312564,1,51,65.0820869146786,27.034299999286304,3961.542200000622,2901.623971410655
1746377728,500,GET,GET /pastes/:slug,346.100000,0.000000,47,52,56,58,66,74,94,100,120,130,130,284689,1,50,64.60513978200675,27.034299999286304,3961.542200000622,2906.294356297574
1746377728,500,POST,POST /pastes,37.000000,0.000000,51,56,60,62,67,73,93,98,110,110,110,28255,0,54,69.66016564502385,30.012999999598833,2920.1709999997547,2855.517926030791
1746377728,500,,Aggregated,383.100000,0.000000,48,52,56,58,66,74,94,100,120,130,130,312944,1,51,65.06154653771773,27.034299999286304,3961.542200000622,2901.709868219234
1746377729,500,GET,GET /pastes/:slug,346.200000,0.000000,47,52,56,58,66,75,94,100,120,130,130,285060,1,50,64.58385729846249,27.034299999286304,3961.542200000622,2906.221402511752
1746377729,500,POST,POST /pastes,35.700000,0.000000,51,56,60,62,67,74,93,98,110,110,110,28299,0,54,69.63205481466312,30.012999999598833,2920.1709999997547,2855.51828686526
1746377729,500,,Aggregated,381.900000,0.000000,48,52,56,59,66,75,94,100,120,130,130,313359,1,51,65.03975274589061,27.034299999286304,3961.542200000622,2901.642477158786
1746377730,500,GET,GET /pastes/:slug,348.500000,0.000000,47,52,56,58,66,75,94,100,120,130,130,285419,1,50,64.56095800139356,27.034299999286304,3961.542200000622,2906.2083673476536
1746377730,500,POST,POST /pastes,35.000000,0.000000,51,55,59,62,67,73,93,98,110,110,110,28334,0,54,69.60777221712938,30.012999999598833,2920.1709999997547,2855.6923484153313
1746377730,500,,Aggregated,383.500000,0.000000,48,53,56,59,66,75,94,100,120,130,130,313753,1,51,65.01671917017389,27.034299999286304,3961.542200000622,2901.6464320659884
1746377731,500,GET,GET /pastes/:slug,347.500000,0.000000,47,52,55,58,65,74,94,100,120,130,130,285752,1,50,64.53972030431886,27.034299999286304,3961.542200000622,2906.228712309975
1746377731,500,POST,POST /pastes,35.700000,0.000000,51,55,59,62,66,73,92,96,110,110,110,28359,0,54,69.59050321591543,30.012999999598833,2920.1709999997547,2856.034486406432
1746377731,500,,Aggregated,383.200000,0.000000,47,52,56,58,65,74,94,100,120,130,130,314111,1,51,64.9957220125992,27.034299999286304,3961.542200000622,2901.697008382387
1746377732,500,GET,GET /pastes/:slug,348.200000,0.000000,46,51,54,56,63,70,90,100,120,130,130,286111,1,50,64.51502044136605,27.034299999286304,3961.542200000622,2906.1922191037743
1746377732,500,POST,POST /pastes,36.500000,0.000000,49,54,57,60,64,69,77,87,110,110,110,28400,0,54,69.56073268310367,30.012999999598833,2920.1709999997547,2855.5163028169013
1746377732,500,,Aggregated,384.700000,0.000000,46,51,54,57,63,70,89,100,120,130,130,314511,1,51,64.97064274921861,27.034299999286304,3961.542200000622,2901.616239177644
1746377733,500,GET,GET /pastes/:slug,348.200000,0.000000,45,49,52,54,60,64,70,74,96,100,100,286453,1,50,64.49169832502952,27.034299999286304,3961.542200000622,2906.2399067211722
1746377733,500,POST,POST /pastes,35.300000,0.000000,49,53,56,59,63,67,71,74,87,87,87,28439,0,54,69.53186124336831,30.012999999598833,2920.1709999997547,2855.772319701818
1746377733,500,,Aggregated,383.500000,0.000000,45,50,53,55,60,65,70,74,96,100,100,314892,1,51,64.94689310049,27.034299999286304,3961.542200000622,2901.682002083254
1746377734,500,GET,GET /pastes/:slug,350.000000,0.000000,45,49,52,55,60,65,72,83,100,100,100,286790,1,50,64.4742189818323,27.034299999286304,3961.542200000622,2906.1573172007393
1746377734,500,POST,POST /pastes,35.300000,0.000000,49,54,57,59,63,69,77,84,110,110,110,28479,0,54,69.51141980758291,30.012999999598833,2920.1709999997547,2855.888865479827
1746377734,500,,Aggregated,385.300000,0.000000,45,50,53,55,60,65,73,83,100,110,110,315269,1,51,64.92924133517569,27.034299999286304,3961.542200000622,2901.616448176002
1746377735,500,GET,GET /pastes/:slug,350.000000,0.000000,45,49,52,55,60,65,74,84,100,100,100,287159,1,50,64.45424742877519,27.034299999286304,3961.542200000622,2906.1073865001617
1746377735,500,POST,POST /pastes,35.300000,0.000000,49,53,56,58,64,70,84,92,110,110,110,28514,0,54,69.49339975451174,30.012999999598833,2920.1709999997547,2855.607455986533
1746377735,500,,Aggregated,385.300000,0.000000,45,50,53,55,61,66,74,84,100,110,110,315673,1,51,64.90942221222427,27.034299999286304,3961.542200000622,2901.545846493048
1746377736,500,GET,GET /pastes/:slug,346.800000,0.000000,46,51,55,57,66,81,140,160,210,210,210,287516,1,50,64.47637814034576,27.034299999286304,3961.542200000622,2906.0492320427384
1746377736,500,POST,POST /pastes,36.900000,0.000000,50,55,58,61,70,90,160,190,200,200,200,28546,0,54,69.52149424438275,30.012999999598833,2920.1709999997547,2855.44352974147
1746377736,500,,Aggregated,383.700000,0.000000,46,51,55,58,66,82,140,160,210,210,210,316062,1,51,64.93204153646901,27.034299999286304,3961.542200000622,2901.4786402667833
1746377737,500,GET,GET /pastes/:slug,348.200000,0.000000,46,51,55,57,66,81,140,160,210,210,210,287852,1,50,64.45819863575612,27.034299999286304,3961.542200000622,2905.9909119964427
1746377737,500,POST,POST /pastes,36.400000,0.000000,50,55,58,61,71,90,160,190,200,200,200,28585,0,54,69.49629845024137,30.012999999598833,2920.1709999997547,2855.411194682526
1746377737,500,,Aggregated,384.600000,0.000000,47,51,55,58,66,82,140,160,210,210,210,316437,1,51,64.91331002663878,27.034299999286304,3961.542200000622,2901.421847002721
1746377738,500,GET,GET /pastes/:slug,348.600000,0.000000,47,52,56,59,69,86,140,160,210,210,210,288208,1,50,64.45117474358673,27.034299999286304,3961.542200000622,2906.0090004441236
1746377738,500,POST,POST /pastes,35.700000,0.000000,50,55,59,62,73,95,160,190,200,200,200,28623,0,54,69.47815369808029,30.012999999598833,2920.1709999997547,2854.8433777032456
1746377738,500,,Aggregated,384.300000,0.000000,47,52,57,59,69,87,140,160,210,210,210,316831,1,51,64.9053197565878,27.034299999286304,3961.542200000622,2901.386619364898
1746377739,500,GET,GET /pastes/:slug,348.500000,0.000000,47,52,56,59,69,86,140,160,210,210,210,288540,1,50,64.4290060781856,27.034299999286304,3961.542200000622,2905.910847716088
1746377739,500,POST,POST /pastes,36.200000,0.000000,50,55,59,62,74,95,160,190,200,200,200,28659,0,54,69.45323750654762,30.012999999598833,2920.1709999997547,2854.5418542168254
1746377739,500,,Aggregated,384.700000,0.000000,47,52,56,59,69,87,140,160,210,210,210,317199,1,51,64.88294650203656,27.034299999286304,3961.542200000622,2901.269647760554
1746377740,500,GET,GET /pastes/:slug,349.300000,0.000000,47,52,56,59,68,84,140,160,210,210,210,288888,1,50,64.40727684777376,27.034299999286304,3961.542200000622,2905.7542127052698
1746377740,500,POST,POST /pastes,36.700000,0.000000,50,55,59,61,73,92,160,190,200,200,200,28701,0,54,69.42342522909141,30.012999999598833,2920.1709999997547,2854.4718302498172
1746377740,500,,Aggregated,386.000000,0.000000,47,52,56,59,68,85,140,160,210,210,210,317589,1,51,64.86059379103024,27.034299999286304,3961.542200000622,2901.119745960975
1746377741,500,GET,GET /pastes/:slug,347.800000,0.000000,48,54,58,61,75,110,160,200,230,250,250,289241,1,50,64.42061460097175,27.034299999286304,3961.542200000622,2905.766194972359
1746377741,500,POST,POST /pastes,36.400000,0.000000,51,58,62,66,86,110,190,200,230,230,230,28746,0,54,69.45215340569669,30.012999999598833,2920.1709999997547,2854.5335698879844
1746377741,500,,Aggregated,384.200000,0.000000,48,54,59,62,76,110,170,200,230,250,250,317987,1,51,64.87546531650509,27.034299999286304,3961.542200000622,2901.134769660395
1746377742,500,GET,GET /pastes/:slug,347.100000,0.000000,49,55,60,63,79,120,160,200,230,250,250,289557,1,50,64.41306006761943,27.034299999286304,3961.542200000622,2905.979240702176
1746377742,500,POST,POST /pastes,36.800000,0.000000,52,59,64,70,95,130,190,200,230,230,230,28783,0,54,69.44942672758764,30.012999999598833,2920.1709999997547,2854.633637911267
1746377742,500,,Aggregated,383.900000,0.000000,49,55,60,64,82,120,170,200,230,250,250,318340,1,51,64.86842772978426,27.034299999286304,3961.542200000622,2901.336781428661
1746377743,500,GET,GET /pastes/:slug,345.300000,0.000000,49,55,60,63,78,120,160,200,230,250,250,289895,1,50,64.39712598388968,27.034299999286304,3961.542200000622,2905.88541023474
1746377743,500,POST,POST /pastes,38.200000,0.000000,53,59,64,70,92,130,190,200,230,230,230,28823,0,54,69.42795276342342,30.012999999598833,2920.1709999997547,2854.504180689033
1746377743,500,,Aggregated,383.500000,0.000000,49,56,60,64,81,120,170,200,230,250,250,318718,1,51,64.85208466292939,27.034299999286304,3961.542200000622,2901.23879103157
1746377744,500,GET,GET /pastes/:slug,339.400000,0.000000,49,56,61,64,81,120,170,200,230,250,250,290238,1,50,64.3805713555762,27.034299999286304,3961.542200000622,2905.8108138837783
1746377744,500,POST,POST /pastes,37.400000,0.000000,53,60,65,71,90,130,190,200,230,230,230,28868,0,54,69.40474954967985,30.012999999598833,2920.1709999997547,2854.639808784814
1746377744,500,,Aggregated,376.800000,0.000000,50,56,61,65,82,120,170,200,230,250,250,319106,1,51,64.83508482792413,27.034299999286304,3961.542200000622,2901.1816167668426
1746377745,500,GET,GET /pastes/:slug,342.900000,0.000000,48,53,57,59,69,85,130,180,230,250,250,290580,1,50,64.3581324175777,27.034299999286304,3961.542200000622,2905.944679606305
1746377745,500,POST,POST /pastes,38.200000,0.000000,51,57,62,64,75,99,150,200,230,230,230,28913,0,54,69.37310071248785,30.012999999598833,2920.1709999997547,2854.392038183516
1746377745,500,,Aggregated,381.100000,0.000000,48,53,58,60,70,86,130,180,230,250,250,319493,1,51,64.81196952296159,27.034299999286304,3961.542200000622,2901.279345713365
1746377746,500,GET,GET /pastes/:slug,341.800000,0.000000,47,53,57,60,71,93,130,180,230,250,250,290920,1,50,64.34458467963613,27.034299999286304,3961.542200000622,2905.9846074522206
1746377746,500,POST,POST /pastes,38.600000,0.000000,51,58,62,65,79,100,150,200,230,230,230,28940,0,54,69.36215511748979,30.012999999598833,2920.1709999997547,2854.740428472702
1746377746,500,,Aggregated,380.400000,0.000000,48,53,58,61,72,94,140,190,230,250,250,319860,1,51,64.79855982023253,27.034299999286304,3961.542200000622,2901.3481835803163
1746377747,500,GET,GET /pastes/:slug,341.200000,0.000000,46,52,56,58,68,87,130,180,230,250,250,291273,1,50,64.32448206871136,27.034299999286304,3961.542200000622,2905.8453341023715
1746377747,500,POST,POST /pastes,39.700000,0.000000,51,57,62,65,76,100,150,200,230,230,230,28981,0,54,69.33735104034199,30.012999999598833,2920.1709999997547,2854.900072461268
1746377747,500,,Aggregated,380.900000,0.000000,47,52,57,59,69,88,130,190,230,250,250,320254,1,51,64.77811560854697,27.034299999286304,3961.542200000622,2901.235104011191
1746377748,500,GET,GET /pastes/:slug,337.600000,0.000000,46,51,55,58,67,87,130,180,230,250,250,291599,1,50,64.30079094166909,27.034299999286304,3961.542200000622,2906.012877273242
1746377748,500,POST,POST /pastes,39.100000,0.000000,50,57,61,64,76,100,150,200,230,230,230,29024,0,54,69.30146743729834,30.012999999598833,2920.1709999997547,2855.1820906835724
1746377748,500,,Aggregated,376.700000,0.000000,47,52,56,59,68,88,130,190,230,250,250,320623,1,51,64.75347098835579,27.034299999286304,3961.542200000622,2901.411483268512
1746377749,500,GET,GET /pastes/:slug,339.700000,0.000000,47,52,56,59,71,91,130,180,230,250,250,291955,1,50,64.28680543405578,27.034299999286304,3961.542200000622,2905.9369046599645
1746377749,500,POST,POST /pastes,39.000000,0.000000,51,57,63,65,78,100,150,200,230,230,230,29060,0,54,69.28382517550403,30.012999999598833,2920.1709999997547,2855.197935306263
1746377749,500,,Aggregated,378.700000,0.000000,47,53,57,60,72,92,130,190,230,250,250,321015,1,51,64.73916246935373,27.034299999286304,3961.542200000622,2901.3437409466846
1746377750,500,GET,GET /pastes/:slug,336.700000,0.000000,46,51,55,57,66,77,99,120,140,150,150,292303,1,50,64.26436084850233,27.034299999286304,3961.542200000622,2905.9700345189754
1746377750,500,POST,POST /pastes,39.800000,0.000000,49,55,59,63,71,82,120,120,150,150,150,29091,0,54,69.26332683992138,30.012999999598833,2920.1709999997547,2855.0233749269532
1746377750,500,,Aggregated,376.500000,0.000000,46,51,55,58,67,77,100,120,150,150,150,321394,1,51,64.71684259880276,27.034299999286304,3961.542200000622,2901.358594124346
1746377751,500,GET,GET /pastes/:slug,338.800000,0.000000,46,51,55,58,67,77,97,120,140,150,150,292670,1,50,64.2463001499975,27.034299999286304,3961.542200000622,2906.021737793419
1746377751,500,POST,POST /pastes,39.400000,0.000000,49,55,59,62,70,82,120,120,150,150,150,29129,0,54,69.2388538157902,30.012999999598833,2920.1709999997547,2854.755982011054
1746377751,500,,Aggregated,378.200000,0.000000,46,51,56,58,67,77,100,120,150,150,150,321799,1,51,64.69822229932225,27.034299999286304,3961.542200000622,2901.3812006873854
1746377752,500,GET,GET /pastes/:slug,339.800000,0.000000,46,51,55,57,65,74,87,99,120,130,130,293030,1,50,64.23321043954469,27.034299999286304,3961.542200000622,2905.9791113537863
1746377752,500,POST,POST /pastes,38.600000,0.000000,48,53,57,60,67,74,84,97,130,130,130,29157,0,54,69.2252392495851,30.012999999598833,2920.1709999997547,2855.136090818671
1746377752,500,,Aggregated,378.400000,0.000000,46,51,55,57,65,74,87,97,120,130,130,322187,1,51,64.68497473796155,27.034299999286304,3961.542200000622,2901.3779637291386
1746377753,500,GET,GET /pastes/:slug,342.800000,0.000000,46,51,55,57,64,73,87,97,120,130,130,293385,1,50,64.21253889939769,27.034299999286304,3961.542200000622,2906.0743868977625
1746377753,500,POST,POST /pastes,38.300000,0.000000,48,53,56,58,66,74,85,97,130,130,130,29192,0,54,69.20227470540401,30.012999999598833,2920.1709999997547,2855.2570909838314
1746377753,500,,Aggregated,381.100000,0.000000,46,51,55,57,65,73,86,97,120,130,130,322577,1,51,64.66409114164873,27.034299999286304,3961.542200000622,2901.4756135744333
1746377754,500,GET,GET /pastes/:slug,346.800000,0.000000,46,51,54,57,64,73,85,97,120,130,130,293736,1,50,64.19135352527377,27.034299999286304,3961.542200000622,2905.9760329002916
1746377754,500,POST,POST /pastes,37.900000,0.000000,48,53,56,58,65,75,83,97,130,130,130,29216,0,54,69.18738524096918,30.012999999598833,2920.1709999997547,2855.482920317634
1746377754,500,,Aggregated,384.700000,0.000000,46,51,55,57,64,73,85,97,120,130,130,322952,1,51,64.64332181345722,27.034299999286304,3961.542200000622,2901.4081504372166
1746377755,500,GET,GET /pastes/:slug,345.000000,0.000000,47,52,56,58,68,80,110,120,150,150,150,294086,1,50,64.19328931672977,27.034299999286304,3961.542200000622,2905.961864896663
1746377755,500,POST,POST /pastes,36.800000,0.000000,48,54,57,60,69,80,93,120,160,160,160,29246,0,54,69.18074532928115,30.012999999598833,2920.1709999997547,2855.6333173767352
1746377755,500,,Aggregated,381.800000,0.000000,47,52,56,59,68,80,110,120,150,160,160,323332,1,51,64.64441428593405,27.034299999286304,3961.542200000622,2901.4095511734067
1746377756,500,GET,GET /pastes/:slug,348.100000,0.000000,48,53,58,61,74,100,130,150,210,210,210,294464,1,50,64.21155324487817,27.034299999286304,3961.542200000622,2905.838027738535
1746377756,500,POST,POST /pastes,35.300000,0.000000,50,55,59,62,76,95,150,160,210,210,210,29285,0,54,69.19967872631557,30.012999999598833,2920.1709999997547,2855.596175516476
1746377756,500,,Aggregated,383.400000,0.000000,48,53,58,61,74,99,130,150,210,210,210,323749,1,51,64.66275851415644,27.034299999286304,3961.542200000622,2901.293356890678
1746377757,500,GET,GET /pastes/:slug,348.300000,0.000000,49,55,59,63,78,100,130,150,210,210,210,294789,1,50,64.20349728958632,27.034299999286304,3961.542200000622,2905.7131880768957
1746377757,500,POST,POST /pastes,33.600000,0.000000,52,57,62,65,81,96,150,160,210,210,210,29317,0,54,69.1913955043202,30.012999999598833,2920.1709999997547,2856.1002831121873
1746377757,500,,Aggregated,381.900000,0.000000,49,55,59,63,78,100,130,150,210,210,210,324106,1,51,64.65467749594171,27.034299999286304,3961.542200000622,2901.2254540181298
1746377758,500,GET,GET /pastes/:slug,350.900000,0.000000,49,55,59,62,77,100,130,150,210,210,210,295135,1,50,64.18596129262816,27.034299999286304,3961.542200000622,2905.7042370440645
1746377758,500,POST,POST /pastes,33.500000,0.000000,53,58,62,65,80,95,150,160,210,210,210,29357,0,54,69.17227355997409,30.012999999598833,2920.1709999997547,2855.9369826617162
1746377758,500,,Aggregated,384.400000,0.000000,49,55,59,63,77,99,130,150,210,210,210,324492,1,51,64.6370761713683,27.034299999286304,3961.542200000622,2901.201761522626
1746377759,500,GET,GET /pastes/:slug,349.800000,0.000000,49,55,59,62,77,100,130,150,210,210,210,295486,1,50,64.16586739710114,27.034299999286304,3961.542200000622,2905.7440250976356
1746377759,500,POST,POST /pastes,33.600000,0.000000,53,59,62,65,80,95,150,160,210,210,210,29392,0,54,69.1525316582797,30.012999999598833,2920.1709999997547,2855.723496189439
1746377759,500,,Aggregated,383.400000,0.000000,49,55,59,63,77,100,130,150,210,210,210,324878,1,51,64.61701532328951,27.034299999286304,3961.542200000622,2901.2186236064
1746377760,500,GET,GET /pastes/:slug,351.300000,0.000000,49,55,59,63,78,100,130,150,210,210,210,295839,1,50,64.15227937932397,27.034299999286304,3961.542200000622,2905.7206521114526
1746377760,500,POST,POST /pastes,33.500000,0.000000,54,60,63,66,83,97,150,160,210,210,210,29420,0,54,69.14466037390075,30.012999999598833,2920.1709999997547,2855.3572399728077
1746377760,500,,Aggregated,384.800000,0.000000,50,56,60,63,79,100,130,150,210,210,210,325259,1,51,64.60384520489718,27.034299999286304,3961.542200000622,2901.165231400207
1746377761,500,GET,GET /pastes/:slug,350.000000,0.000000,49,55,59,63,82,110,130,150,210,210,210,296193,2,50,64.14303263648988,27.034299999286304,3961.542200000622,2905.6657686035796
1746377761,500,POST,POST /pastes,33.600000,0.000000,54,60,64,67,88,110,150,160,210,210,210,29452,0,54,69.13846768301485,30.012999999598833,2920.1709999997547,2855.544954502241
1746377761,500,,Aggregated,383.600000,0.000000,49,55,60,64,82,110,130,150,210,210,210,325645,2,51,64.59483000168795,27.034299999286304,3961.542200000622,2901.132739639792
1746377762,500,GET,GET /pastes/:slug,350.300000,0.000000,49,55,60,64,84,110,130,150,210,210,210,296529,2,50,64.12941720742268,27.034299999286304,3961.542200000622,2905.664036232544
1746377762,500,POST,POST /pastes,33.200000,0.000000,54,60,64,67,88,110,150,160,210,210,210,29484,0,54,69.12030989689858,30.012999999598833,2920.1709999997547,2855.731583231583
1746377762,500,,Aggregated,383.500000,0.000000,50,56,60,65,84,110,130,150,210,210,210,326013,2,51,64.58078411627653,27.034299999286304,3961.542200000622,2901.1482394873824
1746377763,500,GET,GET /pastes/:slug,351.300000,0.000000,51,58,65,72,95,120,150,160,210,220,220,296896,2,50,64.14903513351416,27.034299999286304,3961.542200000622,2905.824753449019
1746377763,500,POST,POST /pastes,32.100000,0.000000,57,64,69,74,94,120,160,180,210,210,210,29529,0,54,69.14062772190579,30.012999999598833,2920.1709999997547,2855.9681668867893
1746377763,500,,Aggregated,383.400000,0.000000,52,59,66,73,95,120,150,160,210,220,220,326425,2,51,64.60058368997363,27.034299999286304,3961.542200000622,2901.3146358275253
1746377764,500,GET,GET /pastes/:slug,349.600000,0.100000,52,60,68,75,95,110,150,160,210,220,220,297218,2,50,64.16022601322886,27.034299999286304,3961.542200000622,2905.896722271195
1746377764,500,POST,POST /pastes,32.900000,0.000000,59,67,74,80,110,120,160,180,210,210,210,29559,0,54,69.16361015596469,30.012999999598833,2920.1709999997547,2856.177915355729
1746377764,500,,Aggregated,382.500000,0.100000,53,61,69,75,97,120,150,160,210,220,220,326777,2,51,64.61281304314468,27.034299999286304,3961.542200000622,2901.3993487913776
1746377765,500,GET,GET /pastes/:slug,347.200000,0.100000,52,59,66,72,93,110,150,160,210,220,220,297578,2,50,64.14373894676308,27.034299999286304,3961.542200000622,2906.0734530106392
1746377765,500,POST,POST /pastes,33.300000,0.000000,58,66,73,78,110,120,160,180,210,210,210,29595,0,54,69.144985936819,30.012999999598833,2920.1709999997547,2856.0626119276903
1746377765,500,,Aggregated,380.500000,0.100000,52,59,67,72,93,110,150,160,210,220,220,327173,2,51,64.59613539961946,27.034299999286304,3961.542200000622,2901.549635819582
1746377766,500,GET,GET /pastes/:slug,347.300000,0.100000,51,59,66,71,91,110,130,140,190,220,220,297917,2,50,64.13800517660907,27.034299999286304,3961.542200000622,2906.0203647324593
1746377766,500,POST,POST /pastes,33.800000,0.000000,58,66,72,77,97,110,140,160,210,210,210,29634,0,54,69.13845744753182,30.012999999598833,2920.1709999997547,2855.4947020314503
1746377766,500,,Aggregated,381.100000,0.100000,52,59,67,72,91,110,130,150,190,220,220,327551,2,51,64.59040313172505,27.034299999286304,3961.542200000622,2901.449236912725
1746377767,500,GET,GET /pastes/:slug,344.000000,0.100000,51,57,63,69,89,110,130,140,190,220,220,298253,2,50,64.12056226995139,27.034299999286304,3961.542200000622,2905.918066205537
1746377767,500,POST,POST /pastes,34.200000,0.000000,56,64,71,75,99,120,140,160,210,210,210,29669,0,54,69.11709639017687,30.012999999598833,2920.1709999997547,2855.4276180525126
1746377767,500,,Aggregated,378.200000,0.100000,51,58,64,70,89,110,130,140,190,220,220,327922,2,51,64.57262761113812,27.034299999286304,3961.542200000622,2901.3499033306703
1746377768,500,GET,GET /pastes/:slug,345.800000,0.100000,51,58,64,69,89,110,130,140,190,220,220,298608,2,50,64.10332542195717,27.034299999286304,3961.542200000622,2905.863955419815
1746377768,500,POST,POST /pastes,35.400000,0.000000,57,64,71,75,97,110,140,160,210,210,210,29707,0,54,69.09716493756221,30.012999999598833,2920.1709999997547,2855.722556973104
1746377768,500,,Aggregated,381.200000,0.100000,51,58,65,70,89,110,130,140,190,220,220,328315,2,51,64.55518412621902,27.034299999286304,3961.542200000622,2901.3269999847707
1746377769,500,GET,GET /pastes/:slug,346.800000,0.100000,51,58,64,69,88,110,130,140,190,220,220,298969,2,50,64.08851582471678,27.034299999286304,3961.542200000622,2905.8361201328566
1746377769,500,POST,POST /pastes,35.900000,0.000000,56,64,71,75,94,110,140,160,210,210,210,29738,0,54,69.08309178156422,30.012999999598833,2920.1709999997547,2855.727688479387
1746377769,500,,Aggregated,382.700000,0.100000,52,58,65,70,89,110,130,140,190,220,220,328707,2,51,64.54037325338238,27.034299999286304,3961.542200000622,2901.3028289631798
1746377770,500,GET,GET /pastes/:slug,346.400000,0.100000,51,57,63,69,88,110,130,140,190,220,220,299320,2,50,64.06721991179928,27.034299999286304,3961.542200000622,2905.8675163704397
1746377770,500,POST,POST /pastes,34.000000,0.000000,56,62,69,74,93,110,140,160,210,210,210,29775,0,54,69.06039023006392,30.012999999598833,2920.1709999997547,2855.7891855583543
1746377770,500,,Aggregated,380.400000,0.100000,51,58,64,69,89,110,130,140,190,220,220,329095,2,51,64.51897896686232,27.034299999286304,3961.542200000622,2901.3366596271594
1746377771,500,GET,GET /pastes/:slug,346.600000,0.100000,50,56,61,67,85,100,120,140,190,220,220,299641,2,50,64.04879021595765,27.034299999286304,3961.542200000622,2905.8840045254155
1746377771,500,POST,POST /pastes,34.500000,0.000000,56,62,68,73,89,110,140,150,210,210,210,29814,0,54,69.03696761589018,30.012999999598833,2920.1709999997547,2855.856543905548
1746377771,500,,Aggregated,381.100000,0.100000,50,57,62,68,86,110,130,140,190,220,220,329455,2,51,64.50019487213596,27.034299999286304,3961.542200000622,2901.356774066261
1746377772,500,GET,GET /pastes/:slug,346.500000,0.100000,49,56,60,65,83,100,120,140,190,220,220,299998,2,50,64.03975275301761,27.034299999286304,3961.542200000622,2905.9122627484185
1746377772,500,POST,POST /pastes,34.700000,0.000000,54,61,66,71,86,110,130,140,210,210,210,29851,0,54,69.03178238920488,30.012999999598833,2920.1709999997547,2856.194030350742
1746377772,500,,Aggregated,381.200000,0.100000,50,56,61,66,83,100,120,140,190,220,220,329849,2,51,64.49152637267225,27.034299999286304,3961.542200000622,2901.4128131357074
1746377773,500,GET,GET /pastes/:slug,342.800000,0.100000,47,53,57,59,69,83,100,120,130,150,150,300357,2,50,64.01717761363902,27.034299999286304,3961.542200000622,2905.975515802861
1746377773,500,POST,POST /pastes,36.000000,0.000000,52,59,62,65,76,99,130,140,150,150,150,29875,0,54,69.01581329205544,30.012999999598833,2920.1709999997547,2856.4532552301257
1746377773,500,,Aggregated,378.800000,0.100000,48,53,57,60,70,84,110,120,150,150,150,330232,2,51,64.46938769894977,27.034299999286304,3961.542200000622,2901.4954002034933
1746377774,500,GET,GET /pastes/:slug,345.100000,0.000000,46,51,55,57,65,76,93,110,130,150,150,300724,2,50,63.99423618533855,27.034299999286304,3961.542200000622,2906.073575770474
1746377774,500,POST,POST /pastes,35.500000,0.000000,51,58,61,63,73,82,99,120,150,150,150,29903,0,54,68.99942216166123,30.012999999598833,2920.1709999997547,2856.612346587299
1746377774,500,,Aggregated,380.600000,0.000000,47,52,55,58,66,76,94,110,130,150,150,330627,2,51,64.44692176833576,27.034299999286304,3961.542200000622,2901.600138524682
1746377775,500,GET,GET /pastes/:slug,345.600000,0.000000,46,50,54,56,61,69,79,88,120,150,150,301059,2,50,63.97229005676538,27.034299999286304,3961.542200000622,2906.117186332247
1746377775,500,POST,POST /pastes,34.900000,0.000000,49,55,59,61,67,75,86,93,150,150,150,29954,0,54,68.96002742872945,30.012999999598833,2920.1709999997547,2856.2591640515457
1746377775,500,,Aggregated,380.500000,0.000000,46,51,54,56,62,69,80,89,130,150,150,331013,2,51,64.42363995915429,27.034299999286304,3961.542200000622,2901.6054384571
1746377776,500,GET,GET /pastes/:slug,347.000000,0.000000,46,51,54,57,64,71,83,92,120,150,150,301411,2,50,63.96143717083876,27.034299999286304,3961.542200000622,2906.0182242851124
1746377776,500,POST,POST /pastes,34.300000,0.000000,49,56,59,62,68,75,91,110,150,150,150,29985,0,54,68.94831430382422,30.012999999598833,2920.1709999997547,2856.5200266800066
1746377776,500,,Aggregated,381.300000,0.000000,47,51,55,57,64,72,84,93,130,150,150,331396,2,51,64.41265417657276,27.034299999286304,3961.542200000622,2901.5395840625715
1746377777,500,GET,GET /pastes/:slug,349.100000,0.000000,47,52,56,58,67,77,91,100,130,150,150,301755,2,50,63.95733666318598,27.034299999286304,3961.542200000622,2906.1038193236236
1746377777,500,POST,POST /pastes,35.200000,0.000000,51,58,61,63,72,84,110,110,150,150,150,30023,0,54,68.94231978816802,30.012999999598833,2920.1709999997547,2856.632881457549
1746377777,500,,Aggregated,384.300000,0.000000,47,53,56,59,67,78,91,100,130,150,150,331778,2,51,64.40843392810704,27.034299999286304,3961.542200000622,2901.6271332035276
1746377778,500,GET,GET /pastes/:slug,346.300000,0.000000,47,53,57,60,71,83,97,110,130,150,150,302096,2,50,63.95779120610555,27.034299999286304,3961.542200000622,2906.046723558074
1746377778,500,POST,POST /pastes,35.200000,0.000000,51,58,62,65,78,95,110,110,150,150,150,30055,0,54,68.94618165031328,30.012999999598833,2920.1709999997547,2856.8579936782567
1746377778,500,,Aggregated,381.500000,0.000000,48,53,57,60,72,84,99,110,140,150,150,332151,2,51,64.40917047276534,27.034299999286304,3961.542200000622,2901.595834424704
1746377779,500,GET,GET /pastes/:slug,345.900000,0.000000,48,54,58,62,73,84,98,110,130,150,150,302436,2,50,63.94800778181074,27.034299999286304,3961.542200000622,2906.0517068073905
1746377779,500,POST,POST /pastes,34.100000,0.000000,52,59,64,67,81,95,110,110,150,150,150,30096,0,54,68.93064174641717,30.012999999598833,2920.1709999997547,2856.7729930887826
1746377779,500,,Aggregated,380.000000,0.000000,49,55,59,63,74,86,100,110,140,150,150,332532,2,51,64.39896393580028,27.034299999286304,3961.542200000622,2901.591708467155
1746377780,500,GET,GET /pastes/:slug,345.600000,0.000000,49,55,59,63,73,84,98,110,130,150,150,302803,2,50,63.93168903478409,27.034299999286304,3961.542200000622,2906.0060105084826
1746377780,500,POST,POST /pastes,35.300000,0.000000,53,58,64,68,81,95,110,110,150,150,150,30135,0,54,68.9113037365246,30.012999999598833,2920.1709999997547,2856.5361539737846
1746377780,500,,Aggregated,380.900000,0.000000,49,55,60,63,74,86,100,110,140,150,150,332938,2,51,64.38240565180169,27.034299999286304,3961.542200000622,2901.5283776559
1746377781,500,GET,GET /pastes/:slug,346.500000,0.000000,48,54,58,62,72,83,98,110,130,150,150,303160,2,50,63.910266921756566,27.034299999286304,3961.542200000622,2906.17619408893
1746377781,500,POST,POST /pastes,35.400000,0.000000,52,57,62,66,80,95,110,110,150,150,150,30169,0,54,68.88668760648874,30.012999999598833,2920.1709999997547,2856.5863634856973
1746377781,500,,Aggregated,381.900000,0.000000,49,54,58,62,73,84,100,110,140,150,150,333329,2,51,64.3606736839565,27.034299999286304,3961.542200000622,2901.687908942816
1746377782,500,GET,GET /pastes/:slug,345.200000,0.000000,48,54,58,61,71,81,95,100,130,140,140,303523,2,50,63.89087041476174,27.034299999286304,3961.542200000622,2906.2245859457107
1746377782,500,POST,POST /pastes,35.500000,0.000000,51,56,61,65,76,91,110,110,140,140,140,30206,0,54,68.86140423095294,30.012999999598833,2920.1709999997547,2856.4008806197444
1746377782,500,,Aggregated,380.700000,0.000000,48,54,58,61,71,81,96,100,130,140,140,333729,2,51,64.3407562336493,27.034299999286304,3961.542200000622,2901.715014278052
1746377783,500,GET,GET /pastes/:slug,348.400000,0.000000,48,54,58,61,71,81,95,100,130,140,140,303858,2,50,63.870095777631946,27.034299999286304,3961.542200000622,2906.239062325165
1746377783,500,POST,POST /pastes,35.700000,0.000000,50,56,60,63,75,86,100,110,140,140,140,30256,0,54,68.82841959611869,30.012999999598833,2920.1709999997547,2856.4998016922264
1746377783,500,,Aggregated,384.100000,0.000000,48,54,58,61,72,81,96,100,130,140,140,334114,2,51,64.31910134295332,27.034299999286304,3961.542200000622,2901.734877915921
1746377784,500,GET,GET /pastes/:slug,348.200000,0.000000,48,54,58,62,72,82,96,100,130,140,140,304192,2,50,63.85274124138618,27.034299999286304,3961.542200000622,2906.1785517041867
1746377784,500,POST,POST /pastes,35.800000,0.000000,50,57,61,64,75,91,100,110,140,140,140,30284,0,54,68.81042012614476,30.012999999598833,2920.1709999997547,2856.1797979130893
1746377784,500,,Aggregated,384.000000,0.000000,49,55,59,62,72,82,97,100,130,140,140,334476,2,51,64.30161753548703,27.034299999286304,3961.542200000622,2901.6515833722
1746377785,500,GET,GET /pastes/:slug,349.700000,0.000000,48,54,58,61,71,81,95,100,130,140,140,304570,2,50,63.82992533801659,27.034299999286304,3961.542200000622,2906.1839839774107
1746377785,500,POST,POST /pastes,36.600000,0.000000,51,57,61,65,75,86,100,110,140,140,140,30316,0,54,68.79272149360635,30.012999999598833,2920.1709999997547,2856.4660575273783
1746377785,500,,Aggregated,386.300000,0.000000,48,54,58,62,71,81,96,100,130,140,140,334886,2,51,64.27918905239252,27.034299999286304,3961.542200000622,2901.683202642093
1746377786,500,GET,GET /pastes/:slug,346.200000,0.000000,47,53,57,60,69,79,91,100,130,140,140,304908,2,50,63.816812773032275,27.034299999286304,3961.542200000622,2906.1538726435515
1746377786,500,POST,POST /pastes,37.800000,0.000000,50,56,60,63,72,83,99,110,140,140,140,30365,0,54,68.7685972204897,30.012999999598833,2920.1709999997547,2856.4270047752348
1746377786,500,,Aggregated,384.000000,0.000000,47,53,57,60,69,80,94,100,130,140,140,335273,2,51,64.26528591207624,27.034299999286304,3961.542200000622,2901.6502104255337
1746377787,500,GET,GET /pastes/:slug,346.700000,0.000000,46,51,55,57,65,73,85,95,130,140,140,305259,2,50,63.79346913899251,27.034299999286304,3961.542200000622,2906.0931962693976
1746377787,500,POST,POST /pastes,37.600000,0.000000,48,55,58,61,67,76,83,94,140,140,140,30395,0,54,68.74865613752822,30.012999999598833,2920.1709999997547,2856.4770192465867
1746377787,500,,Aggregated,384.300000,0.000000,46,52,55,58,65,74,85,95,130,140,140,335654,2,51,64.24218391319494,27.034299999286304,3961.542200000622,2901.6002252319354
