Timestamp,User Count,Type,Name,Requests/s,Failures/s,50%,66%,75%,80%,90%,95%,98%,99%,99.9%,99.99%,100%,Total Request Count,Total Failure Count,Total Median Response Time,Total Average Response Time,Total Min Response Time,Total Max Response Time,Total Average Content Size
1746382795,0,,Aggregated,0.000000,0.000000,N/A,N/A,N/A,N/A,N/A,N/A,N/A,N/A,N/A,N/A,N/A,0,0,0,0.0,0,0,0
1746382796,100,GET,GET /pastes/:slug,0.000000,0.000000,0,0,0,0,0,0,0,0,0,0,0,104,0,210.0,177.74843076916534,27.969600001597428,239.08839999967313,3074.6153846153848
1746382796,100,POST,POST /pastes,0.000000,0.000000,0,0,0,0,0,0,0,0,0,0,0,14,0,230.0,229.0517142855606,205.87220000015805,252.5127999997494,2598.5
1746382796,100,,Aggregated,0.000000,0.000000,0,0,0,0,0,0,0,0,0,0,0,118,0,210.0,183.83526101687323,27.969600001597428,252.5127999997494,3018.1271186440677
1746382797,200,GET,GET /pastes/:slug,0.000000,0.000000,110,170,170,200,210,210,220,370,390,390,390,277,0,170.0,141.10146895304243,26.804099999935715,388.9750999987882,2922.483754512635
1746382797,200,POST,POST /pastes,0.000000,0.000000,44,170,170,210,210,210,210,210,210,210,210,23,0,220.0,180.8137869564076,34.13949999958277,252.5127999997494,2714.217391304348
1746382797,200,,Aggregated,0.000000,0.000000,110,170,170,200,210,210,220,370,390,390,390,300,0,170.0,144.1460799999671,26.804099999935715,388.9750999987882,2906.516666666667
1746382798,300,GET,GET /pastes/:slug,86.000000,0.000000,46,160,170,190,200,210,210,220,390,390,390,540,0,140.0,116.62931092590345,26.804099999935715,388.9750999987882,2943.8537037037036
1746382798,300,POST,POST /pastes,14.000000,0.000000,44,47,170,170,190,210,210,210,210,210,210,50,0,150.0,127.01390599995648,32.33849999924132,252.5127999997494,2671.48
1746382798,300,,Aggregated,100.000000,0.000000,46,160,170,190,200,210,210,220,390,390,390,590,0,140.0,117.50936135590796,26.804099999935715,388.9750999987882,2920.771186440678
1746382799,400,GET,GET /pastes/:slug,119.500000,0.000000,46,140,170,180,200,210,210,210,390,390,390,836,0,54,106.05399952150533,26.804099999935715,388.9750999987882,2941.1016746411483
1746382799,400,POST,POST /pastes,10.000000,0.000000,47,87,170,190,200,210,210,210,210,210,210,79,0,62,117.28438607589183,32.33849999924132,252.5127999997494,2819.3037974683543
1746382799,400,,Aggregated,129.500000,0.000000,46,140,170,180,200,210,210,210,390,390,390,915,0,56,107.0236175955999,26.804099999935715,388.9750999987882,2930.585792349727
1746382800,500,GET,GET /pastes/:slug,152.333333,0.000000,47,100,170,190,210,220,270,270,370,390,390,1207,0,53,102.40132518640102,26.804099999935715,388.9750999987882,2939.5178127589065
1746382800,500,POST,POST /pastes,14.000000,0.000000,57,100,180,190,210,220,260,270,270,270,270,122,0,62,112.90638606558667,32.33849999924132,268.8833000011073,2873.3360655737706
1746382800,500,,Aggregated,166.333333,0.000000,48,100,170,190,210,220,270,270,370,390,390,1329,0,55,103.36567238524285,26.804099999935715,388.9750999987882,2933.4424379232505
1746382801,600,GET,GET /pastes/:slug,188.000000,0.000000,49,75,160,170,210,220,260,270,370,390,390,1674,1,51,95.88079480286557,26.804099999935715,388.9750999987882,2919.452210274791
1746382801,600,POST,POST /pastes,17.500000,0.000000,57,92,170,180,210,240,260,270,270,270,270,164,0,61,106.46378963415705,32.33849999924132,268.8833000011073,2837.75
1746382801,600,,Aggregated,205.500000,0.000000,49,76,160,180,210,220,260,270,370,390,390,1838,1,52,96.82508813928112,26.804099999935715,388.9750999987882,2912.1621327529924
1746382802,800,GET,GET /pastes/:slug,217.800000,0.000000,54,80,150,170,210,240,270,270,290,390,390,2178,1,57,96.53356276401985,26.804099999935715,388.9750999987882,2914.218089990817
1746382802,800,POST,POST /pastes,22.400000,0.000000,62,90,160,170,210,240,270,270,290,290,290,210,0,65,103.91288476190918,32.33849999924132,285.45499999927415,2821.890476190476
1746382802,800,,Aggregated,240.200000,0.000000,55,81,150,170,210,240,270,270,290,390,390,2388,1,58,97.182498115593,26.804099999935715,388.9750999987882,2906.098827470687
1746382803,900,GET,GET /pastes/:slug,250.833333,0.166667,62,100,160,180,220,260,280,350,440,450,450,2752,1,64,105.41705345205281,26.804099999935715,448.1080000005022,2899.5130813953488
1746382803,900,POST,POST /pastes,24.500000,0.000000,70,110,160,180,210,250,270,290,370,370,370,259,0,76,110.9181320463349,32.33849999924132,371.3400999986334,2777.065637065637
1746382803,900,,Aggregated,275.333333,0.166667,63,110,160,180,220,250,280,330,440,450,450,3011,1,65,105.89024486883092,26.804099999935715,448.1080000005022,2888.980405181003
1746382804,1000,GET,GET /pastes/:slug,286.142857,0.142857,69,110,160,180,220,270,430,460,510,520,520,3408,1,71,112.20207403170032,26.804099999935715,517.557900000611,2894.9835680751175
1746382804,1000,POST,POST /pastes,27.857143,0.000000,77,120,150,170,210,250,350,410,520,520,520,337,0,81,113.76624540063443,32.33849999924132,519.0079999993031,2816.080118694362
1746382804,1000,,Aggregated,314.000000,0.142857,69,110,160,180,220,270,430,460,520,520,520,3745,1,73,112.34282857144154,26.804099999935715,519.0079999993031,2887.883311081442
1746382805,1100,GET,GET /pastes/:slug,317.875000,0.125000,74,120,160,190,240,300,460,500,520,520,520,4086,1,77,117.44155922663289,26.804099999935715,518.5891000000993,2898.5455212922175
1746382805,1100,POST,POST /pastes,30.125000,0.000000,84,130,170,190,240,280,490,510,540,540,540,419,0,87,123.06309689740465,32.33849999924132,542.2005000000354,2845.868735083532
1746382805,1100,,Aggregated,348.000000,0.125000,75,120,160,190,240,300,460,500,520,540,540,4505,1,78,117.96440590455812,26.804099999935715,542.2005000000354,2893.6461709211985
1746382806,1200,GET,GET /pastes/:slug,353.777778,0.111111,77,110,140,170,240,340,460,490,520,620,620,4870,1,80,116.60065503080767,26.804099999935715,618.8817000002018,2907.2889117043123
1746382806,1200,POST,POST /pastes,33.777778,0.000000,88,120,160,180,250,350,430,510,540,540,540,491,0,92,124.81808757639942,32.33849999924132,542.2005000000354,2814.6374745417515
1746382806,1200,,Aggregated,387.555556,0.111111,78,110,150,170,250,340,450,500,520,620,620,5361,1,81,117.35326823354701,26.804099999935715,618.8817000002018,2898.80320835665
1746382807,1300,GET,GET /pastes/:slug,382.100000,0.100000,88,120,150,170,260,360,490,520,570,1500,1500,5716,1,89,123.2789794786572,26.804099999935715,1526.8188999998529,2909.0468859342195
1746382807,1300,POST,POST /pastes,39.100000,0.000000,96,130,160,190,260,370,520,560,590,590,590,579,0,97,131.83830000001925,32.33849999924132,586.1924000000727,2821.316062176166
1746382807,1300,,Aggregated,421.200000,0.100000,88,120,150,180,260,360,490,520,590,1500,1500,6295,1,90,124.06624660842188,26.804099999935715,1526.8188999998529,2900.97760127085
1746382808,1400,GET,GET /pastes/:slug,449.400000,0.100000,95,120,150,170,260,360,460,520,570,1500,1500,6597,1,95,125.74047150219458,26.804099999935715,1526.8188999998529,2912.6549946945584
1746382808,1400,POST,POST /pastes,45.200000,0.000000,100,130,160,190,270,370,510,560,590,590,590,656,0,100.0,133.83347271342413,32.33849999924132,586.1924000000727,2843.7728658536585
1746382808,1400,,Aggregated,494.600000,0.100000,96,120,150,180,260,360,460,520,590,1500,1500,7253,1,95,126.47244569143581,26.804099999935715,1526.8188999998529,2906.424927616159
1746382809,1500,GET,GET /pastes/:slug,501.900000,0.100000,100,130,150,170,260,400,500,550,570,1500,1500,7539,1,100.0,129.1119260644629,26.804099999935715,1526.8188999998529,2913.7836583101207
1746382809,1500,POST,POST /pastes,50.600000,0.000000,110,130,160,180,300,410,560,560,590,590,590,753,0,110.0,139.75050491370283,32.33849999924132,586.1924000000727,2853.6772908366534
1746382809,1500,,Aggregated,552.500000,0.100000,100,130,150,170,260,400,500,560,570,1500,1500,8292,1,100.0,130.0780198745785,26.804099999935715,1526.8188999998529,2908.3253738543176
1746382810,1600,GET,GET /pastes/:slug,573.900000,0.100000,110,140,160,180,260,410,550,620,920,1500,1500,8604,1,110.0,138.5025423058995,26.804099999935715,1526.8188999998529,2915.337168758717
1746382810,1600,POST,POST /pastes,58.300000,0.000000,120,150,180,200,340,510,590,870,910,910,910,867,0,120.0,152.59068754327353,32.33849999924132,911.9332999998733,2848.517877739331
1746382810,1600,,Aggregated,632.200000,0.100000,110,140,160,190,270,410,560,620,920,1500,1500,9471,1,110.0,139.79220780276415,26.804099999935715,1526.8188999998529,2909.2203568788937
1746382811,1700,GET,GET /pastes/:slug,629.100000,0.100000,120,150,170,200,300,450,560,650,920,1500,1500,9618,1,110.0,144.29523802246024,26.804099999935715,1526.8188999998529,2915.598357246829
1746382811,1700,POST,POST /pastes,63.500000,0.000000,130,150,190,210,350,510,570,870,910,910,910,949,0,120.0,156.35631085354245,32.33849999924132,911.9332999998733,2853.1253951527924
1746382811,1700,,Aggregated,692.600000,0.100000,120,150,170,200,300,450,560,660,920,1500,1500,10567,1,120.0,145.37841755465482,26.804099999935715,1526.8188999998529,2909.9877921832117
1746382812,1800,GET,GET /pastes/:slug,680.700000,0.100000,130,160,190,220,380,480,660,880,990,1500,1500,10471,1,120.0,159.72992531754883,26.804099999935715,1526.8188999998529,2918.424887785312
1746382812,1800,POST,POST /pastes,67.700000,0.000000,140,180,210,240,410,540,850,890,1100,1100,1100,1045,0,130.0,173.84445320575085,32.33849999924132,1090.818799999397,2855.2622009569377
1746382812,1800,,Aggregated,748.400000,0.100000,130,170,200,220,380,490,660,880,990,1500,1500,11516,1,120.0,161.0107243487381,26.804099999935715,1526.8188999998529,2912.6932962834317
1746382813,1900,GET,GET /pastes/:slug,749.100000,0.000000,150,200,280,360,450,550,640,880,990,1500,1500,11456,1,130.0,183.73473289979663,26.804099999935715,1526.8188999998529,2920.9086068435754
1746382813,1900,POST,POST /pastes,74.300000,0.000000,150,220,340,380,500,560,850,890,1100,1100,1100,1150,0,140.0,198.73614356522444,32.33849999924132,1090.818799999397,2850.7069565217394
1746382813,1900,,Aggregated,823.400000,0.000000,150,200,300,360,450,550,660,880,990,1500,1500,12606,1,130.0,185.1032575916296,26.804099999935715,1526.8188999998529,2914.5043630017453
1746382814,2000,GET,GET /pastes/:slug,797.900000,0.000000,170,220,340,370,450,560,850,940,2100,2200,2200,12655,1,150.0,201.6338078783134,26.804099999935715,2233.8498999997682,2917.482259976294
1746382814,2000,POST,POST /pastes,78.900000,0.000000,180,260,360,400,500,560,880,940,2000,2000,2000,1280,0,150.0,214.3802289062603,32.33849999924132,2048.7740999997186,2851.540625
1746382814,2000,,Aggregated,876.800000,0.000000,170,230,340,370,450,560,850,940,2100,2200,2200,13935,1,150.0,202.8046309077915,26.804099999935715,2233.8498999997682,2911.4251883745965
1746382815,2000,GET,GET /pastes/:slug,821.200000,0.000000,190,260,330,370,460,570,920,1800,2300,2400,2400,13610,1,160.0,214.58289054372074,26.804099999935715,2392.6542999997764,2921.8775165319616
1746382815,2000,POST,POST /pastes,82.900000,0.000000,210,280,360,400,500,570,910,1700,2300,2300,2300,1390,0,170.0,227.97509489209222,32.33849999924132,2287.367999999333,2848.192086330935
1746382815,2000,,Aggregated,904.100000,0.000000,200,260,340,370,460,570,920,1800,2300,2400,2400,15000,1,160.0,215.82390148000343,26.804099999935715,2392.6542999997764,2915.0493333333334
1746382816,2000,GET,GET /pastes/:slug,850.900000,0.000000,220,310,360,380,460,590,1600,2000,2400,2400,2400,15080,1,170.0,238.68034738063997,26.804099999935715,2406.096800001251,2920.8193633952255
1746382816,2000,POST,POST /pastes,86.700000,0.000000,240,320,370,400,500,590,1600,1800,2400,2400,2400,1509,0,180.0,244.87253147780962,32.33849999924132,2367.637100000138,2855.7886017229953
1746382816,2000,,Aggregated,937.600000,0.000000,220,310,360,390,460,590,1600,2000,2400,2400,2400,16589,1,170.0,239.24361254446134,26.804099999935715,2406.096800001251,2914.9039122309964
1746382817,2000,GET,GET /pastes/:slug,899.100000,0.000000,220,300,360,380,460,590,1600,2000,2400,2400,2400,16252,1,170.0,232.49296017106064,26.804099999935715,2406.096800001251,2921.6571498892445
1746382817,2000,POST,POST /pastes,90.500000,0.000000,240,310,370,400,500,590,1600,1800,2400,2400,2400,1617,0,180.0,239.22240068027463,32.33849999924132,2367.637100000138,2870.6419294990724
1746382817,2000,,Aggregated,989.600000,0.000000,220,300,360,380,460,590,1600,2000,2400,2400,2400,17869,1,170.0,233.1019201186459,26.804099999935715,2406.096800001251,2917.0406849851697
1746382818,2000,GET,GET /pastes/:slug,929.300000,0.000000,260,320,370,400,450,580,1600,2000,2400,2400,2400,17524,1,180.0,239.96366937343248,26.804099999935715,2406.096800001251,2916.25039945218
1746382818,2000,POST,POST /pastes,94.300000,0.000000,260,330,380,410,490,590,1600,1800,2300,2400,2400,1720,0,190.0,244.99020627907385,32.33849999924132,2367.637100000138,2869.3563953488374
1746382818,2000,,Aggregated,1023.600000,0.000000,260,320,370,400,450,580,1600,2000,2400,2400,2400,19244,1,180.0,240.41293374038975,26.804099999935715,2406.096800001251,2912.059083350655
1746382819,2000,GET,GET /pastes/:slug,993.800000,0.000000,260,320,360,390,450,570,1600,1900,2400,2400,2400,18857,1,190.0,238.9285358434549,26.804099999935715,2406.096800001251,2915.088084000636
1746382819,2000,POST,POST /pastes,99.900000,0.000000,260,320,370,390,450,570,1500,1800,2300,2400,2400,1874,0,200.0,243.67361019210378,32.33849999924132,2367.637100000138,2864.3665955176093
1746382819,2000,,Aggregated,1093.700000,0.000000,260,320,360,390,450,570,1600,1900,2400,2400,2400,20731,1,190.0,239.3574717042133,26.804099999935715,2406.096800001251,2910.5030630456804
1746382821,2000,GET,GET /pastes/:slug,1014.800000,0.000000,260,320,370,390,450,550,1600,2000,2400,2400,2400,19972,1,190.0,236.06726972762044,26.804099999935715,2406.096800001251,2909.4780692970157
1746382821,2000,POST,POST /pastes,99.600000,0.000000,270,320,370,390,450,530,1600,1800,2400,2400,2400,1975,0,200.0,241.45474951898294,32.33849999924132,2367.637100000138,2871.7706329113926
1746382821,2000,,Aggregated,1114.400000,0.000000,260,320,370,390,450,550,1600,2000,2400,2400,2400,21947,1,190.0,236.55208644917502,26.804099999935715,2406.096800001251,2906.0847951884084
1746382822,2000,GET,GET /pastes/:slug,1106.500000,0.000000,260,300,340,360,440,500,1600,2000,2400,2400,2400,21315,1,200.0,237.70583352568735,26.804099999935715,2406.096800001251,2909.6708421299554
1746382822,2000,POST,POST /pastes,109.200000,0.000000,260,300,340,370,440,500,1600,1800,2300,2400,2400,2106,0,210.0,242.41880213675262,32.33849999924132,2367.637100000138,2872.2849002849002
1746382822,2000,,Aggregated,1215.700000,0.000000,260,300,340,360,440,500,1600,1900,2400,2400,2400,23421,1,200.0,238.12962037914903,26.804099999935715,2406.096800001251,2906.309124290167
1746382823,2000,GET,GET /pastes/:slug,1097.600000,0.000000,240,280,310,330,400,450,1600,2000,2400,2400,2400,22459,1,200.0,237.33534034462764,26.804099999935715,2406.096800001251,2906.8766196179704
1746382823,2000,POST,POST /pastes,108.500000,0.000000,240,280,300,330,390,440,1600,1800,2300,2400,2400,2218,0,210.0,241.75134278629724,32.33849999924132,2367.637100000138,2853.1830477908024
1746382823,2000,,Aggregated,1206.100000,0.000000,240,280,310,330,400,450,1600,1900,2400,2400,2400,24677,1,200.0,237.73225623455141,26.804099999935715,2406.096800001251,2902.0505734084372
1746382824,2000,GET,GET /pastes/:slug,1117.900000,0.000000,250,280,310,330,380,440,460,1600,2400,2400,2400,23713,1,210.0,239.82872591827237,26.804099999935715,2406.096800001251,2906.426601442247
1746382824,2000,POST,POST /pastes,110.600000,0.000000,250,280,300,320,380,430,470,1600,2300,2400,2400,2341,0,210.0,243.89890965399638,32.33849999924132,2367.637100000138,2847.724903887228
1746382824,2000,,Aggregated,1228.500000,0.000000,250,280,310,330,380,440,460,1600,2400,2400,2400,26054,1,210.0,240.19443944116185,26.804099999935715,2406.096800001251,2901.1521455438706
1746382825,2000,GET,GET /pastes/:slug,1157.000000,0.000000,240,280,300,310,360,400,450,450,1800,1900,1900,25060,1,210.0,238.48284744612872,26.804099999935715,2406.096800001251,2904.554189944134
1746382825,2000,POST,POST /pastes,113.200000,0.000000,240,270,300,310,360,390,450,450,1600,1700,1700,2473,0,210.0,242.33838879903212,32.33849999924132,2367.637100000138,2858.525677315002
1746382825,2000,,Aggregated,1270.200000,0.000000,240,280,300,310,360,400,450,450,1800,1900,1900,27533,1,210.0,238.829150201577,26.804099999935715,2406.096800001251,2900.4199324447027
1746382826,2000,GET,GET /pastes/:slug,1177.800000,0.000000,240,270,290,300,340,390,440,450,450,490,490,26200,1,210.0,239.6105737328225,26.804099999935715,2406.096800001251,2909.1207251908395
1746382826,2000,POST,POST /pastes,114.500000,0.000000,240,270,290,300,340,380,440,450,480,490,490,2577,0,210.0,243.92864000776618,32.33849999924132,2367.637100000138,2845.393480791618
1746382826,2000,,Aggregated,1292.300000,0.000000,240,270,290,300,340,390,440,450,450,490,490,28777,1,210.0,239.99725951628,26.804099999935715,2406.096800001251,2903.4139069395696
1746382827,2000,GET,GET /pastes/:slug,1201.600000,0.000000,250,280,300,310,350,390,440,450,450,490,490,27426,1,210.0,240.32920126886503,26.804099999935715,2406.096800001251,2910.613578356304
1746382827,2000,POST,POST /pastes,114.800000,0.000000,250,280,300,310,350,380,440,450,480,490,490,2713,0,220.0,244.24860608183144,32.33849999924132,2367.637100000138,2848.350165868043
1746382827,2000,,Aggregated,1316.400000,0.000000,250,280,300,310,350,390,440,450,450,490,490,30139,1,210.0,240.68201142373414,26.804099999935715,2406.096800001251,2905.0088589535153
1746382828,2000,GET,GET /pastes/:slug,1205.200000,0.000000,240,260,280,300,340,380,420,450,490,500,500,28465,1,220.0,241.78346497452785,26.804099999935715,2406.096800001251,2911.0856139118214
1746382828,2000,POST,POST /pastes,114.800000,0.000000,240,260,280,300,350,380,420,450,480,490,490,2816,0,220.0,245.7722557883574,32.33849999924132,2367.637100000138,2855.7816051136365
1746382828,2000,,Aggregated,1320.000000,0.000000,240,260,280,300,340,380,420,450,490,500,500,31281,1,220.0,242.14254668328934,26.804099999935715,2406.096800001251,2906.106997858125
1746382829,2000,GET,GET /pastes/:slug,1206.600000,0.000000,250,280,310,330,380,410,460,470,500,500,500,29741,1,220.0,246.9920630106569,26.804099999935715,2406.096800001251,2911.9494973269225
1746382829,2000,POST,POST /pastes,117.300000,0.000000,250,290,310,330,380,420,450,470,490,500,500,2959,0,230.0,251.47360763771954,32.33849999924132,2367.637100000138,2848.167624197364
1746382829,2000,,Aggregated,1323.900000,0.000000,250,290,310,330,380,410,460,470,500,500,500,32700,1,220.0,247.39759483180381,26.804099999935715,2406.096800001251,2906.1779204892964
1746382830,2000,GET,GET /pastes/:slug,1181.800000,0.000000,270,300,320,330,380,410,460,470,500,500,500,30938,1,230.0,248.96973530932647,26.804099999935715,2406.096800001251,2913.4365181976855
1746382830,2000,POST,POST /pastes,116.500000,0.000000,270,300,320,340,390,410,450,470,490,500,500,3079,0,230.0,253.4577617408264,32.33849999924132,2367.637100000138,2844.6508606690486
1746382830,2000,,Aggregated,1298.300000,0.000000,270,300,320,330,380,410,460,470,500,500,500,34017,1,230.0,249.37596258929298,26.804099999935715,2406.096800001251,2907.210482993797
1746382831,2000,GET,GET /pastes/:slug,1166.000000,0.000000,260,290,310,330,370,410,460,470,500,500,500,32120,1,230.0,248.64801440224008,26.804099999935715,2406.096800001251,2914.3888542963887
1746382831,2000,POST,POST /pastes,117.100000,0.000000,270,300,320,330,380,410,450,460,490,500,500,3198,0,230.0,253.1593424327684,32.33849999924132,2367.637100000138,2848.855847404628
1746382831,2000,,Aggregated,1283.100000,0.000000,260,290,310,330,370,410,460,470,500,500,500,35318,1,230.0,249.05650942012474,26.804099999935715,2406.096800001251,2908.454923834872
1746382832,2000,GET,GET /pastes/:slug,1144.200000,0.000000,270,300,320,330,380,410,460,470,500,500,500,33206,1,230.0,250.63662705535071,26.804099999935715,2406.096800001251,2914.486899957839
1746382832,2000,POST,POST /pastes,114.800000,0.000000,280,310,330,340,380,410,450,460,490,500,500,3310,0,240.0,254.757455407851,32.33849999924132,2367.637100000138,2849.4214501510573
1746382832,2000,,Aggregated,1259.000000,0.000000,270,300,320,330,380,410,460,470,500,500,500,36516,1,230.0,251.0101603516258,26.804099999935715,2406.096800001251,2908.589029466535
1746382833,2000,GET,GET /pastes/:slug,1165.700000,0.000000,280,310,330,340,390,440,470,480,500,520,520,34443,1,240.0,254.2899669482913,26.804099999935715,2406.096800001251,2910.4161658392127
1746382833,2000,POST,POST /pastes,117.600000,0.000000,290,320,330,350,390,440,470,480,520,530,530,3434,0,240.0,258.2901210541605,32.33849999924132,2367.637100000138,2847.905066977286
1746382833,2000,,Aggregated,1283.300000,0.000000,280,310,330,350,390,440,470,480,500,520,530,37877,1,240.0,254.65262843678153,26.804099999935715,2406.096800001251,2904.7487921429893
1746382834,2000,GET,GET /pastes/:slug,1159.000000,0.000000,280,310,330,350,390,450,470,480,500,520,520,35680,1,230.0,251.80463768497742,26.804099999935715,2406.096800001251,2908.6896020179374
1746382834,2000,POST,POST /pastes,117.200000,0.000000,280,320,330,350,390,440,470,480,520,530,530,3546,0,240.0,256.1819982233454,32.33849999924132,2367.637100000138,2848.222222222222
1746382834,2000,,Aggregated,1276.200000,0.000000,280,310,330,350,390,440,470,480,500,520,530,39226,1,230.0,252.20034768520776,26.804099999935715,2406.096800001251,2903.2233977463925
1746382835,2000,GET,GET /pastes/:slug,1151.400000,0.000000,270,310,330,340,390,440,470,480,500,520,520,36894,1,230.0,251.1744823060654,26.804099999935715,2406.096800001251,2909.461755298965
1746382835,2000,POST,POST /pastes,116.900000,0.000000,280,310,330,350,390,440,470,480,520,530,530,3672,0,240.0,255.2462836601264,32.33849999924132,2367.637100000138,2848.76688453159
1746382835,2000,,Aggregated,1268.300000,0.000000,270,310,330,340,390,440,470,480,500,520,530,40566,1,230.0,251.54305831977376,26.804099999935715,2406.096800001251,2903.9677069467043
1746382836,2000,GET,GET /pastes/:slug,1174.500000,0.000000,280,320,340,360,410,450,470,480,500,520,520,38023,1,230.0,253.83615270757147,26.804099999935715,2406.096800001251,2911.536359571838
1746382836,2000,POST,POST /pastes,119.300000,0.000000,290,320,340,360,410,450,470,480,520,530,530,3804,0,240.0,258.50503625130773,32.33849999924132,2367.637100000138,2844.8790746582545
1746382836,2000,,Aggregated,1293.800000,0.000000,280,320,340,360,410,450,470,480,500,520,530,41827,1,240.0,254.26076917541158,26.804099999935715,2406.096800001251,2905.4741434958282
1746382837,2000,GET,GET /pastes/:slug,1158.000000,0.000000,300,320,350,370,410,450,470,480,500,520,520,39204,1,240.0,255.82656744464913,26.804099999935715,2406.096800001251,2911.9839557188043
1746382837,2000,POST,POST /pastes,118.300000,0.000000,300,330,350,360,420,450,470,480,520,530,530,3915,0,250.0,260.09434326947166,32.33849999924132,2367.637100000138,2843.6298850574713
1746382837,2000,,Aggregated,1276.300000,0.000000,300,320,350,370,410,450,470,480,500,520,530,43119,1,240.0,256.21406117952614,26.804099999935715,2406.096800001251,2905.777731394513
1746382838,2000,GET,GET /pastes/:slug,1148.200000,0.000000,300,330,350,370,420,470,510,540,570,570,590,40327,1,240.0,260.4245413891439,26.804099999935715,2406.096800001251,2912.705011530736
1746382838,2000,POST,POST /pastes,116.500000,0.000000,300,330,350,360,420,470,520,540,570,570,570,4011,0,250.0,263.92844141111635,32.33849999924132,2367.637100000138,2843.933183744702
1746382838,2000,,Aggregated,1264.700000,0.000000,300,330,350,370,420,470,510,540,570,570,590,44338,1,250.0,260.7415187671968,26.804099999935715,2406.096800001251,2906.483625783752
1746382839,2000,GET,GET /pastes/:slug,1124.100000,0.000000,300,330,350,370,430,500,550,570,610,630,630,41530,1,250.0,263.6442968047185,26.804099999935715,2406.096800001251,2910.795665783771
1746382839,2000,POST,POST /pastes,115.100000,0.000000,300,330,350,360,430,510,560,590,610,630,630,4125,0,250.0,266.9228919757526,32.33849999924132,2367.637100000138,2845.0545454545454
1746382839,2000,,Aggregated,1239.200000,0.000000,300,330,350,370,430,500,550,580,610,630,630,45655,1,250.0,263.9405229591483,26.804099999935715,2406.096800001251,2904.855853685248
1746382840,2000,GET,GET /pastes/:slug,1134.200000,0.000000,300,330,360,380,430,500,550,580,610,630,630,42558,1,250.0,263.3271408571818,26.804099999935715,2406.096800001251,2910.5157432210162
1746382840,2000,POST,POST /pastes,116.000000,0.000000,290,330,350,360,430,510,560,590,610,630,630,4233,0,250.0,266.6452297188697,32.33849999924132,2367.637100000138,2848.4273564847626
1746382840,2000,,Aggregated,1250.200000,0.000000,300,330,360,380,430,500,550,580,610,630,630,46791,1,250.0,263.6273154666474,26.804099999935715,2406.096800001251,2904.898848069073
1746382841,2000,GET,GET /pastes/:slug,1128.500000,0.000000,290,330,350,370,430,500,550,570,610,630,630,43811,1,250.0,262.7306445824091,26.804099999935715,2406.096800001251,2909.6515943484515
1746382841,2000,POST,POST /pastes,112.000000,0.000000,290,330,350,360,430,510,560,590,610,630,630,4346,0,250.0,266.1582132305498,32.33849999924132,2367.637100000138,2852.8939254486886
1746382841,2000,,Aggregated,1240.500000,0.000000,290,330,350,370,430,500,550,580,610,630,630,48157,1,250.0,263.03997060655547,26.804099999935715,2406.096800001251,2904.5294142076955
1746382842,2000,GET,GET /pastes/:slug,1146.700000,0.000000,270,310,330,350,410,500,550,570,610,630,630,45050,1,250.0,261.66892835959925,26.804099999935715,2406.096800001251,2911.6348945615982
1746382842,2000,POST,POST /pastes,113.300000,0.000000,280,310,330,350,410,500,560,580,610,630,630,4475,0,250.0,264.990239128483,32.33849999924132,2367.637100000138,2855.1148603351953
1746382842,2000,,Aggregated,1260.000000,0.000000,270,310,330,350,410,500,550,580,610,630,630,49525,1,250.0,261.9690367026735,26.804099999935715,2406.096800001251,2906.527834427057
1746382843,2000,GET,GET /pastes/:slug,1149.100000,0.000000,280,320,350,380,470,550,610,670,720,740,740,45731,1,250.0,264.6916770921251,26.804099999935715,2406.096800001251,2911.8626970763817
1746382843,2000,POST,POST /pastes,113.500000,0.000000,280,320,340,360,460,560,660,700,730,730,730,4540,0,250.0,268.1414467841319,32.33849999924132,2367.637100000138,2854.9931718061675
1746382843,2000,,Aggregated,1262.600000,0.000000,280,320,350,380,470,550,610,680,720,740,740,50271,1,250.0,265.0032275765336,26.804099999935715,2406.096800001251,2906.726780847805
1746382844,2000,GET,GET /pastes/:slug,1162.300000,0.000000,310,360,420,480,640,760,860,880,910,910,910,47128,1,250.0,277.29229402690373,26.804099999935715,2406.096800001251,2911.087336615176
1746382844,2000,POST,POST /pastes,114.000000,0.000000,310,360,430,520,660,770,860,890,910,910,910,4694,0,250.0,282.08890485725783,32.33849999924132,2367.637100000138,2859.168512995313
1746382844,2000,,Aggregated,1276.300000,0.000000,310,360,420,480,650,760,860,880,910,910,910,51822,1,250.0,277.7267676334351,26.804099999935715,2406.096800001251,2906.3845664003707
1746382845,2000,GET,GET /pastes/:slug,1148.000000,0.000000,310,360,420,490,640,760,860,880,910,910,910,48042,1,250.0,274.92869212563744,26.804099999935715,2406.096800001251,2910.745118854336
1746382845,2000,POST,POST /pastes,112.900000,0.000000,310,360,430,520,670,780,860,890,910,910,910,4780,0,250.0,279.7537344351395,32.33849999924132,2367.637100000138,2857.3158995815897
1746382845,2000,,Aggregated,1260.900000,0.000000,310,360,420,490,650,760,860,880,910,910,910,52822,1,250.0,275.36532273862827,26.804099999935715,2406.096800001251,2905.9101700049223
1746382846,2000,GET,GET /pastes/:slug,1083.900000,0.000000,320,400,470,550,640,760,860,880,910,910,910,49158,1,250.0,279.51273708653434,26.804099999935715,2406.096800001251,2911.298649253428
1746382846,2000,POST,POST /pastes,107.300000,0.000000,310,410,530,570,670,780,870,890,910,910,910,4891,0,260.0,284.48726156204424,32.33849999924132,2367.637100000138,2857.211817624208
1746382846,2000,,Aggregated,1191.200000,0.000000,320,400,480,550,650,760,860,880,910,910,910,54049,1,250.0,279.96289156135714,26.804099999935715,2406.096800001251,2906.404225795112
1746382847,2000,GET,GET /pastes/:slug,1119.700000,0.000000,310,390,450,540,640,750,860,880,910,910,910,50600,1,250.0,279.0109485830013,26.804099999935715,2406.096800001251,2910.88918972332
1746382847,2000,POST,POST /pastes,111.600000,0.000000,310,400,480,560,660,770,860,890,910,910,910,5046,0,260.0,283.54797608005583,32.33849999924132,2367.637100000138,2857.291914387634
1746382847,2000,,Aggregated,1231.300000,0.000000,310,390,460,540,640,750,860,880,910,910,910,55646,1,250.0,279.4223679258132,26.804099999935715,2406.096800001251,2906.0289688387306
1746382848,2000,GET,GET /pastes/:slug,1088.800000,0.000000,300,370,440,510,640,760,860,880,910,910,910,51391,1,250.0,279.1247249401624,26.804099999935715,2406.096800001251,2910.4257165651575
1746382848,2000,POST,POST /pastes,108.400000,0.000000,300,380,450,550,660,760,860,880,910,910,910,5132,0,260.0,283.79175093529994,32.33849999924132,2367.637100000138,2859.71628994544
1746382848,2000,,Aggregated,1197.200000,0.000000,300,370,440,510,640,760,860,880,910,910,910,56523,1,250.0,279.54846708773107,26.804099999935715,2406.096800001251,2905.821559365214
1746382849,2000,GET,GET /pastes/:slug,1124.200000,0.000000,320,440,560,590,740,800,860,880,910,910,910,52616,1,260.0,288.0167862399255,26.804099999935715,2406.096800001251,2909.501596472556
1746382849,2000,POST,POST /pastes,110.100000,0.000000,330,450,570,620,740,810,860,890,910,910,910,5251,0,260.0,292.5103779470499,32.33849999924132,2367.637100000138,2860.305275185679
1746382849,2000,,Aggregated,1234.300000,0.000000,320,440,560,600,740,800,860,880,910,910,910,57867,1,260.0,288.42454627680473,26.804099999935715,2406.096800001251,2905.0373960979487
1746382851,2000,GET,GET /pastes/:slug,1134.600000,0.000000,380,530,590,630,760,810,870,880,910,910,910,53942,1,260.0,288.01366371102176,26.804099999935715,2406.096800001251,2910.1031849023025
1746382851,2000,POST,POST /pastes,112.600000,0.000000,380,540,600,650,760,810,870,890,910,910,910,5386,0,260.0,292.38452335684235,32.33849999924132,2367.637100000138,2859.4777200148533
1746382851,2000,,Aggregated,1247.200000,0.000000,380,530,590,630,760,810,870,880,910,910,910,59328,1,260.0,288.41046539070635,26.804099999935715,2406.096800001251,2905.507230987055
1746382852,2000,GET,GET /pastes/:slug,1074.600000,0.000000,410,550,600,640,760,810,870,880,910,910,910,54753,1,260.0,289.64413981334224,26.804099999935715,2406.096800001251,2911.2018519533176
1746382852,2000,POST,POST /pastes,108.900000,0.000000,410,560,620,650,760,810,870,890,910,910,910,5490,0,260.0,294.17000398906293,32.33849999924132,2367.637100000138,2859.7677595628415
1746382852,2000,,Aggregated,1183.500000,0.000000,410,560,600,640,760,810,870,880,910,910,910,60243,1,260.0,290.0565859784514,26.804099999935715,2406.096800001251,2906.5146158059856
1746382853,2000,GET,GET /pastes/:slug,1082.200000,0.000000,430,580,640,660,770,810,870,880,910,910,910,56009,1,260.0,298.59769885018324,26.804099999935715,2406.096800001251,2910.6800157117605
1746382853,2000,POST,POST /pastes,110.000000,0.000000,420,580,640,660,770,810,870,890,910,910,910,5608,0,270.0,302.53658289941865,32.33849999924132,2367.637100000138,2861.318116975749
1746382853,2000,,Aggregated,1192.200000,0.000000,430,580,640,660,770,810,870,880,910,910,910,61617,1,260.0,298.95619182692775,26.804099999935715,2406.096800001251,2906.1873995812844
1746382854,2000,GET,GET /pastes/:slug,1025.100000,0.000000,400,540,600,640,720,770,790,800,820,830,830,56930,1,260.0,298.88321121025666,26.804099999935715,2406.096800001251,2911.6067978218866
1746382854,2000,POST,POST /pastes,107.000000,0.000000,380,510,600,630,720,770,800,810,820,820,820,5719,0,270.0,302.78844159816987,32.33849999924132,2367.637100000138,2863.911872705018
1746382854,2000,,Aggregated,1132.100000,0.000000,400,540,600,640,720,770,790,800,820,830,830,62649,1,260.0,299.23970552921526,26.804099999935715,2406.096800001251,2907.252901083816
1746382855,2000,GET,GET /pastes/:slug,1037.100000,0.000000,440,570,630,660,760,790,810,830,850,850,850,57710,1,260.0,303.4603026095984,26.804099999935715,2406.096800001251,2911.275255588286
1746382855,2000,POST,POST /pastes,107.700000,0.000000,430,550,620,650,750,780,810,830,850,850,850,5798,0,270.0,307.2738662987125,32.33849999924132,2367.637100000138,2864.062435322525
1746382855,2000,,Aggregated,1144.800000,0.000000,440,570,630,660,760,790,810,830,850,850,850,63508,1,260.0,303.80846413679893,26.804099999935715,2406.096800001251,2906.9649335516783
1746382856,2000,GET,GET /pastes/:slug,1079.000000,0.000000,460,590,650,670,770,800,820,840,890,890,890,59330,1,270.0,308.6513320950601,26.804099999935715,2406.096800001251,2911.4532277094218
1746382856,2000,POST,POST /pastes,112.200000,0.000000,430,570,640,670,770,800,820,850,890,890,890,5928,0,270.0,311.1659886639577,32.33849999924132,2367.637100000138,2861.126180836707
1746382856,2000,,Aggregated,1191.200000,0.000000,460,580,650,670,770,800,820,840,890,890,890,65258,1,270.0,308.879762082807,26.804099999935715,2406.096800001251,2906.8815470900117
1746382857,2000,GET,GET /pastes/:slug,983.000000,0.000000,480,590,650,680,770,800,820,840,890,890,890,60121,1,270.0,306.7204394221639,26.804099999935715,2406.096800001251,2912.1321501638363
1746382857,2000,POST,POST /pastes,103.200000,0.000000,440,580,650,670,770,800,820,850,890,890,890,6010,0,270.0,309.18028628950674,32.33849999924132,2367.637100000138,2861.992512479201
1746382857,2000,,Aggregated,1086.200000,0.000000,480,590,650,680,770,800,820,840,890,890,890,66131,1,270.0,306.94399085300114,26.804099999935715,2406.096800001251,2907.57544873055
1746382858,2000,GET,GET /pastes/:slug,1065.800000,0.000000,520,630,680,730,770,800,820,840,890,890,890,61114,1,270.0,312.1402801976623,26.804099999935715,2406.096800001251,2913.0047452302256
1746382858,2000,POST,POST /pastes,109.000000,0.000000,490,620,670,730,780,800,820,850,890,890,890,6094,0,270.0,313.8079456022215,32.33849999924132,2367.637100000138,2859.850180505415
1746382858,2000,,Aggregated,1174.800000,0.000000,520,630,680,730,770,800,820,840,890,890,890,67208,1,270.0,312.29149363914786,26.804099999935715,2406.096800001251,2908.185022616355
1746382859,2000,GET,GET /pastes/:slug,1021.200000,0.000000,510,650,700,730,780,820,840,880,920,930,930,62153,1,270.0,319.22927075925435,26.804099999935715,2406.096800001251,2912.9346451498723
1746382859,2000,POST,POST /pastes,104.300000,0.000000,480,650,690,730,780,820,880,890,930,930,930,6194,0,270.0,320.6409351791959,32.33849999924132,2367.637100000138,2858.399095899257
1746382859,2000,,Aggregated,1125.500000,0.000000,510,650,700,730,780,820,850,880,920,930,930,68347,1,270.0,319.35720394457485,26.804099999935715,2406.096800001251,2907.992318609449
1746382860,2000,GET,GET /pastes/:slug,984.800000,0.000000,520,660,700,730,790,820,850,880,920,930,930,63217,1,280.0,321.17964879383646,26.804099999935715,2406.096800001251,2913.0638752234368
1746382860,2000,POST,POST /pastes,98.200000,0.000000,500,650,700,730,780,830,880,890,930,930,930,6292,0,280.0,322.40011738715106,32.33849999924132,2367.637100000138,2858.0594405594406
1746382860,2000,,Aggregated,1083.000000,0.000000,510,650,700,730,790,820,850,890,920,930,930,69509,1,280.0,321.2901264066506,26.804099999935715,2406.096800001251,2908.0848379346558
1746382861,2000,GET,GET /pastes/:slug,1023.200000,0.000000,530,650,700,730,780,820,840,880,920,930,930,64268,4,280.0,324.25679344619385,26.804099999935715,2406.096800001251,2911.7166085765857
1746382861,2000,POST,POST /pastes,101.900000,0.000000,530,650,690,730,780,820,880,890,930,930,930,6415,0,280.0,326.37241166016526,32.33849999924132,2367.637100000138,2856.525643024162
1746382861,2000,,Aggregated,1125.100000,0.000000,530,650,700,730,780,820,850,880,920,930,930,70683,4,280.0,324.44880129592553,26.804099999935715,2406.096800001251,2906.7076241812033
1746382862,2000,GET,GET /pastes/:slug,1022.200000,0.000000,480,570,650,700,770,820,840,880,920,930,930,65545,4,280.0,326.0046434937829,26.804099999935715,2406.096800001251,2913.4394080402776
1746382862,2000,POST,POST /pastes,100.700000,0.000000,470,560,640,680,770,820,870,890,930,930,930,6555,0,280.0,327.9392681617041,32.33849999924132,2367.637100000138,2857.748588863463
1746382862,2000,,Aggregated,1122.900000,0.000000,480,570,650,700,770,820,850,880,920,930,930,72100,4,280.0,326.1805306601932,26.804099999935715,2406.096800001251,2908.3762552011094
1746382863,2000,GET,GET /pastes/:slug,978.600000,0.000000,470,550,650,700,770,820,840,880,920,930,930,66463,4,280.0,325.8908909468435,26.804099999935715,2406.096800001251,2913.07056557784
1746382863,2000,POST,POST /pastes,95.100000,0.000000,470,550,640,690,780,830,880,890,930,930,930,6634,0,280.0,327.65840889357327,32.33849999924132,2367.637100000138,2856.8066023515225
1746382863,2000,,Aggregated,1073.700000,0.000000,470,550,650,700,770,820,850,880,920,930,930,73097,4,280.0,326.0513040152124,26.804099999935715,2406.096800001251,2907.9642666593704
1746382864,2000,GET,GET /pastes/:slug,1032.600000,0.300000,490,590,650,690,770,820,840,880,920,930,930,67498,4,280.0,330.04271689531623,26.804099999935715,2406.096800001251,2913.4252274141454
1746382864,2000,POST,POST /pastes,100.900000,0.000000,480,580,640,690,770,820,880,890,930,930,930,6723,0,290.0,331.2116125836624,32.33849999924132,2367.637100000138,2857.3807823888146
1746382864,2000,,Aggregated,1133.500000,0.300000,490,590,650,690,770,820,840,880,920,930,930,74221,4,280.0,330.14859644036034,26.804099999935715,2406.096800001251,2908.348674903329
1746382865,2000,GET,GET /pastes/:slug,1034.700000,0.300000,460,570,640,670,740,770,830,870,920,930,930,68800,4,290.0,333.2966546424432,26.804099999935715,2406.096800001251,2914.028895348837
1746382865,2000,POST,POST /pastes,102.300000,0.000000,460,560,630,660,740,780,860,890,930,930,930,6865,0,290.0,334.58889235250854,32.33849999924132,2367.637100000138,2857.2600145666424
1746382865,2000,,Aggregated,1137.000000,0.300000,460,570,640,670,740,770,830,870,920,930,930,75665,4,290.0,333.41389791052677,26.804099999935715,2406.096800001251,2908.8783189057026
1746382866,2000,GET,GET /pastes/:slug,1007.800000,0.300000,460,570,640,670,740,770,830,870,920,930,930,69766,4,290.0,333.05393136484906,26.804099999935715,2406.096800001251,2913.8876100106067
1746382866,2000,POST,POST /pastes,96.800000,0.000000,460,560,640,660,740,780,860,890,930,930,930,6956,0,290.0,334.4227162593393,32.33849999924132,2367.637100000138,2857.2560379528463
1746382866,2000,,Aggregated,1104.600000,0.300000,460,570,640,670,740,770,830,870,920,930,930,76722,4,290.0,333.17803224498795,26.804099999935715,2406.096800001251,2908.7531086259482
1746382867,2000,GET,GET /pastes/:slug,1060.000000,0.300000,460,540,620,650,730,770,830,860,920,930,930,70672,4,290.0,334.6941270220179,26.804099999935715,2406.096800001251,2913.5818145800317
1746382867,2000,POST,POST /pastes,100.300000,0.000000,460,540,620,650,730,780,860,890,930,930,930,7044,0,290.0,336.1138753407083,32.33849999924132,2367.637100000138,2855.5336456558775
1746382867,2000,,Aggregated,1160.300000,0.300000,460,540,620,650,730,770,830,870,920,930,930,77716,4,290.0,334.82280975346055,26.804099999935715,2406.096800001251,2908.320461680992
1746382868,2000,GET,GET /pastes/:slug,1017.600000,0.300000,460,520,580,610,660,710,780,820,840,860,870,71776,4,300.0,337.849820371713,26.804099999935715,2406.096800001251,2914.417228600089
1746382868,2000,POST,POST /pastes,100.200000,0.000000,460,520,580,610,650,690,760,820,870,870,870,7157,0,300.0,339.3867498672567,32.33849999924132,2367.637100000138,2853.4439010758697
1746382868,2000,,Aggregated,1117.800000,0.300000,460,520,580,610,660,700,780,820,840,870,870,78933,4,300.0,337.98917659027245,26.804099999935715,2406.096800001251,2908.888665070376
1746382869,2000,GET,GET /pastes/:slug,1017.500000,0.300000,470,530,570,600,640,680,740,810,990,1400,1400,72605,4,300.0,340.8086835713798,26.804099999935715,2406.096800001251,2914.498946353557
1746382869,2000,POST,POST /pastes,100.300000,0.000000,470,530,580,600,640,670,710,730,1200,1200,1200,7240,0,300.0,342.09483593922187,32.33849999924132,2367.637100000138,2853.171961325967
1746382869,2000,,Aggregated,1117.800000,0.300000,470,530,570,600,640,680,730,800,990,1400,1400,79845,4,300.0,340.925306317239,26.804099999935715,2406.096800001251,2908.9380800300582
1746382870,2000,GET,GET /pastes/:slug,1046.500000,0.300000,490,560,610,630,680,830,1100,1200,1800,2300,2300,73634,4,300.0,347.42543604177456,26.804099999935715,2406.096800001251,2914.669514083168
1746382870,2000,POST,POST /pastes,104.200000,0.000000,500,560,610,620,660,730,1300,1600,2100,2100,2100,7329,0,300.0,348.73223102742116,32.33849999924132,2367.637100000138,2852.9551098376314
1746382870,2000,,Aggregated,1150.700000,0.300000,490,560,610,630,680,810,1100,1300,2000,2300,2300,80963,4,300.0,347.5437308239558,26.804099999935715,2406.096800001251,2909.0829514716597
1746382871,2000,GET,GET /pastes/:slug,1039.400000,0.300000,500,580,630,650,780,970,1200,1500,2300,2900,2900,74424,4,300.0,352.6637055197249,26.804099999935715,2894.3037999997614,2914.6040255831454
1746382871,2000,POST,POST /pastes,103.100000,0.000000,510,590,630,650,770,1500,2100,2300,3300,3300,3300,7425,0,300.0,360.23903973063614,32.33849999924132,3286.549299999024,2852.0123905723904
1746382871,2000,,Aggregated,1142.500000,0.300000,500,580,630,650,770,990,1300,1700,2400,3100,3300,81849,4,300.0,353.3509082530018,26.804099999935715,3286.549299999024,2908.9259734388934
1746382872,2000,GET,GET /pastes/:slug,998.300000,0.300000,540,610,640,660,840,1000,1300,1700,2900,4000,4000,75060,4,300.0,355.8254220663466,26.804099999935715,4028.0890000012732,2914.572262190248
1746382872,2000,POST,POST /pastes,100.800000,0.000000,550,610,640,670,1100,1600,2100,2400,3300,3300,3300,7480,0,300.0,364.51478096256324,32.33849999924132,3286.549299999024,2852.583422459893
1746382872,2000,,Aggregated,1099.100000,0.300000,540,610,640,660,840,1100,1500,1800,3000,4000,4000,82540,4,300.0,356.61287547734327,26.804099999935715,4028.0890000012732,2908.954664405137
1746382873,2000,GET,GET /pastes/:slug,998.300000,0.300000,540,610,650,680,860,1100,1400,1800,2900,4000,4000,75060,4,300.0,355.8254220663466,26.804099999935715,4028.0890000012732,2914.572262190248
1746382873,2000,POST,POST /pastes,100.800000,0.000000,550,610,650,680,1200,1700,2200,2400,3300,3300,3300,7480,0,300.0,364.51478096256324,32.33849999924132,3286.549299999024,2852.583422459893
1746382873,2000,,Aggregated,1099.100000,0.300000,540,610,650,680,870,1100,1500,1800,3000,4000,4000,82540,4,300.0,356.61287547734327,26.804099999935715,4028.0890000012732,2908.954664405137
1746382874,2000,GET,GET /pastes/:slug,968.300000,0.000000,540,620,710,870,1100,1400,2000,2400,4300,5800,5800,75857,4,310.0,366.4971674400515,26.804099999935715,5756.638099999691,2912.656498411485
1746382874,2000,POST,POST /pastes,96.700000,0.000000,550,620,670,900,1600,2100,2700,3100,4700,4700,4700,7543,0,310.0,375.8297497149639,32.33849999924132,4672.614999999496,2846.312607715763
1746382874,2000,,Aggregated,1065.000000,0.000000,540,620,710,870,1100,1500,2100,2500,4400,5800,5800,83400,4,310.0,367.34124019903976,26.804099999935715,5756.638099999691,2906.6561151079136
1746382875,2000,GET,GET /pastes/:slug,902.300000,0.000000,590,770,980,1100,2100,2900,3300,3700,5900,6900,6900,77080,4,310.0,392.1289015788772,26.804099999935715,6932.509599999321,2913.92184743124
1746382875,2000,POST,POST /pastes,88.000000,0.000000,610,1000,1600,1900,2700,3400,4400,5200,7100,7100,7100,7696,0,310.0,418.99507461018464,32.33849999924132,7137.566299999889,2846.9482848232847
1746382875,2000,,Aggregated,990.300000,0.000000,590,780,1000,1100,2200,2900,3400,3900,6200,7100,7100,84776,4,310.0,394.5678237696969,26.804099999935715,7137.566299999889,2907.841959988676
1746382876,2000,GET,GET /pastes/:slug,830.700000,0.000000,620,820,1000,1100,2300,3000,3500,4000,6100,6900,6900,77837,4,310.0,396.16606941942564,26.804099999935715,6932.509599999321,2913.799799581176
1746382876,2000,POST,POST /pastes,81.800000,0.000000,680,1200,1700,2000,2900,3700,4700,5300,7300,7300,7300,7785,0,310.0,432.6722354014106,32.33849999924132,7293.482799999765,2848.0154142581887
1746382876,2000,,Aggregated,912.500000,0.000000,630,850,1100,1200,2400,3000,3700,4300,6500,7300,7300,85622,4,310.0,399.485315666533,26.804099999935715,7293.482799999765,2907.8184929107006
1746382877,2000,GET,GET /pastes/:slug,805.900000,0.000000,620,790,990,1100,2200,3000,3600,4200,6200,8000,8000,79233,4,310.0,398.92344258831406,26.804099999935715,7973.352799999702,2914.697815304229
1746382877,2000,POST,POST /pastes,79.600000,0.000000,870,1200,1700,2100,3000,3900,5400,6100,8400,8400,8400,7926,0,320.0,445.00115842795776,32.33849999924132,8370.747999999367,2844.179661872319
1746382877,2000,,Aggregated,885.500000,0.000000,630,840,1000,1200,2300,3000,3800,4500,6700,8400,8400,87159,4,310.0,403.113623473189,26.804099999935715,8370.747999999367,2908.285088172191
1746382878,2000,GET,GET /pastes/:slug,808.500000,0.000000,620,790,1000,1100,2300,3000,3700,4400,10000,10000,10000,80088,4,310.0,399.8021702414823,26.804099999935715,9982.970299999579,2915.7275996403955
1746382878,2000,POST,POST /pastes,80.900000,0.000000,880,1200,1800,2100,3100,4100,5500,6500,10000,10000,10000,8030,0,320.0,449.6897914694894,32.33849999924132,9973.895099999936,2844.1078455790785
1746382878,2000,,Aggregated,889.400000,0.000000,630,850,1100,1200,2400,3100,3900,4700,10000,10000,10000,88118,4,310.0,404.3483197053915,26.804099999935715,9982.970299999579,2909.201048593931
1746382879,2000,GET,GET /pastes/:slug,789.300000,0.000000,580,670,910,1100,2100,3000,3600,4300,10000,10000,10000,81425,4,320.0,401.0769752901421,26.804099999935715,9982.970299999579,2915.987546822229
1746382879,2000,POST,POST /pastes,80.000000,0.000000,760,1100,1600,2000,3000,3900,5500,6300,10000,10000,10000,8170,0,320.0,451.74418325581536,32.33849999924132,9973.895099999936,2843.917013463892
1746382879,2000,,Aggregated,869.300000,0.000000,590,690,960,1100,2300,3000,3800,4600,10000,10000,10000,89595,4,320.0,405.69722294993676,26.804099999935715,9982.970299999579,2909.4155700652937
1746382880,2000,GET,GET /pastes/:slug,816.400000,0.000000,530,640,740,1000,2100,3000,3600,4300,10000,10000,10000,82451,4,310.0,398.7244224593989,26.804099999935715,9982.970299999579,2915.9293641071667
1746382880,2000,POST,POST /pastes,84.200000,0.000000,680,1100,1400,1900,2900,3900,5500,6300,10000,10000,10000,8285,0,320.0,449.43392353651416,32.33849999924132,9973.895099999936,2844.01025950513
1746382880,2000,,Aggregated,900.600000,0.000000,540,640,870,1100,2200,3000,3800,4600,10000,10000,10000,90736,4,320.0,403.35464879099374,26.804099999935715,9982.970299999579,2909.362513225181
1746382882,2000,GET,GET /pastes/:slug,866.000000,0.000000,480,580,650,890,2100,3000,3600,4300,10000,10000,10000,83367,4,320.0,399.2109240682749,26.804099999935715,9982.970299999579,2915.602336655991
1746382882,2000,POST,POST /pastes,91.100000,0.000000,630,950,1200,1600,2900,4000,5500,6500,10000,10000,10000,8359,0,320.0,449.66708187582566,32.33849999924132,9973.895099999936,2843.2355544921643
1746382882,2000,,Aggregated,957.100000,0.000000,490,600,680,990,2200,3000,3800,4600,10000,10000,10000,91726,4,320.0,403.80899902099225,26.804099999935715,9982.970299999579,2909.007544207749
1746382883,2000,GET,GET /pastes/:slug,859.900000,0.000000,460,550,610,660,1600,2900,3500,4100,10000,10000,10000,84678,4,320.0,399.0713084177682,26.804099999935715,9982.970299999579,2916.211152837809
1746382883,2000,POST,POST /pastes,93.700000,0.000000,600,830,1100,1300,2800,3900,5500,6300,10000,10000,10000,8486,0,320.0,450.2732754065545,32.33849999924132,9973.895099999936,2844.3239453217066
1746382883,2000,,Aggregated,953.600000,0.000000,470,560,630,690,1900,2900,3700,4500,10000,10000,10000,93164,4,320.0,403.73512589948365,26.804099999935715,9982.970299999579,2909.6631853505646
1746382884,2000,GET,GET /pastes/:slug,865.300000,0.000000,420,510,550,590,690,2700,3400,4000,10000,10000,10000,85365,4,320.0,398.8500776934321,26.804099999935715,9982.970299999579,2915.8172436010072
1746382884,2000,POST,POST /pastes,90.600000,0.000000,540,680,860,1000,2400,3700,5500,6300,10000,10000,10000,8549,0,330.0,450.0507077319017,32.33849999924132,9973.895099999936,2842.191601356884
1746382884,2000,,Aggregated,955.900000,0.000000,420,520,570,610,800,2800,3600,4400,10000,10000,10000,93914,4,320.0,403.5108757235295,26.804099999935715,9982.970299999579,2909.115094661073
1746382885,2000,GET,GET /pastes/:slug,958.700000,0.000000,440,530,590,620,730,790,900,930,10000,10000,10000,86556,4,320.0,403.81242852026196,26.804099999935715,9982.970299999579,2915.421784740515
1746382885,2000,POST,POST /pastes,100.400000,0.000000,550,660,760,810,1000,1200,4600,5600,10000,10000,10000,8656,0,330.0,454.2435176987101,32.33849999924132,9973.895099999936,2841.3546672828097
1746382885,2000,,Aggregated,1059.100000,0.000000,450,540,600,630,760,840,930,1300,10000,10000,10000,95212,4,320.0,408.3972655988695,26.804099999935715,9982.970299999579,2908.6881275469477
1746382886,2000,GET,GET /pastes/:slug,1007.300000,0.000000,410,510,580,610,730,790,870,910,10000,10000,10000,87767,4,320.0,403.9046687616061,26.804099999935715,9982.970299999579,2915.424248293778
1746382886,2000,POST,POST /pastes,105.200000,0.000000,520,620,700,760,880,1000,1200,5500,10000,10000,10000,8778,0,330.0,454.77632947141154,32.33849999924132,9973.895099999936,2846.2904989747094
1746382886,2000,,Aggregated,1112.500000,0.000000,420,520,590,620,760,800,900,930,10000,10000,10000,96545,4,320.0,408.5299879154766,26.804099999935715,9982.970299999579,2909.138515718059
1746382887,2000,GET,GET /pastes/:slug,1019.700000,0.000000,400,490,530,580,730,790,870,910,10000,10000,10000,88812,4,320.0,403.50605968562553,26.804099999935715,9982.970299999579,2916.139057784984
1746382887,2000,POST,POST /pastes,105.300000,0.000000,480,560,630,680,790,870,960,1000,10000,10000,10000,8900,0,330.0,454.07931307865744,32.33849999924132,9973.895099999936,2846.0349438202247
1746382887,2000,,Aggregated,1125.000000,0.000000,410,490,540,590,740,790,880,920,10000,10000,10000,97712,4,320.0,408.11247399704797,26.804099999935715,9982.970299999579,2909.753694530866
1746382888,2000,GET,GET /pastes/:slug,1048.900000,0.000000,400,480,520,570,730,790,860,900,940,950,950,90007,6,320.0,403.21795802992824,26.804099999935715,9982.970299999579,2915.8540002444256
1746382888,2000,POST,POST /pastes,106.400000,0.000000,460,530,610,640,780,850,950,980,1200,1200,1200,9038,0,330.0,453.4947642066883,32.33849999924132,9973.895099999936,2847.575569816331
1746382888,2000,,Aggregated,1155.300000,0.000000,410,490,530,580,730,790,870,910,970,1100,1200,99045,6,330.0,407.8057895633253,26.804099999935715,9982.970299999579,2909.623494371245
1746382889,2000,GET,GET /pastes/:slug,1044.200000,0.000000,370,440,500,530,730,790,870,900,940,950,950,91076,6,320.0,401.75014831239616,26.804099999935715,9982.970299999579,2915.0031731740523
1746382889,2000,POST,POST /pastes,106.100000,0.000000,410,490,540,610,770,850,950,980,1200,1200,1200,9140,0,330.0,451.84812620350607,32.33849999924132,9973.895099999936,2847.556673960613
1746382889,2000,,Aggregated,1150.300000,0.000000,370,450,500,530,730,790,870,910,970,1100,1200,100216,6,320.0,406.3192342659814,26.804099999935715,9982.970299999579,2908.8518500039913
1746382890,2000,GET,GET /pastes/:slug,1031.600000,0.200000,390,470,510,530,730,790,860,900,940,940,950,92460,6,330.0,401.7284097317735,26.804099999935715,9982.970299999579,2914.8745295262815
1746382890,2000,POST,POST /pastes,106.200000,0.000000,430,500,540,610,770,850,950,980,1200,1200,1200,9276,0,330.0,451.4066583764597,32.33849999924132,9973.895099999936,2849.9365028029324
1746382890,2000,,Aggregated,1137.800000,0.200000,390,480,510,530,730,790,870,910,970,1100,1200,101736,6,330.0,406.2579315768224,26.804099999935715,9982.970299999579,2908.953664386255
1746382891,2000,GET,GET /pastes/:slug,1060.700000,0.200000,370,420,500,530,730,790,860,900,940,940,950,93361,6,330.0,400.60960872955434,26.804099999935715,9982.970299999579,2914.022921776759
1746382891,2000,POST,POST /pastes,106.800000,0.000000,400,490,530,590,760,850,950,970,1100,1200,1200,9379,0,330.0,449.75775012261965,32.33849999924132,9973.895099999936,2849.941358353769
1746382891,2000,,Aggregated,1167.500000,0.200000,370,440,500,530,730,790,870,910,970,1100,1200,102740,6,330.0,405.09627816818943,26.804099999935715,9982.970299999579,2908.172999805334
1746382892,2000,GET,GET /pastes/:slug,1040.200000,0.200000,370,420,480,510,730,790,860,900,940,950,950,94589,6,330.0,400.2658281692372,26.804099999935715,9982.970299999579,2914.0352366554253
1746382892,2000,POST,POST /pastes,103.600000,0.000000,390,460,500,530,760,840,940,970,1100,1200,1200,9509,0,340.0,448.78226975497387,32.33849999924132,9973.895099999936,2848.83605005784
1746382892,2000,,Aggregated,1143.800000,0.200000,370,420,490,510,730,790,870,910,970,1100,1200,104098,6,330.0,404.69764091336833,26.804099999935715,9982.970299999579,2908.079511614056
1746382893,2000,GET,GET /pastes/:slug,1049.800000,0.200000,360,410,470,500,720,780,850,900,940,940,950,95788,6,330.0,397.666362160186,26.804099999935715,9982.970299999579,2913.8849333945795
1746382893,2000,POST,POST /pastes,104.600000,0.000000,370,450,490,520,730,830,940,970,1100,1200,1200,9643,0,330.0,445.08256521829725,32.33849999924132,9973.895099999936,2850.895779321788
1746382893,2000,,Aggregated,1154.400000,0.200000,360,410,480,500,730,790,870,910,970,1100,1200,105431,6,330.0,402.0031743509949,26.804099999935715,9982.970299999579,2908.1237776365583
1746382894,2000,GET,GET /pastes/:slug,1077.100000,0.200000,330,380,410,440,500,630,770,790,830,830,830,96943,6,320.0,396.0632841711093,26.804099999935715,9982.970299999579,2913.642160857411
1746382894,2000,POST,POST /pastes,109.600000,0.000000,350,400,450,480,530,730,830,940,1100,1200,1200,9765,0,330.0,443.0042428776273,32.33849999924132,9973.895099999936,2850.054173067076
1746382894,2000,,Aggregated,1186.700000,0.200000,340,380,410,440,500,660,780,800,940,1100,1200,106708,6,320.0,400.3589176922038,26.804099999935715,9982.970299999579,2907.823134160513
1746382895,2000,GET,GET /pastes/:slug,1079.100000,0.200000,330,370,390,400,470,500,520,530,570,570,580,98307,6,320.0,395.01969686187,26.804099999935715,9982.970299999579,2914.0772579775603
1746382895,2000,POST,POST /pastes,111.800000,0.000000,330,380,410,430,490,520,580,640,760,760,760,9882,0,330.0,441.44366104027927,32.33849999924132,9973.895099999936,2847.831613033799
1746382895,2000,,Aggregated,1190.900000,0.200000,330,370,390,410,470,500,530,540,640,760,760,108189,6,320.0,399.2600689330678,26.804099999935715,9982.970299999579,2908.0263705182597
1746382896,2000,GET,GET /pastes/:slug,1122.800000,0.200000,330,370,400,420,490,520,560,570,590,600,600,99049,6,320.0,394.9962680420783,26.804099999935715,9982.970299999579,2914.3448394229117
1746382896,2000,POST,POST /pastes,117.600000,0.000000,340,380,420,450,510,550,590,640,760,760,760,9959,0,330.0,441.14084743448547,32.33849999924132,9973.895099999936,2847.3070589416607
1746382896,2000,,Aggregated,1240.400000,0.200000,330,380,400,420,490,520,560,570,640,760,760,109008,6,320.0,399.2120491422619,26.804099999935715,9982.970299999579,2908.2202498899164
1746382897,2000,GET,GET /pastes/:slug,1128.100000,0.200000,330,380,420,460,570,760,810,820,840,850,850,100096,6,330.0,398.3184276544493,26.804099999935715,9982.970299999579,2914.8471067774935
1746382897,2000,POST,POST /pastes,119.100000,0.000000,340,390,450,490,580,780,820,830,860,880,880,10070,0,330.0,444.2592557001026,32.33849999924132,9973.895099999936,2845.579344587885
1746382897,2000,,Aggregated,1247.200000,0.200000,330,380,420,460,570,760,810,820,840,860,880,110166,6,330.0,402.5177644590856,26.804099999935715,9982.970299999579,2908.51551295318
1746382898,2000,GET,GET /pastes/:slug,1094.000000,0.200000,350,390,440,480,570,760,810,820,840,850,850,101270,6,330.0,398.39106125604644,26.804099999935715,9982.970299999579,2914.4080774168065
1746382898,2000,POST,POST /pastes,114.700000,0.000000,350,390,470,490,580,780,820,830,860,880,880,10186,0,330.0,443.84367273709336,32.33849999924132,9973.895099999936,2842.6489299037894
1746382898,2000,,Aggregated,1208.700000,0.200000,350,390,440,480,570,760,810,820,840,860,880,111456,6,330.0,402.5449901656233,26.804099999935715,9982.970299999579,2907.849985644559
1746382899,2000,GET,GET /pastes/:slug,1085.100000,0.200000,340,390,440,480,590,760,810,820,840,850,850,102054,6,330.0,398.7562351049426,26.804099999935715,9982.970299999579,2914.265722068709
1746382899,2000,POST,POST /pastes,112.900000,0.000000,340,390,450,490,590,780,820,830,860,880,880,10259,0,340.0,443.79310855834245,32.33849999924132,9973.895099999936,2842.7118627546542
1746382899,2000,,Aggregated,1198.000000,0.200000,340,390,440,480,590,760,810,820,840,860,880,112313,6,330.0,402.8700356868725,26.804099999935715,9982.970299999579,2907.729781948661
1746382900,2000,GET,GET /pastes/:slug,1110.500000,0.000000,360,460,540,580,750,780,810,820,840,850,850,103323,6,330.0,401.9541017275898,26.804099999935715,9982.970299999579,2915.1382460826726
1746382900,2000,POST,POST /pastes,113.100000,0.000000,360,470,550,580,760,790,820,830,860,880,880,10395,0,340.0,446.77256533910844,32.33849999924132,9973.895099999936,2844.2011544011543
1746382900,2000,,Aggregated,1223.600000,0.000000,360,460,540,580,750,780,810,820,840,860,880,113718,6,330.0,406.05097231308724,26.804099999935715,9982.970299999579,2908.653863064774
1746382901,2000,GET,GET /pastes/:slug,1095.100000,0.000000,360,440,540,580,750,780,810,820,840,850,850,104370,6,330.0,401.3912730937991,26.804099999935715,9982.970299999579,2914.648356807512
1746382901,2000,POST,POST /pastes,111.400000,0.000000,360,470,550,590,760,790,820,830,860,880,880,10486,0,340.0,445.84249169368957,32.33849999924132,9973.895099999936,2844.973583826054
1746382901,2000,,Aggregated,1206.500000,0.000000,360,440,540,580,750,780,810,820,840,860,880,114856,6,330.0,405.44953281238804,26.804099999935715,9982.970299999579,2908.2872640523788
1746382902,2000,GET,GET /pastes/:slug,1051.100000,0.000000,400,510,560,590,750,780,810,820,840,850,850,105398,6,330.0,402.3019358147186,26.804099999935715,9982.970299999579,2914.772225279417
1746382902,2000,POST,POST /pastes,107.700000,0.000000,390,520,570,610,770,790,820,830,880,880,880,10570,0,340.0,446.17816526963406,32.33849999924132,9973.895099999936,2845.5489120151374
1746382902,2000,,Aggregated,1158.800000,0.000000,390,510,560,590,750,780,810,820,840,860,880,115968,6,330.0,406.3010713119098,26.804099999935715,9982.970299999579,2908.46280870585
1746382903,2000,GET,GET /pastes/:slug,1076.400000,0.000000,470,560,610,660,770,800,830,840,880,890,890,106227,6,330.0,404.70473893360185,26.804099999935715,9982.970299999579,2915.1991489922525
1746382903,2000,POST,POST /pastes,110.200000,0.000000,480,570,640,720,790,820,840,850,880,880,880,10648,0,340.0,448.28210573817057,32.33849999924132,9973.895099999936,2846.4955860255445
1746382903,2000,,Aggregated,1186.600000,0.000000,470,560,610,660,770,810,830,840,880,890,890,116875,6,330.0,408.674893386948,26.804099999935715,9982.970299999579,2908.93985026738
1746382904,2000,GET,GET /pastes/:slug,1053.500000,0.000000,500,580,640,700,770,800,830,840,880,890,890,107558,6,340.0,406.00248000706307,26.804099999935715,9982.970299999579,2915.2542349244127
1746382904,2000,POST,POST /pastes,105.700000,0.000000,520,600,690,730,790,820,840,850,880,880,880,10781,0,340.0,449.3565942491449,32.33849999924132,9973.895099999936,2845.7934328911974
1746382904,2000,,Aggregated,1159.200000,0.000000,500,580,640,700,770,800,830,840,880,890,890,118339,6,340.0,409.95215598576533,26.804099999935715,9982.970299999579,2908.926169732717
1746382905,2000,GET,GET /pastes/:slug,1015.100000,0.000000,510,580,640,700,770,800,830,840,880,890,890,108478,6,340.0,404.65406282656147,26.804099999935715,9982.970299999579,2914.8865484245653
1746382905,2000,POST,POST /pastes,98.200000,0.000000,520,600,690,730,790,820,840,850,880,880,880,10877,0,340.0,447.55374136251066,32.33849999924132,9973.895099999936,2845.6249885078605
1746382905,2000,,Aggregated,1113.300000,0.000000,510,590,640,700,770,800,830,840,880,890,890,119355,6,340.0,408.5635748154622,26.804099999935715,9982.970299999579,2908.5746386829205
1746382906,2000,GET,GET /pastes/:slug,996.700000,0.000000,500,590,640,680,770,800,820,830,880,890,890,109688,6,340.0,406.2317815057226,26.804099999935715,9982.970299999579,2915.442400262563
1746382906,2000,POST,POST /pastes,96.700000,0.000000,520,620,680,720,780,810,830,850,880,880,880,11001,0,350.0,448.9073117352993,32.33849999924132,9973.895099999936,2846.005544950459
1746382906,2000,,Aggregated,1093.400000,0.000000,500,590,650,690,770,800,830,840,880,890,890,120689,6,340.0,410.1217259750222,26.804099999935715,9982.970299999579,2909.113117185493
1746382907,2000,GET,GET /pastes/:slug,1034.100000,0.000000,480,560,610,640,740,780,810,830,880,890,890,110681,6,340.0,406.0491997921923,26.804099999935715,9982.970299999579,2915.114635755008
1746382907,2000,POST,POST /pastes,99.800000,0.000000,480,570,630,660,750,790,830,840,880,880,880,11099,0,350.0,448.38160437877616,32.33849999924132,9973.895099999936,2844.777547526804
1746382907,2000,,Aggregated,1133.900000,0.000000,480,560,620,640,740,780,820,830,880,890,890,121780,6,340.0,409.9073649958894,26.804099999935715,9982.970299999579,2908.7041303990804
1746382908,2000,GET,GET /pastes/:slug,993.100000,0.000000,510,570,620,640,740,780,810,830,880,890,890,111585,6,340.0,407.1733974342394,26.804099999935715,9982.970299999579,2915.690424340189
1746382908,2000,POST,POST /pastes,96.700000,0.000000,520,590,630,670,750,790,830,840,880,880,880,11178,0,350.0,449.09689605475415,32.33849999924132,9973.895099999936,2844.064054392557
1746382908,2000,,Aggregated,1089.800000,0.000000,510,570,620,640,740,780,820,830,880,890,890,122763,6,340.0,410.9906784356801,26.804099999935715,9982.970299999579,2909.168593142885
1746382909,2000,GET,GET /pastes/:slug,1058.100000,0.000000,490,560,610,640,710,770,810,830,880,890,890,112935,6,340.0,408.05224484083476,26.804099999935715,9982.970299999579,2916.2665072829504
1746382909,2000,POST,POST /pastes,103.300000,0.000000,500,580,630,660,730,780,820,840,870,880,880,11337,0,350.0,449.6730803916403,32.33849999924132,9973.895099999936,2844.56478786275
1746382909,2000,,Aggregated,1161.400000,0.000000,490,560,620,650,720,770,810,830,880,890,890,124272,6,340.0,411.84920161822026,26.804099999935715,9982.970299999579,2909.7253524526845
1746382910,2000,GET,GET /pastes/:slug,994.800000,0.000000,470,540,580,620,680,730,810,830,880,890,890,113870,6,340.0,407.5324047185359,26.804099999935715,9982.970299999579,2916.102678493018
1746382910,2000,POST,POST /pastes,96.800000,0.000000,480,560,610,630,690,740,830,840,880,880,880,11426,0,350.0,448.8790564239467,32.33849999924132,9973.895099999936,2844.132592333275
1746382910,2000,,Aggregated,1091.600000,0.000000,470,540,580,620,680,730,820,830,880,890,890,125296,6,340.0,411.30289094623487,26.804099999935715,9982.970299999579,2909.5395782786363
1746382911,2000,GET,GET /pastes/:slug,1003.100000,0.000000,500,570,620,650,700,740,820,830,880,890,890,114877,6,340.0,409.34436164419003,26.804099999935715,9982.970299999579,2915.9828425185196
1746382911,2000,POST,POST /pastes,97.000000,0.000000,510,580,640,650,700,760,830,840,880,880,880,11531,0,350.0,450.4622989680012,32.33849999924132,9973.895099999936,2844.250542017171
1746382911,2000,,Aggregated,1100.100000,0.000000,500,570,630,650,700,740,820,830,880,890,890,126408,6,340.0,413.09516013226494,26.804099999935715,9982.970299999579,2909.4393867476742
1746382913,2000,GET,GET /pastes/:slug,1058.100000,0.000000,450,530,570,610,670,700,730,740,790,800,800,116200,6,340.0,408.63872463424855,26.804099999935715,9982.970299999579,2915.41239242685
1746382913,2000,POST,POST /pastes,105.000000,0.000000,460,540,590,620,670,700,740,760,790,790,790,11670,0,350.0,449.3007116366779,32.33849999924132,9973.895099999936,2843.052442159383
1746382913,2000,,Aggregated,1163.100000,0.000000,450,530,580,610,670,700,730,740,790,800,800,127870,6,340.0,412.34972321341553,26.804099999935715,9982.970299999579,2908.808493000704
1746382914,2000,GET,GET /pastes/:slug,1028.400000,0.000000,450,530,570,590,650,690,710,710,760,780,780,117047,6,340.0,408.30653140703834,26.804099999935715,9982.970299999579,2915.3207087751075
1746382914,2000,POST,POST /pastes,102.400000,0.000000,460,540,580,610,660,690,710,720,770,770,770,11754,0,350.0,448.7284490301193,32.33849999924132,9973.895099999936,2843.535477284329
1746382914,2000,,Aggregated,1130.800000,0.000000,460,530,570,590,650,690,710,710,760,780,780,128801,6,340.0,411.99531658527013,26.804099999935715,9982.970299999579,2908.7697999239135
1746382915,2000,GET,GET /pastes/:slug,1061.100000,0.000000,500,560,620,650,700,800,860,870,910,920,920,118081,6,350.0,411.3665845072415,26.804099999935715,9982.970299999579,2915.830074271051
1746382915,2000,POST,POST /pastes,108.600000,0.000000,500,580,630,650,700,800,850,870,920,920,920,11860,0,350.0,451.34836564081155,32.33849999924132,9973.895099999936,2843.6586846543
1746382915,2000,,Aggregated,1169.700000,0.000000,500,560,620,650,700,800,860,870,910,920,920,129941,6,350.0,415.0158093419274,26.804099999935715,9982.970299999579,2909.242833285876
1746382916,2000,GET,GET /pastes/:slug,1041.100000,0.000000,480,560,600,640,710,800,860,880,910,920,920,119238,6,350.0,412.0764991739186,26.804099999935715,9982.970299999579,2914.9853150841177
1746382916,2000,POST,POST /pastes,105.300000,0.000000,470,570,610,640,700,800,860,870,920,920,920,11953,0,360.0,451.57610415795386,32.33849999924132,9973.895099999936,2842.949301430603
1746382916,2000,,Aggregated,1146.400000,0.000000,480,560,610,640,710,800,860,870,910,920,920,131191,6,350.0,415.6753647849283,26.804099999935715,9982.970299999579,2908.422010656219
1746382917,2000,GET,GET /pastes/:slug,989.600000,0.000000,470,550,600,630,700,800,860,870,910,920,920,120242,6,350.0,411.54396325493394,26.804099999935715,9982.970299999579,2914.6834550323515
1746382917,2000,POST,POST /pastes,101.700000,0.000000,470,570,610,640,700,800,850,870,920,920,920,12055,0,360.0,450.74238406470556,32.33849999924132,9973.895099999936,2842.6551638324345
1746382917,2000,,Aggregated,1091.300000,0.000000,470,560,600,630,700,800,860,870,910,920,920,132297,6,350.0,415.1157522060179,26.804099999935715,9982.970299999579,2908.1201841311595
1746382918,2000,GET,GET /pastes/:slug,1046.100000,0.000000,460,560,630,650,760,830,870,900,920,960,960,121028,6,350.0,413.3103252197826,26.804099999935715,9982.970299999579,2914.771226493043
1746382918,2000,POST,POST /pastes,104.700000,0.000000,470,580,640,650,760,840,870,900,920,920,920,12140,0,360.0,452.4674253130174,32.33849999924132,9973.895099999936,2845.8824546952223
1746382918,2000,,Aggregated,1150.800000,0.000000,460,570,630,650,760,830,870,900,920,950,960,133168,6,350.0,416.880005586925,26.804099999935715,9982.970299999579,2908.4911164844407
1746382919,2000,GET,GET /pastes/:slug,1023.300000,0.000000,520,630,710,770,840,890,910,930,1000,1000,1000,122125,6,350.0,416.9683967852605,26.804099999935715,9982.970299999579,2915.056360286592
1746382919,2000,POST,POST /pastes,102.600000,0.000000,530,640,730,790,850,890,920,940,1000,1000,1000,12261,0,360.0,456.23821747002984,32.33849999924132,9973.895099999936,2845.9681918277465
1746382919,2000,,Aggregated,1125.900000,0.000000,520,630,710,770,840,890,910,930,1000,1000,1000,134386,6,350.0,420.5512645796413,26.804099999935715,9982.970299999579,2908.7529504561485
1746382920,2000,GET,GET /pastes/:slug,1012.600000,0.000000,550,640,710,770,840,890,910,930,1000,1000,1000,123049,6,350.0,418.1751928369994,26.804099999935715,9982.970299999579,2914.3974920560104
1746382920,2000,POST,POST /pastes,101.900000,0.000000,570,640,720,780,850,890,920,940,1000,1000,1000,12363,0,360.0,457.22339333495347,32.33849999924132,9973.895099999936,2846.1489120763567
1746382920,2000,,Aggregated,1114.500000,0.000000,560,640,710,770,840,890,910,930,1000,1000,1000,135412,6,350.0,421.7402602073646,26.804099999935715,9982.970299999579,2908.1664549670636
1746382921,2000,GET,GET /pastes/:slug,999.300000,0.000000,520,630,690,770,840,890,910,930,1000,1000,1000,124048,6,360.0,419.0193878337411,26.804099999935715,9982.970299999579,2914.364173545724
1746382921,2000,POST,POST /pastes,102.100000,0.000000,530,630,710,780,850,890,920,940,1000,1000,1000,12469,0,370.0,457.7054312214327,32.33849999924132,9973.895099999936,2845.7713529553293
1746382921,2000,,Aggregated,1101.400000,0.000000,530,630,690,770,840,890,910,930,1000,1000,1000,136517,6,360.0,422.55283989466267,26.804099999935715,9982.970299999579,2908.0991378363133
1746382922,2000,GET,GET /pastes/:slug,975.600000,0.000000,590,660,760,790,850,890,910,940,1000,1000,1000,124993,6,360.0,420.8838786340034,26.804099999935715,9982.970299999579,2914.655604713864
1746382922,2000,POST,POST /pastes,99.100000,0.000000,590,670,770,800,850,900,920,940,1000,1000,1000,12568,0,370.0,459.4395925445612,32.33849999924132,9973.895099999936,2845.461171228517
1746382922,2000,,Aggregated,1074.700000,0.000000,590,660,760,790,850,890,910,940,1000,1000,1000,137561,6,360.0,424.4064483480037,26.804099999935715,9982.970299999579,2908.3337864656405
1746382923,2000,GET,GET /pastes/:slug,980.400000,0.000000,580,650,740,780,840,890,910,930,1000,1000,1000,126232,6,360.0,421.21055996736175,26.804099999935715,9982.970299999579,2915.081152164269
1746382923,2000,POST,POST /pastes,101.100000,0.000000,580,660,760,790,850,890,920,940,1000,1000,1000,12692,0,370.0,459.3981342814406,32.33849999924132,9973.895099999936,2845.6510400252128
1746382923,2000,,Aggregated,1081.500000,0.000000,580,650,740,780,840,890,910,930,1000,1000,1000,138924,6,360.0,424.6993501921896,26.804099999935715,9982.970299999579,2908.7380654170624
1746382924,2000,GET,GET /pastes/:slug,973.200000,0.000000,540,620,680,740,820,870,910,930,1000,1000,1000,127170,6,360.0,421.37575122434566,26.804099999935715,9982.970299999579,2915.2525202484862
1746382924,2000,POST,POST /pastes,99.600000,0.000000,550,630,710,770,820,890,920,940,1000,1000,1000,12767,0,370.0,459.1594402678807,32.33849999924132,9973.895099999936,2845.21986371113
1746382924,2000,,Aggregated,1072.800000,0.000000,540,620,680,740,820,870,910,930,1000,1000,1000,139937,6,360.0,424.8229050008201,26.804099999935715,9982.970299999579,2908.863166996577
1746382925,2000,GET,GET /pastes/:slug,965.500000,0.000000,560,630,680,730,810,880,910,930,1000,1000,1000,128269,6,360.0,423.11924068715024,26.804099999935715,9982.970299999579,2915.364484014064
1746382925,2000,POST,POST /pastes,99.200000,0.000000,570,640,720,750,820,890,920,940,1000,1000,1000,12866,0,370.0,460.60274846883493,32.33849999924132,9973.895099999936,2847.4204881081923
1746382925,2000,,Aggregated,1064.700000,0.000000,560,630,690,730,810,880,910,930,1000,1000,1000,141135,6,360.0,426.536272685725,26.804099999935715,9982.970299999579,2909.170645127006
1746382926,2000,GET,GET /pastes/:slug,986.600000,0.000000,560,630,680,730,810,870,910,930,1000,1000,1000,129499,6,360.0,422.9675006656424,26.804099999935715,9982.970299999579,2915.785766685457
1746382926,2000,POST,POST /pastes,100.300000,0.000000,580,640,720,750,820,890,920,940,1000,1000,1000,12974,0,370.0,460.0511655387714,32.33849999924132,9973.895099999936,2847.9082010174193
1746382926,2000,,Aggregated,1086.900000,0.000000,560,630,680,730,810,870,910,930,1000,1000,1000,142473,6,360.0,426.3444455468738,26.804099999935715,9982.970299999579,2909.6046408793245
1746382927,2000,GET,GET /pastes/:slug,987.800000,0.000000,540,620,660,700,810,870,910,930,1000,1000,1000,130352,6,360.0,422.92454330581864,26.804099999935715,9982.970299999579,2915.137351172211
1746382927,2000,POST,POST /pastes,98.400000,0.000000,550,620,680,730,820,890,920,940,1000,1000,1000,13049,0,370.0,459.9131682427798,32.33849999924132,9973.895099999936,2846.450455973638
1746382927,2000,,Aggregated,1086.200000,0.000000,540,620,660,710,810,870,910,930,1000,1000,1000,143401,6,360.0,426.2903815273241,26.804099999935715,9982.970299999579,2908.8870788906634
1746382928,2000,GET,GET /pastes/:slug,993.200000,0.000000,530,600,640,670,770,840,920,960,1000,1000,1000,131127,6,360.0,424.87051906243664,26.804099999935715,9982.970299999579,2915.124451867274
1746382928,2000,POST,POST /pastes,97.900000,0.000000,540,610,640,680,790,840,920,970,1000,1000,1000,13114,0,370.0,461.4141448604562,32.33849999924132,9973.895099999936,2845.5388134817754
1746382928,2000,,Aggregated,1091.100000,0.000000,530,600,640,670,770,840,920,960,1000,1000,1000,144241,6,370.0,428.19296627727095,26.804099999935715,9982.970299999579,2908.7979146012576
1746382929,2000,GET,GET /pastes/:slug,975.400000,0.000000,540,610,660,710,800,890,960,970,1000,1000,1000,132491,6,370.0,427.9111075423995,26.804099999935715,9982.970299999579,2915.3069717943104
1746382929,2000,POST,POST /pastes,95.800000,0.000000,540,620,680,730,820,900,970,980,1000,1000,1000,13261,0,380.0,464.31018810044577,32.33849999924132,9973.895099999936,2845.827991855818
1746382929,2000,,Aggregated,1071.200000,0.000000,540,620,670,710,800,890,960,970,1000,1000,1000,145752,6,370.0,431.2228165225845,26.804099999935715,9982.970299999579,2908.9855439376474
1746382930,2000,GET,GET /pastes/:slug,984.400000,0.000000,520,610,660,710,800,890,960,970,1000,1000,1000,133501,6,370.0,426.210637810203,26.804099999935715,9982.970299999579,2915.0003295855463
1746382930,2000,POST,POST /pastes,95.600000,0.000000,520,620,680,730,820,900,970,980,1000,1000,1000,13376,0,370.0,462.041805255682,32.33849999924132,9973.895099999936,2845.5408193779904
1746382930,2000,,Aggregated,1080.000000,0.000000,520,610,660,710,800,890,960,970,1000,1000,1000,146877,6,370.0,429.47376066640516,26.804099999935715,9982.970299999579,2908.6746937914036
1746382931,2000,GET,GET /pastes/:slug,982.500000,0.000000,480,550,640,700,800,890,960,970,1000,1000,1000,134475,6,370.0,425.992314415318,26.804099999935715,9982.970299999579,2915.297772820227
1746382931,2000,POST,POST /pastes,94.400000,0.000000,470,550,660,720,810,890,960,980,1000,1000,1000,13494,0,370.0,461.407577864235,32.33849999924132,9973.895099999936,2846.208537127612
1746382931,2000,,Aggregated,1076.900000,0.000000,480,550,640,700,800,890,960,970,1000,1000,1000,147969,6,370.0,429.2220014780094,26.804099999935715,9982.970299999579,2908.9971953584873
1746382932,2000,GET,GET /pastes/:slug,1037.300000,0.000000,480,550,620,660,790,890,960,970,1000,1000,1000,135834,6,370.0,426.4006578676895,26.804099999935715,9982.970299999579,2915.111562642637
1746382932,2000,POST,POST /pastes,100.200000,0.000000,470,550,630,670,800,890,960,980,1000,1000,1000,13640,0,380.0,461.64377590909,32.33849999924132,9973.895099999936,2844.6706011730207
1746382932,2000,,Aggregated,1137.500000,0.000000,480,550,620,660,790,890,960,970,1000,1000,1000,149474,6,370.0,429.616709689976,26.804099999935715,9982.970299999579,2908.683590457203
1746382933,2000,GET,GET /pastes/:slug,1022.300000,0.000000,470,550,620,660,790,890,950,970,1000,1000,1000,136878,6,360.0,424.8428548378833,26.804099999935715,9982.970299999579,2914.7076009292946
1746382933,2000,POST,POST /pastes,99.000000,0.000000,460,540,620,670,790,890,960,980,1000,1000,1000,13744,0,370.0,459.85860799621605,32.33849999924132,9973.895099999936,2843.0846915017464
1746382933,2000,,Aggregated,1121.300000,0.000000,470,540,620,660,790,890,950,970,1000,1000,1000,150622,6,370.0,428.0379824514314,26.804099999935715,9982.970299999579,2908.172132888954
1746382934,2000,GET,GET /pastes/:slug,1022.700000,0.000000,440,520,570,640,790,890,950,970,1000,1000,1000,137812,6,370.0,424.9401405436377,26.804099999935715,9982.970299999579,2914.8367413577917
1746382934,2000,POST,POST /pastes,101.400000,0.000000,430,510,570,650,790,890,960,980,1000,1000,1000,13834,0,380.0,459.756058283938,32.33849999924132,9973.895099999936,2842.7926124042215
1746382934,2000,,Aggregated,1124.100000,0.000000,440,510,570,640,790,890,950,970,1000,1000,1000,151646,6,370.0,428.1162441402973,26.804099999935715,9982.970299999579,2908.2644712026695
1746382935,2000,GET,GET /pastes/:slug,1029.800000,0.000000,410,490,540,580,780,890,950,970,1000,1000,1000,139159,6,370.0,424.4354481973847,26.804099999935715,9982.970299999579,2915.137540511214
1746382935,2000,POST,POST /pastes,101.700000,0.000000,410,490,540,580,780,890,960,980,1000,1000,1000,13953,0,380.0,458.9329750806277,32.33849999924132,9973.895099999936,2843.268472729879
1746382935,2000,,Aggregated,1131.500000,0.000000,410,490,540,580,780,890,950,970,1000,1000,1000,153112,6,370.0,427.5791860664064,26.804099999935715,9982.970299999579,2908.5881576884894
1746382936,2000,GET,GET /pastes/:slug,1029.300000,0.000000,420,510,550,600,790,890,960,970,1000,1000,1000,139800,6,370.0,424.1628984041477,26.804099999935715,9982.970299999579,2915.2459942775395
1746382936,2000,POST,POST /pastes,101.300000,0.000000,420,490,550,590,790,890,960,980,1000,1000,1000,14019,0,380.0,458.50152123546616,32.33849999924132,9973.895099999936,2843.572080747557
1746382936,2000,,Aggregated,1130.600000,0.000000,420,510,550,600,790,890,960,970,1000,1000,1000,153819,6,370.0,427.29250627750537,26.804099999935715,9982.970299999579,2908.713663461601
1746382937,2000,GET,GET /pastes/:slug,1057.400000,0.000000,420,540,660,770,890,940,980,990,1000,1000,1000,140726,6,370.0,427.23712422082514,26.804099999935715,9982.970299999579,2915.3098929835282
1746382937,2000,POST,POST /pastes,105.000000,0.000000,420,520,660,770,890,940,980,990,1000,1000,1000,14111,0,380.0,461.2954652894904,32.33849999924132,9973.895099999936,2843.8057543760187
1746382937,2000,,Aggregated,1162.400000,0.000000,420,540,660,770,890,940,980,990,1000,1000,1000,154837,6,370.0,430.34101573783795,26.804099999935715,9982.970299999579,2908.79339563541
1746382938,2000,GET,GET /pastes/:slug,1037.700000,0.000000,410,510,610,670,880,930,980,990,1000,1100,1100,142247,6,370.0,428.434388193775,26.804099999935715,9982.970299999579,2915.1143363304673
1746382938,2000,POST,POST /pastes,106.200000,0.000000,410,490,600,660,880,910,970,990,1000,1000,1000,14267,0,380.0,461.9598764912046,32.33849999924132,9973.895099999936,2845.825681642952
1746382938,2000,,Aggregated,1143.900000,0.000000,410,510,610,670,880,930,980,990,1000,1100,1100,156514,6,370.0,431.4903968673685,26.804099999935715,9982.970299999579,2908.7983439181157
1746382939,2000,GET,GET /pastes/:slug,1004.400000,0.000000,400,490,550,620,870,930,980,990,1000,1100,1100,143056,6,370.0,427.7202726051335,26.804099999935715,9982.970299999579,2915.2466586511578
1746382939,2000,POST,POST /pastes,103.800000,0.000000,400,480,540,620,870,900,970,990,1000,1000,1000,14353,0,380.0,460.9477420539265,32.33849999924132,9973.895099999936,2845.7443739984674
1746382939,2000,,Aggregated,1108.200000,0.000000,400,490,550,620,870,930,980,990,1000,1100,1100,157409,6,370.0,430.7500477069249,26.804099999935715,9982.970299999579,2908.9092428006024
1746382941,2000,GET,GET /pastes/:slug,1072.000000,0.000000,420,550,600,630,870,930,980,990,1000,1100,1100,144290,6,370.0,429.02393921893383,26.804099999935715,9982.970299999579,2914.892175479936
1746382941,2000,POST,POST /pastes,110.700000,0.000000,420,530,590,630,870,910,980,990,1000,1000,1000,14491,0,380.0,461.7263017873164,32.33849999924132,9973.895099999936,2846.918846180388
1746382941,2000,,Aggregated,1182.700000,0.000000,420,550,600,630,870,930,980,990,1000,1100,1100,158781,6,370.0,432.0084898640229,26.804099999935715,9982.970299999579,2908.6886529244684
1746382942,2000,GET,GET /pastes/:slug,995.200000,0.000000,410,530,580,630,880,930,980,990,1000,1100,1100,145441,6,370.0,427.53877994100674,26.804099999935715,9982.970299999579,2914.8043192772325
1746382942,2000,POST,POST /pastes,102.000000,0.000000,410,520,570,620,870,920,980,990,1000,1000,1000,14610,0,380.0,459.99503331964416,32.33849999924132,9973.895099999936,2847.762559890486
1746382942,2000,,Aggregated,1097.200000,0.000000,410,530,580,630,880,930,980,990,1000,1100,1100,160051,6,370.0,430.50149721151195,26.804099999935715,9982.970299999579,2908.68451930947
1746382943,2000,GET,GET /pastes/:slug,1039.100000,0.000000,440,550,600,630,880,930,980,990,1000,1100,1100,146339,6,370.0,427.69683541912957,26.804099999935715,9982.970299999579,2915.06591544291
1746382943,2000,POST,POST /pastes,106.400000,0.000000,430,530,590,620,870,910,980,990,1000,1000,1000,14700,0,380.0,460.0101764013609,32.33849999924132,9973.895099999936,2846.4403401360546
1746382943,2000,,Aggregated,1145.500000,0.000000,440,550,600,630,880,930,980,990,1000,1100,1100,161039,6,370.0,430.64646943597376,26.804099999935715,9982.970299999579,2908.801619483479
1746382944,2000,GET,GET /pastes/:slug,1055.800000,0.000000,470,570,620,660,870,930,980,990,1000,1100,1100,147610,6,370.0,428.7997434354038,26.804099999935715,9982.970299999579,2915.5168823250456
1746382944,2000,POST,POST /pastes,106.400000,0.000000,440,570,610,640,870,910,980,990,1000,1000,1000,14812,0,380.0,460.72610289630114,32.33849999924132,9973.895099999936,2847.486429921685
1746382944,2000,,Aggregated,1162.200000,0.000000,470,570,620,660,870,930,980,990,1000,1100,1100,162422,6,370.0,431.7112531836812,26.804099999935715,9982.970299999579,2909.3128763344866
1746382945,2000,GET,GET /pastes/:slug,1013.600000,0.000000,470,570,620,660,870,930,980,990,1000,1100,1100,148710,6,370.0,427.4442775731288,26.804099999935715,9982.970299999579,2915.4264945195346
1746382945,2000,POST,POST /pastes,101.800000,0.000000,440,570,610,640,870,910,980,990,1000,1000,1000,14914,0,380.0,459.2802201689708,32.33849999924132,9973.895099999936,2848.5352018237895
1746382945,2000,,Aggregated,1115.400000,0.000000,460,570,620,660,870,930,980,990,1000,1100,1100,163624,6,370.0,430.3460600003661,26.804099999935715,9982.970299999579,2909.3294871168046
1746382946,2000,GET,GET /pastes/:slug,1048.200000,0.000000,500,570,610,640,870,930,980,990,1000,1100,1100,149762,6,370.0,428.04547676513414,26.804099999935715,9982.970299999579,2915.008820662117
1746382946,2000,POST,POST /pastes,105.100000,0.000000,480,560,600,620,860,900,970,990,1000,1000,1000,15016,0,380.0,459.51463865876553,32.33849999924132,9973.895099999936,2849.811201385189
1746382946,2000,,Aggregated,1153.300000,0.000000,500,570,610,640,870,930,980,990,1000,1100,1100,164778,6,370.0,430.9132196373298,26.804099999935715,9982.970299999579,2909.0674483244125
1746382947,2000,GET,GET /pastes/:slug,1031.400000,0.000000,410,530,560,580,630,700,830,870,990,990,990,151201,6,370.0,427.00899981349306,26.804099999935715,9982.970299999579,2914.568203913995
1746382947,2000,POST,POST /pastes,103.100000,0.000000,400,520,550,570,620,660,830,870,930,930,930,15137,0,380.0,458.2840505780552,32.33849999924132,9973.895099999936,2850.5182664993063
1746382947,2000,,Aggregated,1134.500000,0.000000,410,520,560,580,630,700,830,870,980,990,990,166338,6,370.0,429.8550749341696,26.804099999935715,9982.970299999579,2908.7395664249902
1746382948,2000,GET,GET /pastes/:slug,1018.800000,0.000000,380,500,550,570,610,640,710,730,800,810,810,152082,6,370.0,426.05189074906923,26.804099999935715,9982.970299999579,2914.90580081798
1746382948,2000,POST,POST /pastes,101.700000,0.000000,370,500,530,560,600,630,670,710,780,780,780,15238,0,380.0,456.9168091809959,32.33849999924132,9973.895099999936,2850.4789998687493
1746382948,2000,,Aggregated,1120.500000,0.000000,380,500,550,570,610,640,710,730,800,800,810,167320,6,370.0,428.8627897872324,26.804099999935715,9982.970299999579,2909.038387520918
1746382949,2000,GET,GET /pastes/:slug,1108.700000,0.000000,440,530,570,580,620,670,730,770,820,850,860,153141,6,370.0,427.08725234914186,26.804099999935715,9982.970299999579,2914.9906687301245
1746382949,2000,POST,POST /pastes,107.400000,0.000000,420,520,560,570,610,640,680,720,780,780,780,15337,0,380.0,457.57012797157256,32.33849999924132,9973.895099999936,2851.4393949273
1746382949,2000,,Aggregated,1216.100000,0.000000,440,530,570,580,620,670,730,770,820,850,860,168478,6,370.0,429.86218951257547,26.804099999935715,9982.970299999579,2909.2054274148554
1746382950,2000,GET,GET /pastes/:slug,1093.000000,0.000000,370,490,540,570,610,650,720,760,820,850,860,154484,6,370.0,425.77509600929613,26.804099999935715,9982.970299999579,2914.7275963853863
1746382950,2000,POST,POST /pastes,109.000000,0.000000,370,500,530,560,600,630,680,720,780,780,780,15478,0,380.0,456.25599319033523,32.33849999924132,9973.895099999936,2850.541413619331
1746382950,2000,,Aggregated,1202.000000,0.000000,370,490,540,570,610,650,720,760,820,850,860,169962,6,370.0,428.55091252456185,26.804099999935715,9982.970299999579,2908.882326637719
1746382951,2000,GET,GET /pastes/:slug,1059.300000,0.000000,380,500,550,570,610,650,720,760,820,860,860,155316,6,370.0,425.4828960808936,26.804099999935715,9982.970299999579,2914.6741803806435
1746382951,2000,POST,POST /pastes,104.500000,0.000000,380,510,550,570,610,640,680,720,780,780,780,15564,0,380.0,455.8071946286301,32.33849999924132,9973.895099999936,2850.4295810845542
1746382951,2000,,Aggregated,1163.800000,0.000000,380,500,550,570,610,650,720,760,820,850,860,170880,6,370.0,428.24487748653644,26.804099999935715,9982.970299999579,2908.8226884363294
1746382952,2000,GET,GET /pastes/:slug,1120.600000,0.000000,420,530,570,590,640,680,720,770,820,850,860,156655,6,370.0,426.84665371485124,26.804099999935715,9982.970299999579,2914.5859627844625
1746382952,2000,POST,POST /pastes,111.000000,0.000000,410,530,570,590,640,670,710,730,770,780,780,15700,0,380.0,456.98451620382184,32.33849999924132,9973.895099999936,2850.13050955414
1746382952,2000,,Aggregated,1231.600000,0.000000,420,530,570,590,640,680,720,760,820,850,860,172355,6,370.0,429.59194361695063,26.804099999935715,9982.970299999579,2908.714647094659
1746382953,2000,GET,GET /pastes/:slug,1080.300000,0.000000,350,490,540,570,620,660,710,760,820,850,860,157774,6,370.0,425.6836367215139,26.804099999935715,9982.970299999579,2914.492558976764
1746382953,2000,POST,POST /pastes,104.700000,0.000000,350,490,530,570,620,660,700,710,760,760,760,15820,0,380.0,455.5105569405817,32.33849999924132,9973.895099999936,2850.010429835651
1746382953,2000,,Aggregated,1185.000000,0.000000,350,490,540,570,620,660,710,760,820,850,860,173594,6,370.0,428.401829043052,26.804099999935715,9982.970299999579,2908.616161848912
1746382954,2000,GET,GET /pastes/:slug,1053.500000,0.000000,380,490,540,570,620,650,710,760,820,850,860,158883,6,370.0,425.32487429429307,26.804099999935715,9982.970299999579,2914.232265251789
1746382954,2000,POST,POST /pastes,102.100000,0.000000,380,490,530,570,620,660,700,710,760,760,760,15934,0,380.0,455.0659749592072,32.33849999924132,9973.895099999936,2849.883080205849
1746382954,2000,,Aggregated,1155.600000,0.000000,380,490,540,570,620,660,710,760,820,850,860,174817,6,370.0,428.03567872403534,26.804099999935715,9982.970299999579,2908.367046683103
1746382955,2000,GET,GET /pastes/:slug,1101.700000,0.000000,360,470,510,540,610,650,710,760,820,850,860,160170,6,370.0,424.61167763251524,26.804099999935715,9982.970299999579,2914.408590872198
1746382955,2000,POST,POST /pastes,108.300000,0.000000,360,480,520,550,610,660,700,710,760,760,760,16050,0,380.0,454.3031538504678,32.33849999924132,9973.895099999936,2850.7680996884737
1746382955,2000,,Aggregated,1210.000000,0.000000,360,470,510,540,610,650,710,760,820,850,860,176220,6,370.0,427.3159574719071,26.804099999935715,9982.970299999579,2908.6122574055157
1746382956,2000,GET,GET /pastes/:slug,1062.300000,0.000000,360,470,530,560,620,660,710,760,820,860,860,160916,6,370.0,424.84130991324673,26.804099999935715,9982.970299999579,2914.141129533421
1746382956,2000,POST,POST /pastes,104.800000,0.000000,370,480,520,560,620,660,700,720,760,760,760,16116,0,380.0,454.27025728468686,32.33849999924132,9973.895099999936,2851.000372300819
1746382956,2000,,Aggregated,1167.100000,0.000000,360,470,520,560,620,660,710,760,820,850,860,177032,6,370.0,427.52035616385456,26.804099999935715,9982.970299999579,2908.3931492611505
1746382957,2000,GET,GET /pastes/:slug,1077.300000,0.000000,430,540,580,610,670,810,850,860,900,900,910,162063,6,370.0,427.000053266938,26.804099999935715,9982.970299999579,2913.986005442328
1746382957,2000,POST,POST /pastes,108.700000,0.000000,450,540,590,620,680,840,850,870,910,910,910,16249,0,380.0,456.517885629885,32.33849999924132,9973.895099999936,2851.463413133116
1746382957,2000,,Aggregated,1186.000000,0.000000,430,540,580,610,670,810,850,860,900,910,910,178312,6,370.0,429.68991854838276,26.804099999935715,9982.970299999579,2908.2885223652925
1746382958,2000,GET,GET /pastes/:slug,1079.600000,0.000000,410,530,590,620,670,800,850,860,900,900,910,163269,6,370.0,427.163877355161,26.804099999935715,9982.970299999579,2914.0409324489033
1746382958,2000,POST,POST /pastes,108.000000,0.000000,430,530,600,620,680,830,850,870,910,910,910,16360,0,380.0,456.4267606051343,32.33849999924132,9973.895099999936,2851.18086797066
1746382958,2000,,Aggregated,1187.600000,0.000000,410,530,590,620,670,800,850,860,900,910,910,179629,6,370.0,429.82904149886264,26.804099999935715,9982.970299999579,2908.315851004014
1746382959,2000,GET,GET /pastes/:slug,1005.100000,0.000000,410,500,570,610,660,800,850,860,900,900,910,164325,6,370.0,427.0353678801136,26.804099999935715,9982.970299999579,2914.1589350372737
1746382959,2000,POST,POST /pastes,101.900000,0.000000,420,510,580,620,680,840,860,870,910,910,910,16461,0,380.0,456.1909989854802,32.33849999924132,9973.895099999936,2852.019439888221
1746382959,2000,,Aggregated,1107.000000,0.000000,410,500,570,610,660,800,850,860,900,910,910,180786,6,370.0,429.6900581969792,26.804099999935715,9982.970299999579,2908.5009845895147
1746382960,2000,GET,GET /pastes/:slug,1042.300000,0.000000,440,520,570,610,660,790,850,860,900,900,910,165439,6,370.0,427.3361052877475,26.804099999935715,9982.970299999579,2914.082616553533
1746382960,2000,POST,POST /pastes,104.900000,0.000000,450,520,580,620,680,840,850,870,910,910,910,16569,0,380.0,456.4138975013574,32.33849999924132,9973.895099999936,2850.199167119319
1746382960,2000,,Aggregated,1147.200000,0.000000,440,520,570,610,660,800,850,860,900,910,910,182008,6,380.0,429.9831864005923,26.804099999935715,9982.970299999579,2908.2670212298362
1746382961,2000,GET,GET /pastes/:slug,1055.200000,0.000000,400,480,530,570,640,790,850,860,900,900,910,166585,6,370.0,426.65271406609054,26.804099999935715,9982.970299999579,2914.238785004652
1746382961,2000,POST,POST /pastes,106.300000,0.000000,410,490,540,590,670,830,850,870,910,910,910,16689,0,380.0,455.56014716280157,32.33849999924132,9973.895099999936,2851.2116364072144
1746382961,2000,,Aggregated,1161.500000,0.000000,400,480,530,570,650,790,850,860,900,910,910,183274,6,370.0,429.2850358954299,26.804099999935715,9982.970299999579,2908.499508931982
1746382962,2000,GET,GET /pastes/:slug,1024.400000,0.000000,400,470,500,530,620,790,850,860,900,900,910,167734,6,370.0,426.4116054908366,26.804099999935715,9982.970299999579,2914.2132006629545
1746382962,2000,POST,POST /pastes,101.400000,0.000000,410,480,510,550,640,840,850,870,910,910,910,16792,0,380.0,455.186489363982,32.33849999924132,9973.895099999936,2851.1529895188187
1746382962,2000,,Aggregated,1125.800000,0.000000,400,470,500,530,620,800,850,860,900,910,910,184526,6,370.0,429.03014081917644,26.804099999935715,9982.970299999579,2908.474675655463
1746382963,2000,GET,GET /pastes/:slug,1049.600000,0.000000,420,480,520,550,620,790,850,860,900,900,910,168767,6,370.0,426.63037658665485,26.804099999935715,9982.970299999579,2914.316839192496
1746382963,2000,POST,POST /pastes,104.400000,0.000000,420,490,530,560,640,830,850,870,910,910,910,16902,0,380.0,455.21632334043204,32.33849999924132,9973.895099999936,2850.1908058217964
1746382963,2000,,Aggregated,1154.000000,0.000000,420,480,520,550,620,790,850,860,900,910,910,185669,6,380.0,429.2326401418619,26.804099999935715,9982.970299999579,2908.4792560955248
1746382964,2000,GET,GET /pastes/:slug,1072.600000,0.000000,420,480,520,540,620,790,850,860,900,900,910,169979,6,380.0,426.4626379782197,26.804099999935715,9982.970299999579,2913.8709958288964
1746382964,2000,POST,POST /pastes,106.700000,0.000000,420,490,530,560,640,840,850,870,910,910,910,17017,0,380.0,454.92048081330347,32.33849999924132,9973.895099999936,2849.951048951049
1746382964,2000,,Aggregated,1179.300000,0.000000,420,480,520,550,620,790,850,860,900,910,910,186996,6,380.0,429.0523570712695,26.804099999935715,9982.970299999579,2908.054156238636
1746382965,2000,GET,GET /pastes/:slug,1044.100000,0.000000,420,480,520,540,620,790,850,860,900,900,910,170974,6,380.0,426.07164888520964,26.804099999935715,9982.970299999579,2913.809982804403
1746382965,2000,POST,POST /pastes,101.400000,0.000000,430,490,530,560,640,840,850,870,910,910,910,17100,0,380.0,454.47193143859585,32.33849999924132,9973.895099999936,2850.988888888889
1746382965,2000,,Aggregated,1145.500000,0.000000,420,480,520,550,620,790,850,860,900,910,910,188074,6,380.0,428.65384967671855,26.804099999935715,9982.970299999579,2908.098184757064
1746382967,2000,GET,GET /pastes/:slug,1063.100000,0.000000,410,450,480,490,540,580,610,620,640,640,640,172149,6,380.0,426.4822633096899,26.804099999935715,9982.970299999579,2913.786527949625
1746382967,2000,POST,POST /pastes,103.200000,0.000000,410,450,480,500,550,580,610,630,650,650,650,17221,0,390.0,454.649737988502,32.33849999924132,9973.895099999936,2850.911329191104
1746382967,2000,,Aggregated,1166.300000,0.000000,410,450,480,490,540,580,610,620,640,650,650,189370,6,380.0,429.0437676738618,26.804099999935715,9982.970299999579,2908.0687595712097
1746382968,2000,GET,GET /pastes/:slug,1064.600000,0.000000,400,450,480,500,550,580,610,610,640,640,640,173392,6,380.0,426.20869567742386,26.804099999935715,9982.970299999579,2914.0250530589647
1746382968,2000,POST,POST /pastes,103.000000,0.000000,410,460,490,500,560,590,610,620,650,650,650,17346,0,390.0,454.25234588377737,32.33849999924132,9973.895099999936,2851.2840424305314
1746382968,2000,,Aggregated,1167.600000,0.000000,400,450,480,500,550,580,610,610,640,650,650,190738,6,380.0,428.7590273180978,26.804099999935715,9982.970299999579,2908.3192913839925
1746382969,2000,GET,GET /pastes/:slug,1064.600000,0.000000,390,440,470,490,550,580,610,610,640,640,640,174242,6,380.0,425.930459202718,26.804099999935715,9982.970299999579,2914.2531307032746
1746382969,2000,POST,POST /pastes,103.000000,0.000000,400,440,480,500,560,590,610,620,650,650,650,17430,0,390.0,453.85087717728015,32.33849999924132,9973.895099999936,2850.4590361445785
1746382969,2000,,Aggregated,1167.600000,0.000000,390,440,470,490,550,580,610,610,640,650,650,191672,6,380.0,428.46944708459995,26.804099999935715,9982.970299999579,2908.4519126424307
1746382970,2000,GET,GET /pastes/:slug,1095.600000,0.000000,390,430,460,480,550,580,600,610,630,640,640,175550,6,380.0,425.90966527598937,26.804099999935715,9982.970299999579,2913.910680717744
1746382970,2000,POST,POST /pastes,106.600000,0.000000,390,440,470,490,550,580,600,610,650,650,650,17552,0,390.0,453.68898099931664,32.33849999924132,9973.895099999936,2851.536975843209
1746382970,2000,,Aggregated,1202.200000,0.000000,390,430,460,490,550,580,600,610,630,640,650,193102,6,380.0,428.4346652737901,26.804099999935715,9982.970299999579,2908.2412248449004
1746382971,2000,GET,GET /pastes/:slug,1085.000000,0.000000,390,430,460,480,550,580,600,610,630,640,640,176626,6,380.0,424.90683507977184,26.804099999935715,9982.970299999579,2914.016424535459
1746382971,2000,POST,POST /pastes,105.500000,0.000000,390,440,470,490,550,580,600,610,650,650,650,17660,0,380.0,452.4740256568521,32.33849999924132,9973.895099999936,2851.361438278596
1746382971,2000,,Aggregated,1190.500000,0.000000,390,430,460,490,550,580,600,610,630,640,650,194286,6,380.0,427.4126079382934,26.804099999935715,9982.970299999579,2908.3212789392956
1746382972,2000,GET,GET /pastes/:slug,1088.300000,0.000000,400,440,470,500,570,600,700,740,760,760,760,177476,6,380.0,425.3579563405746,26.804099999935715,9982.970299999579,2913.691800581487
1746382972,2000,POST,POST /pastes,105.400000,0.000000,400,440,480,500,570,590,640,720,760,760,760,17722,0,380.0,452.6956115562579,32.33849999924132,9973.895099999936,2851.1713689199864
1746382972,2000,,Aggregated,1193.700000,0.000000,400,440,470,500,570,600,700,740,760,760,760,195198,6,380.0,427.83993835745923,26.804099999935715,9982.970299999579,2908.015579053064
1746382973,2000,GET,GET /pastes/:slug,1085.500000,0.000000,400,450,490,530,570,640,730,750,760,770,770,178819,6,380.0,426.0591334640047,26.804099999935715,9982.970299999579,2913.933519368747
1746382973,2000,POST,POST /pastes,106.500000,0.000000,400,450,490,540,580,690,730,750,770,770,770,17868,0,390.0,453.38437819565723,32.33849999924132,9973.895099999936,2850.890866353257
1746382973,2000,,Aggregated,1192.000000,0.000000,400,450,490,530,570,650,730,750,760,770,770,196687,6,380.0,428.54149108227415,26.804099999935715,9982.970299999579,2908.2064193363058
1746382974,2000,GET,GET /pastes/:slug,1057.500000,0.000000,390,440,480,530,570,640,730,750,760,770,770,179908,6,380.0,425.4379560297475,26.804099999935715,9982.970299999579,2913.5959434822244
1746382974,2000,POST,POST /pastes,101.200000,0.000000,400,440,490,540,580,690,730,750,770,770,770,17982,0,390.0,452.6234361917472,32.33849999924132,9973.895099999936,2850.911300189078
1746382974,2000,,Aggregated,1158.700000,0.000000,390,440,480,530,570,650,730,750,760,770,770,197890,6,380.0,427.90826430339695,26.804099999935715,9982.970299999579,2907.899873667189
1746382975,2000,GET,GET /pastes/:slug,1070.300000,0.000000,400,440,490,530,570,640,730,750,760,770,770,181040,6,380.0,425.3831631280377,26.804099999935715,9982.970299999579,2913.419155987627
1746382975,2000,POST,POST /pastes,103.600000,0.000000,400,450,500,530,580,690,730,750,770,770,770,18098,0,390.0,452.4575134268981,32.33849999924132,9973.895099999936,2850.9548016355398
1746382975,2000,,Aggregated,1173.900000,0.000000,400,440,490,530,570,640,730,750,760,770,770,199138,6,380.0,427.8437261130441,26.804099999935715,9982.970299999579,2907.7422892667396
1746382976,2000,GET,GET /pastes/:slug,1067.800000,0.000000,380,420,460,500,560,620,730,750,760,770,770,182238,6,380.0,424.9388129034555,26.804099999935715,9982.970299999579,2913.973479735291
1746382976,2000,POST,POST /pastes,104.300000,0.000000,380,430,470,500,560,690,730,750,770,770,770,18224,0,390.0,451.8088138608427,32.33849999924132,9973.895099999936,2851.8620500438983
1746382976,2000,,Aggregated,1172.100000,0.000000,380,420,470,500,560,620,730,750,760,770,770,200462,6,380.0,427.3815646341915,26.804099999935715,9982.970299999579,2908.32692979218
1746382977,2000,GET,GET /pastes/:slug,1062.800000,0.000000,370,410,440,470,550,590,730,750,760,770,770,183418,6,380.0,424.37234656031495,26.804099999935715,9982.970299999579,2913.3851203262493
1746382977,2000,POST,POST /pastes,103.400000,0.000000,370,420,450,480,550,690,730,750,770,770,770,18338,0,380.0,451.07869703893556,32.33849999924132,9973.895099999936,2852.622477914713
1746382977,2000,,Aggregated,1166.200000,0.000000,370,410,450,470,550,640,730,750,760,770,770,201756,6,380.0,426.79973932720327,26.804099999935715,9982.970299999579,2907.862284145205
1746382978,2000,GET,GET /pastes/:slug,1077.600000,0.000000,370,420,450,470,550,590,730,750,760,770,770,184589,6,380.0,424.03164932796614,26.804099999935715,9982.970299999579,2913.3102676757553
1746382978,2000,POST,POST /pastes,106.900000,0.000000,370,420,450,480,550,690,730,750,770,770,770,18442,0,380.0,450.590013696996,32.33849999924132,9973.895099999936,2852.5565014640492
1746382978,2000,,Aggregated,1184.500000,0.000000,370,420,450,470,550,590,730,750,760,770,770,203031,6,380.0,426.4440363806476,26.804099999935715,9982.970299999579,2907.791795341598
1746382979,2000,GET,GET /pastes/:slug,1079.000000,0.000000,370,410,440,460,520,590,730,750,760,770,770,185669,6,380.0,423.7693969989605,26.804099999935715,9982.970299999579,2913.024452116401
1746382979,2000,POST,POST /pastes,106.600000,0.000000,360,410,440,470,530,690,730,750,770,770,770,18541,0,380.0,450.21058246588683,32.33849999924132,9973.895099999936,2851.60606224044
1746382979,2000,,Aggregated,1185.600000,0.000000,370,410,440,460,530,590,730,750,760,770,770,204210,6,380.0,426.17009245825085,26.804099999935715,9982.970299999579,2907.4480436805247
1746382980,2000,GET,GET /pastes/:slug,1071.300000,0.000000,390,430,460,480,550,670,730,750,760,770,770,186619,6,380.0,424.0458477437985,26.804099999935715,9982.970299999579,2912.976411833736
1746382980,2000,POST,POST /pastes,105.100000,0.000000,390,430,470,480,550,690,730,750,770,770,770,18656,0,380.0,450.37365094875645,32.33849999924132,9973.895099999936,2852.7537521440822
1746382980,2000,,Aggregated,1176.400000,0.000000,390,430,460,480,550,670,730,750,760,770,770,205275,6,380.0,426.4385964788667,26.804099999935715,9982.970299999579,2907.5031981488246
1746382981,2000,GET,GET /pastes/:slug,1080.700000,0.000000,400,460,490,520,580,670,730,750,760,770,770,187755,6,380.0,424.89092155521877,26.804099999935715,9982.970299999579,2913.0500705706904
1746382981,2000,POST,POST /pastes,106.400000,0.000000,410,460,500,520,600,690,730,750,770,770,770,18770,0,390.0,451.0935644432604,32.33849999924132,9973.895099999936,2853.323494938732
1746382981,2000,,Aggregated,1187.100000,0.000000,400,460,490,520,580,670,730,750,760,770,770,206525,6,380.0,427.27234562982466,26.804099999935715,9982.970299999579,2907.6218278658757
1746382982,2000,GET,GET /pastes/:slug,1073.300000,0.000000,390,440,470,490,550,600,650,670,690,700,700,188824,6,380.0,424.9672226496632,26.804099999935715,9982.970299999579,2912.975029657247
1746382982,2000,POST,POST /pastes,107.100000,0.000000,400,440,470,490,550,590,660,670,690,690,690,18875,0,390.0,450.97401615364237,32.33849999924132,9973.895099999936,2853.8140397350994
1746382982,2000,,Aggregated,1180.400000,0.000000,390,440,470,490,550,600,650,670,690,700,700,207699,6,380.0,427.33063425678256,26.804099999935715,9982.970299999579,2907.598674042725
1746382983,2000,GET,GET /pastes/:slug,1059.800000,0.000000,410,450,490,510,560,610,650,670,690,700,700,189882,6,380.0,425.29539559041854,26.804099999935715,9982.970299999579,2912.9533657745337
1746382983,2000,POST,POST /pastes,105.300000,0.000000,410,450,490,510,560,600,660,670,690,690,690,18985,0,390.0,451.136675306822,32.33849999924132,9973.895099999936,2854.2354490387147
1746382983,2000,,Aggregated,1165.100000,0.000000,410,450,490,510,560,610,650,670,690,700,700,208867,6,380.0,427.64424292109027,26.804099999935715,9982.970299999579,2907.6161911647123
1746382984,2000,GET,GET /pastes/:slug,1096.800000,0.000000,400,450,480,500,560,610,650,670,690,700,700,191119,6,380.0,424.8274604000638,26.804099999935715,9982.970299999579,2913.4077511916657
1746382984,2000,POST,POST /pastes,110.400000,0.000000,410,450,480,500,560,600,660,670,690,690,690,19108,0,390.0,450.5821994086245,32.33849999924132,9973.895099999936,2854.4981683064684
1746382984,2000,,Aggregated,1207.200000,0.000000,400,450,480,500,560,610,650,670,690,700,700,210227,6,380.0,427.1683659591739,26.804099999935715,9982.970299999579,2908.0533280691825
1746382985,2000,GET,GET /pastes/:slug,1073.200000,0.000000,400,450,490,520,560,610,650,670,690,700,700,192054,6,380.0,424.8062233189607,26.804099999935715,9982.970299999579,2913.4227248586335
1746382985,2000,POST,POST /pastes,107.800000,0.000000,400,450,490,520,570,600,660,670,690,690,690,19197,0,390.0,450.4848598635201,32.33849999924132,9973.895099999936,2854.234932541543
1746382985,2000,,Aggregated,1181.000000,0.000000,400,450,490,520,560,610,650,670,690,700,700,211251,6,380.0,427.13971658405967,26.804099999935715,9982.970299999579,2908.0441560039953
1746382986,2000,GET,GET /pastes/:slug,1089.300000,0.000000,430,490,520,540,600,630,660,670,690,700,700,193276,6,380.0,425.5039368638602,26.804099999935715,9982.970299999579,2913.3870889298205
1746382986,2000,POST,POST /pastes,109.100000,0.000000,430,490,520,550,600,650,670,680,690,690,690,19310,0,390.0,451.0989525893322,32.33849999924132,9973.895099999936,2855.738114966339
1746382986,2000,,Aggregated,1198.400000,0.000000,430,490,520,540,600,630,660,670,690,700,700,212586,6,380.0,427.8288301007544,26.804099999935715,9982.970299999579,2908.150611987619
1746382987,2000,GET,GET /pastes/:slug,1089.100000,0.000000,420,490,520,540,600,630,660,670,690,700,700,194382,6,380.0,424.75268907666134,26.804099999935715,9982.970299999579,2913.5117037585783
1746382987,2000,POST,POST /pastes,108.800000,0.000000,430,490,520,550,600,650,670,680,690,690,690,19418,0,390.0,450.20329184262147,32.33849999924132,9973.895099999936,2856.515243588423
1746382987,2000,,Aggregated,1197.900000,0.000000,420,490,520,540,600,630,660,670,690,700,700,213800,6,380.0,427.06419424274566,26.804099999935715,9982.970299999579,2908.3351028999064
1746382988,2000,GET,GET /pastes/:slug,1062.300000,0.000000,440,510,550,570,630,660,690,720,740,780,780,195046,6,380.0,425.4470280759391,26.804099999935715,9982.970299999579,2913.365298442419
1746382988,2000,POST,POST /pastes,105.500000,0.000000,440,510,550,580,640,670,690,720,780,780,780,19477,0,390.0,450.74743697181395,32.33849999924132,9973.895099999936,2855.986034810289
1746382988,2000,,Aggregated,1167.800000,0.000000,440,510,550,570,630,660,690,720,740,780,780,214523,6,380.0,427.7441060771998,26.804099999935715,9982.970299999579,2908.1557129072407
1746382989,2000,GET,GET /pastes/:slug,1090.700000,0.000000,490,550,610,640,740,940,980,1000,1100,1100,1100,196155,6,380.0,428.0675081201074,26.804099999935715,9982.970299999579,2913.3117636562924
1746382989,2000,POST,POST /pastes,107.700000,0.000000,480,560,610,640,740,930,980,1000,1100,1100,1100,19578,0,390.0,453.114425947494,32.33849999924132,9973.895099999936,2855.490652773521
1746382989,2000,,Aggregated,1198.400000,0.000000,490,550,610,640,740,940,980,1000,1100,1100,1100,215733,6,380.0,430.3405426453033,26.804099999935715,9982.970299999579,2908.0644361317
1746382990,2000,GET,GET /pastes/:slug,1045.400000,0.000000,490,570,630,670,820,940,980,1000,1100,1100,1100,196869,6,380.0,429.11240229035445,26.804099999935715,9982.970299999579,2913.3285636641626
1746382990,2000,POST,POST /pastes,103.700000,0.000000,490,580,640,670,830,930,980,1000,1100,1100,1100,19667,0,390.0,454.4053270656451,32.33849999924132,9973.895099999936,2855.5851934712973
1746382990,2000,,Aggregated,1149.100000,0.000000,490,570,630,670,820,940,980,1000,1100,1100,1100,216536,6,380.0,431.4096459429348,26.804099999935715,9982.970299999579,2908.0839906528245
1746382991,2000,GET,GET /pastes/:slug,1006.500000,0.000000,510,630,690,740,840,940,980,1000,1100,1100,1100,197905,6,380.0,430.67830793562547,26.804099999935715,9982.970299999579,2913.3038023294007
1746382991,2000,POST,POST /pastes,98.700000,0.000000,520,640,700,750,850,930,980,1000,1100,1100,1100,19763,0,390.0,455.7717658503287,32.33849999924132,9973.895099999936,2856.061427920862
1746382991,2000,,Aggregated,1105.200000,0.000000,510,630,690,740,840,940,980,1000,1100,1100,1100,217668,6,380.0,432.9566493030647,26.804099999935715,9982.970299999579,2908.1065246154694
1746382992,2000,GET,GET /pastes/:slug,1011.300000,0.000000,580,670,730,760,840,940,980,1000,1100,1100,1100,198811,6,390.0,431.83166027432964,26.804099999935715,9982.970299999579,2913.3644214857327
1746382992,2000,POST,POST /pastes,98.500000,0.000000,590,680,740,770,850,930,980,1000,1100,1100,1100,19851,0,390.0,456.8114150622161,32.33849999924132,9973.895099999936,2856.2895068258526
1746382992,2000,,Aggregated,1109.800000,0.000000,580,670,730,760,840,940,980,1000,1100,1100,1100,218662,6,390.0,434.09942107544646,26.804099999935715,9982.970299999579,2908.1829353065464
1746382994,2000,GET,GET /pastes/:slug,988.800000,0.000000,630,690,760,780,860,950,990,1000,1100,1100,1100,199950,6,390.0,432.61958717879287,26.804099999935715,9982.970299999579,2913.7606601650414
1746382994,2000,POST,POST /pastes,97.800000,0.000000,640,710,760,790,860,940,1000,1000,1100,1100,1100,19966,0,400.0,457.46334715015905,32.33849999924132,9973.895099999936,2856.9139537213264
1746382994,2000,,Aggregated,1086.600000,0.000000,630,690,760,780,860,950,990,1000,1100,1100,1100,219916,6,390.0,434.87513253059865,26.804099999935715,9982.970299999579,2908.5995925717093
1746382995,2000,GET,GET /pastes/:slug,972.400000,0.000000,630,690,750,780,850,950,990,1000,1100,1100,1100,201082,6,390.0,432.6844525233478,26.804099999935715,9982.970299999579,2913.936578112412
1746382995,2000,POST,POST /pastes,95.600000,0.000000,630,700,760,790,860,940,990,1000,1100,1100,1100,20080,0,400.0,457.4687690737086,32.33849999924132,9973.895099999936,2855.851693227092
1746382995,2000,,Aggregated,1068.000000,0.000000,630,690,750,780,850,950,990,1000,1100,1100,1100,221162,6,390.0,434.9346992941792,26.804099999935715,9982.970299999579,2908.6628670386413
1746382996,2000,GET,GET /pastes/:slug,953.400000,0.000000,620,690,750,780,860,950,990,1000,1100,1100,1100,202295,6,390.0,432.5788170414483,26.804099999935715,9982.970299999579,2913.978486863244
1746382996,2000,POST,POST /pastes,92.500000,0.000000,620,700,760,790,860,940,1000,1000,1100,1100,1100,20196,0,400.0,457.22451041790686,32.33849999924132,9973.895099999936,2855.855367399485
1746382996,2000,,Aggregated,1045.900000,0.000000,620,690,760,780,860,950,990,1000,1100,1100,1100,222491,6,390.0,434.81596112112055,26.804099999935715,9982.970299999579,2908.702522798675
1746382997,2000,GET,GET /pastes/:slug,958.400000,0.000000,600,690,750,780,850,950,990,1000,1100,1100,1100,203319,6,390.0,432.59573015458506,26.804099999935715,9982.970299999579,2913.8030090645734
1746382997,2000,POST,POST /pastes,94.100000,0.000000,600,690,750,780,860,940,990,1000,1100,1100,1100,20300,0,400.0,457.11058488177514,32.33849999924132,9973.895099999936,2855.3183251231526
1746382997,2000,,Aggregated,1052.500000,0.000000,600,690,750,780,850,950,990,1000,1100,1100,1100,223619,6,390.0,434.8211741059549,26.804099999935715,9982.970299999579,2908.4938041937403
1746382998,2000,GET,GET /pastes/:slug,980.800000,0.000000,530,650,730,770,840,950,980,1000,1100,1100,1100,204542,6,390.0,432.39480378015327,26.804099999935715,9982.970299999579,2913.916183473321
1746382998,2000,POST,POST /pastes,96.600000,0.000000,530,650,730,770,850,930,980,1000,1100,1100,1100,20432,0,400.0,456.67207971319584,32.33849999924132,9973.895099999936,2854.8686863743146
1746382998,2000,,Aggregated,1077.400000,0.000000,530,650,730,770,840,940,980,1000,1100,1100,1100,224974,6,390.0,434.59965101522647,26.804099999935715,9982.970299999579,2908.553526185248
1746382999,2000,GET,GET /pastes/:slug,940.200000,0.000000,510,580,640,680,780,810,840,840,860,870,870,205281,6,390.0,432.61597618629963,26.804099999935715,9982.970299999579,2913.8647609861605
1746382999,2000,POST,POST /pastes,92.800000,0.000000,510,580,640,690,780,820,840,850,860,860,860,20496,0,400.0,456.74650798204635,32.33849999924132,9973.895099999936,2854.366656908665
1746382999,2000,,Aggregated,1033.000000,0.000000,510,580,640,680,780,810,840,840,860,870,870,225777,6,390.0,434.8065420087041,26.804099999935715,9982.970299999579,2908.463532600752
1746383000,2000,GET,GET /pastes/:slug,988.300000,0.000000,520,600,670,740,820,960,990,1000,1000,1100,1100,206238,6,390.0,434.87572527807504,26.804099999935715,9982.970299999579,2914.0685033795908
1746383000,2000,POST,POST /pastes,98.800000,0.000000,520,590,680,750,820,960,980,1000,1000,1000,1000,20603,0,400.0,459.0756118089612,32.33849999924132,9973.895099999936,2853.837596466534
1746383000,2000,,Aggregated,1087.100000,0.000000,520,600,670,750,820,960,990,1000,1000,1000,1100,226841,6,390.0,437.07369770014685,26.804099999935715,9982.970299999579,2908.5979871363643
1746383001,2000,GET,GET /pastes/:slug,1003.700000,0.000000,490,550,640,730,910,970,1000,1000,1100,1100,1100,207734,6,390.0,435.73949687051413,26.804099999935715,9982.970299999579,2914.2697825103255
1746383001,2000,POST,POST /pastes,100.500000,0.000000,500,560,650,740,940,980,1000,1000,1100,1100,1100,20757,0,400.0,459.91502066291116,32.33849999924132,9973.895099999936,2854.686659921954
1746383001,2000,,Aggregated,1104.200000,0.000000,490,550,640,740,920,980,1000,1000,1100,1100,1100,228491,6,390.0,437.935694302177,26.804099999935715,9982.970299999579,2908.857022814903
1746383002,2000,GET,GET /pastes/:slug,960.000000,0.000000,470,520,570,620,920,980,1000,1000,1100,1100,1100,208361,6,390.0,435.5114983398979,26.804099999935715,9982.970299999579,2914.430627612653
1746383002,2000,POST,POST /pastes,97.000000,0.000000,470,530,570,640,950,980,1000,1000,1100,1100,1100,20820,0,400.0,459.6874335542771,32.33849999924132,9973.895099999936,2854.294860710855
1746383002,2000,,Aggregated,1057.000000,0.000000,470,520,570,620,920,980,1000,1000,1100,1100,1100,229181,6,390.0,437.70776666564336,26.804099999935715,9982.970299999579,2908.967580209529
1746383003,2000,GET,GET /pastes/:slug,1014.200000,0.000000,470,530,670,740,920,980,1000,1000,1100,1100,1100,209361,6,390.0,436.8995854500092,26.804099999935715,9982.970299999579,2914.3993150586784
1746383003,2000,POST,POST /pastes,101.000000,0.000000,470,530,670,760,950,980,1000,1000,1100,1100,1100,20913,0,400.0,460.7996671448406,32.33849999924132,9973.895099999936,2854.0362453975995
1746383003,2000,,Aggregated,1115.200000,0.000000,470,530,670,740,920,980,1000,1000,1100,1100,1100,230274,6,390.0,439.0701405647127,26.804099999935715,9982.970299999579,2908.9172681240607
1746383004,2000,GET,GET /pastes/:slug,1006.900000,0.000000,480,560,710,780,920,970,1000,1000,1100,1100,1100,210761,6,390.0,437.11034093309127,26.804099999935715,9982.970299999579,2914.019249291852
1746383004,2000,POST,POST /pastes,101.000000,0.000000,480,560,720,780,950,980,1000,1000,1100,1100,1100,21054,0,400.0,460.9332156122374,32.33849999924132,9973.895099999936,2853.184525505842
1746383004,2000,,Aggregated,1107.900000,0.000000,480,560,710,780,920,980,1000,1000,1100,1100,1100,231815,6,390.0,439.2739921355325,26.804099999935715,9982.970299999579,2908.4940922718547
1746383005,2000,GET,GET /pastes/:slug,1002.400000,0.000000,480,580,710,780,920,980,1000,1000,1100,1100,1100,211671,6,390.0,436.7510733515653,26.804099999935715,9982.970299999579,2913.9923135431873
1746383005,2000,POST,POST /pastes,100.800000,0.000000,480,570,730,780,950,980,1000,1000,1100,1100,1100,21148,0,400.0,460.47215465292453,32.33849999924132,9973.895099999936,2851.6684320030263
1746383005,2000,,Aggregated,1103.200000,0.000000,480,580,720,780,920,980,1000,1000,1100,1100,1100,232819,6,390.0,438.90576617028,26.804099999935715,9982.970299999579,2908.3311542442843
1746383006,2000,GET,GET /pastes/:slug,998.200000,0.000000,530,680,750,780,920,980,1000,1000,1100,1100,1100,212700,6,390.0,437.89819052514883,26.804099999935715,9982.970299999579,2913.9531546779504
1746383006,2000,POST,POST /pastes,100.900000,0.000000,520,670,760,790,950,980,1000,1000,1100,1100,1100,21243,0,400.0,461.41341632067235,32.33849999924132,9973.895099999936,2851.4671656545684
1746383006,2000,,Aggregated,1099.100000,0.000000,530,680,750,780,920,980,1000,1000,1100,1100,1100,233943,6,390.0,440.03347109166924,26.804099999935715,9982.970299999579,2908.279166292644
1746383007,2000,GET,GET /pastes/:slug,992.100000,0.000000,530,680,740,780,920,970,1000,1000,1100,1100,1100,214052,6,390.0,437.2490797053954,26.804099999935715,9982.970299999579,2913.9194354642796
1746383007,2000,POST,POST /pastes,100.000000,0.000000,540,690,760,790,950,980,1000,1000,1100,1100,1100,21363,0,400.0,460.85037668867,32.33849999924132,9973.895099999936,2852.2963535084023
1746383007,2000,,Aggregated,1092.100000,0.000000,530,680,740,780,920,980,1000,1000,1100,1100,1100,235415,6,390.0,439.3908060501603,26.804099999935715,9982.970299999579,2908.32737930888
1746383008,2000,GET,GET /pastes/:slug,973.000000,0.000000,500,680,740,780,920,970,1000,1000,1100,1100,1100,215051,6,390.0,436.4623061176161,26.804099999935715,9982.970299999579,2914.0086816615594
1746383008,2000,POST,POST /pastes,97.800000,0.000000,520,670,750,790,940,980,1000,1000,1100,1100,1100,21468,0,400.0,459.89880490032,32.33849999924132,9973.895099999936,2853.278088317496
1746383008,2000,,Aggregated,1070.800000,0.000000,500,680,740,780,920,980,1000,1000,1100,1100,1100,236519,6,390.0,438.58955490467423,26.804099999935715,9982.970299999579,2908.4963787264446
1746383009,2000,GET,GET /pastes/:slug,988.600000,0.000000,490,630,700,730,800,880,970,1000,1000,1100,1100,216346,6,390.0,437.0303538604808,26.804099999935715,9982.970299999579,2914.2398056816396
1746383009,2000,POST,POST /pastes,99.100000,0.000000,490,630,690,740,800,940,1000,1000,1100,1100,1100,21581,0,400.0,460.21970898939236,32.33849999924132,9973.895099999936,2852.5094759278995
1746383009,2000,,Aggregated,1087.700000,0.000000,490,630,700,730,800,890,980,1000,1100,1100,1100,237927,6,390.0,439.1337278913224,26.804099999935715,9982.970299999579,2908.6405998478526
1746383010,2000,GET,GET /pastes/:slug,994.400000,0.000000,390,540,630,670,740,780,830,860,930,940,950,217526,6,390.0,435.74424892656253,26.804099999935715,9982.970299999579,2914.167956933884
1746383010,2000,POST,POST /pastes,98.400000,0.000000,380,520,620,640,730,780,820,840,890,890,890,21721,0,400.0,458.5903994797702,32.33849999924132,9973.895099999936,2853.0188757423693
1746383010,2000,,Aggregated,1092.800000,0.000000,390,530,630,670,740,780,830,860,930,940,950,239247,6,390.0,437.81842848227365,26.804099999935715,9982.970299999579,2908.6162919493245
1746383012,2000,GET,GET /pastes/:slug,998.500000,0.000000,410,530,620,650,740,790,830,870,930,950,950,218205,6,390.0,435.65172050044487,26.804099999935715,9982.970299999579,2913.9468939758485
1746383012,2000,POST,POST /pastes,99.200000,0.000000,400,530,590,630,740,780,820,840,890,890,890,21789,0,400.0,458.44065206297137,32.33849999924132,9973.895099999936,2851.746248106843
1746383012,2000,,Aggregated,1097.700000,0.000000,410,530,620,640,740,790,830,860,930,940,950,239994,6,390.0,437.7207223497197,26.804099999935715,9982.970299999579,2908.2997116594584
1746383013,2000,GET,GET /pastes/:slug,1055.000000,0.000000,430,550,630,670,760,940,990,1000,1000,1100,1100,219536,6,390.0,438.0284457022977,26.804099999935715,9982.970299999579,2913.7654371037097
1746383013,2000,POST,POST /pastes,104.100000,0.000000,410,550,620,680,760,960,1000,1000,1000,1000,1000,21938,0,400.0,460.98446833348953,32.33849999924132,9973.895099999936,2851.5715653204484
1746383013,2000,,Aggregated,1159.100000,0.000000,430,550,630,670,760,940,990,1000,1000,1100,1100,241474,6,390.0,440.1140086386054,26.804099999935715,9982.970299999579,2908.1151014187863
1746383014,2000,GET,GET /pastes/:slug,1021.400000,0.000000,450,570,640,700,760,940,990,1000,1000,1100,1100,220611,6,390.0,438.236113550093,26.804099999935715,9982.970299999579,2913.6972635090724
1746383014,2000,POST,POST /pastes,101.400000,0.000000,450,580,640,720,770,960,1000,1000,1000,1000,1000,22049,0,400.0,461.1926323325361,32.33849999924132,9973.895099999936,2852.964896367182
1746383014,2000,,Aggregated,1122.800000,0.000000,450,570,640,700,760,940,990,1000,1000,1100,1100,242660,6,390.0,440.3220291630203,26.804099999935715,9982.970299999579,2908.1788922772603
1746383015,2000,GET,GET /pastes/:slug,1052.400000,0.000000,420,550,640,700,760,930,990,1000,1000,1100,1100,221567,6,390.0,437.8424961821905,26.804099999935715,9982.970299999579,2913.724620543673
1746383015,2000,POST,POST /pastes,105.600000,0.000000,410,560,640,710,770,960,1000,1000,1000,1000,1000,22150,0,400.0,460.65150863657277,32.33849999924132,9973.895099999936,2852.7981489841986
1746383015,2000,,Aggregated,1158.000000,0.000000,420,550,640,700,760,940,990,1000,1000,1100,1100,243717,6,390.0,439.91547273230117,26.804099999935715,9982.970299999579,2908.187373059737
1746383016,2000,GET,GET /pastes/:slug,1044.000000,0.000000,410,500,570,620,750,940,990,1000,1000,1100,1100,222598,6,390.0,438.1546402523805,26.804099999935715,9982.970299999579,2913.73282778821
1746383016,2000,POST,POST /pastes,105.400000,0.000000,400,490,580,630,760,960,1000,1000,1000,1000,1000,22259,0,400.0,460.8767613729324,32.33849999924132,9973.895099999936,2853.888943798014
1746383016,2000,,Aggregated,1149.400000,0.000000,410,500,570,620,750,940,990,1000,1000,1100,1100,244857,6,390.0,440.22022013786926,26.804099999935715,9982.970299999579,2908.292652446122
1746383017,2000,GET,GET /pastes/:slug,1044.900000,0.000000,460,540,590,630,750,940,990,1000,1000,1100,1100,223652,6,390.0,438.4677884749495,26.804099999935715,9982.970299999579,2913.3921941230124
1746383017,2000,POST,POST /pastes,106.400000,0.000000,450,540,610,630,760,960,1000,1000,1000,1000,1000,22349,0,400.0,461.0806019911453,32.33849999924132,9973.895099999936,2853.2881113248914
1746383017,2000,,Aggregated,1151.300000,0.000000,460,540,590,630,750,940,990,1000,1000,1100,1100,246001,6,400.0,440.5221450396472,26.804099999935715,9982.970299999579,2907.931784830143
1746383018,2000,GET,GET /pastes/:slug,1049.700000,0.000000,480,560,600,630,750,940,990,1000,1000,1100,1100,224727,6,400.0,438.9439670435657,26.804099999935715,9982.970299999579,2913.7002362866947
1746383018,2000,POST,POST /pastes,106.400000,0.000000,480,570,610,640,760,960,1000,1000,1000,1000,1000,22458,0,400.0,461.4585075964062,32.33849999924132,9973.895099999936,2853.8739869979518
1746383018,2000,,Aggregated,1156.100000,0.000000,480,560,600,630,750,940,990,1000,1000,1100,1100,247185,6,400.0,440.9895262471357,26.804099999935715,9982.970299999579,2908.2647207557093
1746383019,2000,GET,GET /pastes/:slug,1041.800000,0.000000,460,540,580,610,740,940,990,1000,1000,1100,1100,226102,6,390.0,437.9874471773776,26.804099999935715,9982.970299999579,2913.4628486258416
1746383019,2000,POST,POST /pastes,105.200000,0.000000,470,540,590,620,760,960,1000,1000,1000,1000,1000,22590,0,400.0,460.4249344355944,32.33849999924132,9973.895099999936,2853.855909694555
1746383019,2000,,Aggregated,1147.000000,0.000000,460,540,580,610,750,940,990,1000,1000,1100,1100,248692,6,400.0,440.0255619424761,26.804099999935715,9982.970299999579,2908.0484374246057
1746383020,2000,GET,GET /pastes/:slug,1012.100000,0.000000,460,530,580,600,740,940,990,1000,1000,1100,1100,227213,6,390.0,437.14989365881115,26.804099999935715,9982.970299999579,2913.5235924000826
1746383020,2000,POST,POST /pastes,103.600000,0.000000,470,540,590,620,760,960,1000,1000,1000,1000,1000,22699,0,400.0,459.5306033569798,32.33849999924132,9973.895099999936,2853.228512269263
1746383020,2000,,Aggregated,1115.700000,0.000000,460,540,580,610,750,940,990,1000,1000,1100,1100,249912,6,390.0,439.18268812021137,26.804099999935715,9982.970299999579,2908.0471125836293
1746383021,2000,GET,GET /pastes/:slug,1073.400000,0.000000,450,520,580,600,740,920,990,1000,1000,1100,1100,228268,6,390.0,436.9284037889648,26.804099999935715,9982.970299999579,2913.5538621269734
1746383021,2000,POST,POST /pastes,108.800000,0.000000,450,530,590,610,750,960,1000,1000,1000,1000,1000,22808,0,400.0,459.14733939407597,32.33849999924132,9973.895099999936,2853.3848649596634
1746383021,2000,,Aggregated,1182.200000,0.000000,450,520,580,600,740,920,990,1000,1000,1100,1100,251076,6,390.0,438.9467945681713,26.804099999935715,9982.970299999579,2908.088049036945
1746383022,2000,GET,GET /pastes/:slug,1029.300000,0.000000,430,490,530,550,600,630,700,730,780,790,790,229424,6,390.0,437.1935002048593,26.804099999935715,9982.970299999579,2913.6505945323943
1746383022,2000,POST,POST /pastes,104.700000,0.000000,430,490,540,560,610,650,700,750,790,790,790,22931,0,400.0,459.23642976756787,32.33849999924132,9973.895099999936,2853.49662029567
1746383022,2000,,Aggregated,1134.000000,0.000000,430,490,530,550,600,630,700,740,780,790,790,252355,6,400.0,439.19649764022284,26.804099999935715,9982.970299999579,2908.1845218046005
1746383023,2000,GET,GET /pastes/:slug,1024.600000,0.000000,430,490,520,540,590,620,660,680,750,750,750,230224,6,400.0,437.4561797423362,26.804099999935715,9982.970299999579,2913.5587731948017
1746383023,2000,POST,POST /pastes,103.800000,0.000000,430,480,520,540,590,630,670,690,750,750,750,23017,0,400.0,459.4569450406265,32.33849999924132,9973.895099999936,2854.3344050049964
1746383023,2000,,Aggregated,1128.400000,0.000000,430,490,520,540,590,620,660,680,750,750,750,253241,6,400.0,439.4558228288406,26.804099999935715,9982.970299999579,2908.175887790682
1746383024,2000,GET,GET /pastes/:slug,1061.300000,0.000000,470,520,560,580,610,640,670,680,750,750,750,231404,6,400.0,438.10230139193544,26.804099999935715,9982.970299999579,2913.859540025237
1746383024,2000,POST,POST /pastes,108.100000,0.000000,470,520,560,580,620,650,680,690,750,750,750,23141,0,400.0,460.0722844172731,32.33849999924132,9973.895099999936,2854.2257032971784
1746383024,2000,,Aggregated,1169.400000,0.000000,470,520,560,580,610,640,670,680,750,750,750,254545,6,400.0,440.09961965467096,26.804099999935715,9982.970299999579,2908.438154353847
1746383025,2000,GET,GET /pastes/:slug,1049.500000,0.000000,460,520,550,570,610,640,670,680,750,750,750,232543,6,400.0,438.31060593868426,26.804099999935715,9982.970299999579,2913.870914196514
1746383025,2000,POST,POST /pastes,106.300000,0.000000,450,520,550,570,610,650,680,690,750,750,750,23268,0,410.0,460.10286766804734,32.33849999924132,9973.895099999936,2855.823491490459
1746383025,2000,,Aggregated,1155.800000,0.000000,460,520,550,570,610,640,670,680,750,750,750,255811,6,400.0,440.2927816305719,26.804099999935715,9982.970299999579,2908.5910496421184
1746383026,2000,GET,GET /pastes/:slug,1030.000000,0.000000,420,510,540,560,600,640,670,680,750,750,750,233795,6,400.0,437.4645641750214,26.804099999935715,9982.970299999579,2914.0510233324067
1746383026,2000,POST,POST /pastes,103.100000,0.000000,420,500,540,550,610,640,680,690,750,750,750,23388,0,400.0,459.17206283992385,32.33849999924132,9973.895099999936,2856.1287839917904
1746383026,2000,,Aggregated,1133.100000,0.000000,420,500,540,560,600,640,670,680,750,750,750,257183,6,400.0,439.43862536403236,26.804099999935715,9982.970299999579,2908.78362488967
1746383027,2000,GET,GET /pastes/:slug,1032.300000,0.000000,390,470,520,540,590,620,670,680,750,750,750,234875,6,390.0,436.89897764257177,26.804099999935715,9982.970299999579,2914.1649856306544
1746383027,2000,POST,POST /pastes,104.100000,0.000000,390,460,510,540,590,630,670,690,750,750,750,23503,0,400.0,458.4208333404306,32.33849999924132,9973.895099999936,2854.8871633408503
1746383027,2000,,Aggregated,1136.400000,0.000000,390,470,520,540,590,620,670,680,750,750,750,258378,6,400.0,438.85668369519834,26.804099999935715,9982.970299999579,2908.7728599184143
1746383028,2000,GET,GET /pastes/:slug,1058.300000,0.000000,410,500,530,550,590,620,670,680,750,750,750,235986,6,400.0,437.26243980235716,26.804099999935715,9982.970299999579,2913.949903807853
1746383028,2000,POST,POST /pastes,107.600000,0.000000,410,490,530,540,590,630,670,690,750,750,750,23599,0,400.0,458.6805110640342,32.33849999924132,9973.895099999936,2853.546590957244
1746383028,2000,,Aggregated,1165.900000,0.000000,410,500,530,550,590,620,670,680,750,750,750,259585,6,400.0,439.209567193012,26.804099999935715,9982.970299999579,2908.45860893349
1746383029,2000,GET,GET /pastes/:slug,1061.200000,0.000000,420,500,530,540,590,620,670,680,750,750,750,237186,6,400.0,436.3524381409486,26.804099999935715,9982.970299999579,2913.9208384980566
1746383029,2000,POST,POST /pastes,108.400000,0.000000,410,490,520,540,590,630,670,690,750,750,750,23753,0,400.0,457.3704357891702,32.33849999924132,9973.895099999936,2852.812150044205
1746383029,2000,,Aggregated,1169.600000,0.000000,420,500,530,540,590,620,670,680,750,750,750,260939,6,400.0,438.2656841414969,26.804099999935715,9982.970299999579,2908.3581794978904
1746383030,2000,GET,GET /pastes/:slug,1063.100000,0.000000,430,500,540,550,590,620,670,680,750,750,750,238079,6,390.0,435.9611799700895,26.804099999935715,9982.970299999579,2913.8036072060113
1746383030,2000,POST,POST /pastes,107.700000,0.000000,420,490,530,550,600,630,670,690,750,750,750,23847,0,400.0,456.86983503586026,32.33849999924132,9973.895099999936,2852.553235207783
1746383030,2000,,Aggregated,1170.800000,0.000000,430,500,540,550,590,620,670,680,750,750,750,261926,6,400.0,437.8648042660826,26.804099999935715,9982.970299999579,2908.2270794041065
1746383031,2000,GET,GET /pastes/:slug,1053.900000,0.000000,440,530,570,590,630,710,770,790,830,840,840,239256,6,400.0,437.0795353433094,26.804099999935715,9982.970299999579,2913.892579496439
1746383031,2000,POST,POST /pastes,108.400000,0.000000,420,530,560,580,630,700,760,780,830,840,840,23939,0,400.0,457.7027256067578,32.33849999924132,9973.895099999936,2852.4641797903005
1746383031,2000,,Aggregated,1162.300000,0.000000,440,530,560,590,630,710,770,790,830,840,840,263195,6,400.0,438.9553253534369,26.804099999935715,9982.970299999579,2908.305336347575
1746383032,2000,GET,GET /pastes/:slug,1058.400000,0.000000,410,520,550,580,630,710,770,790,830,840,840,240317,6,400.0,436.5297775521446,26.804099999935715,9982.970299999579,2913.8891339355932
1746383032,2000,POST,POST /pastes,111.400000,0.000000,390,510,550,570,630,700,760,780,830,840,840,24039,0,400.0,457.15585979034825,32.33849999924132,9973.895099999936,2853.025292233454
1746383032,2000,,Aggregated,1169.900000,0.000000,410,520,550,580,630,710,770,790,830,840,840,264356,6,400.0,438.40539373230666,26.804099999935715,9982.970299999579,2908.354529498101
1746383033,2000,GET,GET /pastes/:slug,1038.500000,0.000000,400,500,550,570,630,750,800,910,970,980,980,240962,6,400.0,436.9628902934847,26.804099999935715,9982.970299999579,2914.0289091226005
1746383033,2000,POST,POST /pastes,110.200000,0.000000,390,490,540,560,620,730,800,920,980,980,980,24100,0,400.0,457.51697024896976,32.33849999924132,9973.895099999936,2853.541867219917
1746383033,2000,,Aggregated,1148.700000,0.000000,400,500,540,570,630,750,800,910,970,980,980,265062,6,400.0,438.8317108974415,26.804099999935715,9982.970299999579,2908.5292988055626
1746383034,2000,GET,GET /pastes/:slug,1071.500000,0.000000,410,530,590,620,820,910,920,940,990,990,990,242510,6,400.0,439.0252533384141,26.804099999935715,9982.970299999579,2913.9659148076366
1746383034,2000,POST,POST /pastes,109.700000,0.000000,390,490,560,600,790,900,920,940,980,990,990,24238,0,400.0,459.07109860137683,32.33849999924132,9973.895099999936,2852.664246224936
1746383034,2000,,Aggregated,1181.200000,0.000000,410,530,590,620,820,910,920,940,990,990,990,266748,6,400.0,440.84671478323264,26.804099999935715,9982.970299999579,2908.3957517957024
1746383036,2000,GET,GET /pastes/:slug,1052.100000,0.000000,430,540,610,700,840,910,930,940,990,990,990,243331,6,400.0,437.96114057394607,26.804099999935715,9982.970299999579,2913.6978560068383
1746383036,2000,POST,POST /pastes,106.900000,0.000000,400,510,590,620,830,910,930,970,990,990,990,24311,0,400.0,458.008391847319,32.33849999924132,9973.895099999936,2852.7538151454073
1746383036,2000,,Aggregated,1159.000000,0.000000,430,540,610,700,840,910,930,940,990,990,990,267642,6,400.0,439.78211308837115,26.804099999935715,9982.970299999579,2908.162063502739
1746383037,2000,GET,GET /pastes/:slug,1079.100000,0.000000,470,600,720,780,860,910,930,940,990,990,990,244067,6,400.0,438.8553598647048,26.804099999935715,9982.970299999579,2913.3496253078047
1746383037,2000,POST,POST /pastes,105.500000,0.000000,440,570,690,760,850,910,930,970,990,990,990,24393,0,400.0,458.88785679498915,32.33849999924132,9973.895099999936,2852.4324191366377
1746383037,2000,,Aggregated,1184.600000,0.000000,460,590,720,780,860,910,930,940,990,990,990,268460,6,400.0,440.6755665905455,26.804099999935715,9982.970299999579,2907.8145235789316
1746383038,2000,GET,GET /pastes/:slug,1034.000000,0.000000,570,700,780,800,860,910,930,940,990,990,990,245365,6,400.0,440.1708975045298,26.804099999935715,9982.970299999579,2913.183864854401
1746383038,2000,POST,POST /pastes,100.300000,0.000000,470,670,770,790,850,910,930,970,990,990,990,24516,0,410.0,460.0606512318556,32.33849999924132,9973.895099999936,2853.465410344265
1746383038,2000,,Aggregated,1134.300000,0.000000,560,700,780,800,860,910,930,940,990,990,990,269881,6,400.0,441.97768346715,26.804099999935715,9982.970299999579,2907.759038242781
1746383039,2000,GET,GET /pastes/:slug,991.100000,0.000000,600,700,780,800,860,910,930,940,990,990,990,246233,6,400.0,440.3122735315691,26.804099999935715,9982.970299999579,2913.299533368801
1746383039,2000,POST,POST /pastes,97.200000,0.000000,580,710,780,800,850,910,930,970,990,990,990,24588,0,410.0,460.19058808769176,32.33849999924132,9973.895099999936,2854.05897185619
1746383039,2000,,Aggregated,1088.300000,0.000000,600,710,780,800,860,910,930,940,990,990,990,270821,6,400.0,442.11703755764063,26.804099999935715,9982.970299999579,2907.921047481547
1746383040,2000,GET,GET /pastes/:slug,1022.100000,0.000000,630,760,800,820,870,910,930,940,990,990,990,247247,6,400.0,441.52805734063,26.804099999935715,9982.970299999579,2913.263546170429
1746383040,2000,POST,POST /pastes,100.000000,0.000000,640,760,800,820,860,910,930,970,990,990,990,24709,0,410.0,461.4774935327277,32.33849999924132,9973.895099999936,2853.5149945364037
1746383040,2000,,Aggregated,1122.100000,0.000000,630,760,800,820,870,910,930,940,990,990,990,271956,6,400.0,443.3405954676403,26.804099999935715,9982.970299999579,2907.8349953668976
1746383041,2000,GET,GET /pastes/:slug,965.600000,0.000000,600,720,790,820,870,910,930,940,990,990,990,248568,6,400.0,441.2345719106998,26.804099999935715,9982.970299999579,2913.3447024556663
1746383041,2000,POST,POST /pastes,92.600000,0.000000,580,730,790,810,860,910,930,970,990,990,990,24852,0,410.0,461.02678298326697,32.33849999924132,9973.895099999936,2852.634315145662
1746383041,2000,,Aggregated,1058.200000,0.000000,590,720,790,820,860,910,930,940,990,990,990,273420,6,400.0,443.0335479533233,26.804099999935715,9982.970299999579,2907.8265452417527
1746383042,2000,GET,GET /pastes/:slug,960.000000,0.000000,580,710,790,810,860,910,930,940,990,990,990,249636,6,400.0,440.2032188750771,26.804099999935715,9982.970299999579,2913.2819144674645
1746383042,2000,POST,POST /pastes,91.000000,0.000000,560,720,790,810,850,910,920,970,990,990,990,24960,0,410.0,459.9075224679544,32.33849999924132,9973.895099999936,2852.89703525641
1746383042,2000,,Aggregated,1050.900000,0.000000,580,710,790,810,860,910,930,940,990,990,990,274596,6,400.0,441.99428435919543,26.804099999935715,9982.970299999579,2907.793099680986
1746383043,2000,GET,GET /pastes/:slug,1004.600000,0.000000,540,660,780,800,850,900,920,940,990,990,990,250717,6,400.0,440.24715117043877,26.804099999935715,9982.970299999579,2913.229589537207
1746383043,2000,POST,POST /pastes,94.900000,0.000000,540,650,770,800,850,890,920,930,990,990,990,25067,0,410.0,459.94341227111926,32.33849999924132,9973.895099999936,2853.337296046595
1746383043,2000,,Aggregated,1099.500000,0.000000,540,650,780,800,850,900,920,940,990,990,990,275784,6,400.0,442.03741520682047,26.804099999935715,9982.970299999579,2907.785763496069
1746383044,2000,GET,GET /pastes/:slug,983.200000,0.000000,480,610,660,740,820,850,860,880,920,930,930,251816,6,400.0,440.62354368189074,26.804099999935715,9982.970299999579,2913.317128379452
1746383044,2000,POST,POST /pastes,96.800000,0.000000,490,610,670,750,810,850,860,870,920,920,920,25137,0,410.0,459.97739466921826,32.33849999924132,9973.895099999936,2854.3247802044793
1746383044,2000,,Aggregated,1080.000000,0.000000,480,610,660,750,810,850,860,880,920,920,930,276953,6,400.0,442.3801513094202,26.804099999935715,9982.970299999579,2907.9628240170714
1746383045,2000,GET,GET /pastes/:slug,997.800000,0.000000,540,640,700,760,810,850,860,880,920,930,930,252627,6,400.0,441.28135195327013,26.804099999935715,9982.970299999579,2913.306190549704
1746383045,2000,POST,POST /pastes,98.400000,0.000000,540,640,720,750,810,850,860,870,920,920,920,25210,0,410.0,460.51712531138975,32.33849999924132,9973.895099999936,2853.8360571201906
1746383045,2000,,Aggregated,1096.200000,0.000000,540,640,710,760,810,850,860,880,920,920,930,277837,6,400.0,443.02674168306464,26.804099999935715,9982.970299999579,2907.910069573167
1746383046,2000,GET,GET /pastes/:slug,1050.700000,0.000000,530,630,680,730,800,830,850,870,900,920,920,253914,6,400.0,442.00945472167234,26.804099999935715,9982.970299999579,2913.3908646234554
1746383046,2000,POST,POST /pastes,101.700000,0.000000,530,640,700,740,800,830,850,870,900,900,900,25343,0,410.0,461.22285652448915,32.33849999924132,9973.895099999936,2854.2793276249854
1746383046,2000,,Aggregated,1152.400000,0.000000,530,630,680,730,800,830,850,870,900,920,920,279257,6,400.0,443.7531003308691,26.804099999935715,9982.970299999579,2908.0264022029887
1746383047,2000,GET,GET /pastes/:slug,963.800000,0.000000,440,570,630,670,780,820,850,860,900,920,920,254784,6,400.0,441.6171860583817,26.804099999935715,9982.970299999579,2913.3351937327307
1746383047,2000,POST,POST /pastes,93.200000,0.000000,450,560,630,670,780,810,850,870,900,900,900,25438,0,410.0,460.72705906911483,32.33849999924132,9973.895099999936,2854.714954005818
1746383047,2000,,Aggregated,1057.000000,0.000000,440,570,630,670,780,820,850,860,900,920,920,280222,6,400.0,443.35194260728144,26.804099999935715,9982.970299999579,2908.0137640870453
1746383048,2000,GET,GET /pastes/:slug,1008.600000,0.000000,500,600,650,670,770,820,850,860,900,920,920,255772,6,400.0,442.2530982304511,26.804099999935715,9982.970299999579,2913.5004613483884
1746383048,2000,POST,POST /pastes,97.900000,0.000000,490,600,650,690,770,810,850,870,900,900,900,25533,0,410.0,461.2965060040004,32.33849999924132,9973.895099999936,2853.4121724826696
1746383048,2000,,Aggregated,1106.500000,0.000000,490,600,650,670,770,820,850,860,900,920,920,281305,6,400.0,443.9815969442343,26.804099999935715,9982.970299999579,2908.0464726897853
1746383049,2000,GET,GET /pastes/:slug,1050.300000,0.000000,440,570,630,650,710,770,810,830,890,900,910,257206,6,400.0,442.0215312788164,26.804099999935715,9982.970299999579,2913.7337076117974
1746383049,2000,POST,POST /pastes,102.400000,0.000000,430,560,620,650,720,770,810,820,860,860,860,25667,0,410.0,460.9782126349055,32.33849999924132,9973.895099999936,2853.309658316126
1746383049,2000,,Aggregated,1152.700000,0.000000,440,570,620,650,710,770,810,830,890,900,910,282873,6,400.0,443.7416004984499,26.804099999935715,9982.970299999579,2908.251020776108
1746383050,2000,GET,GET /pastes/:slug,1003.500000,0.000000,420,560,620,640,700,770,810,830,890,910,910,257956,9,400.0,441.7648458597556,26.804099999935715,9982.970299999579,2913.808292887159
1746383050,2000,POST,POST /pastes,97.700000,0.000000,400,540,610,640,700,760,800,820,830,830,830,25745,0,410.0,460.61581554088673,32.33849999924132,9973.895099999936,2854.055195183531
1746383050,2000,,Aggregated,1101.200000,0.000000,410,560,620,640,700,770,810,830,890,900,910,283701,9,400.0,443.47551383216097,26.804099999935715,9982.970299999579,2908.3858816147986
1746383051,2000,GET,GET /pastes/:slug,1056.500000,0.000000,530,610,650,660,710,770,810,830,890,910,910,259254,9,400.0,442.79207050305564,26.804099999935715,9982.970299999579,2913.7835481805487
1746383051,2000,POST,POST /pastes,103.500000,0.000000,520,610,650,670,720,760,810,820,830,830,830,25882,0,410.0,461.609275222167,32.33849999924132,9973.895099999936,2854.7023413955644
1746383051,2000,,Aggregated,1160.000000,0.000000,530,610,650,670,710,770,810,830,890,900,910,285136,9,400.0,444.5001217226098,26.804099999935715,9982.970299999579,2908.42070450592
1746383052,2000,GET,GET /pastes/:slug,1056.900000,0.000000,470,600,650,660,710,770,810,830,890,900,910,260375,9,400.0,441.8483437518931,26.804099999935715,9982.970299999579,2914.249858857417
1746383052,2000,POST,POST /pastes,101.800000,0.000000,470,600,650,670,710,760,800,820,830,830,830,25982,0,410.0,460.65192591409897,32.33849999924132,9973.895099999936,2855.6315141251634
1746383052,2000,,Aggregated,1158.700000,0.000000,470,600,650,660,710,770,810,830,890,900,910,286357,9,400.0,443.5544472232145,26.804099999935715,9982.970299999579,2908.931246660637
1746383053,2000,GET,GET /pastes/:slug,1006.400000,0.300000,470,600,650,660,710,750,800,810,840,850,850,261235,9,400.0,441.7697117457433,26.804099999935715,9982.970299999579,2914.3440427201563
1746383053,2000,POST,POST /pastes,96.900000,0.000000,460,610,650,670,710,750,800,810,830,830,830,26079,0,410.0,460.50017327735407,32.33849999924132,9973.895099999936,2855.996012117029
1746383053,2000,,Aggregated,1103.300000,0.300000,470,610,650,660,710,750,800,810,840,850,850,287314,9,400.0,443.4698436790344,26.804099999935715,9982.970299999579,2909.0478918535123
1746383054,2000,GET,GET /pastes/:slug,1057.100000,0.300000,530,620,660,680,740,790,810,820,850,850,850,262669,9,400.0,442.89095670710714,26.804099999935715,9982.970299999579,2914.4697394820096
1746383054,2000,POST,POST /pastes,100.600000,0.000000,550,630,660,690,740,790,810,820,850,860,860,26216,0,410.0,461.42753096964117,32.33849999924132,9973.895099999936,2855.9572398535247
1746383054,2000,,Aggregated,1157.700000,0.300000,530,630,660,680,740,790,810,820,850,850,860,288885,9,400.0,444.57313068936776,26.804099999935715,9982.970299999579,2909.1597936895305
1746383055,2000,GET,GET /pastes/:slug,1042.800000,0.300000,400,580,640,660,710,750,800,820,850,850,850,263524,9,400.0,442.24626853075665,26.804099999935715,9982.970299999579,2914.4237982119275
1746383055,2000,POST,POST /pastes,99.000000,0.000000,390,580,640,660,710,750,800,810,850,860,860,26308,0,410.0,460.6312863957777,32.33849999924132,9973.895099999936,2856.662308043181
1746383055,2000,,Aggregated,1141.800000,0.300000,400,580,640,660,710,750,800,810,850,850,860,289832,9,400.0,443.9150733900948,26.804099999935715,9982.970299999579,2909.180797841508
1746383056,2000,GET,GET /pastes/:slug,1004.100000,0.300000,480,600,640,660,710,750,800,820,850,850,850,264580,9,400.0,442.4916711535232,26.804099999935715,9982.970299999579,2914.6292539118604
1746383056,2000,POST,POST /pastes,99.200000,0.000000,460,600,640,660,710,750,800,810,850,860,860,26422,0,410.0,460.8222523465338,32.33849999924132,9973.895099999936,2856.1959352055105
1746383056,2000,,Aggregated,1103.300000,0.300000,480,600,640,660,710,750,800,810,850,850,860,291002,9,400.0,444.1560260936283,26.804099999935715,9982.970299999579,2909.323705678999
1746383057,2000,GET,GET /pastes/:slug,1077.600000,0.300000,470,590,630,660,730,800,840,900,1200,1400,1400,265740,9,400.0,442.8962934601465,26.804099999935715,9982.970299999579,2914.810137728607
1746383057,2000,POST,POST /pastes,107.100000,0.000000,450,590,630,660,720,790,940,1100,1200,1200,1200,26539,0,410.0,461.25945142620674,32.33849999924132,9973.895099999936,2856.3999020309734
1746383057,2000,,Aggregated,1184.700000,0.300000,470,590,630,660,730,800,850,900,1200,1400,1400,292279,9,400.0,444.5636724003371,26.804099999935715,9982.970299999579,2909.506474977675
1746383058,2000,GET,GET /pastes/:slug,1042.000000,0.300000,430,570,630,660,730,800,850,900,1200,1400,1400,266550,9,400.0,443.0292842727416,26.804099999935715,9982.970299999579,2914.644757081223
1746383058,2000,POST,POST /pastes,105.300000,0.000000,430,570,630,660,720,790,970,1100,1200,1200,1200,26640,0,410.0,461.3787632057094,32.33849999924132,9973.895099999936,2857.171809309309
1746383058,2000,,Aggregated,1147.300000,0.300000,430,570,630,660,730,800,850,910,1200,1400,1400,293190,9,400.0,444.6965652808692,26.804099999935715,9982.970299999579,2909.4226167331763
1746383059,2000,GET,GET /pastes/:slug,1028.000000,0.300000,490,600,650,670,740,800,850,900,1200,1400,1400,267745,9,400.0,443.6074764768684,26.804099999935715,9982.970299999579,2914.6302377261945
1746383059,2000,POST,POST /pastes,103.600000,0.000000,490,600,650,670,720,790,980,1100,1200,1200,1200,26763,0,410.0,461.9214337630344,32.33849999924132,9973.895099999936,2857.4018981429585
1746383059,2000,,Aggregated,1131.600000,0.300000,490,600,650,670,730,800,850,910,1200,1400,1400,294508,9,400.0,445.27173156959344,26.804099999935715,9982.970299999579,2909.4296929115676
1746383060,2000,GET,GET /pastes/:slug,1066.600000,0.300000,460,580,630,660,730,800,840,900,1200,1400,1400,268749,9,400.0,443.29545583536725,26.804099999935715,9982.970299999579,2914.746220451053
1746383060,2000,POST,POST /pastes,107.800000,0.000000,460,570,630,660,720,790,980,1100,1200,1200,1200,26872,0,410.0,461.5573895095297,32.33849999924132,9973.895099999936,2857.609184281036
1746383060,2000,,Aggregated,1174.400000,0.300000,460,570,630,660,730,800,850,910,1200,1400,1400,295621,9,400.0,444.95546876303735,26.804099999935715,9982.970299999579,2909.5524539866924
1746383062,2000,GET,GET /pastes/:slug,1035.500000,0.300000,490,620,670,700,790,810,890,920,1200,1400,1400,269411,9,400.0,444.0316741064742,26.804099999935715,9982.970299999579,2914.7967195103392
1746383062,2000,POST,POST /pastes,107.700000,0.000000,480,610,660,680,760,810,1000,1100,1200,1200,1200,26925,0,410.0,462.09748478737527,32.33849999924132,9973.895099999936,2857.5482636954503
1746383062,2000,,Aggregated,1143.200000,0.300000,490,620,670,700,780,810,890,940,1200,1400,1400,296336,9,400.0,445.673128241584,26.804099999935715,9982.970299999579,2909.595142000972
1746383063,2000,GET,GET /pastes/:slug,1040.800000,0.000000,500,640,700,750,870,1000,1100,1100,1200,1400,1400,271058,9,410.0,445.5837201119282,26.804099999935715,9982.970299999579,2914.7657180382057
1746383063,2000,POST,POST /pastes,108.900000,0.000000,480,610,670,710,820,1000,1100,1100,1200,1200,1200,27074,0,410.0,462.99491101056725,32.33849999924132,9973.895099999936,2858.233692841841
1746383063,2000,,Aggregated,1149.700000,0.000000,500,630,700,750,870,1000,1100,1100,1200,1400,1400,298132,9,410.0,447.16486732990006,26.804099999935715,9982.970299999579,2909.6319247849947
1746383064,2000,GET,GET /pastes/:slug,942.500000,0.000000,460,600,660,700,890,1000,1100,1100,1200,1400,1400,271978,9,400.0,444.9451599544778,26.804099999935715,9982.970299999579,2914.511394303951
1746383064,2000,POST,POST /pastes,97.900000,0.000000,460,550,630,670,820,1000,1100,1100,1200,1200,1200,27152,0,410.0,462.41286918459383,32.33849999924132,9973.895099999936,2858.9150338833233
1746383064,2000,,Aggregated,1040.400000,0.000000,460,590,650,700,880,1000,1100,1100,1200,1400,1400,299130,9,400.0,446.53070216360004,26.804099999935715,9982.970299999579,2909.464918262963
1746383065,2000,GET,GET /pastes/:slug,1020.200000,0.000000,450,580,640,690,880,1000,1100,1100,1200,1400,1400,273314,9,400.0,444.4357057424754,26.804099999935715,9982.970299999579,2914.4738871773857
1746383065,2000,POST,POST /pastes,104.600000,0.000000,450,530,630,670,810,1000,1100,1100,1200,1200,1200,27294,0,410.0,461.7767379827102,32.33849999924132,9973.895099999936,2859.771195134462
1746383065,2000,,Aggregated,1124.800000,0.000000,450,570,640,690,870,1000,1100,1100,1200,1400,1400,300608,9,400.0,446.0102018768551,26.804099999935715,9982.970299999579,2909.5071022727275
1746383066,2000,GET,GET /pastes/:slug,1032.600000,0.000000,410,500,640,690,870,1000,1100,1100,1200,1400,1400,274464,9,400.0,443.0256806072887,26.804099999935715,9982.970299999579,2914.2146000932726
1746383066,2000,POST,POST /pastes,103.500000,0.000000,400,480,600,670,810,1000,1100,1100,1200,1200,1200,27399,0,410.0,460.4391696594801,32.33849999924132,9973.895099999936,2858.936421037264
1746383066,2000,,Aggregated,1136.100000,0.000000,410,500,630,680,860,1000,1100,1100,1200,1400,1400,301863,9,400.0,444.6062392929829,26.804099999935715,9982.970299999579,2909.1972020419857
1746383067,2000,GET,GET /pastes/:slug,1005.600000,0.000000,360,460,590,660,800,1000,1100,1100,1100,1100,1100,275806,9,400.0,442.2121918228717,26.804099999935715,9982.970299999579,2914.3066539524157
1746383067,2000,POST,POST /pastes,101.800000,0.000000,370,460,530,630,760,920,1000,1100,1100,1100,1100,27512,0,410.0,459.741722699189,32.33849999924132,9973.895099999936,2859.0424178540275
1746383067,2000,,Aggregated,1107.400000,0.000000,360,460,590,650,800,990,1100,1100,1100,1100,1100,303318,9,400.0,443.80218138322533,26.804099999935715,9982.970299999579,2909.29399508107
1746383068,2000,GET,GET /pastes/:slug,1049.000000,0.000000,310,400,480,610,800,990,1100,1100,1100,1100,1100,277168,9,400.0,440.92185864962426,26.804099999935715,9982.970299999579,2913.968333285228
1746383068,2000,POST,POST /pastes,103.800000,0.000000,320,400,470,530,720,910,1000,1100,1100,1100,1100,27659,0,400.0,458.26520571604465,32.33849999924132,9973.895099999936,2859.2900321775915
1746383068,2000,,Aggregated,1152.800000,0.000000,310,400,480,610,800,990,1100,1100,1100,1100,1100,304827,9,400.0,442.4955369540642,26.804099999935715,9982.970299999579,2909.007003972745
1746383069,2000,GET,GET /pastes/:slug,1058.900000,0.000000,310,380,410,440,800,990,1100,1100,1100,1100,1100,278242,9,400.0,440.67789710539375,26.804099999935715,9982.970299999579,2913.9314337878536
1746383069,2000,POST,POST /pastes,102.500000,0.000000,310,370,410,430,710,910,1000,1100,1100,1100,1100,27769,0,400.0,457.93300941697873,32.33849999924132,9973.895099999936,2859.760956462242
1746383069,2000,,Aggregated,1161.400000,0.000000,310,370,410,440,800,990,1100,1100,1100,1100,1100,306011,9,400.0,442.2437140654962,26.804099999935715,9982.970299999579,2909.0157281927773
1746383070,2000,GET,GET /pastes/:slug,1084.800000,0.000000,280,360,400,430,790,980,1100,1100,1100,1100,1100,279692,9,400.0,439.4537187620635,26.804099999935715,9982.970299999579,2913.4650830198934
1746383070,2000,POST,POST /pastes,106.000000,0.000000,290,350,390,420,710,910,1000,1100,1100,1100,1100,27870,0,400.0,457.0101850017971,32.33849999924132,9973.895099999936,2859.5118765697885
1746383070,2000,,Aggregated,1190.800000,0.000000,280,360,400,430,790,980,1100,1100,1100,1100,1100,307562,9,400.0,441.04461332673367,26.804099999935715,9982.970299999579,2908.576065963936
1746383071,2000,GET,GET /pastes/:slug,1096.200000,0.000000,270,340,380,410,580,980,1100,1100,1100,1100,1100,280722,9,400.0,438.9648402871843,26.804099999935715,9982.970299999579,2913.2886307450076
1746383071,2000,POST,POST /pastes,105.700000,0.000000,280,340,380,400,490,900,1000,1100,1100,1100,1100,27954,0,400.0,456.5753934106064,32.33849999924132,9973.895099999936,2859.957573155899
1746383071,2000,,Aggregated,1201.900000,0.000000,270,340,380,410,550,970,1100,1100,1100,1100,1100,308676,9,400.0,440.55966917575984,26.804099999935715,9982.970299999579,2908.4589180888697
1746383072,2000,GET,GET /pastes/:slug,1126.300000,0.000000,260,320,350,370,410,430,460,470,490,490,500,282125,9,400.0,438.3388271369045,26.804099999935715,9982.970299999579,2913.118128489145
1746383072,2000,POST,POST /pastes,105.500000,0.000000,270,330,360,370,400,430,460,480,490,500,500,28079,0,400.0,455.9993380462295,32.33849999924132,9973.895099999936,2860.1154955660813
1746383072,2000,,Aggregated,1231.800000,0.000000,260,320,350,370,410,430,460,470,490,500,500,310204,9,400.0,439.9374186631903,26.804099999935715,9982.970299999579,2908.320443965906
1746383073,2000,GET,GET /pastes/:slug,1148.400000,0.000000,250,310,350,370,410,430,460,470,490,490,500,283051,9,400.0,437.456255103494,26.804099999935715,9982.970299999579,2913.122681071609
1746383073,2000,POST,POST /pastes,104.100000,0.000000,270,330,360,380,410,430,460,480,490,500,500,28174,0,400.0,455.0957303222858,32.33849999924132,9973.895099999936,2860.457372045148
1746383073,2000,,Aggregated,1252.500000,0.000000,250,320,350,370,410,430,460,470,490,500,500,311225,9,400.0,439.0530888244725,26.804099999935715,9982.970299999579,2908.355093581814
1746383074,2000,GET,GET /pastes/:slug,1210.600000,0.000000,250,340,380,400,460,570,610,620,650,650,650,284395,9,400.0,437.83125981398786,26.804099999935715,9982.970299999579,2913.162506373178
1746383074,2000,POST,POST /pastes,111.400000,0.000000,270,350,390,400,460,580,610,610,620,630,630,28303,0,400.0,455.4151289651298,32.33849999924132,9973.895099999936,2860.7856057661734
1746383074,2000,,Aggregated,1322.000000,0.000000,250,340,380,400,460,580,610,620,650,650,650,312698,9,400.0,439.4228153998309,26.804099999935715,9982.970299999579,2908.4217551759207
1746383075,2000,GET,GET /pastes/:slug,1173.400000,0.000000,260,340,380,400,460,570,610,620,650,650,650,285635,9,400.0,436.61272645368706,26.804099999935715,9982.970299999579,2913.154368337214
1746383075,2000,POST,POST /pastes,107.200000,0.000000,270,350,390,400,460,580,610,610,620,630,630,28419,0,400.0,454.2715761603174,32.33849999924132,9973.895099999936,2861.6538935219396
1746383075,2000,,Aggregated,1280.600000,0.000000,260,340,380,400,460,580,610,620,650,650,650,314054,9,400.0,438.2106900198552,26.804099999935715,9982.970299999579,2908.4940487941562
1746383076,2000,GET,GET /pastes/:slug,1153.100000,0.000000,270,360,400,420,480,590,620,650,790,790,790,286096,9,400.0,436.67207829329607,26.804099999935715,9982.970299999579,2913.060273474638
1746383076,2000,POST,POST /pastes,105.500000,0.000000,290,360,400,420,500,600,610,670,790,790,790,28470,0,400.0,454.31265753073615,32.33849999924132,9973.895099999936,2861.5921320688444
1746383076,2000,,Aggregated,1258.600000,0.000000,270,360,400,420,480,600,620,650,790,790,790,314566,9,400.0,438.2686503668408,26.804099999935715,9982.970299999579,2908.402115931156
1746383077,2000,GET,GET /pastes/:slug,1186.400000,0.000000,330,410,460,500,630,880,930,950,960,1000,1000,287830,9,400.0,437.98855824826717,26.804099999935715,9982.970299999579,2913.3205433762987
1746383077,2000,POST,POST /pastes,109.900000,0.000000,360,420,490,570,840,900,940,950,1000,1000,1000,28656,0,400.0,455.949343952403,32.33849999924132,9973.895099999936,2860.8391959798996
1746383077,2000,,Aggregated,1296.300000,0.000000,340,410,460,500,640,880,940,950,960,1000,1000,316486,9,400.0,439.61480482832195,26.804099999935715,9982.970299999579,2908.5686570653993
1746383078,2000,GET,GET /pastes/:slug,1142.400000,0.000000,310,400,460,500,630,880,930,950,960,1000,1000,288707,9,400.0,437.23376660350687,26.804099999935715,9982.970299999579,2913.158288507033
1746383078,2000,POST,POST /pastes,105.000000,0.000000,340,420,490,570,840,900,940,950,1000,1000,1000,28743,0,400.0,455.1474321921877,32.33849999924132,9973.895099999936,2860.495007480082
1746383078,2000,,Aggregated,1247.400000,0.000000,310,400,460,500,630,880,940,950,960,1000,1000,317450,9,400.0,438.85573066087994,26.804099999935715,9982.970299999579,2908.389976374232
1746383079,2000,GET,GET /pastes/:slug,1087.100000,0.000000,340,430,490,540,640,880,940,950,960,1000,1000,289956,9,400.0,437.2607837358033,26.804099999935715,9982.970299999579,2912.934134834251
1746383079,2000,POST,POST /pastes,102.100000,0.000000,360,450,520,570,840,900,940,950,1000,1000,1000,28867,0,400.0,455.0665100703244,32.33849999924132,9973.895099999936,2859.9343194651333
1746383079,2000,,Aggregated,1189.200000,0.000000,340,430,490,540,650,880,940,950,960,1000,1000,318823,9,400.0,438.87295695447307,26.804099999935715,9982.970299999579,2908.1354042838816
1746383080,2000,GET,GET /pastes/:slug,1105.100000,0.000000,350,430,490,540,630,880,940,950,960,1000,1000,291135,9,400.0,436.48610013017475,26.804099999935715,9982.970299999579,2912.9949130128634
1746383080,2000,POST,POST /pastes,103.300000,0.000000,360,440,510,560,830,900,940,950,1000,1000,1000,28993,0,400.0,454.19736140102975,32.33849999924132,9973.895099999936,2859.839444003725
1746383080,2000,,Aggregated,1208.400000,0.000000,350,430,490,540,640,880,940,950,960,1000,1000,320128,9,400.0,438.0901541273988,26.804099999935715,9982.970299999579,2908.180787060176
1746383081,2000,GET,GET /pastes/:slug,1116.800000,0.000000,340,440,510,550,650,880,940,950,960,1000,1000,292037,9,400.0,436.3642120310038,26.804099999935715,9982.970299999579,2912.914928587816
1746383081,2000,POST,POST /pastes,104.900000,0.000000,360,460,540,570,840,900,940,950,1000,1000,1000,29087,0,400.0,454.0641188503472,32.33849999924132,9973.895099999936,2859.813387423935
1746383081,2000,,Aggregated,1221.700000,0.000000,350,440,510,550,660,880,940,950,960,1000,1000,321124,9,400.0,437.9674468862376,26.804099999935715,9982.970299999579,2908.1050591048943
1746383083,2000,GET,GET /pastes/:slug,1083.800000,0.000000,400,490,550,580,690,890,940,950,960,1000,1000,293285,9,400.0,436.73066865301087,26.804099999935715,9982.970299999579,2912.9034454540806
1746383083,2000,POST,POST /pastes,104.400000,0.000000,410,510,560,590,850,900,940,950,1000,1000,1000,29205,0,400.0,454.34528457456037,32.33849999924132,9973.895099999936,2859.7504536894367
1746383083,2000,,Aggregated,1188.200000,0.000000,400,500,550,580,690,890,940,950,960,1000,1000,322490,9,400.0,438.3258649629316,26.804099999935715,9982.970299999579,2908.0898601507024
1746383084,2000,GET,GET /pastes/:slug,1057.000000,0.000000,380,490,540,560,780,890,940,950,960,1000,1000,294185,9,400.0,436.4867620381675,26.804099999935715,9982.970299999579,2912.7278991111034
1746383084,2000,POST,POST /pastes,105.300000,0.000000,390,500,550,570,860,910,940,950,1000,1000,1000,29288,0,400.0,454.0622257853058,32.33849999924132,9973.895099999936,2859.5259150505326
1746383084,2000,,Aggregated,1162.300000,0.000000,380,490,540,560,790,890,940,950,960,1000,1000,323473,9,400.0,438.07808552489996,26.804099999935715,9982.970299999579,2907.910867367601
1746383085,2000,GET,GET /pastes/:slug,1056.800000,0.000000,450,530,570,620,760,890,940,950,960,1000,1000,295287,9,400.0,437.20398557606023,26.804099999935715,9982.970299999579,2912.6783603748218
1746383085,2000,POST,POST /pastes,106.600000,0.000000,460,530,580,660,850,910,940,950,1000,1000,1000,29405,0,400.0,454.75898817888304,32.33849999924132,9973.895099999936,2858.620268661792
1746383085,2000,,Aggregated,1163.400000,0.000000,450,530,570,630,780,890,940,950,960,1000,1000,324692,9,400.0,438.7938148651524,26.804099999935715,9982.970299999579,2907.782710999963
1746383086,2000,GET,GET /pastes/:slug,1073.500000,0.000000,420,510,550,570,710,880,940,950,960,1000,1000,296614,9,400.0,436.8904390386096,26.804099999935715,9982.970299999579,2912.579190463026
1746383086,2000,POST,POST /pastes,108.200000,0.000000,430,510,560,580,740,900,940,950,1000,1000,1000,29518,0,400.0,454.39303780744143,32.33849999924132,9973.895099999936,2858.2390744630393
1746383086,2000,,Aggregated,1181.700000,0.000000,420,510,550,570,720,880,940,950,960,1000,1000,326132,9,400.0,438.474588126881,26.804099999935715,9982.970299999579,2907.660901107527
1746383087,2000,GET,GET /pastes/:slug,1029.000000,0.000000,400,460,510,530,610,690,740,750,770,800,800,297465,9,400.0,436.6411879199178,26.804099999935715,9982.970299999579,2912.443948027499
1746383087,2000,POST,POST /pastes,103.400000,0.000000,390,460,510,520,610,700,740,750,800,800,800,29609,0,400.0,454.0542265324751,32.33849999924132,9973.895099999936,2858.2646830355634
1746383087,2000,,Aggregated,1132.400000,0.000000,400,460,510,530,610,690,740,750,770,800,800,327074,9,400.0,438.21753657580757,26.804099999935715,9982.970299999579,2907.5392663433963
1746383088,2000,GET,GET /pastes/:slug,1072.100000,0.000000,440,500,530,560,630,690,740,750,770,800,800,298632,9,400.0,437.0909702962126,26.804099999935715,9982.970299999579,2912.1869491548127
1746383088,2000,POST,POST /pastes,107.100000,0.000000,440,500,530,560,640,700,740,750,800,800,800,29732,0,400.0,454.4641231837778,32.33849999924132,9973.895099999936,2857.8646239741693
1746383088,2000,,Aggregated,1179.200000,0.000000,440,500,530,560,630,690,740,750,770,800,800,328364,9,400.0,438.6640373244188,26.804099999935715,9982.970299999579,2907.268287632018
1746383089,2000,GET,GET /pastes/:slug,1110.000000,0.000000,450,500,550,580,640,690,740,750,770,800,800,299687,9,400.0,437.2927670879896,26.804099999935715,9982.970299999579,2912.0652414018627
1746383089,2000,POST,POST /pastes,109.900000,0.000000,450,500,560,590,640,700,740,750,800,800,800,29825,0,400.0,454.62064317854407,32.33849999924132,9973.895099999936,2857.5709304274937
1746383089,2000,,Aggregated,1219.900000,0.000000,450,500,550,580,640,690,740,750,770,800,800,329512,9,400.0,438.861158844277,26.804099999935715,9982.970299999579,2907.1328176212096
1746383090,2000,GET,GET /pastes/:slug,1057.700000,0.000000,460,510,550,580,640,690,740,750,770,800,800,300766,9,400.0,437.35550976838607,26.804099999935715,9982.970299999579,2911.9106414953817
1746383090,2000,POST,POST /pastes,104.700000,0.000000,470,510,560,590,640,700,740,750,800,800,800,29930,0,400.0,454.64283734046364,32.33849999924132,9973.895099999936,2857.148880721684
1746383090,2000,,Aggregated,1162.400000,0.000000,460,510,550,580,640,690,740,750,770,800,800,330696,9,400.0,438.9201180921313,26.804099999935715,9982.970299999579,2906.954368967269
1746383091,2000,GET,GET /pastes/:slug,1064.200000,0.000000,480,540,580,600,650,690,740,750,770,800,800,301593,9,400.0,437.7087503844529,26.804099999935715,9982.970299999579,2911.9353797999293
1746383091,2000,POST,POST /pastes,105.200000,0.000000,480,530,580,610,650,700,740,750,800,800,800,29998,0,410.0,454.86226052403714,32.33849999924132,9973.895099999936,2857.2064137609173
1746383091,2000,,Aggregated,1169.400000,0.000000,480,540,580,600,650,690,740,750,770,800,800,331591,9,400.0,439.2605747619675,26.804099999935715,9982.970299999579,2906.984221525916
1746383092,2000,GET,GET /pastes/:slug,1049.400000,0.000000,480,540,590,610,690,730,750,760,780,800,800,302968,9,400.0,438.21988021176605,26.804099999935715,9982.970299999579,2911.595940825434
1746383092,2000,POST,POST /pastes,102.400000,0.000000,480,530,590,620,700,740,750,760,800,800,800,30135,0,410.0,455.24464256844357,32.33849999924132,9973.895099999936,2856.537912726066
1746383092,2000,,Aggregated,1151.800000,0.000000,480,540,590,610,690,730,750,760,780,800,800,333103,9,400.0,439.760068122459,26.804099999935715,9982.970299999579,2906.614977949763
1746383093,2000,GET,GET /pastes/:slug,1018.700000,0.000000,470,530,590,610,690,730,750,760,780,800,800,303921,9,400.0,437.84055723460494,26.804099999935715,9982.970299999579,2911.6350893817803
1746383093,2000,POST,POST /pastes,98.500000,0.000000,470,530,590,620,700,740,750,760,800,800,800,30235,0,400.0,454.77682402844516,32.33849999924132,9973.895099999936,2856.0857615346454
1746383093,2000,,Aggregated,1117.200000,0.000000,470,530,590,610,690,730,750,760,780,800,800,334156,9,400.0,439.3729792964837,26.804099999935715,9982.970299999579,2906.6088922539175
1746383094,2000,GET,GET /pastes/:slug,1050.400000,0.000000,470,530,580,600,650,730,790,830,850,850,850,304713,9,400.0,438.38362933809333,26.804099999935715,9982.970299999579,2911.654018699563
1746383094,2000,POST,POST /pastes,100.100000,0.000000,470,530,580,610,650,730,820,830,850,850,850,30323,0,410.0,455.3189581637713,32.33849999924132,9973.895099999936,2856.240378590509
1746383094,2000,,Aggregated,1150.500000,0.000000,470,530,580,600,650,730,790,830,850,850,850,335036,9,400.0,439.9163899249497,26.804099999935715,9982.970299999579,2906.638713451689
1746383095,2000,GET,GET /pastes/:slug,1039.900000,0.000000,490,580,610,630,740,800,830,850,870,890,890,306072,9,400.0,439.1491058103931,26.804099999935715,9982.970299999579,2911.519547688126
1746383095,2000,POST,POST /pastes,100.600000,0.000000,490,570,610,630,710,800,830,840,880,880,880,30452,0,410.0,455.87126350322006,32.33849999924132,9973.895099999936,2857.4787534480492
1746383095,2000,,Aggregated,1140.500000,0.000000,490,580,610,630,730,800,830,840,870,890,890,336524,9,400.0,440.66229103955635,26.804099999935715,9982.970299999579,2906.629405332161
1746383096,2000,GET,GET /pastes/:slug,1030.600000,0.000000,490,570,610,630,730,800,830,840,870,890,890,307114,9,400.0,438.54543106044775,26.804099999935715,9982.970299999579,2911.691691033297
1746383096,2000,POST,POST /pastes,101.200000,0.000000,490,560,610,630,710,800,830,840,880,880,880,30558,0,410.0,455.22023046011014,32.33849999924132,9973.895099999936,2857.6572419660974
1746383096,2000,,Aggregated,1131.800000,0.000000,490,570,610,630,730,800,830,840,870,890,890,337672,9,400.0,440.05443541986136,26.804099999935715,9982.970299999579,2906.80178397972
1746383097,2000,GET,GET /pastes/:slug,1036.800000,0.000000,480,560,610,640,740,800,830,850,870,890,890,308095,9,400.0,438.87261894674896,26.804099999935715,9982.970299999579,2911.7863548580794
1746383097,2000,POST,POST /pastes,100.200000,0.000000,480,560,600,630,710,800,830,840,880,880,880,30676,0,410.0,455.5298452862189,32.33849999924132,9973.895099999936,2857.674990220368
1746383097,2000,,Aggregated,1137.000000,0.000000,480,560,610,640,730,800,830,840,870,890,890,338771,9,400.0,440.3809448518195,26.804099999935715,9982.970299999579,2906.8865251157863
1746383098,2000,GET,GET /pastes/:slug,1021.700000,0.000000,460,540,600,630,730,800,830,840,870,890,890,309373,9,400.0,438.7824175706958,26.804099999935715,9982.970299999579,2911.906090706041
1746383098,2000,POST,POST /pastes,101.000000,0.000000,460,530,590,620,710,800,830,840,880,880,880,30804,0,410.0,455.37654236787614,32.33849999924132,9973.895099999936,2857.554246201792
1746383098,2000,,Aggregated,1122.700000,0.000000,460,540,600,630,730,800,830,840,870,890,890,340177,9,400.0,440.28506301777065,26.804099999935715,9982.970299999579,2906.9843757808435
1746383099,2000,GET,GET /pastes/:slug,1023.400000,0.000000,440,530,600,630,730,800,830,840,870,890,890,310469,9,400.0,438.24436528509864,26.804099999935715,9982.970299999579,2911.9528455336927
1746383099,2000,POST,POST /pastes,102.500000,0.000000,440,520,590,620,700,790,830,840,870,880,880,30911,0,410.0,454.78483878878296,32.33849999924132,9973.895099999936,2857.406327844457
1746383099,2000,,Aggregated,1125.900000,0.000000,440,530,600,630,730,800,830,840,870,890,890,341380,9,400.0,439.7420586955783,26.804099999935715,9982.970299999579,2907.0138115882596
1746383100,2000,GET,GET /pastes/:slug,1040.100000,0.000000,430,500,590,620,730,800,830,840,870,890,890,311428,9,400.0,438.1701786419308,26.804099999935715,9982.970299999579,2911.9277232618774
1746383100,2000,POST,POST /pastes,104.600000,0.000000,430,500,570,610,700,780,830,840,870,880,880,31012,0,410.0,454.6648961885744,32.33849999924132,9973.895099999936,2857.10186379466
1746383100,2000,,Aggregated,1144.700000,0.000000,430,500,580,620,730,800,830,840,870,890,890,342440,9,400.0,439.6639707823163,26.804099999935715,9982.970299999579,2906.9625919869172
1746383101,2000,GET,GET /pastes/:slug,1049.300000,0.000000,430,490,560,600,650,800,830,840,870,890,890,312727,9,400.0,438.55265733498896,26.804099999935715,9982.970299999579,2911.8135754188156
1746383101,2000,POST,POST /pastes,105.100000,0.000000,430,490,560,590,640,770,830,840,870,880,880,31132,0,410.0,454.96104135295116,32.33849999924132,9973.895099999936,2857.0055569831684
1746383101,2000,,Aggregated,1154.400000,0.000000,430,490,560,600,650,800,830,840,870,890,890,343859,9,400.0,440.03822499860775,26.804099999935715,9982.970299999579,2906.8514158419584
1746383102,2000,GET,GET /pastes/:slug,1034.400000,0.000000,440,510,570,600,650,800,830,840,870,890,890,313695,9,400.0,438.48789813799743,26.804099999935715,9982.970299999579,2911.746907027527
1746383102,2000,POST,POST /pastes,105.500000,0.000000,450,510,560,600,650,790,830,840,870,880,880,31219,0,410.0,454.8952105544725,32.33849999924132,9973.895099999936,2856.620679714277
1746383102,2000,,Aggregated,1139.900000,0.000000,440,510,570,600,650,800,830,840,870,890,890,344914,9,400.0,439.97296365092853,26.804099999935715,9982.970299999579,2906.75729892089
1746383103,2000,GET,GET /pastes/:slug,1042.200000,0.000000,450,530,600,620,700,800,830,840,870,890,890,314613,9,400.0,439.0671852510829,26.804099999935715,9982.970299999579,2911.7943981971503
1746383103,2000,POST,POST /pastes,107.100000,0.000000,450,530,600,620,690,800,830,840,870,880,880,31307,0,410.0,455.4506298974695,32.33849999924132,9973.895099999936,2856.531031398729
1746383103,2000,,Aggregated,1149.300000,0.000000,450,530,600,620,700,800,830,840,870,890,890,345920,9,400.0,440.54994572038686,26.804099999935715,9982.970299999579,2906.7928654024054
1746383104,2000,GET,GET /pastes/:slug,1044.100000,0.000000,430,490,540,570,630,670,720,740,780,800,800,315924,9,400.0,438.9346880135701,26.804099999935715,9982.970299999579,2912.122494650612
1746383104,2000,POST,POST /pastes,106.000000,0.000000,440,490,540,580,630,680,720,730,780,800,800,31430,0,410.0,455.28075908686213,32.33849999924132,9973.895099999936,2856.6022271714924
1746383104,2000,,Aggregated,1150.100000,0.000000,430,490,540,570,630,670,720,740,780,800,800,347354,9,400.0,440.41374688098114,26.804099999935715,9982.970299999579,2907.098795465145
1746383105,2000,GET,GET /pastes/:slug,1016.200000,0.000000,440,490,540,580,630,680,720,740,780,800,800,316767,9,400.0,438.6991105405515,26.804099999935715,9982.970299999579,2911.997487111978
1746383105,2000,POST,POST /pastes,102.100000,0.000000,440,490,540,590,630,680,720,730,780,800,800,31520,0,410.0,454.95110491117,32.33849999924132,9973.895099999936,2856.2144987309644
1746383105,2000,,Aggregated,1118.300000,0.000000,440,490,540,580,630,680,720,740,780,800,800,348287,9,400.0,440.16991726764434,26.804099999935715,9982.970299999579,2906.9491224191543
1746383107,2000,GET,GET /pastes/:slug,1062.500000,0.000000,450,540,600,620,710,750,800,910,990,990,990,317693,9,400.0,439.62882292810605,26.804099999935715,9982.970299999579,2912.0682356866537
1746383107,2000,POST,POST /pastes,106.500000,0.000000,450,540,600,620,710,750,800,840,990,990,990,31608,0,410.0,455.7747384807667,32.33849999924132,9973.895099999936,2856.6697671475576
1746383107,2000,,Aggregated,1169.000000,0.000000,450,540,600,620,710,750,800,910,990,990,990,349301,9,400.0,441.0898553866036,26.804099999935715,9982.970299999579,2907.05526751999
1746383108,2000,GET,GET /pastes/:slug,1007.800000,0.000000,490,580,630,700,760,870,950,960,1000,1100,1100,319020,9,400.0,440.5493721672583,26.804099999935715,9982.970299999579,2911.7987430255157
1746383108,2000,POST,POST /pastes,100.800000,0.000000,490,580,630,680,760,880,940,980,1000,1000,1000,31750,0,410.0,456.5925114236245,32.33849999924132,9973.895099999936,2856.856850393701
1746383108,2000,,Aggregated,1108.600000,0.000000,490,580,630,700,760,870,950,960,1000,1100,1100,350770,9,400.0,442.0015193616782,26.804099999935715,9982.970299999579,2906.8256692419536
1746383109,2000,GET,GET /pastes/:slug,1003.200000,0.000000,530,590,630,700,770,870,950,960,1000,1100,1100,319883,9,400.0,440.79330769062005,26.804099999935715,9982.970299999579,2911.829090636264
1746383109,2000,POST,POST /pastes,98.500000,0.000000,530,580,630,680,760,880,940,980,1000,1000,1000,31852,0,410.0,456.79845110825335,32.33849999924132,9973.895099999936,2856.596508853447
1746383109,2000,,Aggregated,1101.700000,0.000000,530,590,630,700,760,870,950,960,1000,1100,1100,351735,9,410.0,442.24268244188335,26.804099999935715,9982.970299999579,2906.827404153695
1746383110,2000,GET,GET /pastes/:slug,1015.000000,0.000000,530,610,660,700,760,870,950,960,1000,1100,1100,321086,9,410.0,441.17411150688093,26.804099999935715,9982.970299999579,2911.871330422379
1746383110,2000,POST,POST /pastes,99.300000,0.000000,530,600,650,690,750,880,940,980,1000,1000,1000,31961,0,410.0,457.0667071149237,32.33849999924132,9973.895099999936,2857.1366978505052
1746383110,2000,,Aggregated,1114.300000,0.000000,530,610,660,700,760,870,950,960,1000,1000,1100,353047,9,410.0,442.6128526609648,26.804099999935715,9982.970299999579,2906.91625760876
1746383111,2000,GET,GET /pastes/:slug,981.600000,0.000000,510,580,660,700,760,870,950,960,1000,1100,1100,322201,9,400.0,440.72174039838006,26.804099999935715,9982.970299999579,2911.924686763852
1746383111,2000,POST,POST /pastes,98.700000,0.000000,510,580,650,690,760,880,940,980,1000,1000,1000,32052,0,410.0,456.6598517502829,32.33849999924132,9973.895099999936,2856.671346561837
1746383111,2000,,Aggregated,1080.300000,0.000000,510,580,660,700,760,870,950,960,1000,1000,1100,354253,9,410.0,442.1637842061906,26.804099999935715,9982.970299999579,2906.9254911038156
1746383112,2000,GET,GET /pastes/:slug,1010.800000,0.000000,520,600,680,710,770,870,950,960,1000,1100,1100,323000,9,410.0,441.07373947615594,26.804099999935715,9982.970299999579,2911.857030959752
1746383112,2000,POST,POST /pastes,99.600000,0.000000,520,590,670,710,770,880,940,980,1000,1000,1000,32129,0,410.0,456.97990338635054,32.33849999924132,9973.895099999936,2856.064272152884
1746383112,2000,,Aggregated,1110.400000,0.000000,520,600,680,710,770,870,950,960,1000,1000,1100,355129,9,410.0,442.51279159599886,26.804099999935715,9982.970299999579,2906.809384758778
1746383113,2000,GET,GET /pastes/:slug,1037.800000,0.000000,520,580,680,710,770,870,950,960,1000,1100,1100,324222,9,410.0,441.659934643541,26.804099999935715,9982.970299999579,2911.7975183670446
1746383113,2000,POST,POST /pastes,99.900000,0.000000,520,570,670,710,770,880,940,980,1000,1000,1000,32253,0,410.0,457.5662316838763,32.33849999924132,9973.895099999936,2856.128453167147
1746383113,2000,,Aggregated,1137.700000,0.000000,520,580,680,710,770,870,950,960,1000,1000,1100,356475,9,410.0,443.09909811486165,26.804099999935715,9982.970299999579,2906.7607153376816
1746383114,2000,GET,GET /pastes/:slug,976.300000,0.000000,520,570,690,720,770,870,950,960,1000,1100,1100,325408,9,410.0,441.5181263923999,26.804099999935715,9982.970299999579,2911.643810232078
1746383114,2000,POST,POST /pastes,95.700000,0.000000,510,570,670,710,770,880,940,980,1000,1000,1000,32385,0,410.0,457.34139307704385,32.33849999924132,9973.895099999936,2856.1457773660645
1746383114,2000,,Aggregated,1072.000000,0.000000,520,570,680,720,770,870,950,960,1000,1000,1100,357793,9,410.0,442.950341364686,26.804099999935715,9982.970299999579,2906.6205040344557
1746383115,2000,GET,GET /pastes/:slug,1023.100000,0.000000,500,560,670,710,760,870,940,960,1000,1100,1100,326628,9,410.0,440.8550570639929,26.804099999935715,9982.970299999579,2911.4859595625603
1746383115,2000,POST,POST /pastes,99.900000,0.000000,500,560,660,700,760,870,940,980,1000,1000,1000,32493,0,410.0,456.70447215092685,32.33849999924132,9973.895099999936,2856.5472255562736
1746383115,2000,,Aggregated,1123.000000,0.000000,500,560,670,710,760,870,940,960,1000,1000,1100,359121,9,410.0,442.28910030963016,26.804099999935715,9982.970299999579,2906.515143920851
1746383116,2000,GET,GET /pastes/:slug,1022.600000,0.000000,470,530,560,610,750,860,940,960,1000,1100,1100,327542,9,410.0,440.64583318993544,26.804099999935715,9982.970299999579,2911.520174511971
1746383116,2000,POST,POST /pastes,101.800000,0.000000,480,530,560,580,740,870,940,980,1000,1000,1000,32589,0,410.0,456.43911965694133,32.33849999924132,9973.895099999936,2856.6239835527326
1746383116,2000,,Aggregated,1124.400000,0.000000,470,530,560,600,750,860,940,960,1000,1000,1100,360131,9,410.0,442.07500038928777,26.804099999935715,9982.970299999579,2906.552504505305
1746383117,2000,GET,GET /pastes/:slug,1007.600000,0.000000,470,520,550,570,690,730,750,760,810,810,810,328734,9,410.0,441.12775618310815,26.804099999935715,9982.970299999579,2911.3585512907093
1746383117,2000,POST,POST /pastes,100.600000,0.000000,480,530,550,570,690,740,760,780,810,810,810,32705,0,410.0,456.7978396300282,32.33849999924132,9973.895099999936,2856.742210671151
1746383117,2000,,Aggregated,1108.200000,0.000000,470,520,550,570,690,730,760,770,810,810,810,361439,9,410.0,442.5456720115832,26.804099999935715,9982.970299999579,2906.4165626841595
1746383118,2000,GET,GET /pastes/:slug,1046.500000,0.000000,440,510,540,560,690,730,750,760,810,810,810,329825,9,410.0,440.85223266185955,26.804099999935715,9982.970299999579,2911.4126946107785
1746383118,2000,POST,POST /pastes,103.700000,0.000000,440,510,540,560,680,740,760,780,810,810,810,32809,0,410.0,456.48989270627175,32.33849999924132,9973.895099999936,2856.9103599622053
1746383118,2000,,Aggregated,1150.200000,0.000000,440,510,540,560,690,730,750,770,810,810,810,362634,9,410.0,442.26703653682375,26.804099999935715,9982.970299999579,2906.4816426479592
1746383119,2000,GET,GET /pastes/:slug,1050.900000,0.000000,430,500,540,560,680,730,750,760,810,810,810,330765,9,410.0,441.0966467661257,26.804099999935715,9982.970299999579,2911.443892189319
1746383119,2000,POST,POST /pastes,105.800000,0.000000,440,510,550,560,670,740,760,780,810,810,810,32906,0,410.0,456.7141679724088,32.33849999924132,9973.895099999936,2856.8837294110494
1746383119,2000,,Aggregated,1156.700000,0.000000,430,500,540,560,680,730,760,770,810,810,810,363671,9,410.0,442.509765086835,26.804099999935715,9982.970299999579,2906.50713144573
1746383120,2000,GET,GET /pastes/:slug,1033.600000,0.000000,460,530,560,590,680,730,750,760,810,810,810,332028,9,410.0,441.3788715912436,26.804099999935715,9982.970299999579,2911.3242708446273
1746383120,2000,POST,POST /pastes,100.900000,0.000000,460,530,560,580,670,740,760,780,810,810,810,33040,0,410.0,456.92174733051104,32.33849999924132,9973.895099999936,2856.3939769975786
1746383120,2000,,Aggregated,1134.500000,0.000000,460,530,560,590,680,730,760,770,810,810,810,365068,9,410.0,442.7855591519778,26.804099999935715,9982.970299999579,2906.3528767243365
1746383121,2000,GET,GET /pastes/:slug,1050.400000,0.000000,420,510,550,580,670,730,750,760,810,810,810,333208,9,410.0,440.65134214123634,26.804099999935715,9982.970299999579,2911.123160308276
1746383121,2000,POST,POST /pastes,101.500000,0.000000,420,510,550,580,670,730,760,780,810,810,810,33151,0,410.0,456.1832906639347,32.33849999924132,9973.895099999936,2855.983560073603
1746383121,2000,,Aggregated,1151.900000,0.000000,420,510,550,580,670,730,750,760,810,810,810,366359,9,410.0,442.05679314823414,26.804099999935715,9982.970299999579,2906.1337021882905
1746383122,2000,GET,GET /pastes/:slug,1036.400000,0.000000,400,470,510,530,620,660,700,710,740,760,760,334042,9,410.0,440.61035450691014,26.804099999935715,9982.970299999579,2911.2134072960885
1746383122,2000,POST,POST /pastes,101.500000,0.000000,410,470,520,540,610,650,690,710,760,760,760,33230,0,410.0,456.1087374721669,32.33849999924132,9973.895099999936,2856.837105025579
1746383122,2000,,Aggregated,1137.900000,0.000000,400,470,510,530,620,660,700,710,760,760,760,367272,9,410.0,442.01261568100506,26.804099999935715,9982.970299999579,2906.2935535515912
1746383123,2000,GET,GET /pastes/:slug,1045.900000,0.000000,420,490,560,610,670,710,760,770,800,810,810,334928,9,410.0,441.32537795614957,26.804099999935715,9982.970299999579,2911.2205369512253
1746383123,2000,POST,POST /pastes,104.800000,0.000000,430,500,560,600,670,710,760,770,810,810,810,33314,0,410.0,456.7414539773099,32.33849999924132,9973.895099999936,2856.419973584679
1746383123,2000,,Aggregated,1150.700000,0.000000,420,500,560,610,670,710,760,770,800,810,810,368242,9,410.0,442.7200346128199,26.804099999935715,9982.970299999579,2906.262857034233
1746383124,2000,GET,GET /pastes/:slug,1082.100000,0.000000,480,580,650,670,750,940,980,990,1000,1100,1100,336241,9,410.0,442.74798287596525,26.804099999935715,9982.970299999579,2911.2622434503824
1746383124,2000,POST,POST /pastes,107.200000,0.000000,480,570,630,660,750,940,980,990,1000,1000,1000,33425,0,410.0,457.94031221241937,32.33849999924132,9973.895099999936,2856.0868212415858
1746383124,2000,,Aggregated,1189.300000,0.000000,480,580,640,670,750,940,980,990,1000,1000,1100,369666,9,410.0,444.12166508657594,26.804099999935715,9982.970299999579,2906.2733115839706
1746383125,2000,GET,GET /pastes/:slug,1033.000000,0.000000,490,600,650,670,750,940,980,990,1000,1000,1100,337371,9,410.0,442.70318484160657,26.804099999935715,9982.970299999579,2911.249150045499
1746383125,2000,POST,POST /pastes,103.200000,0.000000,490,580,640,660,750,940,980,990,1000,1000,1000,33523,0,410.0,457.9238065954754,32.33849999924132,9973.895099999936,2856.178414819676
1746383125,2000,,Aggregated,1136.200000,0.000000,490,590,650,670,750,940,980,990,1000,1000,1100,370894,9,410.0,444.078890307458,26.804099999935715,9982.970299999579,2906.271619384514
1746383126,2000,GET,GET /pastes/:slug,1005.800000,0.000000,450,580,640,670,750,930,980,990,1000,1000,1100,338501,9,410.0,442.41464431950703,26.804099999935715,9982.970299999579,2911.4495614488583
1746383126,2000,POST,POST /pastes,98.200000,0.000000,440,570,630,650,750,930,980,990,1000,1000,1000,33645,0,410.0,457.568355241496,32.33849999924132,9973.895099999936,2855.752979640363
1746383126,2000,,Aggregated,1104.000000,0.000000,450,580,640,670,750,930,980,990,1000,1000,1100,372146,9,410.0,443.7846620113993,26.804099999935715,9982.970299999579,2906.4141412241433
1746383127,2000,GET,GET /pastes/:slug,1010.800000,0.000000,440,570,630,660,750,940,980,990,1000,1100,1100,339264,9,410.0,442.49486630381426,26.804099999935715,9982.970299999579,2911.4924159356724
1746383127,2000,POST,POST /pastes,97.200000,0.000000,440,570,620,650,750,940,980,990,1000,1000,1000,33714,0,410.0,457.61742583793483,32.33849999924132,9973.895099999936,2855.4900041525775
1746383127,2000,,Aggregated,1108.000000,0.000000,440,570,630,660,750,940,980,990,1000,1000,1100,372978,9,410.0,443.861815486152,26.804099999935715,9982.970299999579,2906.430280070138
1746383128,2000,GET,GET /pastes/:slug,1024.700000,0.000000,490,620,660,690,760,940,980,990,1000,1000,1100,340451,9,410.0,443.2119253161165,26.804099999935715,9982.970299999579,2911.605338213135
1746383128,2000,POST,POST /pastes,97.700000,0.000000,510,610,650,680,760,930,980,990,1000,1000,1000,33845,0,410.0,458.345721267547,32.33849999924132,9973.895099999936,2855.746668636431
1746383128,2000,,Aggregated,1122.400000,0.000000,500,620,660,680,760,940,980,990,1000,1000,1100,374296,9,410.0,444.5803698732928,26.804099999935715,9982.970299999579,2906.5544248402334
1746383129,2000,GET,GET /pastes/:slug,1047.500000,0.000000,470,610,670,710,770,940,980,990,1000,1100,1100,341478,9,410.0,443.0752761890861,26.804099999935715,9982.970299999579,2911.713094254974
1746383129,2000,POST,POST /pastes,99.400000,0.000000,470,600,660,690,760,950,980,990,1000,1000,1000,33962,0,410.0,458.15097740416144,32.33849999924132,9973.895099999936,2856.0723161180144
1746383129,2000,,Aggregated,1146.900000,0.000000,470,610,670,710,770,940,980,990,1000,1100,1100,375440,9,410.0,444.4390119781949,26.804099999935715,9982.970299999579,2906.6798742808437
1746383131,2000,GET,GET /pastes/:slug,1023.100000,0.000000,500,610,670,710,760,940,980,990,1000,1100,1100,342630,9,410.0,443.2652311621768,26.804099999935715,9982.970299999579,2911.616816974579
1746383131,2000,POST,POST /pastes,98.700000,0.000000,510,610,650,680,760,940,980,990,1000,1000,1000,34083,0,410.0,458.3169610421653,32.33849999924132,9973.895099999936,2856.4302438165655
1746383131,2000,,Aggregated,1121.800000,0.000000,510,610,670,700,760,940,980,990,1000,1100,1100,376713,9,410.0,444.6270320809035,26.804099999935715,9982.970299999579,2906.6238276884524
1746383132,2000,GET,GET /pastes/:slug,1013.700000,0.000000,460,580,630,670,760,940,980,990,1000,1100,1100,343951,9,410.0,442.7595116057133,26.804099999935715,9982.970299999579,2911.785896828327
1746383132,2000,POST,POST /pastes,99.500000,0.000000,460,580,620,650,750,940,980,990,1000,1000,1000,34222,0,410.0,457.77168810706945,32.33849999924132,9973.895099999936,2857.1317865700426
1746383132,2000,,Aggregated,1113.200000,0.000000,460,580,630,670,760,940,980,990,1000,1000,1100,378173,9,410.0,444.11800812509966,26.804099999935715,9982.970299999579,2906.8400837711843
1746383133,2000,GET,GET /pastes/:slug,999.300000,0.000000,430,510,580,610,720,770,960,980,1000,1000,1000,345042,9,410.0,442.2087456921086,26.804099999935715,9982.970299999579,2911.812156201274
1746383133,2000,POST,POST /pastes,97.800000,0.000000,430,520,590,610,700,770,980,980,1000,1000,1000,34326,0,410.0,457.1888262075434,32.33849999924132,9973.895099999936,2856.547806327565
1746383133,2000,,Aggregated,1097.100000,0.000000,430,510,580,610,720,770,960,980,1000,1000,1000,379368,9,410.0,443.5641743096234,26.804099999935715,9982.970299999579,2906.8117237089054
1746383134,2000,GET,GET /pastes/:slug,1033.100000,0.000000,400,460,500,550,610,670,740,760,780,790,790,346183,9,410.0,442.12871105801497,26.804099999935715,9982.970299999579,2911.8316237365784
1746383134,2000,POST,POST /pastes,104.400000,0.000000,410,460,520,560,610,670,750,760,780,780,780,34437,0,410.0,457.0962189795897,32.33849999924132,9973.895099999936,2855.935156953277
1746383134,2000,,Aggregated,1137.500000,0.000000,400,460,500,550,610,670,740,760,780,790,790,380620,9,410.0,443.48291228309984,26.804099999935715,9982.970299999579,2906.7743313541064
1746383135,2000,GET,GET /pastes/:slug,1046.700000,0.000000,390,450,490,540,610,670,740,760,780,790,790,347455,9,410.0,441.6308832352295,26.804099999935715,9982.970299999579,2911.8182239426687
1746383135,2000,POST,POST /pastes,105.100000,0.000000,390,450,500,540,610,670,740,760,780,780,780,34567,0,410.0,456.54799356901464,32.33849999924132,9973.895099999936,2855.776781323227
1746383135,2000,,Aggregated,1151.800000,0.000000,390,450,490,540,610,670,740,760,780,790,790,382022,9,410.0,442.98064778518864,26.804099999935715,9982.970299999579,2906.7473522467294
1746383136,2000,GET,GET /pastes/:slug,1082.900000,0.000000,390,460,500,540,610,670,740,760,780,790,790,348267,9,410.0,441.46534388413835,26.804099999935715,9982.970299999579,2911.8917698202818
1746383136,2000,POST,POST /pastes,108.800000,0.000000,400,460,510,550,610,670,750,760,780,780,780,34646,0,410.0,456.3437320441072,32.33849999924132,9973.895099999936,2856.0145182705073
1746383136,2000,,Aggregated,1191.700000,0.000000,390,460,500,540,610,670,740,760,780,790,790,382913,9,410.0,442.81154167890344,26.804099999935715,9982.970299999579,2906.8359914654243
1746383137,2000,GET,GET /pastes/:slug,1086.800000,0.000000,400,480,530,560,610,650,710,740,780,790,790,349489,9,410.0,441.8429885255249,26.804099999935715,9982.970299999579,2911.715776462206
1746383137,2000,POST,POST /pastes,110.700000,0.000000,410,490,540,560,620,650,710,740,770,780,780,34791,0,410.0,456.74537856917414,32.33849999924132,9973.895099999936,2856.8659998275416
1746383137,2000,,Aggregated,1197.500000,0.000000,410,480,530,560,610,650,710,740,780,790,790,384280,9,410.0,443.1921845596802,26.804099999935715,9982.970299999579,2906.7499219319247
1746383138,2000,GET,GET /pastes/:slug,1067.600000,0.000000,370,430,470,500,560,590,630,640,680,680,680,350692,9,410.0,441.2755856785923,26.804099999935715,9982.970299999579,2911.8614197073216
1746383138,2000,POST,POST /pastes,110.200000,0.000000,380,440,480,510,570,610,630,640,670,680,680,34919,0,410.0,456.1153982330573,32.33849999924132,9973.895099999936,2856.421776110427
1746383138,2000,,Aggregated,1177.800000,0.000000,370,430,470,500,560,590,630,640,680,680,680,385611,9,410.0,442.6194047464768,26.804099999935715,9982.970299999579,2906.8410833715843
1746383139,2000,GET,GET /pastes/:slug,1057.000000,0.000000,370,430,470,490,550,590,630,640,680,680,680,351699,9,410.0,441.14545445024515,26.804099999935715,9982.970299999579,2911.914156707867
1746383139,2000,POST,POST /pastes,109.800000,0.000000,380,440,490,510,570,610,630,640,670,680,680,35020,0,410.0,455.96446750714233,32.33849999924132,9973.895099999936,2856.2074528840662
1746383139,2000,,Aggregated,1166.800000,0.000000,370,440,470,500,550,590,630,640,680,680,680,386719,9,410.0,442.48741550529854,26.804099999935715,9982.970299999579,2906.869540932822
1746383140,2000,GET,GET /pastes/:slug,1116.900000,0.000000,360,410,450,470,530,570,620,640,680,680,680,352934,9,410.0,440.98320399365514,26.804099999935715,9982.970299999579,2911.891073118487
1746383140,2000,POST,POST /pastes,116.400000,0.000000,370,420,460,480,530,580,630,640,670,680,680,35139,0,410.0,455.7978242095717,32.33849999924132,9973.895099999936,2856.5136458066536
1746383140,2000,,Aggregated,1233.300000,0.000000,360,410,450,470,530,570,620,640,680,680,680,388073,9,410.0,442.324629291895,26.804099999935715,9982.970299999579,2906.87679122227
1746383141,2000,GET,GET /pastes/:slug,1077.700000,0.000000,360,410,450,470,530,570,620,640,680,680,680,354076,9,410.0,440.5569142260338,26.804099999935715,9982.970299999579,2911.8752866616205
1746383141,2000,POST,POST /pastes,113.000000,0.000000,370,420,460,490,540,580,630,640,670,680,680,35236,0,410.0,455.36775129129677,32.33849999924132,9973.895099999936,2856.97843114996
1746383141,2000,,Aggregated,1190.700000,0.000000,360,410,450,470,530,570,630,640,680,680,680,389312,9,410.0,441.8974191548013,26.804099999935715,9982.970299999579,2906.9066609814236
1746383142,2000,GET,GET /pastes/:slug,1096.200000,0.000000,380,430,460,480,540,570,620,640,680,680,680,355234,9,410.0,440.5617151412803,26.804099999935715,9982.970299999579,2911.6190679946176
1746383142,2000,POST,POST /pastes,113.300000,0.000000,390,430,480,500,540,580,630,640,670,680,680,35362,0,410.0,455.3073436231015,32.33849999924132,9973.895099999936,2856.672671229003
1746383142,2000,,Aggregated,1209.500000,0.000000,380,430,460,490,540,570,620,640,680,680,680,390596,9,410.0,441.89668763042715,26.804099999935715,9982.970299999579,2906.644581613739
1746383143,2000,GET,GET /pastes/:slug,1101.500000,0.000000,370,420,460,470,530,570,620,640,680,680,680,356525,9,410.0,440.01301716541036,26.804099999935715,9982.970299999579,2911.6527452492815
1746383143,2000,POST,POST /pastes,112.800000,0.000000,380,430,470,490,540,580,630,640,670,680,680,35497,0,410.0,454.75119457982663,32.33849999924132,9973.895099999936,2856.905090571034
1746383143,2000,,Aggregated,1214.300000,0.000000,370,420,460,480,530,570,620,640,680,680,680,392022,9,410.0,441.3475368701111,26.804099999935715,9982.970299999579,2906.695427807623
1746383144,2000,GET,GET /pastes/:slug,1068.200000,0.000000,370,420,460,480,530,570,620,640,680,680,680,357325,9,410.0,439.76291824501084,26.804099999935715,9982.970299999579,2911.645308892465
1746383144,2000,POST,POST /pastes,107.500000,0.000000,380,430,470,490,540,580,630,640,670,680,680,35577,0,410.0,454.48868819462314,32.33849999924132,9973.895099999936,2857.2818674986647
1746383144,2000,,Aggregated,1175.700000,0.000000,370,420,460,480,530,570,630,640,680,680,680,392902,9,410.0,441.0963263658505,26.804099999935715,9982.970299999579,2906.7227374765207
1746383145,2000,GET,GET /pastes/:slug,1097.700000,0.000000,390,450,480,500,560,590,630,640,680,680,680,358477,9,410.0,439.97824314251307,26.804099999935715,9982.970299999579,2911.4887593904214
1746383145,2000,POST,POST /pastes,111.500000,0.000000,400,460,490,510,560,590,630,640,670,680,680,35675,0,410.0,454.6359780014045,32.33849999924132,9973.895099999936,2856.8313665031533
1746383145,2000,,Aggregated,1209.200000,0.000000,390,450,480,500,560,590,630,640,680,680,680,394152,9,410.0,441.3049259732174,26.804099999935715,9982.970299999579,2906.5416768150358
1746383146,2000,GET,GET /pastes/:slug,1087.100000,0.000000,360,420,460,480,530,570,590,600,630,640,640,359823,9,410.0,439.39309797650293,26.804099999935715,9982.970299999579,2911.4408417471923
1746383146,2000,POST,POST /pastes,111.400000,0.000000,370,420,460,480,530,570,590,600,620,630,630,35819,0,410.0,453.87720806834653,32.33849999924132,9973.895099999936,2856.887741142969
1746383146,2000,,Aggregated,1198.500000,0.000000,370,420,460,480,530,570,590,600,630,640,640,395642,9,410.0,440.7044004655625,26.804099999935715,9982.970299999579,2906.501938621279
1746383147,2000,GET,GET /pastes/:slug,1064.400000,0.000000,360,420,450,470,520,560,590,600,630,640,640,360792,9,400.0,439.06254080356285,26.804099999935715,9982.970299999579,2911.46670657886
1746383147,2000,POST,POST /pastes,109.300000,0.000000,360,420,460,470,520,560,580,590,620,630,630,35921,0,410.0,453.42362584004087,32.33849999924132,9973.895099999936,2856.4030511400015
1746383147,2000,,Aggregated,1173.700000,0.000000,360,420,450,470,520,560,590,600,630,640,640,396713,9,410.0,440.3628877435221,26.804099999935715,9982.970299999579,2906.480881644917
1746383148,2000,GET,GET /pastes/:slug,1106.000000,0.000000,390,450,480,500,560,650,700,720,760,770,790,361881,9,410.0,439.55059548580664,26.804099999935715,9982.970299999579,2911.4501756102145
1746383148,2000,POST,POST /pastes,111.100000,0.000000,380,450,480,500,560,630,690,700,720,720,720,36016,0,410.0,453.80817483341053,32.33849999924132,9973.895099999936,2855.890520879609
1746383148,2000,,Aggregated,1217.100000,0.000000,390,450,480,500,560,640,700,720,760,770,790,397897,9,410.0,440.8411329308744,26.804099999935715,9982.970299999579,2906.4211441654497
1746383149,2000,GET,GET /pastes/:slug,1117.700000,0.000000,370,430,480,510,560,640,700,720,760,770,790,363145,9,410.0,439.22757905795083,26.804099999935715,9982.970299999579,2911.3451816767406
1746383149,2000,POST,POST /pastes,113.200000,0.000000,360,430,470,500,560,630,690,700,720,720,720,36135,0,410.0,453.4154782759132,32.33849999924132,9973.895099999936,2855.5640791476408
1746383149,2000,,Aggregated,1230.900000,0.000000,370,430,480,510,560,640,700,720,760,770,790,399280,9,410.0,440.5115896225621,26.804099999935715,9982.970299999579,2906.296969545181
1746383150,2000,GET,GET /pastes/:slug,1067.400000,0.000000,370,430,480,510,560,650,700,720,760,770,790,364173,9,400.0,438.76436642557195,26.804099999935715,9982.970299999579,2911.1120346648436
1746383150,2000,POST,POST /pastes,106.600000,0.000000,360,430,470,500,560,630,690,700,720,720,720,36236,0,410.0,452.92304122971973,32.33849999924132,9973.895099999936,2855.864251021084
1746383150,2000,,Aggregated,1174.000000,0.000000,360,430,480,510,560,650,700,720,760,770,790,400409,9,410.0,440.04569062208105,26.804099999935715,9982.970299999579,2906.112250224146
1746383151,2000,GET,GET /pastes/:slug,1117.700000,0.000000,370,440,480,510,560,640,700,720,760,770,790,365404,9,400.0,438.6900523702548,26.804099999935715,9982.970299999579,2911.1334878654857
1746383151,2000,POST,POST /pastes,108.000000,0.000000,360,430,460,500,560,630,690,700,720,720,720,36357,0,410.0,452.7620630965181,32.33849999924132,9973.895099999936,2856.0045933382844
1746383151,2000,,Aggregated,1225.700000,0.000000,370,430,480,510,560,640,700,710,760,770,790,401761,9,400.0,439.96348631225425,26.804099999935715,9982.970299999579,2906.1446481863595
1746383152,2000,GET,GET /pastes/:slug,1116.800000,0.000000,350,430,480,510,560,640,700,720,760,770,790,366678,9,400.0,438.38637938245654,26.804099999935715,9982.970299999579,2911.1980320608272
1746383152,2000,POST,POST /pastes,108.500000,0.000000,350,400,460,500,560,630,690,700,720,720,720,36487,0,410.0,452.3895571792727,32.33849999924132,9973.895099999936,2855.824649875298
1746383152,2000,,Aggregated,1225.300000,0.000000,350,430,480,510,560,640,700,710,760,770,790,403165,9,400.0,439.65368668410594,26.804099999935715,9982.970299999579,2906.1866630287846
1746383153,2000,GET,GET /pastes/:slug,1084.300000,0.000000,360,440,480,510,560,640,700,720,760,770,790,367570,9,400.0,438.081507634194,26.804099999935715,9982.970299999579,2911.2369154174717
1746383153,2000,POST,POST /pastes,106.400000,0.000000,350,410,470,500,560,630,690,700,720,720,720,36573,0,410.0,452.05797209143697,32.33849999924132,9973.895099999936,2855.9972383999125
1746383153,2000,,Aggregated,1190.700000,0.000000,360,430,480,510,560,640,700,720,760,770,790,404143,9,400.0,439.3463105247345,26.804099999935715,9982.970299999579,2906.2379900183846
1746383154,2000,GET,GET /pastes/:slug,1092.100000,0.000000,360,430,470,490,540,640,700,720,760,770,790,368873,9,400.0,438.0005949847255,26.804099999935715,9982.970299999579,2911.134309098253
1746383154,2000,POST,POST /pastes,106.900000,0.000000,350,410,460,480,540,630,690,700,720,720,720,36706,0,410.0,451.9058292486276,32.33849999924132,9973.895099999936,2856.240423908898
1746383154,2000,,Aggregated,1199.000000,0.000000,360,430,470,490,540,640,700,710,760,770,790,405579,9,400.0,439.2590564161302,26.804099999935715,9982.970299999579,2906.166263539286
1746383155,2000,GET,GET /pastes/:slug,1094.300000,0.000000,340,400,450,470,530,640,700,720,760,770,790,369948,9,400.0,437.3772699095574,26.804099999935715,9982.970299999579,2911.2440045628036
1746383155,2000,POST,POST /pastes,106.600000,0.000000,330,380,430,460,520,620,690,700,720,720,720,36815,0,410.0,451.23562608991205,32.33849999924132,9973.895099999936,2855.5003666983566
1746383155,2000,,Aggregated,1200.900000,0.000000,340,390,450,470,530,640,700,710,760,770,790,406763,9,400.0,438.63155159883746,26.804099999935715,9982.970299999579,2906.198801267569
1746383156,2000,GET,GET /pastes/:slug,1087.300000,0.000000,370,420,470,500,550,640,700,720,760,770,790,371213,11,400.0,437.40895615832795,26.804099999935715,9982.970299999579,2911.2529194828844
1746383156,2000,POST,POST /pastes,105.600000,0.000000,360,410,460,490,540,620,690,700,720,720,720,36957,0,410.0,451.17178547501504,32.33849999924132,9973.895099999936,2856.4548799956706
1746383156,2000,,Aggregated,1192.900000,0.000000,370,420,470,500,550,640,700,710,760,770,790,408170,11,400.0,438.6550861606642,26.804099999935715,9982.970299999579,2906.291332043021
1746383157,2000,GET,GET /pastes/:slug,1120.300000,0.000000,350,390,440,480,540,640,700,720,760,770,790,372457,11,400.0,436.68293622566296,26.804099999935715,9982.970299999579,2911.355152406855
1746383157,2000,POST,POST /pastes,108.600000,0.000000,340,380,420,460,540,620,690,700,720,720,720,37081,0,410.0,450.3756297160303,32.33849999924132,9973.895099999936,2856.589574175454
1746383157,2000,,Aggregated,1228.900000,0.000000,350,390,440,480,540,640,700,710,760,770,790,409538,11,400.0,437.9227204882059,26.804099999935715,9982.970299999579,2906.39648579619
1746383159,2000,GET,GET /pastes/:slug,1076.000000,0.000000,350,390,420,440,500,540,560,580,620,630,630,373338,11,400.0,436.4750521262269,26.804099999935715,9982.970299999579,2911.3812818411197
1746383159,2000,POST,POST /pastes,107.600000,0.000000,350,380,410,430,500,530,560,580,600,620,620,37181,0,410.0,450.11798379280106,32.33849999924132,9973.895099999936,2857.1151394529466
1746383159,2000,,Aggregated,1183.600000,0.000000,350,390,420,440,500,540,560,580,620,630,630,410519,11,400.0,437.71070222352296,26.804099999935715,9982.970299999579,2906.466358438952
1746383160,2000,GET,GET /pastes/:slug,1132.000000,0.200000,350,400,430,460,530,550,590,600,620,630,630,374855,11,400.0,436.23065828120525,26.804099999935715,9982.970299999579,2911.3092342372383
1746383160,2000,POST,POST /pastes,113.300000,0.000000,350,400,420,450,520,550,590,610,620,620,620,37317,0,410.0,449.8918390894262,32.33849999924132,9973.895099999936,2856.6012005252296
1746383160,2000,,Aggregated,1245.300000,0.200000,350,400,430,460,530,550,590,600,620,630,630,412172,11,400.0,437.4675066945312,26.804099999935715,9982.970299999579,2906.35610861485
1746383161,2000,GET,GET /pastes/:slug,1088.700000,0.200000,320,380,410,430,510,550,590,600,620,630,630,375992,11,400.0,435.5170266492393,26.804099999935715,9982.970299999579,2911.233808166131
1746383161,2000,POST,POST /pastes,112.400000,0.000000,320,380,410,430,510,550,590,610,620,620,620,37441,0,410.0,449.069104580543,32.33849999924132,9973.895099999936,2856.7992040810877
1746383161,2000,,Aggregated,1201.100000,0.200000,320,380,410,430,510,550,590,600,620,630,630,413433,11,400.0,436.74431946288246,26.804099999935715,9982.970299999579,2906.3041435976324
1746383162,2000,GET,GET /pastes/:slug,1116.300000,0.200000,320,390,420,440,540,580,610,620,640,640,640,376952,11,400.0,435.50233003592234,26.804099999935715,9982.970299999579,2911.1849784587957
1746383162,2000,POST,POST /pastes,112.800000,0.000000,320,380,420,440,540,590,610,620,640,640,640,37534,0,410.0,449.02671852720465,32.33849999924132,9973.895099999936,2857.2796131507434
1746383162,2000,,Aggregated,1229.100000,0.200000,320,390,420,440,540,580,610,620,640,640,640,414486,11,400.0,436.72703822299934,26.804099999935715,9982.970299999579,2906.303549456435
1746383163,2000,GET,GET /pastes/:slug,1133.500000,0.200000,340,400,440,480,540,580,610,620,640,640,640,378356,11,400.0,435.417334508771,26.804099999935715,9982.970299999579,2911.235209696688
1746383163,2000,POST,POST /pastes,115.000000,0.000000,330,400,430,480,540,590,610,620,640,640,640,37676,0,410.0,448.88332281028056,32.33849999924132,9973.895099999936,2857.0861025586582
1746383163,2000,,Aggregated,1248.500000,0.200000,330,400,440,480,540,580,610,620,640,640,640,416032,11,400.0,436.63681900814765,26.804099999935715,9982.970299999579,2906.3314480616878
1746383164,2000,GET,GET /pastes/:slug,1112.600000,0.200000,290,380,420,470,540,580,610,620,640,640,640,379409,11,400.0,434.77230238977165,26.804099999935715,9982.970299999579,2911.421592529434
1746383164,2000,POST,POST /pastes,113.700000,0.000000,290,380,420,470,540,590,610,620,640,640,640,37771,0,400.0,448.25548613222094,32.33849999924132,9973.895099999936,2856.5960128140637
1746383164,2000,,Aggregated,1226.300000,0.200000,290,380,420,470,540,580,610,620,640,640,640,417180,11,400.0,435.9930544227862,26.804099999935715,9982.970299999579,2906.4577472553815
1746383165,2000,GET,GET /pastes/:slug,1116.200000,0.200000,330,420,470,500,540,580,610,620,640,640,640,380516,11,400.0,434.82372556186994,26.804099999935715,9982.970299999579,2911.3670542105983
1746383165,2000,POST,POST /pastes,114.900000,0.000000,330,410,470,500,540,590,610,620,640,640,640,37865,0,410.0,448.26702236102284,32.33849999924132,9973.895099999936,2856.8022184075003
1746383165,2000,,Aggregated,1231.100000,0.200000,330,420,470,500,540,580,610,620,640,640,640,418381,11,400.0,436.04039274631873,26.804099999935715,9982.970299999579,2906.428738398732
1746383166,2000,GET,GET /pastes/:slug,1135.500000,0.200000,310,410,470,490,550,580,610,620,640,640,640,381755,11,400.0,434.70357086403624,26.804099999935715,9982.970299999579,2911.38259878718
1746383166,2000,POST,POST /pastes,115.500000,0.000000,310,410,460,490,540,590,620,630,640,640,640,37997,0,400.0,448.0315445061482,32.33849999924132,9973.895099999936,2856.7974840118954
1746383166,2000,,Aggregated,1251.000000,0.200000,310,410,470,490,540,580,610,620,640,640,640,419752,11,400.0,435.91005234471123,26.804099999935715,9982.970299999579,2906.441417789552
1746383167,2000,GET,GET /pastes/:slug,1100.900000,0.200000,330,420,470,500,550,580,610,620,640,640,640,382697,11,400.0,434.4050648865806,26.804099999935715,9982.970299999579,2911.420256756651
1746383167,2000,POST,POST /pastes,110.000000,0.000000,330,410,470,500,540,590,620,630,640,640,640,38093,0,400.0,447.6948186911013,32.33849999924132,9973.895099999936,2856.7433124196045
1746383167,2000,,Aggregated,1210.900000,0.200000,330,420,470,500,550,580,610,620,640,640,640,420790,11,400.0,435.60815096674514,26.804099999935715,9982.970299999579,2906.470498348345
1746383168,2000,GET,GET /pastes/:slug,1137.000000,0.200000,340,430,470,490,540,580,610,620,640,640,640,383790,11,400.0,434.30453122072015,26.804099999935715,9982.970299999579,2911.4252690273324
1746383168,2000,POST,POST /pastes,112.400000,0.000000,330,420,470,500,540,590,620,630,640,640,640,38197,0,400.0,447.58004142734006,32.33849999924132,9973.895099999936,2856.466319344451
1746383168,2000,,Aggregated,1249.400000,0.200000,340,430,470,490,540,580,610,620,640,640,640,421987,11,400.0,435.5061906636867,26.804099999935715,9982.970299999579,2906.450549424508
1746383169,2000,GET,GET /pastes/:slug,1098.900000,0.000000,340,410,470,490,530,570,600,620,640,640,640,385044,11,400.0,434.1251761092246,26.804099999935715,9982.970299999579,2911.5725397616898
1746383169,2000,POST,POST /pastes,109.300000,0.000000,330,400,460,480,530,560,610,630,640,640,640,38319,0,400.0,447.3504309350475,32.33849999924132,9973.895099999936,2856.0452517028107
1746383169,2000,,Aggregated,1208.200000,0.000000,340,410,470,490,530,570,600,620,640,640,640,423363,11,400.0,435.3222068834484,26.804099999935715,9982.970299999579,2906.5467105061143
1746383170,2000,GET,GET /pastes/:slug,1099.600000,0.000000,350,430,470,490,530,570,600,620,640,640,640,386119,11,400.0,433.8779579831609,26.804099999935715,9982.970299999579,2911.6166078333363
1746383170,2000,POST,POST /pastes,108.100000,0.000000,340,420,470,490,530,560,610,630,640,640,640,38421,0,400.0,447.07420583274995,32.33849999924132,9973.895099999936,2856.24926472502
1746383170,2000,,Aggregated,1207.700000,0.000000,350,430,470,490,530,570,600,620,640,640,640,424540,11,400.0,435.0722224544146,26.804099999935715,9982.970299999579,2906.60584632779
1746383171,2000,GET,GET /pastes/:slug,1136.700000,0.000000,360,430,460,480,520,560,590,620,630,640,640,387494,11,400.0,433.62218636056326,26.804099999935715,9982.970299999579,2911.7601046725886
1746383171,2000,POST,POST /pastes,110.100000,0.000000,360,430,460,480,520,550,610,620,630,640,640,38554,0,400.0,446.7938609534694,32.33849999924132,9973.895099999936,2856.254162992167
1746383171,2000,,Aggregated,1246.800000,0.000000,360,430,460,480,520,560,590,620,630,640,640,426048,11,400.0,434.8141195283096,26.804099999935715,9982.970299999579,2906.7372526100344
1746383172,2000,GET,GET /pastes/:slug,1099.800000,0.000000,330,380,430,450,490,530,560,580,630,630,630,388555,11,400.0,433.0088348699672,26.804099999935715,9982.970299999579,2911.758806346592
1746383172,2000,POST,POST /pastes,108.200000,0.000000,330,380,410,440,490,520,550,570,630,630,630,38668,0,400.0,446.12351943726213,32.33849999924132,9973.895099999936,2856.1082807489397
1746383172,2000,,Aggregated,1208.000000,0.000000,330,380,430,450,490,530,560,580,630,630,630,427223,11,400.0,434.1958463905203,26.804099999935715,9982.970299999579,2906.7218712475687
1746383173,2000,GET,GET /pastes/:slug,1100.300000,0.000000,350,400,440,460,500,530,560,580,630,630,630,389673,11,400.0,432.91645096067737,26.804099999935715,9982.970299999579,2911.701801253872
1746383173,2000,POST,POST /pastes,107.300000,0.000000,350,390,430,450,490,520,550,570,630,630,630,38775,0,400.0,446.0001138852361,32.33849999924132,9973.895099999936,2856.2354352030948
1746383173,2000,,Aggregated,1207.600000,0.000000,350,400,440,460,500,530,560,580,630,630,630,428448,11,400.0,434.1005363803712,26.804099999935715,9982.970299999579,2906.6820360930615
1746383174,2000,GET,GET /pastes/:slug,1143.500000,0.000000,360,400,440,460,500,540,580,600,650,690,690,390890,11,400.0,432.9005293550618,26.804099999935715,9982.970299999579,2911.6277060042466
1746383174,2000,POST,POST /pastes,110.800000,0.000000,360,400,440,450,500,530,570,600,650,650,650,38907,0,400.0,445.9474419461793,32.33849999924132,9973.895099999936,2856.3220757190225
1746383174,2000,,Aggregated,1254.300000,0.000000,360,400,440,460,500,540,580,600,650,690,690,429797,11,400.0,434.0815897816814,26.804099999935715,9982.970299999579,2906.621211874443
1746383175,2000,GET,GET /pastes/:slug,1103.000000,0.000000,350,390,430,450,500,540,610,650,720,760,760,391551,11,400.0,432.9837614663224,26.804099999935715,9982.970299999579,2911.5360246813316
1746383175,2000,POST,POST /pastes,105.800000,0.000000,350,390,430,450,500,540,600,640,720,730,730,38978,0,400.0,446.0233913361383,32.33849999924132,9973.895099999936,2856.2985017189185
1746383175,2000,,Aggregated,1208.800000,0.000000,350,390,430,450,500,540,610,650,720,760,760,430529,11,400.0,434.16430608251073,26.804099999935715,9982.970299999579,2906.5350882286675
1746383176,2000,GET,GET /pastes/:slug,1102.400000,0.000000,380,440,470,490,570,720,790,810,850,860,860,392930,11,400.0,433.6391470608003,26.804099999935715,9982.970299999579,2911.5614409691293
1746383176,2000,POST,POST /pastes,108.100000,0.000000,380,450,490,510,590,760,800,830,860,870,870,39133,0,400.0,446.82915624664594,32.33849999924132,9973.895099999936,2856.0479646334297
1746383176,2000,,Aggregated,1210.500000,0.000000,380,440,470,490,570,720,790,810,860,860,870,432063,11,400.0,434.83379837199107,26.804099999935715,9982.970299999579,2906.5334499829887
1746383177,2000,GET,GET /pastes/:slug,1110.200000,0.000000,370,430,460,490,570,720,790,810,850,860,860,394011,11,400.0,432.8839791239326,26.804099999935715,9982.970299999579,2911.6538954496195
1746383177,2000,POST,POST /pastes,111.200000,0.000000,370,430,470,510,590,760,800,830,860,870,870,39256,0,400.0,445.9786885826369,32.33849999924132,9973.895099999936,2856.398614224577
1746383177,2000,,Aggregated,1221.400000,0.000000,370,430,460,500,580,720,790,810,860,860,870,433267,11,400.0,434.0704205434462,26.804099999935715,9982.970299999579,2906.6475106574007
1746383178,2000,GET,GET /pastes/:slug,1049.000000,0.000000,370,430,470,500,600,720,790,810,850,860,860,395065,11,400.0,432.8640291663395,26.804099999935715,9982.970299999579,2911.8580917064282
1746383178,2000,POST,POST /pastes,106.600000,0.000000,380,430,490,530,610,760,800,830,860,870,870,39350,0,400.0,445.9069509911054,32.33849999924132,9973.895099999936,2855.9783227445996
1746383178,2000,,Aggregated,1155.600000,0.000000,370,430,470,510,600,720,790,810,860,860,870,434415,11,400.0,434.045477720837,26.804099999935715,9982.970299999579,2906.7964135676716
1746383179,2000,GET,GET /pastes/:slug,1105.100000,0.000000,380,450,490,510,600,720,790,810,850,860,860,396415,11,400.0,432.7819481926758,26.804099999935715,9982.970299999579,2912.0259626906145
1746383179,2000,POST,POST /pastes,112.600000,0.000000,390,450,500,530,610,760,800,830,860,870,870,39502,0,400.0,445.7430292238364,32.33849999924132,9973.895099999936,2855.7256088299328
1746383179,2000,,Aggregated,1217.700000,0.000000,380,450,490,520,600,720,790,810,860,860,870,435917,11,400.0,433.956457612796,26.804099999935715,9982.970299999579,2906.924127758266
1746383180,2000,GET,GET /pastes/:slug,1079.600000,0.000000,360,440,490,510,600,720,790,810,850,860,860,397548,11,400.0,432.02499698099143,26.804099999935715,9982.970299999579,2911.8649697646574
1746383180,2000,POST,POST /pastes,111.300000,0.000000,370,450,500,530,610,760,800,830,860,870,870,39600,0,400.0,445.0612332878791,32.33849999924132,9973.895099999936,2855.5808333333334
1746383180,2000,,Aggregated,1190.900000,0.000000,370,440,490,510,600,720,790,810,860,860,870,437148,11,400.0,433.2059127297774,26.804099999935715,9982.970299999579,2906.766349154062
1746383181,2000,GET,GET /pastes/:slug,1060.400000,0.000000,380,450,490,520,600,720,790,810,850,860,860,398773,11,400.0,431.92787411860684,26.804099999935715,9982.970299999579,2911.944085983755
1746383181,2000,POST,POST /pastes,109.200000,0.000000,380,460,500,530,610,760,800,830,860,870,870,39721,0,400.0,444.9322526195212,32.33849999924132,9973.895099999936,2855.7094484026084
1746383181,2000,,Aggregated,1169.600000,0.000000,380,450,490,520,600,720,790,810,860,860,870,438494,11,400.0,433.10587636819815,26.804099999935715,9982.970299999579,2906.8500686440407
1746383182,2000,GET,GET /pastes/:slug,1095.500000,0.000000,380,450,490,520,600,720,790,810,850,860,860,399944,11,400.0,431.72753452833126,26.804099999935715,9982.970299999579,2912.0371201968273
1746383182,2000,POST,POST /pastes,113.300000,0.000000,390,460,500,530,610,760,800,830,860,870,870,39834,0,400.0,444.7117884972634,32.33849999924132,9973.895099999936,2855.9707787317366
1746383182,2000,,Aggregated,1208.800000,0.000000,380,450,490,520,600,720,790,810,860,860,870,439778,11,400.0,432.90361603444535,26.804099999935715,9982.970299999579,2906.9587701067358
1746383184,2000,GET,GET /pastes/:slug,1093.700000,0.000000,380,450,490,510,600,730,790,810,860,860,860,400815,11,400.0,431.67276288037806,26.804099999935715,9982.970299999579,2912.1705624789493
1746383184,2000,POST,POST /pastes,112.400000,0.000000,390,460,500,530,610,770,800,830,870,870,870,39924,0,400.0,444.6206983668967,32.33849999924132,9973.895099999936,2856.439535116722
1746383184,2000,,Aggregated,1206.100000,0.000000,390,450,490,510,600,730,790,820,860,860,870,440739,11,400.0,432.84564155996185,26.804099999935715,9982.970299999579,2907.122210650748
1746383185,2000,GET,GET /pastes/:slug,1095.800000,0.000000,390,450,480,500,580,610,730,780,840,860,860,401855,11,400.0,431.88172296549425,26.804099999935715,9982.970299999579,2912.1417202722373
1746383185,2000,POST,POST /pastes,113.200000,0.000000,390,460,490,510,590,620,780,800,830,830,830,40024,0,400.0,444.7957547696378,32.33849999924132,9973.895099999936,2856.37574955027
1746383185,2000,,Aggregated,1209.000000,0.000000,390,450,480,500,580,610,760,790,840,860,860,441879,11,400.0,433.05143505619435,26.804099999935715,9982.970299999579,2907.0906153041897
1746383186,2000,GET,GET /pastes/:slug,1070.600000,0.000000,400,460,500,530,600,640,690,700,720,730,730,402835,11,400.0,432.33144794369497,26.804099999935715,9982.970299999579,2912.0760708478656
1746383186,2000,POST,POST /pastes,109.900000,0.000000,390,460,500,520,600,650,690,700,730,730,730,40119,0,400.0,445.1949844612275,32.33849999924132,9973.895099999936,2856.1401829557067
1746383186,2000,,Aggregated,1180.500000,0.000000,400,460,500,530,600,640,690,700,720,730,730,442954,11,400.0,433.4965175029364,26.804099999935715,9982.970299999579,2907.00987461452
1746383187,2000,GET,GET /pastes/:slug,1064.200000,0.000000,420,480,520,550,620,680,700,720,730,750,750,404139,11,400.0,432.5323269857603,26.804099999935715,9982.970299999579,2912.022494735722
1746383187,2000,POST,POST /pastes,108.500000,0.000000,420,480,520,550,630,690,710,730,740,740,740,40236,0,400.0,445.35821737498753,32.33849999924132,9973.895099999936,2856.1920668058456
1746383187,2000,,Aggregated,1172.700000,0.000000,420,480,520,550,630,680,700,720,730,750,750,444375,11,400.0,433.69364912516545,26.804099999935715,9982.970299999579,2906.9673203938114
1746383188,2000,GET,GET /pastes/:slug,1089.500000,0.000000,390,460,500,520,600,680,700,720,730,750,750,405329,11,400.0,431.8574226497444,26.804099999935715,9982.970299999579,2911.986786042943
1746383188,2000,POST,POST /pastes,109.700000,0.000000,390,460,500,520,600,680,710,730,740,740,740,40355,0,400.0,444.63028473547297,32.33849999924132,9973.895099999936,2856.6899516788503
1746383188,2000,,Aggregated,1199.200000,0.000000,390,460,500,520,600,680,700,720,730,750,750,445684,11,400.0,433.0139569867787,26.804099999935715,9982.970299999579,2906.9798669012125
1746383189,2000,GET,GET /pastes/:slug,1063.600000,0.000000,410,480,530,560,650,690,700,720,730,750,750,406204,11,400.0,432.0731531306884,26.804099999935715,9982.970299999579,2912.0036631840157
1746383189,2000,POST,POST /pastes,104.100000,0.000000,410,480,530,570,660,690,710,730,740,740,740,40458,0,400.0,444.8296073384747,32.33849999924132,9973.895099999936,2856.911834495032
1746383189,2000,,Aggregated,1167.700000,0.000000,410,480,530,560,650,690,710,720,730,750,750,446662,11,400.0,433.2286143616322,26.804099999935715,9982.970299999579,2907.013524768169
1746383190,2000,GET,GET /pastes/:slug,1085.300000,0.000000,440,510,540,570,650,690,700,720,730,750,750,407576,11,400.0,432.168428892274,26.804099999935715,9982.970299999579,2911.9200541739456
1746383190,2000,POST,POST /pastes,105.500000,0.000000,440,500,540,570,660,690,710,730,740,740,740,40606,0,400.0,444.93258051026925,32.33849999924132,9973.895099999936,2856.8227355563217
1746383190,2000,,Aggregated,1190.800000,0.000000,440,510,540,570,650,690,700,720,730,750,750,448182,11,400.0,433.32488127232835,26.804099999935715,9982.970299999579,2906.9281497248885
1746383191,2000,GET,GET /pastes/:slug,1053.400000,0.000000,430,500,550,570,650,690,700,720,730,750,750,408689,11,400.0,431.4605932449804,26.804099999935715,9982.970299999579,2912.0850255328623
1746383191,2000,POST,POST /pastes,103.400000,0.000000,430,500,540,570,660,690,710,730,740,740,740,40726,0,400.0,444.1250576953297,32.33849999924132,9973.895099999936,2856.4435004665324
1746383191,2000,,Aggregated,1156.800000,0.000000,430,500,550,570,650,690,700,720,730,750,750,449415,11,400.0,432.6082473713497,26.804099999935715,9982.970299999579,2907.04278895898
1746383192,2000,GET,GET /pastes/:slug,1049.100000,0.000000,450,520,560,580,650,690,700,720,730,750,750,409683,11,400.0,431.56650244749585,26.804099999935715,9982.970299999579,2912.0506000981245
1746383192,2000,POST,POST /pastes,105.400000,0.000000,450,520,550,580,660,690,710,730,740,740,740,40832,0,400.0,444.2115076190244,32.33849999924132,9973.895099999936,2856.22695434953
1746383192,2000,,Aggregated,1154.500000,0.000000,450,520,560,580,650,690,700,720,730,750,750,450515,11,400.0,432.71257050552106,26.804099999935715,9982.970299999579,2906.991076878683
1746383193,2000,GET,GET /pastes/:slug,1064.400000,0.000000,460,530,560,570,650,680,700,720,730,750,750,411039,11,400.0,431.4363475334398,26.804099999935715,9982.970299999579,2911.911915900924
1746383193,2000,POST,POST /pastes,108.200000,0.000000,460,520,560,580,660,680,710,730,730,740,740,40954,0,400.0,444.0712841383014,32.33849999924132,9973.895099999936,2856.575181911413
1746383193,2000,,Aggregated,1172.600000,0.000000,460,530,560,570,650,680,700,720,730,750,750,451993,11,400.0,432.5811687888858,26.804099999935715,9982.970299999579,2906.897987358211
1746383194,2000,GET,GET /pastes/:slug,1041.400000,0.000000,400,510,540,570,650,680,700,720,730,750,750,412026,11,400.0,431.15688889826686,26.804099999935715,9982.970299999579,2911.8687194497434
1746383194,2000,POST,POST /pastes,105.600000,0.000000,400,500,540,560,650,680,710,730,730,740,740,41077,0,400.0,443.65512317598655,32.33849999924132,9973.895099999936,2856.592740463033
1746383194,2000,,Aggregated,1147.000000,0.000000,400,510,540,570,650,680,700,720,730,750,750,453103,11,400.0,432.28994246318103,26.804099999935715,9982.970299999579,2906.8575599808432
1746383195,2000,GET,GET /pastes/:slug,1063.500000,0.000000,400,490,530,540,610,660,700,710,730,750,750,413004,11,400.0,431.32990998440164,26.804099999935715,9982.970299999579,2911.737685349294
1746383195,2000,POST,POST /pastes,108.100000,0.000000,400,490,530,540,620,660,700,730,730,740,740,41179,0,400.0,443.8154495568129,32.33849999924132,9973.895099999936,2856.723961242381
1746383195,2000,,Aggregated,1171.600000,0.000000,400,490,530,540,620,660,700,710,730,750,750,454183,11,400.0,432.46192512818664,26.804099999935715,9982.970299999579,2906.7498056950612
1746383196,2000,GET,GET /pastes/:slug,1071.400000,0.000000,380,470,520,540,580,620,660,670,710,720,730,414223,11,400.0,431.3160462871402,26.804099999935715,9982.970299999579,2911.7643515690825
1746383196,2000,POST,POST /pastes,110.300000,0.000000,390,480,520,540,590,630,660,670,700,700,700,41304,0,400.0,443.8207218235524,32.33849999924132,9973.895099999936,2856.264356963006
1746383196,2000,,Aggregated,1181.700000,0.000000,380,470,520,540,580,620,660,670,710,720,730,455527,11,400.0,432.44988274107874,26.804099999935715,9982.970299999579,2906.7320005180813
1746383197,2000,GET,GET /pastes/:slug,1066.100000,0.000000,390,470,520,540,580,620,660,670,710,720,730,415461,11,400.0,430.9247850568356,26.804099999935715,9982.970299999579,2911.9439032785267
1746383197,2000,POST,POST /pastes,110.200000,0.000000,400,480,520,540,590,630,660,670,700,700,700,41417,0,400.0,443.42525883332917,32.33849999924132,9973.895099999936,2855.766013955622
1746383197,2000,,Aggregated,1176.300000,0.000000,390,470,520,540,580,620,660,670,710,720,730,456878,11,400.0,432.0579806197611,26.804099999935715,9982.970299999579,2906.851253507501
1746383198,2000,GET,GET /pastes/:slug,1094.900000,0.000000,380,470,510,530,570,610,660,670,710,720,730,416432,11,400.0,430.77543011199396,26.804099999935715,9982.970299999579,2911.809423867522
1746383198,2000,POST,POST /pastes,115.000000,0.000000,400,480,520,540,580,620,660,670,700,700,700,41518,0,400.0,443.2800599474926,32.33849999924132,9973.895099999936,2855.3336625078277
1746383198,2000,,Aggregated,1209.900000,0.000000,380,470,520,540,570,610,660,670,710,720,730,457950,11,400.0,431.9091067612074,26.804099999935715,9982.970299999579,2906.689300141937
1746383199,2000,GET,GET /pastes/:slug,1084.100000,0.000000,370,470,510,530,570,610,660,680,700,710,710,417501,11,400.0,431.1221941964174,26.804099999935715,9982.970299999579,2911.7639311043567
1746383199,2000,POST,POST /pastes,114.100000,0.000000,390,470,510,530,580,620,660,680,700,710,710,41639,0,400.0,443.62953885780144,32.33849999924132,9973.895099999936,2855.1064386752805
1746383199,2000,,Aggregated,1198.200000,0.000000,370,470,510,530,570,610,660,680,700,710,710,459140,11,400.0,432.2564742076395,26.804099999935715,9982.970299999579,2906.625713290064
1746383200,2000,GET,GET /pastes/:slug,1084.000000,0.000000,390,470,510,530,570,610,660,680,700,710,710,418745,11,400.0,430.9007324256976,26.804099999935715,9982.970299999579,2911.6372207429345
1746383200,2000,POST,POST /pastes,113.200000,0.000000,410,480,510,530,580,620,660,680,700,710,710,41753,0,400.0,443.4284410485467,32.33849999924132,9973.895099999936,2854.9729839771994
1746383200,2000,,Aggregated,1197.200000,0.000000,390,470,510,530,570,610,660,680,700,710,710,460498,11,400.0,432.03661014531235,26.804099999935715,9982.970299999579,2906.4995179132156
1746383201,2000,GET,GET /pastes/:slug,1100.400000,0.000000,370,450,490,510,570,610,660,680,700,710,710,420022,11,400.0,430.4579147544631,26.804099999935715,9982.970299999579,2911.728792777521
1746383201,2000,POST,POST /pastes,116.000000,0.000000,390,460,500,520,580,620,660,680,700,710,710,41871,0,400.0,442.97186815456917,32.33849999924132,9973.895099999936,2854.8534546583555
1746383201,2000,,Aggregated,1216.400000,0.000000,370,450,500,510,570,610,660,680,700,710,710,461893,11,400.0,431.59231545508715,26.804099999935715,9982.970299999579,2906.572994178305
1746383202,2000,GET,GET /pastes/:slug,1096.200000,0.000000,350,410,460,500,560,610,660,680,700,710,710,421041,11,400.0,430.26823727855333,26.804099999935715,9982.970299999579,2911.607142772319
1746383202,2000,POST,POST /pastes,112.100000,0.000000,360,420,480,510,570,610,660,680,700,710,710,41990,0,400.0,442.73072459394973,32.33849999924132,9973.895099999936,2854.663729459395
1746383202,2000,,Aggregated,1208.300000,0.000000,350,410,460,500,560,610,660,680,700,710,710,463031,11,400.0,431.3983988495307,26.804099999935715,9982.970299999579,2906.443225183627
1746383203,2000,GET,GET /pastes/:slug,1077.800000,0.000000,370,430,480,500,560,610,660,680,700,710,710,422009,11,400.0,430.29670910762496,26.804099999935715,9982.970299999579,2911.64561656268
1746383203,2000,POST,POST /pastes,109.900000,0.000000,390,450,490,510,570,620,660,680,700,710,710,42077,0,400.0,442.74319904936044,32.33849999924132,9973.895099999936,2855.1338973786155
1746383203,2000,,Aggregated,1187.700000,0.000000,370,440,480,500,560,610,660,680,700,710,710,464086,11,400.0,431.4251873579415,26.804099999935715,9982.970299999579,2906.521903267929
1746383204,2000,GET,GET /pastes/:slug,1092.000000,0.000000,390,460,490,510,600,670,700,730,780,780,780,423183,11,400.0,430.7048073925472,26.804099999935715,9982.970299999579,2911.656548112755
1746383204,2000,POST,POST /pastes,110.900000,0.000000,410,480,500,520,610,670,710,740,770,770,770,42216,0,400.0,443.16392893689425,32.33849999924132,9973.895099999936,2856.0190212241805
1746383204,2000,,Aggregated,1202.900000,0.000000,390,460,500,510,600,670,700,730,780,780,780,465399,11,400.0,431.83496511766964,26.804099999935715,9982.970299999579,2906.609709088331
1746383205,2000,GET,GET /pastes/:slug,1064.500000,0.000000,380,440,480,500,590,670,700,730,780,780,780,424292,11,400.0,430.6785057646633,26.804099999935715,9982.970299999579,2911.636472052266
1746383205,2000,POST,POST /pastes,108.700000,0.000000,390,460,490,510,620,670,710,740,770,770,770,42334,0,400.0,443.122462332875,32.33849999924132,9973.895099999936,2856.08860490386
1746383205,2000,,Aggregated,1173.200000,0.000000,380,450,480,500,590,670,700,740,780,780,780,466626,11,400.0,431.80746655415385,26.804099999935715,9982.970299999579,2906.596968450108
1746383207,2000,GET,GET /pastes/:slug,1068.700000,0.000000,420,480,510,520,640,680,730,750,780,780,780,425150,11,400.0,430.8126458377069,26.804099999935715,9982.970299999579,2911.692075737975
1746383207,2000,POST,POST /pastes,109.200000,0.000000,430,490,510,530,640,690,740,750,770,770,770,42411,0,400.0,443.20966130484845,32.33849999924132,9973.895099999936,2855.962533305039
1746383207,2000,,Aggregated,1177.900000,0.000000,420,480,510,530,640,680,730,750,780,780,780,467561,11,400.0,431.9371404447746,26.804099999935715,9982.970299999579,2906.6370227628054
1746383208,2000,GET,GET /pastes/:slug,1061.300000,0.000000,430,490,580,630,700,740,770,790,810,820,820,426226,11,400.0,431.48620702866776,26.804099999935715,9982.970299999579,2911.5950598978006
1746383208,2000,POST,POST /pastes,107.400000,0.000000,440,490,560,620,690,740,770,790,810,810,810,42505,0,400.0,443.75825890836137,32.33849999924132,9973.895099999936,2855.7157510881075
1746383208,2000,,Aggregated,1168.700000,0.000000,430,490,580,630,700,740,770,790,810,820,820,468731,11,400.0,432.59904907484076,26.804099999935715,9982.970299999579,2906.5278677962415
1746383209,2000,GET,GET /pastes/:slug,1023.400000,0.000000,440,510,580,630,710,740,770,790,810,820,820,427115,11,400.0,431.79230345527685,26.804099999935715,9982.970299999579,2911.695749388338
1746383209,2000,POST,POST /pastes,103.900000,0.000000,440,500,560,620,700,740,770,790,810,810,810,42592,0,400.0,444.0244026014255,32.33849999924132,9973.895099999936,2856.0611382419233
1746383209,2000,,Aggregated,1127.300000,0.000000,440,510,570,630,710,740,770,790,810,820,820,469707,11,400.0,432.9014833628175,26.804099999935715,9982.970299999579,2906.6509249383125
1746383210,2000,GET,GET /pastes/:slug,1008.100000,0.000000,480,570,630,660,710,750,780,800,850,880,880,427977,11,400.0,432.2273105250993,26.804099999935715,9982.970299999579,2911.7176437051526
1746383210,2000,POST,POST /pastes,102.800000,0.000000,480,560,620,660,710,760,790,840,850,850,850,42671,0,400.0,444.40974488059646,32.33849999924132,9973.895099999936,2855.9902744252536
1746383210,2000,,Aggregated,1110.900000,0.000000,480,570,630,660,710,750,780,800,850,880,880,470648,11,400.0,433.33182314680784,26.804099999935715,9982.970299999579,2906.6651574000102
1746383211,2000,GET,GET /pastes/:slug,1019.300000,0.000000,540,630,670,690,760,900,960,980,1000,1000,1000,429254,11,400.0,433.153495586298,26.804099999935715,9982.970299999579,2911.585699842052
1746383211,2000,POST,POST /pastes,101.600000,0.000000,530,630,670,690,780,910,960,970,1000,1000,1000,42797,0,410.0,445.3494365796659,32.33849999924132,9973.895099999936,2856.0458443348834
1746383211,2000,,Aggregated,1120.900000,0.000000,540,630,670,690,770,900,960,980,1000,1000,1000,472051,11,400.0,434.2592017212107,26.804099999935715,9982.970299999579,2906.550355787828
1746383212,2000,GET,GET /pastes/:slug,972.900000,0.000000,540,630,670,690,760,890,960,980,1000,1000,1000,430524,11,400.0,432.70075422322725,26.804099999935715,9982.970299999579,2911.632673207533
1746383212,2000,POST,POST /pastes,96.400000,0.000000,530,620,670,690,770,900,960,970,1000,1000,1000,42924,0,400.0,444.86083833752645,32.33849999924132,9973.895099999936,2856.1544124499114
1746383212,2000,,Aggregated,1069.300000,0.000000,540,630,670,690,760,890,960,980,1000,1000,1000,473448,11,400.0,433.8032183808976,26.804099999935715,9982.970299999579,2906.6028729659856
1746383213,2000,GET,GET /pastes/:slug,1004.500000,0.000000,550,630,670,690,760,890,960,980,1000,1000,1000,431368,11,400.0,432.688624756126,26.804099999935715,9982.970299999579,2911.6841443964317
1746383213,2000,POST,POST /pastes,99.600000,0.000000,540,630,670,690,780,910,960,970,1000,1000,1000,42997,0,400.0,444.8179668279177,32.33849999924132,9973.895099999936,2855.807033048817
1746383213,2000,,Aggregated,1104.100000,0.000000,550,630,670,690,760,890,960,980,1000,1000,1000,474365,11,400.0,433.7880425484575,26.804099999935715,9982.970299999579,2906.6193774835833
1746383214,2000,GET,GET /pastes/:slug,1016.900000,0.000000,550,620,660,680,750,890,960,980,1000,1000,1000,432672,11,400.0,433.015225644602,26.804099999935715,9982.970299999579,2911.575690130168
1746383214,2000,POST,POST /pastes,101.500000,0.000000,550,620,660,680,780,910,960,970,1000,1000,1000,43129,0,410.0,445.1343899232528,32.33849999924132,9973.895099999936,2854.7793132231213
1746383214,2000,,Aggregated,1118.400000,0.000000,550,620,660,680,750,890,960,980,1000,1000,1000,475801,11,400.0,434.11376775815876,26.804099999935715,9982.970299999579,2906.427380354392
1746383215,2000,GET,GET /pastes/:slug,986.700000,0.000000,550,620,660,680,750,890,960,980,1000,1000,1000,433537,11,400.0,432.8168590720073,26.804099999935715,9982.970299999579,2911.545609717279
1746383215,2000,POST,POST /pastes,97.300000,0.000000,550,620,660,680,780,910,960,970,1000,1000,1000,43211,0,410.0,444.95337288884724,32.33849999924132,9973.895099999936,2854.85101015945
1746383215,2000,,Aggregated,1084.000000,0.000000,550,620,660,680,760,890,960,980,1000,1000,1000,476748,11,400.0,433.9168760590485,26.804099999935715,9982.970299999579,2906.4069823051173
1746383216,2000,GET,GET /pastes/:slug,1010.100000,0.000000,560,640,680,700,760,890,960,980,1000,1000,1000,434644,11,400.0,433.23236061098515,26.804099999935715,9982.970299999579,2911.53406235908
1746383216,2000,POST,POST /pastes,99.500000,0.000000,560,640,680,700,780,910,960,970,1000,1000,1000,43311,0,410.0,445.28634069866723,32.33849999924132,9973.895099999936,2855.067073029946
1746383216,2000,,Aggregated,1109.600000,0.000000,560,640,680,700,760,890,960,980,1000,1000,1000,477955,11,400.0,434.32465995208605,26.804099999935715,9982.970299999579,2906.417175257085
1746383217,2000,GET,GET /pastes/:slug,1013.000000,0.000000,520,590,640,670,720,880,960,980,1000,1000,1000,435911,11,400.0,433.0896820763896,26.804099999935715,9982.970299999579,2911.3207076673907
1746383217,2000,POST,POST /pastes,97.100000,0.000000,530,580,640,670,720,900,960,970,1000,1000,1000,43448,0,410.0,445.15940928466205,32.33849999924132,9973.895099999936,2855.3015328668753
1746383217,2000,,Aggregated,1110.100000,0.000000,520,590,640,670,720,880,960,980,1000,1000,1000,479359,11,400.0,434.18365445980885,26.804099999935715,9982.970299999579,2906.243258184367
1746383218,2000,GET,GET /pastes/:slug,971.200000,0.000000,510,580,630,660,710,880,960,980,1000,1000,1000,436708,11,400.0,433.1239832102944,26.804099999935715,9982.970299999579,2911.31053701787
1746383218,2000,POST,POST /pastes,92.200000,0.000000,510,580,630,660,720,900,960,970,1000,1000,1000,43529,0,410.0,445.1882540697008,32.33849999924132,9973.895099999936,2855.187828803786
1746383218,2000,,Aggregated,1063.400000,0.000000,510,580,630,660,710,890,960,980,1000,1000,1000,480237,11,400.0,434.2174967176617,26.804099999935715,9982.970299999579,2906.2235375450036
1746383219,2000,GET,GET /pastes/:slug,1028.100000,0.000000,490,580,640,670,770,870,960,980,1000,1000,1000,438097,11,400.0,433.6538291067983,26.804099999935715,9982.970299999579,2911.120224516488
1746383219,2000,POST,POST /pastes,99.100000,0.000000,510,580,640,680,800,890,960,970,990,1000,1000,43665,0,410.0,445.74318951563004,32.33849999924132,9973.895099999936,2855.700103057369
1746383219,2000,,Aggregated,1127.200000,0.000000,490,580,640,670,770,880,960,980,1000,1000,1000,481762,11,400.0,434.7495608628316,26.804099999935715,9982.970299999579,2906.0971641598962
1746383220,2000,GET,GET /pastes/:slug,1021.300000,0.000000,440,530,580,600,700,750,800,820,850,930,930,438894,11,400.0,433.30661855026796,26.804099999935715,9982.970299999579,2911.1737481031864
1746383220,2000,POST,POST /pastes,98.500000,0.000000,440,540,580,620,710,750,810,830,870,870,870,43737,0,410.0,445.3963005921759,32.33849999924132,9973.895099999936,2855.6444886480554
1746383220,2000,,Aggregated,1119.800000,0.000000,440,530,580,610,700,750,800,820,850,870,930,482631,11,400.0,434.4022100548859,26.804099999935715,9982.970299999579,2906.141573997526
1746383221,2000,GET,GET /pastes/:slug,1009.700000,0.000000,470,570,620,670,750,790,830,850,880,930,930,439722,11,400.0,433.79925454378383,26.804099999935715,9982.970299999579,2911.3603435807167
1746383221,2000,POST,POST /pastes,98.100000,0.000000,480,580,630,670,760,800,850,870,890,890,890,43832,0,410.0,445.91764380817636,32.33849999924132,9973.895099999936,2855.608573644826
1746383221,2000,,Aggregated,1107.800000,0.000000,470,570,630,670,750,790,830,850,890,890,930,483554,11,400.0,434.897732145531,26.804099999935715,9982.970299999579,2906.306695839555
1746383222,2000,GET,GET /pastes/:slug,1057.100000,0.000000,510,590,650,700,770,810,830,850,880,890,930,441172,12,400.0,433.9762746076409,26.804099999935715,9982.970299999579,2911.4871388030065
1746383222,2000,POST,POST /pastes,103.900000,0.000000,510,600,650,700,780,810,850,870,890,890,890,43989,0,410.0,445.903189415536,32.33849999924132,9973.895099999936,2855.0522403328105
1746383222,2000,,Aggregated,1161.000000,0.000000,510,590,650,700,770,810,830,850,880,890,930,485161,12,400.0,435.0576745047532,26.804099999935715,9982.970299999579,2906.3702502880487
1746383223,2000,GET,GET /pastes/:slug,990.800000,0.000000,440,570,640,700,770,810,830,850,880,890,890,442012,12,400.0,433.534942653146,26.804099999935715,9982.970299999579,2911.45958254527
1746383223,2000,POST,POST /pastes,97.300000,0.000000,440,560,640,700,780,810,850,870,890,890,890,44084,0,410.0,445.36022076944056,32.33849999924132,9973.895099999936,2855.1433626712637
1746383223,2000,,Aggregated,1088.100000,0.000000,440,560,640,700,770,810,830,850,880,890,890,486096,12,400.0,434.6073760006269,26.804099999935715,9982.970299999579,2906.3522699219907
1746383224,2000,GET,GET /pastes/:slug,1000.500000,0.100000,480,610,700,740,810,860,1000,1000,1100,1100,1100,443054,12,400.0,434.18836841243353,26.804099999935715,9982.970299999579,2911.4899019081195
1746383224,2000,POST,POST /pastes,98.600000,0.000000,480,600,680,720,800,830,890,950,1000,1000,1000,44189,0,410.0,445.77473330466887,32.33849999924132,9973.895099999936,2854.897010568241
1746383224,2000,,Aggregated,1099.100000,0.100000,480,610,700,740,810,860,990,1000,1100,1100,1100,487243,12,400.0,435.2391580147905,26.804099999935715,9982.970299999579,2906.3573843031095
1746383225,2000,GET,GET /pastes/:slug,1044.300000,0.100000,490,630,710,750,810,860,990,1000,1100,1100,1100,444333,12,400.0,434.2807992973788,26.804099999935715,9982.970299999579,2911.575581827143
1746383225,2000,POST,POST /pastes,105.600000,0.000000,480,610,680,720,790,820,890,950,1000,1000,1000,44299,0,410.0,445.75900279690245,32.33849999924132,9973.895099999936,2855.141989661166
1746383225,2000,,Aggregated,1149.900000,0.100000,480,620,710,750,810,860,980,1000,1100,1100,1100,488632,12,400.0,435.32140436790945,26.804099999935715,9982.970299999579,2906.4593559161085
1746383226,2000,GET,GET /pastes/:slug,996.100000,0.100000,430,590,680,750,820,870,1000,1000,1100,1100,1100,445192,12,400.0,434.0816049920079,26.804099999935715,9982.970299999579,2911.631085015005
1746383226,2000,POST,POST /pastes,102.000000,0.000000,430,580,650,710,800,830,890,960,1000,1000,1000,44389,0,410.0,445.4994611209978,32.33849999924132,9973.895099999936,2855.315641262475
1746383226,2000,,Aggregated,1098.100000,0.100000,430,590,670,750,810,870,990,1000,1100,1100,1100,489581,12,400.0,435.1168314728313,26.804099999935715,9982.970299999579,2906.52511433246
1746383227,2000,GET,GET /pastes/:slug,1011.900000,0.100000,520,630,710,750,810,870,990,1000,1100,1100,1100,446354,12,400.0,434.6041932923251,26.804099999935715,9982.970299999579,2911.781552310498
1746383227,2000,POST,POST /pastes,103.100000,0.000000,500,620,680,730,790,830,890,950,1000,1000,1000,44506,0,410.0,445.99053041612325,32.33849999924132,9973.895099999936,2855.454747674471
1746383227,2000,,Aggregated,1115.000000,0.100000,520,630,710,750,810,860,990,1000,1100,1100,1100,490860,12,400.0,435.6365860724049,26.804099999935715,9982.970299999579,2906.674432628448
1746383228,2000,GET,GET /pastes/:slug,1058.200000,0.100000,440,590,670,730,800,860,990,1000,1100,1100,1100,447539,12,400.0,434.21049178642056,26.804099999935715,9982.970299999579,2911.796913788519
1746383228,2000,POST,POST /pastes,106.800000,0.000000,440,580,650,690,780,820,880,950,1000,1000,1000,44629,0,410.0,445.5845316027689,32.33849999924132,9973.895099999936,2855.701449729996
1746383228,2000,,Aggregated,1165.000000,0.100000,440,590,670,720,800,860,980,1000,1100,1100,1100,492168,12,400.0,435.24187136201664,26.804099999935715,9982.970299999579,2906.7102676321906
1746383230,2000,GET,GET /pastes/:slug,1032.000000,0.100000,520,620,720,760,830,920,1000,1000,1100,1100,1100,447961,12,400.0,434.5521902107619,26.804099999935715,9982.970299999579,2911.8318090190887
1746383230,2000,POST,POST /pastes,105.100000,0.000000,500,610,690,730,810,890,980,1000,1000,1000,1000,44683,0,410.0,446.06483063804956,32.33849999924132,9973.895099999936,2856.1626569388804
1746383230,2000,,Aggregated,1137.100000,0.100000,520,620,710,760,830,920,1000,1000,1100,1100,1100,492644,12,400.0,435.5963911189444,26.804099999935715,9982.970299999579,2906.782595545668
1746383231,2000,GET,GET /pastes/:slug,1040.200000,0.100000,510,620,750,860,1000,1100,1100,1200,1200,1200,1200,449080,12,400.0,436.0612471423867,26.804099999935715,9982.970299999579,2911.8131491048366
1746383231,2000,POST,POST /pastes,106.400000,0.000000,490,600,700,770,980,1100,1100,1200,1200,1200,1200,44789,0,410.0,447.48469187746946,32.33849999924132,9973.895099999936,2856.2942017013106
1746383231,2000,,Aggregated,1146.600000,0.100000,510,610,750,850,1000,1100,1100,1200,1200,1200,1200,493869,12,400.0,437.09723981703894,26.804099999935715,9982.970299999579,2906.7781334726415
1746383232,2000,GET,GET /pastes/:slug,940.700000,0.100000,540,700,840,900,1100,1100,1200,1200,1200,1200,1200,450299,12,400.0,436.5518458955109,26.804099999935715,9982.970299999579,2911.639270795627
1746383232,2000,POST,POST /pastes,96.700000,0.000000,530,670,810,890,1100,1100,1200,1200,1200,1200,1200,44909,0,410.0,448.0433374891443,32.33849999924132,9973.895099999936,2856.661894052417
1746383232,2000,,Aggregated,1037.400000,0.100000,540,690,830,900,1100,1100,1200,1200,1200,1200,1200,495208,12,400.0,437.59397646686057,26.804099999935715,9982.970299999579,2906.653529426019
1746383233,2000,GET,GET /pastes/:slug,998.200000,0.100000,580,710,840,900,1100,1100,1200,1200,1200,1200,1200,450961,12,400.0,436.9271652797093,26.804099999935715,9982.970299999579,2911.7745148693566
1746383233,2000,POST,POST /pastes,102.600000,0.000000,580,700,820,890,1100,1100,1200,1200,1200,1200,1200,44979,0,410.0,448.4473663487396,32.33849999924132,9973.895099999936,2856.81620311701
1746383233,2000,,Aggregated,1100.800000,0.100000,580,710,840,900,1100,1100,1200,1200,1200,1200,1200,495940,12,400.0,437.9719834510252,26.804099999935715,9982.970299999579,2906.7901016251967
1746383234,2000,GET,GET /pastes/:slug,989.700000,0.000000,590,700,850,900,1100,1100,1200,1200,1200,1200,1200,452220,12,410.0,437.7777380374664,26.804099999935715,9982.970299999579,2911.8525452213526
1746383234,2000,POST,POST /pastes,101.100000,0.000000,600,730,870,900,1100,1100,1100,1200,1200,1200,1200,45131,0,410.0,449.44070652544724,32.33849999924132,9973.895099999936,2857.0160865037337
1746383234,2000,,Aggregated,1090.800000,0.000000,590,700,850,900,1100,1100,1200,1200,1200,1200,1200,497351,12,410.0,438.83606793090075,26.804099999935715,9982.970299999579,2906.8765338764774
1746383235,2000,GET,GET /pastes/:slug,931.800000,0.000000,580,700,850,900,1100,1100,1200,1200,1200,1200,1200,453420,12,400.0,437.45871634202973,26.804099999935715,9982.970299999579,2911.7918949318514
1746383235,2000,POST,POST /pastes,93.400000,0.000000,600,730,870,900,1100,1100,1100,1200,1200,1200,1200,45245,0,410.0,449.1550320786818,32.33849999924132,9973.895099999936,2857.358094817107
1746383235,2000,,Aggregated,1025.200000,0.000000,590,700,850,900,1100,1100,1200,1200,1200,1200,1200,498665,12,410.0,438.51994944542236,26.804099999935715,9982.970299999579,2906.8529934926255
1746383236,2000,GET,GET /pastes/:slug,991.200000,0.000000,600,700,840,890,1100,1100,1200,1200,1200,1200,1200,454266,12,410.0,437.6943064204753,26.804099999935715,9982.970299999579,2911.7553217718255
1746383236,2000,POST,POST /pastes,100.800000,0.000000,610,730,870,900,1100,1100,1100,1200,1200,1200,1200,45340,0,410.0,449.42286828186957,32.33849999924132,9973.895099999936,2857.1115791795323
1746383236,2000,,Aggregated,1092.000000,0.000000,600,700,840,890,1100,1100,1200,1200,1200,1200,1200,499606,12,410.0,438.7586911452267,26.804099999935715,9982.970299999579,2906.796319499766
1746383237,2000,GET,GET /pastes/:slug,971.100000,0.000000,540,680,830,890,1100,1100,1200,1200,1200,1200,1200,455763,12,410.0,437.6155899392961,26.804099999935715,9982.970299999579,2911.90015863508
1746383237,2000,POST,POST /pastes,100.800000,0.000000,570,700,860,890,1100,1100,1100,1200,1200,1200,1200,45491,0,410.0,449.2922184190273,32.33849999924132,9973.895099999936,2856.9012112285945
1746383237,2000,,Aggregated,1071.900000,0.000000,540,680,830,890,1100,1100,1200,1200,1200,1200,1200,501254,12,410.0,438.6752952108151,26.804099999935715,9982.970299999579,2906.9087628228403
1746383238,2000,GET,GET /pastes/:slug,929.300000,0.000000,540,680,830,890,1100,1100,1200,1200,1200,1200,1200,456668,12,400.0,437.1504757902968,26.804099999935715,9982.970299999579,2911.9014338644265
1746383238,2000,POST,POST /pastes,97.300000,0.000000,570,700,860,890,1100,1100,1100,1200,1200,1200,1200,45588,0,410.0,448.77475009870955,32.33849999924132,9973.895099999936,2856.4791611827673
1746383238,2000,,Aggregated,1026.600000,0.000000,540,680,830,890,1100,1100,1200,1200,1200,1200,1200,502256,12,410.0,438.2055700393859,26.804099999935715,9982.970299999579,2906.870950272371
1746383239,2000,GET,GET /pastes/:slug,993.800000,0.000000,540,660,710,860,1000,1100,1100,1200,1200,1200,1200,457907,12,410.0,437.4988526471601,26.804099999935715,9982.970299999579,2911.71780077614
1746383239,2000,POST,POST /pastes,102.900000,0.000000,560,680,810,880,1000,1100,1100,1200,1200,1200,1200,45692,0,410.0,449.0583617263407,32.33849999924132,9973.895099999936,2856.751006740786
1746383239,2000,,Aggregated,1096.700000,0.000000,540,660,710,860,1000,1100,1100,1200,1200,1200,1200,503599,12,410.0,438.54765752732186,26.804099999935715,9982.970299999579,2906.7306130472857
1746383240,2000,GET,GET /pastes/:slug,967.700000,0.000000,470,580,650,670,830,940,1100,1100,1200,1200,1200,459211,12,400.0,436.9005830692281,26.804099999935715,9982.970299999579,2911.862681860844
1746383240,2000,POST,POST /pastes,101.200000,0.000000,480,610,660,690,870,940,1100,1100,1200,1200,1200,45819,0,410.0,448.4593647722546,32.33849999924132,9973.895099999936,2856.402627730854
1746383240,2000,,Aggregated,1068.900000,0.000000,470,580,650,670,830,940,1100,1100,1200,1200,1200,505030,12,410.0,437.9492570467142,26.804099999935715,9982.970299999579,2906.8310516206957
1746383241,2000,GET,GET /pastes/:slug,942.700000,0.000000,420,540,620,650,700,870,940,960,1000,1000,1000,460139,12,400.0,436.56196612089667,26.804099999935715,9982.970299999579,2911.8162490030186
1746383241,2000,POST,POST /pastes,98.000000,0.000000,430,550,640,660,740,890,930,950,1000,1000,1000,45921,0,410.0,448.0701476209124,32.33849999924132,9973.895099999936,2856.2282615796694
1746383241,2000,,Aggregated,1040.700000,0.000000,420,540,630,650,700,880,940,960,1000,1000,1000,506060,12,400.0,437.60624387978146,26.804099999935715,9982.970299999579,2906.772072481524
1746383242,2000,GET,GET /pastes/:slug,1054.800000,0.000000,420,520,580,620,690,860,930,950,1000,1000,1000,461448,12,400.0,436.64039199607134,26.804099999935715,9982.970299999579,2911.7285739671643
1746383242,2000,POST,POST /pastes,107.100000,0.000000,430,530,580,640,710,880,930,950,1000,1000,1000,46058,0,410.0,448.13023475834626,32.33849999924132,9973.895099999936,2855.7561118589606
1746383242,2000,,Aggregated,1161.900000,0.000000,420,520,580,620,690,860,930,950,1000,1000,1000,507506,12,410.0,437.68313666893005,26.804099999935715,9982.970299999579,2906.6488711463508
1746383243,2000,GET,GET /pastes/:slug,1043.900000,0.000000,350,460,510,540,630,670,690,700,740,770,920,462503,12,400.0,436.12143881186415,26.804099999935715,9982.970299999579,2911.7461811058524
1746383243,2000,POST,POST /pastes,105.700000,0.000000,350,460,510,530,640,680,710,730,760,760,760,46165,0,410.0,447.55227094335385,32.33849999924132,9973.895099999936,2856.037430954186
1746383243,2000,,Aggregated,1149.600000,0.000000,350,460,510,540,630,680,690,700,750,770,920,508668,12,400.0,437.1588627609808,26.804099999935715,9982.970299999579,2906.6902419652897
1746383244,2000,GET,GET /pastes/:slug,1011.800000,0.000000,370,460,520,540,630,670,690,700,740,770,920,463697,12,400.0,436.12614545771027,26.804099999935715,9982.970299999579,2911.6667069228397
1746383244,2000,POST,POST /pastes,104.700000,0.000000,370,470,520,540,640,680,710,730,760,760,760,46310,0,410.0,447.56253104296957,32.33849999924132,9973.895099999936,2855.8950766573093
1746383244,2000,,Aggregated,1116.500000,0.000000,370,460,520,540,630,680,690,700,750,770,920,510007,12,400.0,437.1645998641248,26.804099999935715,9982.970299999579,2906.602493691263
1746383245,2000,GET,GET /pastes/:slug,1091.700000,0.000000,360,430,500,540,630,670,690,700,740,770,920,464808,12,400.0,435.93893800021533,26.804099999935715,9982.970299999579,2911.5451713395637
1746383245,2000,POST,POST /pastes,113.600000,0.000000,360,430,510,540,640,680,710,730,760,760,760,46423,0,410.0,447.3375254033544,32.33849999924132,9973.895099999936,2855.9770157034227
1746383245,2000,,Aggregated,1205.300000,0.000000,360,430,510,540,630,670,690,700,750,770,920,511231,12,400.0,436.9740016466193,26.804099999935715,9982.970299999579,2906.499232245306
1746383246,2000,GET,GET /pastes/:slug,1068.000000,0.000000,350,410,470,520,580,630,660,680,700,770,920,465681,12,400.0,435.94441879656654,26.804099999935715,9982.970299999579,2911.602107451238
1746383246,2000,POST,POST /pastes,108.800000,0.000000,340,410,480,530,580,630,660,680,700,710,710,46509,0,410.0,447.3387868412545,32.33849999924132,9973.895099999936,2856.2067986841257
1746383246,2000,,Aggregated,1176.800000,0.000000,350,410,470,520,580,630,660,680,700,770,920,512190,12,400.0,436.97907520022386,26.804099999935715,9982.970299999579,2906.5719811007634
1746383247,2000,GET,GET /pastes/:slug,1077.200000,0.000000,390,480,550,580,650,800,850,870,890,900,920,466643,12,400.0,436.6399168962226,26.804099999935715,9982.970299999579,2911.5182291387637
1746383247,2000,POST,POST /pastes,110.600000,0.000000,390,490,550,570,650,780,850,870,880,900,900,46611,0,410.0,448.0148848769588,32.33849999924132,9973.895099999936,2856.1204436720946
1746383247,2000,,Aggregated,1187.800000,0.000000,390,480,550,580,650,800,850,870,890,900,920,513254,12,400.0,437.6729310228518,26.804099999935715,9982.970299999579,2906.4872967380675
1746383248,2000,GET,GET /pastes/:slug,1109.600000,0.000000,400,520,570,600,660,790,850,870,890,900,920,467941,12,400.0,436.8668226862022,26.804099999935715,9982.970299999579,2911.5096454467553
1746383248,2000,POST,POST /pastes,113.600000,0.000000,400,530,570,590,660,780,850,860,880,900,900,46745,0,410.0,448.17735765964136,32.33849999924132,9973.895099999936,2855.777708845866
1746383248,2000,,Aggregated,1223.200000,0.000000,400,520,570,600,660,790,850,870,890,900,920,514686,12,410.0,437.89407222734405,26.804099999935715,9982.970299999579,2906.44793913182
1746383250,2000,GET,GET /pastes/:slug,1051.200000,0.000000,390,500,560,580,660,800,860,870,890,900,900,468903,12,400.0,436.4042541035223,26.804099999935715,9982.970299999579,2911.423392471364
1746383250,2000,POST,POST /pastes,108.400000,0.000000,400,520,560,580,650,790,860,870,900,900,900,46827,0,410.0,447.786302744142,32.33849999924132,9973.895099999936,2855.4618702885086
1746383250,2000,,Aggregated,1159.600000,0.000000,390,510,560,580,660,800,860,870,890,900,900,515730,12,400.0,437.4377157824881,26.804099999935715,9982.970299999579,2906.342225583154
1746383251,2000,GET,GET /pastes/:slug,1102.900000,0.000000,410,530,580,620,770,820,860,870,890,900,900,469727,12,400.0,436.82627178830217,26.804099999935715,9982.970299999579,2911.400174995263
1746383251,2000,POST,POST /pastes,114.100000,0.000000,420,540,580,610,760,820,860,870,900,900,900,46899,0,410.0,448.1430839314258,32.33849999924132,9973.895099999936,2855.2402823087914
1746383251,2000,,Aggregated,1217.000000,0.000000,410,530,580,620,770,820,860,870,890,900,900,516626,12,410.0,437.85360524170756,26.804099999935715,9982.970299999579,2906.3020134488006
1746383252,2000,GET,GET /pastes/:slug,1047.100000,0.000000,440,580,650,680,800,830,860,870,890,900,900,471184,12,410.0,437.2944199898646,26.804099999935715,9982.970299999579,2911.147477418588
1746383252,2000,POST,POST /pastes,108.800000,0.000000,470,580,640,670,780,830,860,870,900,900,900,47047,0,410.0,448.55354499755464,32.33849999924132,9973.895099999936,2855.2826747720364
1746383252,2000,,Aggregated,1155.900000,0.000000,440,580,650,680,800,830,860,870,890,900,900,518231,12,410.0,438.3165665890361,26.804099999935715,9982.970299999579,2906.0758561336547
1746383253,2000,GET,GET /pastes/:slug,1012.600000,0.000000,440,590,650,680,800,830,860,870,890,900,900,471970,12,400.0,436.9046662186246,26.804099999935715,9982.970299999579,2911.1073712312223
1746383253,2000,POST,POST /pastes,104.200000,0.000000,460,580,640,670,780,830,860,870,900,900,900,47142,0,410.0,448.0673613677809,32.33849999924132,9973.895099999936,2854.753850070001
1746383253,2000,,Aggregated,1116.800000,0.000000,450,590,650,680,800,830,860,870,890,900,900,519112,12,400.0,437.9183815145915,26.804099999935715,9982.970299999579,2905.9897517298773
1746383254,2000,GET,GET /pastes/:slug,1069.100000,0.000000,530,650,690,740,800,840,860,870,890,900,900,472877,12,410.0,437.3750039851887,26.804099999935715,9982.970299999579,2911.0648223533817
1746383254,2000,POST,POST /pastes,107.800000,0.000000,530,640,680,740,790,830,860,870,900,900,900,47253,0,410.0,448.5767831079494,32.33849999924132,9973.895099999936,2854.8806636615664
1746383254,2000,,Aggregated,1176.900000,0.000000,530,650,690,740,800,830,860,870,890,900,900,520130,12,410.0,438.39266816315626,26.804099999935715,9982.970299999579,2905.960579085998
1746383255,2000,GET,GET /pastes/:slug,1020.000000,0.000000,570,670,730,760,810,840,860,870,890,900,900,474443,12,410.0,437.51125992101095,26.804099999935715,9982.970299999579,2911.210025229585
1746383255,2000,POST,POST /pastes,104.100000,0.000000,570,660,730,760,810,830,860,870,900,900,900,47398,0,410.0,448.73190108021333,32.33849999924132,9973.895099999936,2855.503460061606
1746383255,2000,,Aggregated,1124.100000,0.000000,570,670,730,760,810,840,860,870,890,900,900,521841,12,410.0,438.53041316819224,26.804099999935715,9982.970299999579,2906.1502852401404
1746383256,2000,GET,GET /pastes/:slug,1000.200000,0.000000,550,670,740,760,810,840,860,870,890,900,900,475006,12,400.0,437.3638554795191,26.804099999935715,9982.970299999579,2911.2872911079016
1746383256,2000,POST,POST /pastes,104.500000,0.000000,560,670,740,760,810,830,860,870,900,900,900,47454,0,410.0,448.57572365448516,32.33849999924132,9973.895099999936,2855.1605765583513
1746383256,2000,,Aggregated,1104.700000,0.000000,550,670,740,760,810,840,860,870,890,900,900,522460,12,410.0,438.3822071090662,26.804099999935715,9982.970299999579,2906.1894135436205
1746383257,2000,GET,GET /pastes/:slug,1019.200000,0.000000,560,650,680,710,770,810,840,850,870,890,890,476218,12,410.0,437.8599261233396,26.804099999935715,9982.970299999579,2911.0430622110043
1746383257,2000,POST,POST /pastes,103.700000,0.000000,560,650,690,720,770,810,830,850,880,880,880,47583,0,410.0,449.0781602210861,32.33849999924132,9973.895099999936,2854.8977996343233
1746383257,2000,,Aggregated,1122.900000,0.000000,560,650,680,710,770,810,840,850,870,890,890,523801,12,410.0,438.87901015157064,26.804099999935715,9982.970299999579,2905.9427282498505
1746383258,2000,GET,GET /pastes/:slug,990.500000,0.000000,500,640,680,710,770,810,840,850,870,890,890,477479,12,410.0,437.6202176204704,26.804099999935715,9982.970299999579,2910.947472035419
1746383258,2000,POST,POST /pastes,100.700000,0.000000,500,650,690,720,770,810,830,850,880,880,880,47700,0,410.0,448.79231835848896,32.33849999924132,9973.895099999936,2854.755639412998
1746383258,2000,,Aggregated,1091.200000,0.000000,500,640,680,710,770,810,840,850,870,890,890,525179,12,410.0,438.6349368023148,26.804099999935715,9982.970299999579,2905.8437827864404
1746383259,2000,GET,GET /pastes/:slug,1003.900000,0.000000,530,640,680,710,770,810,840,850,870,890,890,478409,12,410.0,437.51054056989784,26.804099999935715,9982.970299999579,2910.792077490181
1746383259,2000,POST,POST /pastes,100.800000,0.000000,520,640,680,710,770,810,830,850,880,880,880,47795,0,410.0,448.64241352442536,32.33849999924132,9973.895099999936,2854.5983261847473
1746383259,2000,,Aggregated,1104.700000,0.000000,530,640,680,710,770,810,840,850,870,890,890,526204,12,410.0,438.5216462776841,26.804099999935715,9982.970299999579,2905.6880107334796
1746383260,2000,GET,GET /pastes/:slug,1040.400000,0.000000,560,630,660,680,750,790,840,850,870,890,890,479662,12,410.0,437.89362820883133,26.804099999935715,9982.970299999579,2910.557010978564
1746383260,2000,POST,POST /pastes,104.300000,0.000000,560,640,670,690,750,790,830,850,870,880,880,47922,0,410.0,449.0666694420077,32.33849999924132,9973.895099999936,2855.2172488627352
1746383260,2000,,Aggregated,1144.700000,0.000000,560,630,670,680,750,790,840,850,870,890,890,527584,12,410.0,438.90850826958854,26.804099999935715,9982.970299999579,2905.53033829684
1746383261,2000,GET,GET /pastes/:slug,1008.600000,0.000000,420,590,630,650,710,760,800,820,870,880,880,480889,12,410.0,437.3756605341448,26.804099999935715,9982.970299999579,2910.6859420781093
1746383261,2000,POST,POST /pastes,101.300000,0.000000,430,600,640,660,730,760,810,820,860,870,870,48036,0,410.0,448.6047026917293,32.33849999924132,9973.895099999936,2854.954513281705
1746383261,2000,,Aggregated,1109.900000,0.000000,420,590,630,650,710,760,800,820,870,880,880,528925,12,410.0,438.3954615817037,26.804099999935715,9982.970299999579,2905.6245157631042
1746383262,2000,GET,GET /pastes/:slug,1005.500000,0.000000,480,590,630,650,710,760,800,820,870,880,880,481827,12,410.0,437.2759967596351,26.804099999935715,9982.970299999579,2910.645679880953
1746383262,2000,POST,POST /pastes,102.000000,0.000000,500,600,640,660,730,770,810,820,870,870,870,48137,0,410.0,448.47612106072023,32.33849999924132,9973.895099999936,2855.3999626067266
1746383262,2000,,Aggregated,1107.500000,0.000000,480,590,630,650,710,760,800,820,870,880,880,529964,12,410.0,438.29331186684914,26.804099999935715,9982.970299999579,2905.6276728230596
1746383263,2000,GET,GET /pastes/:slug,1084.600000,0.000000,460,570,600,620,680,730,800,820,870,880,880,483031,12,410.0,437.43878732194116,26.804099999935715,9982.970299999579,2910.6865687709483
1746383263,2000,POST,POST /pastes,110.900000,0.000000,460,570,610,630,680,740,810,820,860,870,870,48258,0,410.0,448.5976360810619,32.33849999924132,9973.895099999936,2855.40511417796
1746383263,2000,,Aggregated,1195.500000,0.000000,460,570,600,620,680,730,800,820,870,880,880,531289,12,410.0,438.4523669808762,26.804099999935715,9982.970299999579,2905.665248104139
1746383264,2000,GET,GET /pastes/:slug,1017.200000,0.000000,440,550,580,590,630,670,690,700,750,750,750,484016,12,410.0,437.5350956974648,26.804099999935715,9982.970299999579,2910.52304262669
1746383264,2000,POST,POST /pastes,104.600000,0.000000,450,550,580,590,640,680,700,720,740,740,740,48374,0,410.0,448.7106710691675,32.33849999924132,9973.895099999936,2854.680489519163
1746383264,2000,,Aggregated,1121.800000,0.000000,440,550,580,590,630,670,690,700,750,750,750,532390,12,410.0,438.55053040328016,26.804099999935715,9982.970299999579,2905.4490786829206
1746383265,2000,GET,GET /pastes/:slug,1020.200000,0.000000,460,560,580,600,630,660,690,700,750,750,750,485263,12,410.0,437.664739244707,26.804099999935715,9982.970299999579,2910.4124443858277
1746383265,2000,POST,POST /pastes,102.300000,0.000000,470,560,580,600,640,670,700,720,740,740,740,48490,0,410.0,448.79148622396116,32.33849999924132,9973.895099999936,2854.8959991750876
1746383265,2000,,Aggregated,1122.500000,0.000000,460,560,580,600,630,660,690,700,750,750,750,533753,12,410.0,438.6755737712058,26.804099999935715,9982.970299999579,2905.368927200409
1746383266,2000,GET,GET /pastes/:slug,1052.200000,0.000000,430,510,560,580,610,630,660,670,700,720,720,486340,12,410.0,437.3671615316533,26.804099999935715,9982.970299999579,2910.411785993338
1746383266,2000,POST,POST /pastes,104.400000,0.000000,440,520,560,580,610,650,670,690,720,720,720,48579,0,410.0,448.53600052285725,32.33849999924132,9973.895099999936,2854.694188847033
1746383266,2000,,Aggregated,1156.600000,0.000000,430,510,560,580,610,630,660,680,700,720,720,534919,12,410.0,438.3814665560624,26.804099999935715,9982.970299999579,2905.3517579297054
1746383267,2000,GET,GET /pastes/:slug,1010.600000,0.000000,420,480,540,560,600,620,650,660,700,720,720,487308,12,410.0,437.31215633378554,26.804099999935715,9982.970299999579,2910.2805371551462
1746383267,2000,POST,POST /pastes,102.500000,0.000000,430,490,550,570,600,640,670,690,720,720,720,48669,0,410.0,448.47679486325717,32.33849999924132,9973.895099999936,2854.797180957077
1746383267,2000,,Aggregated,1113.100000,0.000000,420,480,540,560,600,620,650,670,700,720,720,535977,12,410.0,438.3259531806448,26.804099999935715,9982.970299999579,2905.24241152139
1746383268,2000,GET,GET /pastes/:slug,1055.200000,0.000000,440,500,550,570,600,620,650,660,700,720,720,488328,12,410.0,437.4098948530585,26.804099999935715,9982.970299999579,2910.3037220884326
1746383268,2000,POST,POST /pastes,106.300000,0.000000,450,510,560,570,610,640,670,690,720,720,720,48760,0,410.0,448.538600684985,32.33849999924132,9973.895099999936,2854.479122231337
1746383268,2000,,Aggregated,1161.500000,0.000000,440,500,560,570,600,620,650,670,700,720,720,537088,12,410.0,438.42022406607936,26.804099999935715,9982.970299999579,2905.2356373629646
1746383269,2000,GET,GET /pastes/:slug,1067.300000,0.000000,430,470,530,560,590,620,650,660,700,720,720,489444,12,410.0,437.41006467727425,26.804099999935715,9982.970299999579,2910.368612139489
1746383269,2000,POST,POST /pastes,106.700000,0.000000,440,490,540,560,600,640,670,690,720,720,720,48873,0,410.0,448.539364847664,32.33849999924132,9973.895099999936,2854.5628670226915
1746383269,2000,,Aggregated,1174.000000,0.000000,430,470,530,560,590,620,650,670,700,720,720,538317,12,410.0,438.42047729145065,26.804099999935715,9982.970299999579,2905.302091518566
1746383270,2000,GET,GET /pastes/:slug,1040.700000,0.000000,430,470,500,530,580,600,620,630,660,670,670,490609,12,410.0,437.39495068986463,26.804099999935715,9982.970299999579,2910.272404297516
1746383270,2000,POST,POST /pastes,102.400000,0.000000,440,470,510,540,580,600,620,630,650,650,650,48977,0,410.0,448.49946818710606,32.33849999924132,9973.895099999936,2854.6730301978478
1746383270,2000,,Aggregated,1143.100000,0.000000,430,470,500,530,580,600,620,630,660,670,670,539586,12,410.0,438.4028826107456,26.804099999935715,9982.970299999579,2905.2257749459773
1746383271,2000,GET,GET /pastes/:slug,1051.500000,0.000000,430,470,500,520,580,600,620,630,660,670,670,491743,12,410.0,437.1438562163642,26.804099999935715,9982.970299999579,2910.3968800776015
1746383271,2000,POST,POST /pastes,102.800000,0.000000,430,470,510,540,580,600,620,630,650,650,650,49107,0,410.0,448.1787761602197,32.33849999924132,9973.895099999936,2854.711690797646
1746383271,2000,,Aggregated,1154.300000,0.000000,430,470,500,530,580,600,620,630,660,670,670,540850,12,410.0,438.1457824688947,26.804099999935715,9982.970299999579,2905.3408893408523
1746383272,2000,GET,GET /pastes/:slug,1069.500000,0.000000,420,460,500,540,590,610,630,650,710,720,720,492643,12,410.0,437.19041784132423,26.804099999935715,9982.970299999579,2910.421585204702
1746383272,2000,POST,POST /pastes,104.600000,0.000000,430,470,520,540,590,610,640,660,720,730,730,49203,0,410.0,448.2224726500402,32.33849999924132,9973.895099999936,2854.809259597992
1746383272,2000,,Aggregated,1174.100000,0.000000,420,460,500,540,590,610,640,650,710,720,730,541846,12,410.0,438.19219730034285,26.804099999935715,9982.970299999579,2905.3716388051216
1746383273,2000,GET,GET /pastes/:slug,1039.300000,0.000000,430,480,540,570,610,650,700,720,780,790,790,493804,12,410.0,437.6043253780928,26.804099999935715,9982.970299999579,2910.3787150367352
1746383273,2000,POST,POST /pastes,101.000000,0.000000,440,500,550,570,620,660,710,720,770,790,790,49324,0,410.0,448.6296325379108,32.33849999924132,9973.895099999936,2854.5880301678694
1746383273,2000,,Aggregated,1140.300000,0.000000,430,490,540,570,610,650,700,720,780,790,790,543128,12,410.0,438.6055852106718,26.804099999935715,9982.970299999579,2905.312101383099
1746383274,2000,GET,GET /pastes/:slug,1058.600000,0.000000,410,460,510,550,610,650,700,720,780,790,790,494968,12,410.0,437.33678163175,26.804099999935715,9982.970299999579,2910.342040293514
1746383274,2000,POST,POST /pastes,103.800000,0.000000,410,460,520,550,610,660,710,720,770,790,790,49436,0,410.0,448.35362731814723,32.33849999924132,9973.895099999936,2854.3695485071607
1746383274,2000,,Aggregated,1162.400000,0.000000,410,460,510,550,610,650,700,720,780,790,790,544404,12,410.0,438.33719452980176,26.804099999935715,9982.970299999579,2905.2593147735874
1746383276,2000,GET,GET /pastes/:slug,1068.300000,0.000000,420,480,540,580,630,680,710,740,780,790,790,495796,12,410.0,437.5055117437499,26.804099999935715,9982.970299999579,2910.3901140791777
1746383276,2000,POST,POST /pastes,105.400000,0.000000,420,490,540,570,640,690,710,720,790,790,790,49519,0,410.0,448.4786184070748,32.33849999924132,9973.895099999936,2854.282073547527
1746383276,2000,,Aggregated,1173.700000,0.000000,420,480,540,580,630,680,710,730,780,790,790,545315,12,410.0,438.50195832757635,26.804099999935715,9982.970299999579,2905.2950514840045
1746383277,2000,GET,GET /pastes/:slug,1077.700000,0.000000,420,510,580,600,660,700,750,770,810,820,820,497361,12,410.0,437.6755179768903,26.804099999935715,9982.970299999579,2910.516391514413
1746383277,2000,POST,POST /pastes,104.200000,0.000000,430,530,570,600,660,700,720,760,810,810,810,49659,0,410.0,448.61833133570747,32.33849999924132,9973.895099999936,2854.4383898185624
1746383277,2000,,Aggregated,1181.900000,0.000000,420,520,580,600,660,700,750,770,810,820,820,547020,12,410.0,438.66891706391385,26.804099999935715,9982.970299999579,2905.4255767613618
1746383278,2000,GET,GET /pastes/:slug,1031.600000,0.000000,400,490,570,600,660,700,750,770,810,820,820,498252,12,410.0,437.2000675622065,26.804099999935715,9982.970299999579,2910.5483992036156
1746383278,2000,POST,POST /pastes,101.200000,0.000000,390,500,560,600,660,700,720,760,810,810,810,49743,0,410.0,448.1667716261565,32.33849999924132,9973.895099999936,2854.1871218060833
1746383278,2000,,Aggregated,1132.800000,0.000000,400,490,570,600,660,700,750,770,810,820,820,547995,12,410.0,438.195545185636,26.804099999935715,9982.970299999579,2905.4323324117922
1746383279,2000,GET,GET /pastes/:slug,1086.300000,0.000000,410,570,610,630,690,720,760,780,810,820,820,499237,12,410.0,437.56968789413526,26.804099999935715,9982.970299999579,2910.509351270038
1746383279,2000,POST,POST /pastes,106.600000,0.000000,410,560,600,630,690,710,730,760,810,810,810,49834,0,410.0,448.47603508447844,32.33849999924132,9973.895099999936,2854.0802664847292
1746383279,2000,,Aggregated,1192.900000,0.000000,410,570,610,630,690,720,760,780,810,820,820,549071,12,410.0,438.55955424271633,26.804099999935715,9982.970299999579,2905.3878150548835
1746383280,2000,GET,GET /pastes/:slug,1065.600000,0.000000,410,590,630,660,710,750,780,800,870,870,870,500488,12,410.0,437.6966018386145,26.804099999935715,9982.970299999579,2910.5143280158563
1746383280,2000,POST,POST /pastes,105.000000,0.000000,410,580,620,650,700,730,780,810,870,870,870,49948,0,410.0,448.55181878753723,32.33849999924132,9973.895099999936,2853.6262513013535
1746383280,2000,,Aggregated,1170.600000,0.000000,410,590,630,660,710,750,780,800,870,870,870,550436,12,410.0,438.68163257091214,26.804099999935715,9982.970299999579,2905.352155382279
1746383281,2000,GET,GET /pastes/:slug,1039.200000,0.000000,410,590,630,660,710,750,780,800,870,870,870,501380,12,410.0,437.4584514954822,26.804099999935715,9982.970299999579,2910.401300410866
1746383281,2000,POST,POST /pastes,102.000000,0.000000,410,580,620,660,700,730,780,810,870,870,870,50040,0,410.0,448.2699632134275,32.33849999924132,9973.895099999936,2853.4832334132693
1746383281,2000,,Aggregated,1141.200000,0.000000,410,590,630,660,710,750,780,800,870,870,870,551420,12,410.0,438.43956942077347,26.804099999935715,9982.970299999579,2905.2361267273586
1746383282,2000,GET,GET /pastes/:slug,1068.900000,0.000000,480,590,630,660,710,750,780,800,870,870,870,502505,12,410.0,437.7379515169092,26.804099999935715,9982.970299999579,2910.5554074088814
1746383282,2000,POST,POST /pastes,104.300000,0.000000,500,590,630,660,700,730,770,810,870,870,870,50167,0,410.0,448.5907104231846,32.33849999924132,9973.895099999936,2854.2396794705683
1746383282,2000,,Aggregated,1173.200000,0.000000,480,590,630,660,710,750,780,800,870,870,870,552672,12,410.0,438.72307534451244,26.804099999935715,9982.970299999579,2905.4435307017543
1746383283,2000,GET,GET /pastes/:slug,1034.800000,0.000000,400,570,620,640,700,740,780,800,870,870,870,503732,12,410.0,437.60156711168753,26.804099999935715,9982.970299999579,2910.648860902226
1746383283,2000,POST,POST /pastes,102.000000,0.000000,400,570,620,630,690,730,770,810,870,870,870,50268,0,410.0,448.40862518699504,32.33849999924132,9973.895099999936,2854.1919511418796
1746383283,2000,,Aggregated,1136.800000,0.000000,400,570,620,640,690,740,780,800,870,870,870,554000,12,410.0,438.58216132708026,26.804099999935715,9982.970299999579,2905.5261606498193
1746383284,2000,GET,GET /pastes/:slug,1046.900000,0.000000,430,590,630,650,710,750,780,800,870,870,870,504421,12,410.0,437.6257488431381,26.804099999935715,9982.970299999579,2910.5464562339794
1746383284,2000,POST,POST /pastes,102.700000,0.000000,430,580,620,650,700,730,780,810,870,870,870,50323,0,410.0,448.3944820837362,32.33849999924132,9973.895099999936,2854.5077399996026
1746383284,2000,,Aggregated,1149.600000,0.000000,430,580,630,650,710,750,780,800,870,870,870,554744,12,410.0,438.60262279376155,26.804099999935715,9982.970299999579,2905.4629648991245
1746383285,2000,GET,GET /pastes/:slug,1081.900000,0.000000,510,620,680,700,780,830,880,900,920,990,990,505572,12,410.0,438.4701851860955,26.804099999935715,9982.970299999579,2910.600958913864
1746383285,2000,POST,POST /pastes,104.000000,0.000000,510,620,670,690,760,830,880,900,920,920,920,50423,0,410.0,449.1016705293193,32.33849999924132,9973.895099999936,2854.6662634115382
1746383285,2000,,Aggregated,1185.900000,0.000000,510,620,670,700,780,830,880,900,920,970,990,555995,12,410.0,439.4343510247443,26.804099999935715,9982.970299999579,2905.5282601462245
1746383286,2000,GET,GET /pastes/:slug,1036.300000,0.000000,430,610,680,710,780,840,880,900,920,990,990,506937,12,410.0,438.18655231933076,26.804099999935715,9982.970299999579,2910.6924529083494
1746383286,2000,POST,POST /pastes,97.900000,0.000000,420,600,670,690,760,830,890,900,920,920,920,50558,0,410.0,448.7882793998944,32.33849999924132,9973.895099999936,2854.765220143202
1746383286,2000,,Aggregated,1134.200000,0.000000,430,610,680,710,780,840,880,900,920,970,990,557495,12,410.0,439.1479997183881,26.804099999935715,9982.970299999579,2905.620534713316
1746383287,2000,GET,GET /pastes/:slug,1017.100000,0.000000,460,620,680,710,780,840,880,900,920,990,990,507732,12,410.0,438.0957864300541,26.804099999935715,9982.970299999579,2910.660452758542
1746383287,2000,POST,POST /pastes,94.400000,0.000000,440,610,670,690,760,830,890,900,920,920,920,50640,0,410.0,448.6634596682438,32.33849999924132,9973.895099999936,2854.9431674565562
1746383287,2000,,Aggregated,1111.500000,0.000000,460,620,680,710,780,840,880,900,920,970,990,558372,12,410.0,439.0541922469294,26.804099999935715,9982.970299999579,2905.6073280895175
1746383288,2000,GET,GET /pastes/:slug,1076.300000,0.000000,490,610,660,700,790,840,880,900,920,990,990,508752,12,410.0,438.4308915453971,26.804099999935715,9982.970299999579,2910.6129784256377
1746383288,2000,POST,POST /pastes,101.200000,0.000000,480,600,650,680,780,840,880,900,920,920,920,50730,0,410.0,448.9524585984599,32.33849999924132,9973.895099999936,2854.726118667455
1746383288,2000,,Aggregated,1177.500000,0.000000,490,610,660,690,790,840,880,900,920,970,990,559482,12,410.0,439.38491526126336,26.804099999935715,9982.970299999579,2905.5455403390993
1746383289,2000,GET,GET /pastes/:slug,997.700000,0.000000,510,650,710,740,820,880,910,930,960,990,990,509798,12,410.0,439.1240090532003,26.804099999935715,9982.970299999579,2910.676193315784
1746383289,2000,POST,POST /pastes,93.600000,0.000000,510,640,710,730,810,880,910,920,960,960,960,50836,0,410.0,449.62810830120145,32.33849999924132,9973.895099999936,2854.8138720591705
1746383289,2000,,Aggregated,1091.300000,0.000000,510,650,710,740,820,880,910,930,960,970,990,560634,12,410.0,440.07647784633406,26.804099999935715,9982.970299999579,2905.610826314494
1746383290,2000,GET,GET /pastes/:slug,1021.400000,0.000000,530,660,720,740,820,880,910,930,960,990,990,510911,12,410.0,439.2769948701505,26.804099999935715,9982.970299999579,2910.7532427369933
1746383290,2000,POST,POST /pastes,96.100000,0.000000,520,650,710,730,810,860,900,920,960,960,960,50960,0,410.0,449.7623462676587,32.33849999924132,9973.895099999936,2854.866091051805
1746383290,2000,,Aggregated,1117.500000,0.000000,530,660,720,740,820,880,910,920,960,970,990,561871,12,410.0,440.2279845229632,26.804099999935715,9982.970299999579,2905.6844471417817
1746383291,2000,GET,GET /pastes/:slug,1008.700000,0.000000,520,660,730,740,820,880,910,930,960,990,990,511685,12,410.0,439.3718721404833,26.804099999935715,9982.970299999579,2910.7996149975083
1746383291,2000,POST,POST /pastes,94.600000,0.000000,500,650,720,740,810,880,910,920,960,960,960,51035,0,410.0,449.8305031762493,32.33849999924132,9973.895099999936,2854.88617615362
1746383291,2000,,Aggregated,1103.300000,0.000000,510,660,730,740,820,880,910,930,960,970,990,562720,12,410.0,440.3204011334262,26.804099999935715,9982.970299999579,2905.728634134205
1746383292,2000,GET,GET /pastes/:slug,994.100000,0.000000,600,720,750,770,860,900,930,940,980,1000,1000,512606,12,410.0,439.9619686203507,26.804099999935715,9982.970299999579,2910.682463724576
1746383292,2000,POST,POST /pastes,94.700000,0.000000,570,720,750,760,860,900,920,930,980,980,980,51119,0,410.0,450.37261549912756,32.33849999924132,9973.895099999936,2854.801463252411
1746383292,2000,,Aggregated,1088.800000,0.000000,600,720,750,770,860,900,930,940,980,1000,1000,563725,12,410.0,440.90601378030397,26.804099999935715,9982.970299999579,2905.6151332653335
1746383293,2000,GET,GET /pastes/:slug,1000.600000,0.000000,620,730,760,790,870,900,930,940,980,1000,1000,513806,12,410.0,440.2823086429576,26.804099999935715,9982.970299999579,2910.759979447496
1746383293,2000,POST,POST /pastes,96.800000,0.000000,620,730,750,780,860,900,930,940,980,980,980,51221,0,410.0,450.6445897366296,32.33849999924132,9973.895099999936,2855.2344155717383
1746383293,2000,,Aggregated,1097.400000,0.000000,620,730,760,790,870,900,930,940,980,1000,1000,565027,12,410.0,441.2216733103052,26.804099999935715,9982.970299999579,2905.7264590895657
1746383294,2000,GET,GET /pastes/:slug,968.900000,0.000000,600,710,750,760,840,890,930,940,980,1000,1000,514598,12,410.0,440.6089881820439,26.804099999935715,9982.970299999579,2910.680317451681
1746383294,2000,POST,POST /pastes,92.300000,0.000000,600,720,750,760,840,890,930,940,980,980,980,51307,0,410.0,450.9768037265854,32.33849999924132,9973.895099999936,2855.715574872824
1746383294,2000,,Aggregated,1061.200000,0.000000,600,710,750,760,840,890,930,940,980,1000,1000,565905,12,410.0,441.5489719463546,26.804099999935715,9982.970299999579,2905.697014516571
1746383295,2000,GET,GET /pastes/:slug,947.600000,0.000000,590,700,740,760,830,890,930,940,980,1000,1000,515892,12,410.0,440.9151121219244,26.804099999935715,9982.970299999579,2910.7417482728943
1746383295,2000,POST,POST /pastes,90.600000,0.000000,580,700,740,760,820,890,930,940,980,980,980,51434,0,410.0,451.21178894894206,32.33849999924132,9973.895099999936,2855.478030096823
1746383295,2000,,Aggregated,1038.200000,0.000000,590,700,740,760,830,890,930,940,980,1000,1000,567326,12,410.0,441.84861292379,26.804099999935715,9982.970299999579,2905.731517681192
1746383296,2000,GET,GET /pastes/:slug,965.800000,0.000000,580,700,740,760,830,890,930,940,980,1000,1000,516824,12,410.0,440.720156981495,26.804099999935715,9982.970299999579,2910.6728692939955
1746383296,2000,POST,POST /pastes,92.200000,0.000000,570,700,740,750,820,890,930,940,980,980,980,51523,0,410.0,451.01976802398735,32.33849999924132,9973.895099999936,2855.5489781262736
1746383296,2000,,Aggregated,1058.000000,0.000000,580,700,740,760,830,890,930,940,980,1000,1000,568347,12,410.0,441.6538592087271,26.804099999935715,9982.970299999579,2905.675661171784
1746383297,2000,GET,GET /pastes/:slug,967.600000,0.000000,610,730,750,760,830,890,930,940,980,1000,1000,517853,12,410.0,441.21348614588373,26.804099999935715,9982.970299999579,2910.6631360637093
1746383297,2000,POST,POST /pastes,94.500000,0.000000,600,730,750,760,820,890,930,940,980,980,980,51622,0,410.0,451.4345706074904,32.33849999924132,9973.895099999936,2855.5369222424547
1746383297,2000,,Aggregated,1062.100000,0.000000,610,730,750,760,830,890,930,940,980,1000,1000,569475,12,410.0,442.14001114184583,26.804099999935715,9982.970299999579,2905.6660327494624
1746383298,2000,GET,GET /pastes/:slug,956.700000,0.000000,580,700,740,750,790,860,910,930,980,1000,1000,519022,12,410.0,441.1877617405514,26.804099999935715,9982.970299999579,2910.5984023798605
1746383298,2000,POST,POST /pastes,93.200000,0.000000,570,700,740,750,790,850,900,930,980,980,980,51727,0,410.0,451.3884685599375,32.33849999924132,9973.895099999936,2855.3381986196764
1746383298,2000,,Aggregated,1049.900000,0.000000,570,700,740,750,790,860,910,930,980,1000,1000,570749,12,410.0,442.112252123618,26.804099999935715,9982.970299999579,2905.5901683577194
1746383300,2000,GET,GET /pastes/:slug,957.100000,0.000000,570,650,720,750,790,860,910,930,980,1000,1000,519999,12,410.0,441.24153805604317,26.804099999935715,9982.970299999579,2910.5596645378164
1746383300,2000,POST,POST /pastes,93.600000,0.000000,570,660,730,750,790,870,910,930,980,980,980,51795,0,410.0,451.4506959629287,32.33849999924132,9973.895099999936,2855.3295298774015
1746383300,2000,,Aggregated,1050.700000,0.000000,570,650,720,750,790,860,910,930,980,1000,1000,571794,12,410.0,442.16631749371777,26.804099999935715,9982.970299999579,2905.556735467668
1746383301,2000,GET,GET /pastes/:slug,994.700000,0.000000,560,630,690,720,780,860,910,930,980,1000,1000,521356,12,410.0,441.50388454646105,26.804099999935715,9982.970299999579,2910.5845756066874
1746383301,2000,POST,POST /pastes,97.000000,0.000000,570,640,700,730,780,860,910,930,980,980,980,51923,0,410.0,451.6945475781429,32.33849999924132,9973.895099999936,2854.537796352291
1746383301,2000,,Aggregated,1091.700000,0.000000,560,630,690,730,780,860,910,930,980,1000,1000,573279,12,410.0,442.42687282370923,26.804099999935715,9982.970299999579,2905.508309217676
1746383302,2000,GET,GET /pastes/:slug,963.600000,0.000000,500,590,620,660,740,770,810,820,850,860,860,522395,12,410.0,440.983081142248,26.804099999935715,9982.970299999579,2910.6979928980945
1746383302,2000,POST,POST /pastes,90.400000,0.000000,520,590,630,660,740,770,800,810,850,850,850,52017,0,410.0,451.20981696752796,32.33849999924132,9973.895099999936,2854.642193898149
1746383302,2000,,Aggregated,1054.000000,0.000000,500,590,620,660,740,770,810,820,850,860,860,574412,12,410.0,441.90918316905476,26.804099999935715,9982.970299999579,2905.6217505901686
1746383303,2000,GET,GET /pastes/:slug,1007.800000,0.000000,510,600,640,670,740,770,810,820,850,860,860,523215,12,410.0,441.11642173677086,26.804099999935715,9982.970299999579,2910.7359861624764
1746383303,2000,POST,POST /pastes,92.400000,0.000000,520,590,640,670,740,770,800,810,850,850,850,52091,0,410.0,451.30488134994323,32.33849999924132,9973.895099999936,2854.5517843773396
1746383303,2000,,Aggregated,1100.200000,0.000000,510,600,640,670,740,770,810,820,850,860,860,575306,12,410.0,442.0389343643262,26.804099999935715,9982.970299999579,2905.6487955974735
1746383304,2000,GET,GET /pastes/:slug,1028.600000,0.000000,500,580,630,650,700,740,780,800,850,860,860,524490,12,410.0,441.4359519218746,26.804099999935715,9982.970299999579,2910.6317985090277
1746383304,2000,POST,POST /pastes,94.200000,0.000000,500,580,630,650,700,740,770,790,850,850,850,52205,0,410.0,451.5424903629898,32.33849999924132,9973.895099999936,2854.756575040705
1746383304,2000,,Aggregated,1122.800000,0.000000,500,580,630,650,700,740,780,800,850,860,860,576695,12,410.0,442.35084079609214,26.804099999935715,9982.970299999579,2905.5737244123843
1746383305,2000,GET,GET /pastes/:slug,1010.300000,0.000000,500,570,620,640,690,740,780,800,850,860,860,525440,12,410.0,441.474553710041,26.804099999935715,9982.970299999579,2910.7182152101095
1746383305,2000,POST,POST /pastes,92.500000,0.000000,500,570,620,640,690,740,760,790,850,850,850,52286,0,410.0,451.5639690375983,32.33849999924132,9973.895099999936,2854.679914317408
1746383305,2000,,Aggregated,1102.800000,0.000000,500,570,620,640,690,740,770,800,850,860,860,577726,12,410.0,442.3876771800165,26.804099999935715,9982.970299999579,2905.646574673807
1746383306,2000,GET,GET /pastes/:slug,1031.700000,0.000000,520,590,630,640,690,740,770,800,850,860,860,526471,12,410.0,441.721199778533,26.804099999935715,9982.970299999579,2910.711558661351
1746383306,2000,POST,POST /pastes,95.400000,0.000000,530,590,630,650,690,740,760,790,850,850,850,52382,0,420.0,451.783896212437,32.33849999924132,9973.895099999936,2854.3716352945667
1746383306,2000,,Aggregated,1127.100000,0.000000,530,590,630,640,690,740,770,800,850,860,860,578853,12,410.0,442.6318008544526,26.804099999935715,9982.970299999579,2905.613204043168
1746383307,2000,GET,GET /pastes/:slug,1045.600000,0.000000,510,580,620,630,670,700,720,730,770,790,790,527563,12,410.0,442.08538683627074,26.804099999935715,9982.970299999579,2910.674476792345
1746383307,2000,POST,POST /pastes,95.300000,0.000000,510,590,630,640,680,700,740,760,780,780,780,52492,0,420.0,452.14580590756424,32.33849999924132,9973.895099999936,2854.5348053036655
1746383307,2000,,Aggregated,1140.900000,0.000000,510,580,620,630,670,700,720,740,780,790,790,580055,12,410.0,442.9958031207417,26.804099999935715,9982.970299999579,2905.594124695072
1746383308,2000,GET,GET /pastes/:slug,1017.400000,0.000000,500,570,610,630,670,690,720,730,770,790,790,528786,12,410.0,441.8461347558438,26.804099999935715,9982.970299999579,2910.6687525766565
1746383308,2000,POST,POST /pastes,90.500000,0.000000,500,580,620,640,680,700,740,760,780,780,780,52627,0,420.0,451.8559170596816,32.33849999924132,9973.895099999936,2854.813821802497
1746383308,2000,,Aggregated,1107.900000,0.000000,500,570,620,630,670,690,720,740,780,790,790,581413,12,410.0,442.7521771272777,26.804099999935715,9982.970299999579,2905.613004869172
1746383309,2000,GET,GET /pastes/:slug,1027.600000,0.000000,510,580,630,640,680,710,750,770,870,870,870,529210,12,410.0,441.9265001685609,26.804099999935715,9982.970299999579,2910.692405661269
1746383309,2000,POST,POST /pastes,91.800000,0.000000,500,580,630,650,690,720,760,780,870,870,870,52667,0,420.0,451.92949958417734,32.33849999924132,9973.895099999936,2854.695596863311
1746383309,2000,,Aggregated,1119.400000,0.000000,510,580,630,640,680,710,750,770,870,870,870,581877,12,410.0,442.8318942126986,26.804099999935715,9982.970299999579,2905.6240081666742
1746383310,2000,GET,GET /pastes/:slug,1047.900000,0.000000,530,620,660,690,930,1100,1100,1100,1100,1200,1200,530334,12,410.0,443.16169130416625,26.804099999935715,9982.970299999579,2910.786536409131
1746383310,2000,POST,POST /pastes,94.800000,0.000000,520,630,670,700,970,1100,1100,1100,1100,1100,1100,52789,0,420.0,453.2507779177456,32.33849999924132,9973.895099999936,2854.3925439011914
1746383310,2000,,Aggregated,1142.700000,0.000000,530,620,660,690,930,1100,1100,1100,1100,1200,1200,583123,12,410.0,444.075036847461,26.804099999935715,9982.970299999579,2905.6812970848346
1746383311,2000,GET,GET /pastes/:slug,1007.400000,0.000000,570,640,680,710,940,1100,1100,1100,1100,1200,1200,531181,12,410.0,443.4795207394537,26.804099999935715,9982.970299999579,2910.7714470208834
1746383311,2000,POST,POST /pastes,93.000000,0.000000,570,650,690,720,970,1100,1100,1100,1100,1100,1100,52873,0,420.0,453.52980439921816,32.33849999924132,9973.895099999936,2854.2819208291567
1746383311,2000,,Aggregated,1100.400000,0.000000,570,640,680,710,940,1100,1100,1100,1100,1200,1200,584054,12,410.0,444.38934867992003,26.804099999935715,9982.970299999579,2905.657586456047
1746383312,2000,GET,GET /pastes/:slug,983.600000,0.000000,570,650,680,710,930,1100,1100,1100,1100,1200,1200,532224,12,410.0,443.694812841593,26.804099999935715,9982.970299999579,2910.75352483165
1746383312,2000,POST,POST /pastes,93.700000,0.000000,570,650,680,720,960,1100,1100,1100,1100,1100,1100,52982,0,420.0,453.7266618511923,32.33849999924132,9973.895099999936,2854.5442225661545
1746383312,2000,,Aggregated,1077.300000,0.000000,570,650,680,710,930,1100,1100,1100,1100,1100,1200,585206,12,410.0,444.60305271648303,26.804099999935715,9982.970299999579,2905.6645796522935
1746383313,2000,GET,GET /pastes/:slug,965.800000,0.000000,570,630,680,710,930,1100,1100,1100,1100,1200,1200,533397,12,410.0,443.97354222296684,26.804099999935715,9982.970299999579,2910.681923595371
1746383313,2000,POST,POST /pastes,93.400000,0.000000,570,650,690,720,960,1100,1100,1100,1100,1100,1100,53092,0,420.0,453.9828935734176,32.33849999924132,9973.895099999936,2854.616872598508
1746383313,2000,,Aggregated,1059.200000,0.000000,570,640,680,710,930,1100,1100,1100,1100,1100,1200,586489,12,410.0,444.87964017518135,26.804099999935715,9982.970299999579,2905.606626893258
1746383314,2000,GET,GET /pastes/:slug,956.800000,0.000000,600,660,710,740,940,1100,1100,1100,1100,1200,1200,534119,12,410.0,444.320774332319,26.804099999935715,9982.970299999579,2910.752882784548
1746383314,2000,POST,POST /pastes,93.600000,0.000000,600,660,720,760,970,1100,1100,1100,1100,1100,1100,53153,0,420.0,454.2789523582842,32.33849999924132,9973.895099999936,2854.591763399996
1746383314,2000,,Aggregated,1050.400000,0.000000,600,660,710,740,950,1100,1100,1100,1100,1200,1200,587272,12,410.0,445.22207226004633,26.804099999935715,9982.970299999579,2905.6698344208476
1746383315,2000,GET,GET /pastes/:slug,971.700000,0.000000,630,710,750,810,940,1100,1100,1100,1100,1200,1200,535254,12,410.0,445.00156847572254,26.804099999935715,9982.970299999579,2910.825559454016
1746383315,2000,POST,POST /pastes,96.100000,0.000000,640,720,770,830,950,1100,1100,1100,1100,1100,1100,53276,0,420.0,455.02753349162623,32.33849999924132,9973.895099999936,2854.742998723628
1746383315,2000,,Aggregated,1067.800000,0.000000,630,710,750,820,940,1100,1100,1100,1100,1200,1200,588530,12,410.0,445.90915740438464,26.804099999935715,9982.970299999579,2905.748750276112
1746383316,2000,GET,GET /pastes/:slug,949.800000,0.000000,600,700,740,810,940,1100,1100,1100,1100,1200,1200,536240,12,410.0,444.9930415013891,26.804099999935715,9982.970299999579,2910.88111106967
1746383316,2000,POST,POST /pastes,92.800000,0.000000,600,700,760,830,950,1100,1100,1100,1100,1100,1100,53375,0,420.0,455.02344147072347,32.33849999924132,9973.895099999936,2855.2435784543327
1746383316,2000,,Aggregated,1042.600000,0.000000,600,700,740,810,940,1100,1100,1100,1100,1200,1200,589615,12,420.0,445.90104519593774,26.804099999935715,9982.970299999579,2905.844513792899
1746383317,2000,GET,GET /pastes/:slug,942.200000,0.000000,620,700,750,820,940,1100,1100,1100,1100,1200,1200,537324,12,420.0,445.14065076081636,26.804099999935715,9982.970299999579,2910.7759154625514
1746383317,2000,POST,POST /pastes,92.900000,0.000000,630,720,770,840,970,1100,1100,1100,1100,1100,1100,53461,0,420.0,455.12883261255615,32.33849999924132,9973.895099999936,2855.2144179869438
1746383317,2000,,Aggregated,1035.100000,0.000000,620,700,750,830,940,1100,1100,1100,1100,1200,1200,590785,12,420.0,446.0444959667271,26.804099999935715,9982.970299999579,2905.7480741724994
1746383318,2000,GET,GET /pastes/:slug,969.700000,0.000000,630,690,740,800,930,1100,1100,1100,1100,1200,1200,538356,12,420.0,445.3765448764471,26.804099999935715,9982.970299999579,2910.6739963890063
1746383318,2000,POST,POST /pastes,97.700000,0.000000,630,710,770,840,960,1100,1100,1100,1100,1100,1100,53546,0,420.0,455.2783858831628,32.33849999924132,9973.895099999936,2855.255369215254
1746383318,2000,,Aggregated,1067.400000,0.000000,630,690,740,800,930,1100,1100,1100,1100,1100,1200,591902,12,420.0,446.2723079901785,26.804099999935715,9982.970299999579,2905.6605890840037
1746383319,2000,GET,GET /pastes/:slug,955.500000,0.000000,580,650,700,720,850,960,1100,1100,1100,1100,1100,539423,12,420.0,445.3716212111913,26.804099999935715,9982.970299999579,2910.8494205845877
1746383319,2000,POST,POST /pastes,96.400000,0.000000,580,660,710,740,860,1000,1100,1100,1100,1100,1100,53653,0,420.0,455.23668992786673,32.33849999924132,9973.895099999936,2854.835237544965
1746383319,2000,,Aggregated,1051.900000,0.000000,580,650,700,720,850,960,1100,1100,1100,1100,1100,593076,12,420.0,446.26407096780594,26.804099999935715,9982.970299999579,2905.782061658202
1746383320,2000,GET,GET /pastes/:slug,928.900000,0.000000,560,640,670,690,750,850,870,880,910,920,920,540404,12,420.0,445.662067733963,26.804099999935715,9982.970299999579,2910.7623685242893
1746383320,2000,POST,POST /pastes,91.600000,0.000000,570,650,680,700,790,850,870,880,920,920,920,53747,0,420.0,455.535387891414,32.33849999924132,9973.895099999936,2854.8267624239493
1746383320,2000,,Aggregated,1020.500000,0.000000,560,640,670,690,760,850,870,880,910,920,920,594151,12,420.0,446.555209946129,26.804099999935715,9982.970299999579,2905.7024241312392
1746383321,2000,GET,GET /pastes/:slug,986.100000,0.000000,570,640,670,690,750,840,870,880,910,920,920,541680,12,420.0,445.9594461988707,26.804099999935715,9982.970299999579,2910.8272707133365
1746383321,2000,POST,POST /pastes,95.000000,0.000000,580,650,680,700,780,850,870,880,920,920,920,53855,0,420.0,455.7490354526011,32.33849999924132,9973.895099999936,2855.048054962399
1746383321,2000,,Aggregated,1081.100000,0.000000,580,640,670,690,750,850,870,880,910,920,920,595535,12,420.0,446.84473141175965,26.804099999935715,9982.970299999579,2905.783084117642
1746383322,2000,GET,GET /pastes/:slug,1000.900000,0.000000,560,640,670,690,760,850,870,880,910,920,920,542297,12,420.0,445.95914729438704,26.804099999935715,9982.970299999579,2910.8761693315655
1746383322,2000,POST,POST /pastes,95.300000,0.000000,560,640,680,700,790,850,870,880,920,920,920,53913,0,420.0,455.730141902692,32.33849999924132,9973.895099999936,2854.9102813792592
1746383322,2000,,Aggregated,1096.200000,0.000000,560,640,670,690,760,850,870,880,910,920,920,596210,12,420.0,446.84270112997496,26.804099999935715,9982.970299999579,2905.8153871957866
1746383323,2000,GET,GET /pastes/:slug,978.900000,0.000000,600,670,710,750,860,920,970,990,1100,1100,1100,543414,12,420.0,446.8361620666829,26.804099999935715,9982.970299999579,2910.8562771662123
1746383323,2000,POST,POST /pastes,91.400000,0.000000,600,690,740,790,870,920,980,990,1000,1000,1000,54023,0,420.0,456.61472154452446,32.33849999924132,9973.895099999936,2854.6643651777945
1746383323,2000,,Aggregated,1070.300000,0.000000,600,670,710,750,870,920,970,990,1100,1100,1100,597437,12,420.0,447.7203843673936,26.804099999935715,9982.970299999579,2905.775146166039
1746383324,2000,GET,GET /pastes/:slug,1011.800000,0.000000,540,630,670,690,830,910,970,990,1100,1100,1100,544793,12,420.0,446.57903762108623,26.804099999935715,9982.970299999579,2910.908627680605
1746383324,2000,POST,POST /pastes,94.200000,0.000000,540,640,680,710,860,920,980,990,1000,1000,1000,54142,0,420.0,456.39257772154394,32.33849999924132,9973.895099999936,2854.835894499649
1746383324,2000,,Aggregated,1106.000000,0.000000,540,630,670,690,840,910,970,990,1000,1100,1100,598935,12,420.0,447.46615339845323,26.804099999935715,9982.970299999579,2905.839814003189
1746383325,2000,GET,GET /pastes/:slug,960.500000,0.000000,510,610,650,670,750,910,970,990,1100,1100,1100,545718,12,420.0,446.2885638263788,26.804099999935715,9982.970299999579,2910.9105105567346
1746383325,2000,POST,POST /pastes,88.300000,0.000000,500,600,650,680,820,920,980,990,1000,1000,1000,54227,0,420.0,456.1144808822145,32.33849999924132,9973.895099999936,2855.14177439283
1746383325,2000,,Aggregated,1048.800000,0.000000,510,610,650,670,750,920,970,990,1100,1100,1100,599945,12,420.0,447.1766952454007,26.804099999935715,9982.970299999579,2905.869763061614
1746383326,2000,GET,GET /pastes/:slug,1004.800000,0.000000,550,630,670,690,770,910,970,990,1100,1100,1100,546831,12,420.0,446.6574970980135,26.804099999935715,9982.970299999579,2910.752989497669
1746383326,2000,POST,POST /pastes,93.900000,0.000000,540,620,670,690,810,920,980,990,1000,1000,1000,54332,0,420.0,456.3513339118726,32.33849999924132,9973.895099999936,2854.863064124273
1746383326,2000,,Aggregated,1098.700000,0.000000,550,630,670,690,780,910,970,990,1000,1100,1100,601163,12,420.0,447.5336081390599,26.804099999935715,9982.970299999579,2905.701761419116
1746383327,2000,GET,GET /pastes/:slug,1021.900000,0.000000,510,610,660,680,760,910,970,990,1100,1100,1100,548155,12,420.0,446.32879329496865,26.804099999935715,9982.970299999579,2910.7257819412393
1746383327,2000,POST,POST /pastes,94.700000,0.000000,500,600,660,690,800,920,980,990,1000,1000,1000,54448,0,420.0,456.00857153614203,32.33849999924132,9973.895099999936,2854.907930502498
1746383327,2000,,Aggregated,1116.600000,0.000000,510,610,660,680,760,910,970,990,1000,1100,1100,602603,12,420.0,447.2034065406264,26.804099999935715,9982.970299999579,2905.6823779503256
1746383329,2000,GET,GET /pastes/:slug,981.800000,0.000000,490,610,670,690,810,920,970,990,1100,1100,1100,548950,12,420.0,446.12266291575537,26.804099999935715,9982.970299999579,2910.7232899171145
1746383329,2000,POST,POST /pastes,90.300000,0.000000,470,600,670,690,860,920,980,990,1000,1000,1000,54522,0,420.0,455.8253533857866,32.33849999924132,9973.895099999936,2854.8248596896665
1746383329,2000,,Aggregated,1072.100000,0.000000,490,610,670,690,810,920,970,990,1100,1100,1100,603472,12,420.0,446.999273744102,26.804099999935715,9982.970299999579,2905.6730237691227
1746383330,2000,GET,GET /pastes/:slug,1048.700000,0.000000,470,580,630,670,800,920,970,990,1100,1100,1100,550174,12,420.0,446.32292919295327,26.804099999935715,9982.970299999579,2910.5614950906443
1746383330,2000,POST,POST /pastes,95.200000,0.000000,470,570,620,670,820,920,980,990,1000,1000,1000,54641,0,420.0,455.9920293223013,32.33849999924132,9973.895099999936,2854.6903058143153
1746383330,2000,,Aggregated,1143.900000,0.000000,470,580,630,670,800,920,970,990,1100,1100,1100,604815,12,420.0,447.1964678786093,26.804099999935715,9982.970299999579,2905.5139059051116
1746383331,2000,GET,GET /pastes/:slug,999.300000,0.000000,420,540,600,640,800,920,970,990,1100,1100,1100,551498,12,420.0,445.8249953602805,26.804099999935715,9982.970299999579,2910.5233019884026
1746383331,2000,POST,POST /pastes,91.500000,0.000000,440,530,590,630,820,920,980,990,1000,1000,1000,54763,0,420.0,455.5291409236139,32.33849999924132,9973.895099999936,2854.5558497525703
1746383331,2000,,Aggregated,1090.800000,0.000000,420,540,600,640,800,920,970,990,1100,1100,1100,606261,12,420.0,446.7015619272902,26.804099999935715,9982.970299999579,2905.46781336751
1746383332,2000,GET,GET /pastes/:slug,1037.400000,0.000000,400,510,570,610,760,910,970,990,1100,1100,1100,552456,12,420.0,445.6831635214459,26.804099999935715,9982.970299999579,2910.539890959642
1746383332,2000,POST,POST /pastes,96.200000,0.000000,410,510,560,590,760,920,980,990,1000,1000,1000,54860,0,420.0,455.38390060152886,32.33849999924132,9973.895099999936,2854.615421071819
1746383332,2000,,Aggregated,1133.600000,0.000000,400,510,570,610,760,910,970,990,1100,1100,1100,607316,12,420.0,446.5594494026195,26.804099999935715,9982.970299999579,2905.4881280914715
1746383333,2000,GET,GET /pastes/:slug,1067.000000,0.000000,370,460,500,520,580,680,750,760,870,920,920,553734,12,420.0,445.6555766960376,26.804099999935715,9982.970299999579,2910.6658594198657
1746383333,2000,POST,POST /pastes,98.700000,0.000000,380,460,500,520,570,640,710,720,760,760,760,54975,0,420.0,455.3378472596608,32.33849999924132,9973.895099999936,2854.483328785812
1746383333,2000,,Aggregated,1165.700000,0.000000,370,460,500,520,580,680,740,760,870,910,920,608709,12,420.0,446.53002216050766,26.804099999935715,9982.970299999579,2905.591785237281
1746383334,2000,GET,GET /pastes/:slug,1035.200000,0.000000,360,450,500,520,590,680,750,760,870,920,920,554849,12,420.0,445.32964925899483,26.804099999935715,9982.970299999579,2910.668367429697
1746383334,2000,POST,POST /pastes,96.400000,0.000000,360,450,490,520,570,640,710,720,760,760,760,55089,0,420.0,454.9878058251166,32.33849999924132,9973.895099999936,2853.8928098168417
1746383334,2000,,Aggregated,1131.600000,0.000000,360,450,500,520,580,680,740,760,870,910,920,609938,12,420.0,446.20196445671684,26.804099999935715,9982.970299999579,2905.540454931485
1746383335,2000,GET,GET /pastes/:slug,1113.200000,0.000000,400,480,510,530,590,680,750,760,870,910,920,555967,12,420.0,445.3908719870133,26.804099999935715,9982.970299999579,2910.6743062088217
1746383335,2000,POST,POST /pastes,103.000000,0.000000,400,480,510,530,580,640,700,720,760,760,760,55199,0,420.0,455.0286335803157,32.33849999924132,9973.895099999936,2854.2768528415368
1746383335,2000,,Aggregated,1216.200000,0.000000,400,480,510,530,590,680,740,760,870,910,920,611166,12,420.0,446.26133075302016,26.804099999935715,9982.970299999579,2905.5806278490622
1746383336,2000,GET,GET /pastes/:slug,1094.700000,0.000000,400,480,510,530,580,630,680,700,740,740,740,556835,12,420.0,445.6519948640152,26.804099999935715,9982.970299999579,2910.6869252112383
1746383336,2000,POST,POST /pastes,102.600000,0.000000,400,480,520,530,580,640,690,700,740,740,740,55294,0,420.0,455.30239449849637,32.33849999924132,9973.895099999936,2854.049788403805
1746383336,2000,,Aggregated,1197.300000,0.000000,400,480,520,530,580,630,680,700,740,740,740,612129,12,420.0,446.52372157094356,26.804099999935715,9982.970299999579,2905.570856796525
1746383337,2000,GET,GET /pastes/:slug,1068.200000,0.000000,430,500,530,550,630,690,710,730,770,780,780,557983,12,420.0,445.91370616005116,26.804099999935715,9982.970299999579,2910.715898154603
1746383337,2000,POST,POST /pastes,102.100000,0.000000,440,510,530,560,650,700,720,730,780,780,780,55426,0,420.0,455.59163579186344,32.33849999924132,9973.895099999936,2853.915545051059
1746383337,2000,,Aggregated,1170.300000,0.000000,440,500,530,550,630,690,720,730,770,780,780,613409,12,420.0,446.7881780503707,26.804099999935715,9982.970299999579,2905.583569853067
1746383338,2000,GET,GET /pastes/:slug,1075.200000,0.000000,440,510,540,570,630,690,710,730,770,780,780,558982,12,420.0,445.9713335683509,26.804099999935715,9982.970299999579,2910.750487493336
1746383338,2000,POST,POST /pastes,101.400000,0.000000,450,510,540,580,650,700,720,730,780,780,780,55521,0,420.0,455.60829514957993,32.33849999924132,9973.895099999936,2853.677941679725
1746383338,2000,,Aggregated,1176.600000,0.000000,440,510,540,570,630,690,710,730,770,780,780,614503,12,420.0,446.8420433027978,26.804099999935715,9982.970299999579,2905.5939222428533
1746383339,2000,GET,GET /pastes/:slug,1065.000000,0.000000,440,500,530,550,620,690,710,730,770,780,780,560066,12,420.0,446.0494753555912,26.804099999935715,9982.970299999579,2910.7169690715023
1746383339,2000,POST,POST /pastes,104.600000,0.000000,440,500,540,560,640,700,720,730,770,780,780,55642,0,420.0,455.6762998023042,32.33849999924132,9973.895099999936,2853.567682685741
1746383339,2000,,Aggregated,1169.600000,0.000000,440,500,530,550,620,690,720,730,770,780,780,615708,12,420.0,446.91945879881337,26.804099999935715,9982.970299999579,2905.552344617903
1746383340,2000,GET,GET /pastes/:slug,1039.900000,0.000000,450,510,540,560,620,690,710,730,770,780,780,561063,12,420.0,446.0051192424098,26.804099999935715,9982.970299999579,2910.6967844965716
1746383340,2000,POST,POST /pastes,103.100000,0.000000,440,510,540,560,640,700,720,730,770,780,780,55756,0,420.0,455.60173219563484,32.33849999924132,9973.895099999936,2853.7848662027404
1746383340,2000,,Aggregated,1143.000000,0.000000,450,510,540,560,620,690,720,730,770,780,780,616819,12,420.0,446.8725840121648,26.804099999935715,9982.970299999579,2905.5523565259823
1746383341,2000,GET,GET /pastes/:slug,1064.300000,0.000000,450,510,540,560,620,690,710,730,770,780,780,562041,12,420.0,445.98217319021956,26.804099999935715,9982.970299999579,2910.712585024936
1746383341,2000,POST,POST /pastes,106.000000,0.000000,450,510,540,560,640,700,720,730,770,780,780,55874,0,420.0,455.5605662615853,32.33849999924132,9973.895099999936,2853.745105057809
1746383341,2000,,Aggregated,1170.300000,0.000000,450,510,540,560,620,690,720,730,770,780,780,617915,12,420.0,446.84828444251934,26.804099999935715,9982.970299999579,2905.5613895115025
1746383342,2000,GET,GET /pastes/:slug,1051.500000,0.000000,480,540,580,600,680,700,730,740,770,810,810,562796,12,420.0,446.26934116216955,26.804099999935715,9982.970299999579,2910.6338051443154
1746383342,2000,POST,POST /pastes,106.500000,0.000000,480,540,580,600,680,710,730,740,770,780,780,55957,0,420.0,455.85463848133054,32.33849999924132,9973.895099999936,2854.162428293154
1746383342,2000,,Aggregated,1158.000000,0.000000,480,540,580,600,680,710,730,740,770,780,810,618753,12,420.0,447.136188647488,26.804099999935715,9982.970299999579,2905.526809566984
1746383343,2000,GET,GET /pastes/:slug,1035.700000,0.000000,510,580,620,660,720,780,840,850,900,900,900,564188,12,420.0,446.7594209437361,26.804099999935715,9982.970299999579,2910.5073805185507
1746383343,2000,POST,POST /pastes,108.700000,0.000000,510,580,620,660,720,790,830,850,860,910,910,56119,0,420.0,456.3680419608302,32.33849999924132,9973.895099999936,2854.657228389672
1746383343,2000,,Aggregated,1144.400000,0.000000,510,580,620,660,720,780,840,850,900,900,910,620307,12,420.0,447.62871018737354,26.804099999935715,9982.970299999579,2905.454632947879
1746383344,2000,GET,GET /pastes/:slug,1017.800000,0.000000,500,570,610,650,720,780,830,850,900,900,900,565250,12,420.0,446.48889615763807,26.804099999935715,9982.970299999579,2910.455856700575
1746383344,2000,POST,POST /pastes,107.100000,0.000000,500,570,620,660,720,790,830,850,860,910,910,56215,0,420.0,456.1113047816385,32.33849999924132,9973.895099999936,2854.963230454505
1746383344,2000,,Aggregated,1124.900000,0.000000,500,570,610,650,720,780,830,850,900,900,910,621465,12,420.0,447.35929706644515,26.804099999935715,9982.970299999579,2905.4362369562245
1746383345,2000,GET,GET /pastes/:slug,990.700000,0.000000,490,560,600,640,730,790,840,850,900,900,900,566028,12,420.0,446.61285904196416,26.804099999935715,9982.970299999579,2910.3395379733865
1746383345,2000,POST,POST /pastes,107.400000,0.000000,490,560,610,650,730,790,830,850,860,910,910,56287,0,420.0,456.2108578517206,32.33849999924132,9973.895099999936,2854.78572316876
1746383345,2000,,Aggregated,1098.100000,0.000000,490,560,600,640,730,790,840,850,900,900,910,622315,12,420.0,447.48097656926006,26.804099999935715,9982.970299999579,2905.314819665282
1746383346,2000,GET,GET /pastes/:slug,995.500000,0.000000,500,570,610,650,750,790,830,850,900,900,900,567382,12,420.0,447.04606257707314,26.804099999935715,9982.970299999579,2910.414570783
1746383346,2000,POST,POST /pastes,107.600000,0.000000,490,560,610,630,740,790,830,850,860,910,910,56431,0,420.0,456.61753573035696,32.33849999924132,9973.895099999936,2854.5772004749165
1746383346,2000,,Aggregated,1103.100000,0.000000,500,570,610,650,750,790,830,850,900,900,910,623813,12,420.0,447.91191147971864,26.804099999935715,9982.970299999579,2905.3634438525646
1746383347,2000,GET,GET /pastes/:slug,995.300000,0.000000,470,550,600,640,750,790,830,850,900,900,900,568469,12,420.0,446.48722120221925,26.804099999935715,9982.970299999579,2910.388548891848
1746383347,2000,POST,POST /pastes,106.800000,0.000000,470,550,600,630,740,790,830,850,860,910,910,56527,0,420.0,456.124742922847,32.33849999924132,9973.895099999936,2854.7692253259506
1746383347,2000,,Aggregated,1102.100000,0.000000,470,550,600,640,750,790,830,850,900,900,910,624996,12,420.0,447.35887508527986,26.804099999935715,9982.970299999579,2905.3581270920135
1746383348,2000,GET,GET /pastes/:slug,999.400000,0.000000,470,560,620,670,770,820,860,890,950,960,960,569038,12,420.0,446.59385690956407,26.804099999935715,9982.970299999579,2910.339929846513
1746383348,2000,POST,POST /pastes,106.600000,0.000000,460,550,620,650,760,800,850,860,900,910,910,56584,0,420.0,456.14849922592583,32.33849999924132,9973.895099999936,2854.9280538668177
1746383348,2000,,Aggregated,1106.000000,0.000000,470,560,620,670,760,810,860,890,950,960,960,625622,12,420.0,447.4580207030754,26.804099999935715,9982.970299999579,2905.3282365389964
1746383349,2000,GET,GET /pastes/:slug,1035.500000,0.000000,520,650,730,760,850,910,960,980,1000,1000,1000,570566,12,420.0,447.52122532906753,26.804099999935715,9982.970299999579,2910.2933280286593
1746383349,2000,POST,POST /pastes,110.300000,0.000000,520,630,700,750,840,910,950,960,1000,1000,1000,56736,0,420.0,457.0766507349795,32.33849999924132,9973.895099999936,2855.0804603778906
1746383349,2000,,Aggregated,1145.800000,0.000000,520,650,730,760,850,910,960,980,1000,1000,1000,627302,12,420.0,448.38546076244,26.804099999935715,9982.970299999579,2905.2996292057096
1746383350,2000,GET,GET /pastes/:slug,1005.100000,0.000000,520,660,730,760,850,910,960,980,1000,1000,1000,571509,12,420.0,447.00826892315735,26.804099999935715,9982.970299999579,2910.3257743972536
1746383350,2000,POST,POST /pastes,107.400000,0.000000,540,650,730,760,850,910,960,970,1000,1000,1000,56815,0,420.0,456.6377728733571,32.33849999924132,9973.895099999936,2854.9674029745665
1746383350,2000,,Aggregated,1112.500000,0.000000,520,660,730,760,850,910,960,980,1000,1000,1000,628324,12,420.0,447.8789984622569,26.804099999935715,9982.970299999579,2905.3200991844974
1746383351,2000,GET,GET /pastes/:slug,983.200000,0.000000,520,670,730,760,850,910,960,980,1000,1000,1000,572442,12,420.0,447.23691868731754,26.804099999935715,9982.970299999579,2910.4093759717143
1746383351,2000,POST,POST /pastes,104.500000,0.000000,540,660,740,760,840,910,960,970,1000,1000,1000,56917,0,420.0,456.8711746314773,32.33849999924132,9973.895099999936,2855.14189082348
1746383351,2000,,Aggregated,1087.700000,0.000000,530,670,730,760,850,910,960,980,1000,1000,1000,629359,12,420.0,448.1082066891853,26.804099999935715,9982.970299999579,2905.4111802643642
1746383352,2000,GET,GET /pastes/:slug,1035.500000,0.000000,460,580,670,710,800,910,960,980,1000,1000,1000,573983,12,420.0,446.94873507282585,26.804099999935715,9982.970299999579,2910.414142927578
1746383352,2000,POST,POST /pastes,106.900000,0.000000,470,590,670,720,800,910,950,960,1000,1000,1000,57066,0,420.0,456.6512265201658,32.33849999924132,9973.895099999936,2854.8952791504576
1746383352,2000,,Aggregated,1142.400000,0.000000,460,580,670,710,800,910,960,980,1000,1000,1000,631049,12,420.0,447.82613504798957,26.804099999935715,9982.970299999579,2905.3935510554647
1746383353,2000,GET,GET /pastes/:slug,991.200000,0.000000,430,570,680,720,820,910,960,980,1000,1000,1000,574821,12,420.0,446.561604938765,26.804099999935715,9982.970299999579,2910.421583414663
1746383353,2000,POST,POST /pastes,99.100000,0.000000,450,580,680,720,820,910,950,960,1000,1000,1000,57164,0,420.0,456.205377456087,32.33849999924132,9973.895099999936,2854.9314778531943
1746383353,2000,,Aggregated,1090.300000,0.000000,430,570,680,720,820,910,960,980,1000,1000,1000,631985,12,420.0,447.43389876246914,26.804099999935715,9982.970299999579,2905.402419361219
1746383354,2000,GET,GET /pastes/:slug,1034.300000,0.000000,480,600,680,710,800,910,960,980,1000,1000,1000,576236,12,420.0,446.71120464394096,26.804099999935715,9982.970299999579,2910.4276199334995
1746383354,2000,POST,POST /pastes,104.200000,0.000000,480,600,670,720,800,910,950,960,1000,1000,1000,57291,0,420.0,456.29837539403724,32.33849999924132,9973.895099999936,2855.4192805152643
1746383354,2000,,Aggregated,1138.500000,0.000000,480,600,680,710,800,910,960,980,1000,1000,1000,633527,12,420.0,447.5781899491259,26.804099999935715,9982.970299999579,2905.4531156525295
1746383355,2000,GET,GET /pastes/:slug,1073.200000,0.000000,390,520,620,660,780,910,960,980,1000,1000,1000,577409,12,420.0,446.1913376265456,26.804099999935715,9982.970299999579,2910.496763992248
1746383355,2000,POST,POST /pastes,105.900000,0.000000,400,550,620,670,770,900,950,960,1000,1000,1000,57422,0,420.0,455.6892651736229,32.33849999924132,9973.895099999936,2855.5306676883424
1746383355,2000,,Aggregated,1179.100000,0.000000,390,520,620,660,780,900,960,980,1000,1000,1000,634831,12,420.0,447.0504481545483,26.804099999935715,9982.970299999579,2905.5249475844753
1746383356,2000,GET,GET /pastes/:slug,1030.400000,0.000000,370,490,620,670,820,910,960,980,1000,1000,1000,578062,12,420.0,446.0412848262053,26.804099999935715,9982.970299999579,2910.454089699721
1746383356,2000,POST,POST /pastes,102.200000,0.000000,380,500,620,680,820,910,960,970,1000,1000,1000,57474,0,420.0,455.57162108953196,32.33849999924132,9973.895099999936,2855.7150015659254
1746383356,2000,,Aggregated,1132.600000,0.000000,370,490,620,670,820,910,960,980,1000,1000,1000,635536,12,420.0,446.90315031674095,26.804099999935715,9982.970299999579,2905.503820397271
1746383357,2000,GET,GET /pastes/:slug,1078.700000,0.000000,430,550,630,660,790,910,960,980,1000,1000,1000,579369,12,420.0,446.26412141209767,26.804099999935715,9982.970299999579,2910.383563842732
1746383357,2000,POST,POST /pastes,105.800000,0.000000,430,550,630,670,800,910,950,960,1000,1000,1000,57614,0,420.0,455.7904565643727,32.33849999924132,9973.895099999936,2856.407505120283
1746383357,2000,,Aggregated,1184.500000,0.000000,430,550,630,670,790,910,960,980,1000,1000,1000,636983,12,420.0,447.12576179097385,26.804099999935715,9982.970299999579,2905.5015235885417
1746383358,2000,GET,GET /pastes/:slug,1095.500000,0.000000,370,490,560,620,700,780,890,920,990,1000,1000,580609,12,420.0,445.8309329621244,26.804099999935715,9982.970299999579,2910.3937899688085
1746383358,2000,POST,POST /pastes,110.400000,0.000000,380,490,590,630,730,770,870,910,950,960,960,57743,0,420.0,455.34715899242786,32.33849999924132,9973.895099999936,2856.395407235509
1746383358,2000,,Aggregated,1205.900000,0.000000,370,490,570,620,700,780,890,920,990,1000,1000,638352,12,420.0,446.69173615481753,26.804099999935715,9982.970299999579,2905.5092926786474
1746383360,2000,GET,GET /pastes/:slug,1073.200000,0.000000,370,480,530,560,640,690,730,750,780,800,800,581572,12,420.0,445.7189873854071,26.804099999935715,9982.970299999579,2910.450154065189
1746383360,2000,POST,POST /pastes,106.000000,0.000000,380,490,530,570,650,690,740,760,800,800,800,57838,0,420.0,455.2618408278254,32.33849999924132,9973.895099999936,2856.5881600331963
1746383360,2000,,Aggregated,1179.200000,0.000000,370,480,530,560,640,690,730,750,780,800,800,639410,12,420.0,446.58218870755815,26.804099999935715,9982.970299999579,2905.5780532052986
1746383361,2000,GET,GET /pastes/:slug,1118.400000,0.000000,370,480,520,550,620,650,690,700,710,740,740,582737,13,420.0,445.93396556028927,26.804099999935715,9982.970299999579,2910.4638095744735
1746383361,2000,POST,POST /pastes,111.600000,0.000000,370,480,520,560,620,650,690,700,710,710,710,57953,0,420.0,455.4551649146681,32.33849999924132,9973.895099999936,2856.165289113592
1746383361,2000,,Aggregated,1230.000000,0.000000,370,480,520,550,620,650,690,700,710,720,740,640690,13,420.0,446.7951965240596,26.804099999935715,9982.970299999579,2905.5522889384883
1746383362,2000,GET,GET /pastes/:slug,1054.100000,0.000000,390,470,520,550,620,650,690,700,710,740,740,583854,13,420.0,445.81044279118817,26.804099999935715,9982.970299999579,2910.549829238131
1746383362,2000,POST,POST /pastes,106.400000,0.000000,390,470,520,560,620,650,690,700,710,710,710,58073,0,420.0,455.2803769600293,32.33849999924132,9973.895099999936,2855.674254817213
1746383362,2000,,Aggregated,1160.500000,0.000000,390,470,520,550,620,650,690,700,710,720,740,641927,13,420.0,446.6671562289786,26.804099999935715,9982.970299999579,2905.5854185912103
1746383363,2000,GET,GET /pastes/:slug,1099.000000,0.100000,380,470,510,550,620,650,690,700,710,740,740,584960,13,420.0,445.56455377240644,26.804099999935715,9982.970299999579,2910.484390385667
1746383363,2000,POST,POST /pastes,111.500000,0.000000,380,460,510,550,610,650,680,700,710,710,710,58208,0,420.0,454.98271870361083,32.33849999924132,9973.895099999936,2855.8129638537657
1746383363,2000,,Aggregated,1210.500000,0.100000,380,470,510,550,620,650,690,700,710,720,740,643168,13,420.0,446.4169166765124,26.804099999935715,9982.970299999579,2905.536516120205
1746383364,2000,GET,GET /pastes/:slug,1097.600000,0.100000,380,460,520,550,620,660,690,700,710,740,740,585801,13,420.0,445.69922324442393,26.804099999935715,9982.970299999579,2910.5186897939743
1746383364,2000,POST,POST /pastes,110.400000,0.000000,380,470,530,560,620,660,690,700,710,710,710,58312,0,420.0,455.15799221943666,32.33849999924132,9973.895099999936,2855.8449890245574
1746383364,2000,,Aggregated,1208.000000,0.100000,380,460,520,550,620,660,690,700,710,720,740,644113,13,420.0,446.55553220956415,26.804099999935715,9982.970299999579,2905.5690414570113
1746383365,2000,GET,GET /pastes/:slug,1066.200000,0.100000,410,510,560,590,640,680,690,700,740,750,750,587119,13,420.0,445.87126395893614,26.804099999935715,9982.970299999579,2910.427361403736
1746383365,2000,POST,POST /pastes,110.200000,0.000000,420,520,560,600,640,670,690,700,710,740,740,58453,0,420.0,455.3275878175591,32.33849999924132,9973.895099999936,2855.4384206114314
1746383365,2000,,Aggregated,1176.400000,0.100000,410,510,560,590,640,680,690,700,740,740,750,645572,13,420.0,446.72748216310276,26.804099999935715,9982.970299999579,2905.448414739177
1746383366,2000,GET,GET /pastes/:slug,1066.000000,0.100000,390,500,550,570,640,680,690,700,740,740,750,588239,13,420.0,445.4585830490788,26.804099999935715,9982.970299999579,2910.537563813348
1746383366,2000,POST,POST /pastes,110.500000,0.000000,400,510,560,590,630,670,690,700,710,740,740,58555,0,420.0,454.9493674767276,32.33849999924132,9973.895099999936,2855.220459397148
1746383366,2000,,Aggregated,1176.500000,0.100000,390,500,550,580,640,680,690,700,740,740,750,646794,13,420.0,446.3177946097174,26.804099999935715,9982.970299999579,2905.5296431321253
1746383367,2000,GET,GET /pastes/:slug,1056.500000,0.100000,360,420,500,540,610,670,690,700,740,740,750,589441,13,420.0,445.16750581670897,26.804099999935715,9982.970299999579,2910.4540742839404
1746383367,2000,POST,POST /pastes,113.300000,0.000000,370,430,510,560,610,670,690,700,710,740,740,58669,0,420.0,454.66410935587453,32.33849999924132,9973.895099999936,2855.5732158380065
1746383367,2000,,Aggregated,1169.800000,0.100000,360,420,500,540,610,670,690,700,740,740,750,648110,13,420.0,446.0271688878386,26.804099999935715,9982.970299999579,2905.4860826094337
1746383368,2000,GET,GET /pastes/:slug,1062.000000,0.100000,360,430,500,540,610,670,690,700,740,740,750,590647,13,420.0,444.8693271067269,26.804099999935715,9982.970299999579,2910.464202814879
1746383368,2000,POST,POST /pastes,111.800000,0.000000,370,440,510,560,610,670,690,700,710,740,740,58806,0,420.0,454.31126274699506,32.33849999924132,9973.895099999936,2855.853620378873
1746383368,2000,,Aggregated,1173.800000,0.100000,360,430,500,540,610,670,690,700,740,740,750,649453,13,420.0,445.7242657508642,26.804099999935715,9982.970299999579,2905.5193801553
1746383369,2000,GET,GET /pastes/:slug,1098.600000,0.100000,360,430,500,520,610,670,690,700,740,740,750,591745,13,420.0,444.77687556820445,26.804099999935715,9982.970299999579,2910.6250597808175
1746383369,2000,POST,POST /pastes,116.400000,0.000000,370,440,500,550,610,670,690,700,710,740,740,58906,0,420.0,454.222364124194,32.33849999924132,9973.895099999936,2855.839320272977
1746383369,2000,,Aggregated,1215.000000,0.100000,370,430,500,520,610,670,690,700,740,740,750,650651,13,420.0,445.632012882784,26.804099999935715,9982.970299999579,2905.6650908090514
1746383370,2000,GET,GET /pastes/:slug,1104.200000,0.100000,360,400,440,470,570,640,680,690,740,740,750,592909,13,420.0,444.6984016963927,26.804099999935715,9982.970299999579,2910.7643247108745
1746383370,2000,POST,POST /pastes,116.200000,0.000000,360,410,450,490,590,640,680,690,700,740,740,59032,0,420.0,454.10723721879253,32.33849999924132,9973.895099999936,2855.608144735059
1746383370,2000,,Aggregated,1220.400000,0.100000,360,410,440,470,580,640,680,690,740,740,750,651941,13,420.0,445.550353603925,26.804099999935715,9982.970299999579,2905.770039006597
1746383371,2000,GET,GET /pastes/:slug,1068.300000,0.100000,360,410,470,500,610,670,690,690,740,750,750,593659,13,420.0,444.79390649498475,26.804099999935715,9982.970299999579,2910.759292792664
1746383371,2000,POST,POST /pastes,111.800000,0.000000,370,420,480,520,610,670,690,700,730,740,740,59101,0,420.0,454.18965010743943,32.33849999924132,9973.895099999936,2855.702627705115
1746383371,2000,,Aggregated,1180.100000,0.100000,360,410,470,500,610,670,690,690,740,740,750,652760,13,420.0,445.64459869921035,26.804099999935715,9982.970299999579,2905.7744530914883
1746383372,2000,GET,GET /pastes/:slug,1086.100000,0.100000,390,480,560,610,690,810,890,930,970,980,980,594772,13,420.0,445.42414238583126,26.804099999935715,9982.970299999579,2910.8587593229004
1746383372,2000,POST,POST /pastes,115.500000,0.000000,400,490,580,610,700,820,900,920,970,970,970,59217,0,420.0,454.8363913521419,32.33849999924132,9973.895099999936,2855.6478376141986
1746383372,2000,,Aggregated,1201.600000,0.100000,390,480,570,610,690,810,890,930,970,980,980,653989,13,420.0,446.2763970063684,26.804099999935715,9982.970299999579,2905.8595542126855
1746383373,2000,GET,GET /pastes/:slug,1068.500000,0.000000,380,460,530,570,690,800,890,920,970,980,980,596095,13,420.0,445.1188699507724,26.804099999935715,9982.970299999579,2910.860926530167
1746383373,2000,POST,POST /pastes,112.600000,0.000000,390,470,550,590,690,820,900,920,970,970,970,59333,0,420.0,454.52404863566255,32.33849999924132,9973.895099999936,2855.7012792206697
1746383373,2000,,Aggregated,1181.100000,0.000000,380,460,530,570,690,800,890,920,970,980,980,655428,13,420.0,445.97027920839093,26.804099999935715,9982.970299999579,2905.867567452108
1746383374,2000,GET,GET /pastes/:slug,1021.300000,0.000000,350,430,480,510,680,810,890,930,970,980,980,596947,13,420.0,445.01615501712206,26.804099999935715,9982.970299999579,2910.7923232715802
1746383374,2000,POST,POST /pastes,107.100000,0.000000,360,430,470,500,700,820,900,920,970,970,970,59413,0,420.0,454.41829481257884,32.33849999924132,9973.895099999936,2855.2777169979636
1746383374,2000,,Aggregated,1128.400000,0.000000,350,430,480,510,680,810,890,920,970,980,980,656360,13,420.0,445.86722658098785,26.804099999935715,9982.970299999579,2905.767200926321
1746383375,2000,GET,GET /pastes/:slug,1078.500000,0.000000,390,470,520,560,680,810,890,920,970,980,980,598266,13,420.0,445.12390485921975,26.804099999935715,9982.970299999579,2910.755792573872
1746383375,2000,POST,POST /pastes,110.100000,0.000000,400,470,510,550,690,820,900,920,970,970,970,59547,0,420.0,454.49813210572773,32.33849999924132,9973.895099999936,2855.5355769392245
1746383375,2000,,Aggregated,1188.600000,0.000000,390,470,520,560,680,810,890,920,970,980,980,657813,13,420.0,445.97248509378426,26.804099999935715,9982.970299999579,2905.7571103033843
1746383376,2000,GET,GET /pastes/:slug,1080.900000,0.000000,400,480,520,560,680,810,890,920,970,980,980,599251,13,420.0,444.83296988742075,26.804099999935715,9982.970299999579,2910.7826853855895
1746383376,2000,POST,POST /pastes,107.900000,0.000000,400,470,510,550,700,820,900,920,970,970,970,59641,0,420.0,454.18827633003747,32.33849999924132,9973.895099999936,2855.595630522627
1746383376,2000,,Aggregated,1188.800000,0.000000,400,470,520,560,680,810,890,920,970,980,980,658892,13,420.0,445.6797851948382,26.804099999935715,9982.970299999579,2905.7873126400077
1746383377,2000,GET,GET /pastes/:slug,1045.400000,0.000000,440,520,560,600,690,810,890,930,970,980,980,600325,13,420.0,445.0287252410068,26.804099999935715,9982.970299999579,2910.704486736351
1746383377,2000,POST,POST /pastes,102.200000,0.000000,440,510,560,600,700,820,900,920,970,970,970,59766,0,420.0,454.3872936502318,32.33849999924132,9973.895099999936,2855.91065154101
1746383377,2000,,Aggregated,1147.600000,0.000000,440,520,560,600,690,810,900,930,970,980,980,660091,13,420.0,445.87606931861995,26.804099999935715,9982.970299999579,2905.7433399334336
1746383378,2000,GET,GET /pastes/:slug,1059.600000,0.000000,450,530,570,600,680,800,890,920,970,980,980,601720,13,420.0,444.7619344338015,26.804099999935715,9982.970299999579,2910.7825433756566
1746383378,2000,POST,POST /pastes,105.200000,0.000000,440,510,560,600,690,820,900,920,970,970,970,59914,0,420.0,453.94998898587534,32.33849999924132,9973.895099999936,2856.101094902694
1746383378,2000,,Aggregated,1164.800000,0.000000,450,520,570,600,680,800,890,920,970,980,980,661634,13,420.0,445.59395500774696,26.804099999935715,9982.970299999579,2905.8308868649433
1746383379,2000,GET,GET /pastes/:slug,1031.500000,0.000000,430,530,580,610,680,810,890,920,970,980,980,602653,13,420.0,444.6159181210537,26.804099999935715,9982.970299999579,2910.818573872527
1746383379,2000,POST,POST /pastes,101.600000,0.000000,420,520,570,600,690,820,900,920,970,970,970,60011,0,420.0,453.77260337770986,32.33849999924132,9973.895099999936,2856.272000133309
1746383379,2000,,Aggregated,1133.100000,0.000000,430,530,580,610,680,810,890,920,970,980,980,662664,13,420.0,445.44514958515225,26.804099999935715,9982.970299999579,2905.8788239590504
1746383380,2000,GET,GET /pastes/:slug,1034.100000,0.000000,500,560,600,620,680,800,890,920,970,980,980,603835,13,420.0,444.898269792257,26.804099999935715,9982.970299999579,2910.821623456739
1746383380,2000,POST,POST /pastes,102.000000,0.000000,490,560,600,620,690,820,900,920,970,970,970,60137,0,420.0,454.07424666012184,32.33849999924132,9973.895099999936,2856.0158305203117
1746383380,2000,,Aggregated,1136.100000,0.000000,500,560,600,620,680,800,890,920,970,980,980,663972,13,420.0,445.7293526103438,26.804099999935715,9982.970299999579,2905.857775629093
1746383381,2000,GET,GET /pastes/:slug,1053.600000,0.000000,420,540,570,600,650,800,890,920,970,980,980,604972,13,420.0,444.6441341186169,26.804099999935715,9982.970299999579,2910.817789914244
1746383381,2000,POST,POST /pastes,106.300000,0.000000,420,530,570,600,650,800,890,910,970,970,970,60256,0,420.0,453.797366881302,32.33849999924132,9973.895099999936,2856.3931890600106
1746383381,2000,,Aggregated,1159.900000,0.000000,420,540,570,600,650,800,890,920,970,980,980,665228,13,420.0,445.47322909558176,26.804099999935715,9982.970299999579,2905.8880383868386
1746383382,2000,GET,GET /pastes/:slug,1034.000000,0.000000,350,500,540,560,610,630,670,680,730,740,740,606162,13,420.0,444.2992596734993,26.804099999935715,9982.970299999579,2910.831804039184
1746383382,2000,POST,POST /pastes,103.000000,0.000000,340,500,540,560,610,630,660,670,720,720,720,60366,0,420.0,453.45157918861145,32.33849999924132,9973.895099999936,2856.0724911373954
1746383382,2000,,Aggregated,1137.000000,0.000000,350,500,540,560,610,630,670,680,730,740,740,666528,13,420.0,445.1281654656602,26.804099999935715,9982.970299999579,2905.872371453262
1746383383,2000,GET,GET /pastes/:slug,1053.900000,0.000000,390,510,540,560,610,630,670,680,730,740,740,607155,13,420.0,444.26862931937893,26.804099999935715,9982.970299999579,2910.7935041299174
1746383383,2000,POST,POST /pastes,107.300000,0.000000,380,510,540,560,610,630,660,670,720,720,720,60455,0,420.0,453.40264825241434,32.33849999924132,9973.895099999936,2856.0578777603178
1746383383,2000,,Aggregated,1161.200000,0.000000,390,510,540,560,610,630,670,680,730,740,740,667610,13,420.0,445.0957546089714,26.804099999935715,9982.970299999579,2905.836954209793
1746383384,2000,GET,GET /pastes/:slug,1105.100000,0.000000,380,500,550,560,610,630,670,680,730,740,740,608359,13,420.0,444.3173121832783,26.804099999935715,9982.970299999579,2910.6564676449266
1746383384,2000,POST,POST /pastes,113.200000,0.000000,380,500,550,560,610,630,660,670,720,720,720,60584,0,420.0,453.4481293311716,32.33849999924132,9973.895099999936,2856.5060577050044
1746383384,2000,,Aggregated,1218.300000,0.000000,380,500,550,560,610,630,660,680,730,740,740,668943,13,420.0,445.1442607066592,26.804099999935715,9982.970299999579,2905.7522404748984
1746383385,2000,GET,GET /pastes/:slug,1057.900000,0.000000,350,470,530,550,610,630,670,680,730,740,740,609585,13,420.0,443.9383152348022,26.804099999935715,9982.970299999579,2910.6907305790005
1746383385,2000,POST,POST /pastes,108.000000,0.000000,350,480,540,560,610,630,660,670,720,720,720,60686,0,420.0,453.1176489569209,32.33849999924132,9973.895099999936,2856.6462610816334
1746383385,2000,,Aggregated,1165.900000,0.000000,350,470,530,550,610,630,660,680,730,740,740,670271,13,420.0,444.7694075038224,26.804099999935715,9982.970299999579,2905.7975714300633
1746383387,2000,GET,GET /pastes/:slug,1105.300000,0.000000,330,420,470,520,580,620,660,670,730,740,740,610502,13,420.0,443.89724094271133,26.804099999935715,9982.970299999579,2910.6048104674514
1746383387,2000,POST,POST /pastes,113.500000,0.000000,330,420,470,530,600,630,660,670,720,720,720,60764,0,420.0,453.0760613586947,32.33849999924132,9973.895099999936,2856.6533967480746
1746383387,2000,,Aggregated,1218.800000,0.000000,330,420,470,520,590,620,660,670,730,740,740,671266,13,420.0,444.7281214636151,26.804099999935715,9982.970299999579,2905.7210479899177
1746383388,2000,GET,GET /pastes/:slug,1090.100000,0.000000,390,470,530,550,610,630,670,690,740,740,740,611475,13,420.0,444.0810441002625,26.804099999935715,9982.970299999579,2910.6394570505745
1746383388,2000,POST,POST /pastes,108.800000,0.000000,410,490,550,580,620,640,670,680,730,730,730,60864,0,420.0,453.2750458497589,32.33849999924132,9973.895099999936,2856.66367639327
1746383388,2000,,Aggregated,1198.900000,0.000000,390,470,530,550,610,630,670,690,740,740,740,672339,13,420.0,444.91333811038197,26.804099999935715,9982.970299999579,2905.753258400896
1746383389,2000,GET,GET /pastes/:slug,1103.500000,0.000000,420,510,560,590,670,880,920,940,980,1000,1000,612295,13,420.0,444.6629085661456,26.804099999935715,9982.970299999579,2910.6615128328667
1746383389,2000,POST,POST /pastes,110.500000,0.000000,420,530,580,600,660,880,920,940,960,960,960,60930,0,420.0,453.7494345068069,32.33849999924132,9973.895099999936,2856.6373543410473
1746383389,2000,,Aggregated,1214.000000,0.000000,420,510,560,590,670,880,920,940,980,990,1000,673225,13,420.0,445.4852815106333,26.804099999935715,9982.970299999579,2905.772074714991
1746383390,2000,GET,GET /pastes/:slug,1063.900000,0.000000,420,520,600,720,930,1000,1100,1100,1200,1200,1200,613475,13,420.0,445.61520245749045,26.804099999935715,9982.970299999579,2910.737982802885
1746383390,2000,POST,POST /pastes,105.900000,0.000000,420,540,610,720,940,1100,1100,1100,1200,1200,1200,61056,0,420.0,454.7423903842331,32.33849999924132,9973.895099999936,2856.6452273322852
1746383390,2000,,Aggregated,1169.800000,0.000000,420,520,600,720,930,1000,1100,1100,1200,1200,1200,674531,13,420.0,446.4413610566401,26.804099999935715,9982.970299999579,2905.8417107590312
1746383391,2000,GET,GET /pastes/:slug,1021.600000,0.000000,430,550,630,800,920,1000,1100,1100,1200,1200,1200,614859,13,420.0,445.57581406974367,26.804099999935715,9982.970299999579,2910.608890818871
1746383391,2000,POST,POST /pastes,99.200000,0.000000,450,590,650,830,940,1100,1100,1100,1200,1200,1200,61183,0,420.0,454.7559316509442,32.33849999924132,9973.895099999936,2856.428141804096
1746383391,2000,,Aggregated,1120.800000,0.000000,430,550,630,800,920,1000,1100,1100,1200,1200,1200,676042,13,420.0,446.40663099229937,26.804099999935715,9982.970299999579,2905.7054369403086
1746383392,2000,GET,GET /pastes/:slug,1021.400000,0.000000,460,570,680,830,940,1000,1100,1100,1200,1200,1200,615388,13,420.0,445.55955161639264,26.804099999935715,9982.970299999579,2910.624189941955
1746383392,2000,POST,POST /pastes,97.800000,0.000000,490,600,690,850,950,1100,1100,1100,1200,1200,1200,61240,0,420.0,454.7150429229213,32.33849999924132,9973.895099999936,2856.5323644676682
1746383392,2000,,Aggregated,1119.200000,0.000000,460,580,680,830,940,1000,1100,1100,1200,1200,1200,676628,13,420.0,446.38819348105045,26.804099999935715,9982.970299999579,2905.7284667498243
1746383393,2000,GET,GET /pastes/:slug,1016.700000,0.000000,530,630,810,840,930,1000,1100,1100,1200,1200,1200,616654,13,420.0,446.099524360837,26.804099999935715,9982.970299999579,2910.5512945671317
1746383393,2000,POST,POST /pastes,96.800000,0.000000,560,650,820,870,940,1100,1100,1100,1200,1200,1200,61376,0,420.0,455.28840639337335,32.33849999924132,9973.895099999936,2856.210196167883
1746383393,2000,,Aggregated,1113.500000,0.000000,530,640,810,850,930,1000,1100,1100,1200,1200,1200,678030,13,420.0,446.93131177970724,26.804099999935715,9982.970299999579,2905.6322802825835
1746383394,2000,GET,GET /pastes/:slug,996.400000,0.000000,520,630,810,840,930,1000,1100,1100,1200,1200,1200,617879,13,420.0,445.86506637530596,26.804099999935715,9982.970299999579,2910.5836175043983
1746383394,2000,POST,POST /pastes,93.500000,0.000000,540,660,810,870,940,1100,1100,1100,1200,1200,1200,61510,0,420.0,455.00988128108673,32.33849999924132,9973.895099999936,2855.793984717932
1746383394,2000,,Aggregated,1089.900000,0.000000,520,640,810,850,930,1000,1100,1100,1200,1200,1200,679389,13,420.0,446.6930126105889,26.804099999935715,9982.970299999579,2905.6231157701995
1746383395,2000,GET,GET /pastes/:slug,956.400000,0.000000,550,680,820,860,940,1000,1100,1100,1200,1200,1200,618605,13,420.0,445.80245032566427,26.804099999935715,9982.970299999579,2910.6403019697545
1746383395,2000,POST,POST /pastes,91.200000,0.000000,560,680,820,870,940,1100,1100,1100,1200,1200,1200,61597,0,420.0,454.96277185576645,32.33849999924132,9973.895099999936,2856.177427472117
1746383395,2000,,Aggregated,1047.600000,0.000000,550,680,820,860,940,1000,1100,1100,1200,1200,1200,680202,13,420.0,446.6319808552393,26.804099999935715,9982.970299999579,2905.7083116485983
1746383396,2000,GET,GET /pastes/:slug,979.300000,0.000000,600,690,810,840,930,1000,1100,1100,1200,1200,1200,619951,13,420.0,446.2054806994538,26.804099999935715,9982.970299999579,2910.6609151368416
1746383396,2000,POST,POST /pastes,94.900000,0.000000,600,690,800,870,930,1000,1100,1100,1200,1200,1200,61734,0,420.0,455.40439611882704,32.33849999924132,9973.895099999936,2855.985340331098
1746383396,2000,,Aggregated,1074.200000,0.000000,600,690,810,840,930,1000,1100,1100,1200,1200,1200,681685,13,420.0,447.03854266280575,26.804099999935715,9982.970299999579,2905.7094464452057
1746383397,2000,GET,GET /pastes/:slug,973.100000,0.000000,570,690,800,840,920,1000,1100,1100,1200,1200,1200,621106,13,420.0,445.7763702128258,26.804099999935715,9982.970299999579,2910.795529265536
1746383397,2000,POST,POST /pastes,94.100000,0.000000,580,690,800,870,930,1000,1100,1100,1200,1200,1200,61832,0,420.0,455.027430110617,32.33849999924132,9973.895099999936,2856.0817699573035
1746383397,2000,,Aggregated,1067.200000,0.000000,570,690,800,840,930,1000,1100,1100,1200,1200,1200,682938,13,420.0,446.61394483246653,26.804099999935715,9982.970299999579,2905.841842158439
1746383398,2000,GET,GET /pastes/:slug,942.700000,0.000000,550,670,730,780,890,1000,1100,1100,1200,1200,1200,621993,13,420.0,445.93976287435385,26.804099999935715,9982.970299999579,2910.8408760227203
1746383398,2000,POST,POST /pastes,95.600000,0.000000,570,680,740,790,900,1000,1100,1100,1200,1200,1200,61914,0,420.0,455.16664607035045,32.33849999924132,9973.895099999936,2856.064444229092
1746383398,2000,,Aggregated,1038.300000,0.000000,550,670,730,780,890,1000,1100,1100,1200,1200,1200,683907,13,420.0,446.7750712513477,26.804099999935715,9982.970299999579,2905.881973718649
1746383399,2000,GET,GET /pastes/:slug,993.100000,0.000000,520,600,670,690,800,870,910,1000,1100,1100,1100,623505,13,420.0,445.9508799098775,26.804099999935715,9982.970299999579,2910.9785422731175
1746383399,2000,POST,POST /pastes,100.900000,0.000000,530,610,680,710,820,880,940,1000,1100,1100,1100,62058,0,420.0,455.13865455863345,32.33849999924132,9973.895099999936,2856.2790776370493
1746383399,2000,,Aggregated,1094.000000,0.000000,530,600,670,690,800,870,910,1000,1100,1100,1100,685563,13,420.0,446.78256849158385,26.804099999935715,9982.970299999579,2906.0270799328437
1746383400,2000,GET,GET /pastes/:slug,975.100000,0.000000,410,570,610,650,720,790,840,880,900,900,920,624427,13,420.0,445.5507709735612,26.804099999935715,9982.970299999579,2910.9706194639243
1746383400,2000,POST,POST /pastes,97.700000,0.000000,410,580,610,660,740,800,880,890,900,900,900,62163,0,420.0,454.7076109791945,32.33849999924132,9973.895099999936,2856.4181265382945
1746383400,2000,,Aggregated,1072.800000,0.000000,410,570,610,650,720,790,840,880,900,900,920,686590,13,420.0,446.3798198167691,26.804099999935715,9982.970299999579,2906.0315049738565
1746383401,2000,GET,GET /pastes/:slug,1008.300000,0.000000,510,590,630,670,720,790,840,880,900,900,920,625384,13,420.0,445.7033841807716,26.804099999935715,9982.970299999579,2910.9260774180343
1746383401,2000,POST,POST /pastes,101.300000,0.000000,510,590,630,670,730,800,880,890,900,900,900,62260,0,420.0,454.8550770478585,32.33849999924132,9973.895099999936,2856.5272887889496
1746383401,2000,,Aggregated,1109.600000,0.000000,510,590,630,670,720,790,840,880,900,900,920,687644,13,420.0,446.53198793197555,26.804099999935715,9982.970299999579,2906.000754751005
1746383402,2000,GET,GET /pastes/:slug,1068.500000,0.000000,500,590,630,660,700,740,780,800,840,850,870,626662,13,420.0,445.843766420667,26.804099999935715,9982.970299999579,2911.1162269293495
1746383402,2000,POST,POST /pastes,107.000000,0.000000,500,590,620,660,710,740,780,800,830,870,870,62380,0,420.0,454.93864029656385,32.33849999924132,9973.895099999936,2856.34982366143
1746383402,2000,,Aggregated,1175.500000,0.000000,500,590,630,660,700,740,780,800,840,870,870,689042,13,420.0,446.6671389180859,26.804099999935715,9982.970299999579,2906.158142754723
1746383403,2000,GET,GET /pastes/:slug,1049.100000,0.000000,430,560,610,650,690,730,740,760,790,840,870,627411,13,420.0,445.84484177342847,26.804099999935715,9982.970299999579,2911.1384068816133
1746383403,2000,POST,POST /pastes,105.700000,0.000000,420,560,610,640,690,730,750,780,820,870,870,62443,0,420.0,454.8888391268778,32.33849999924132,9973.895099999936,2856.309177970309
1746383403,2000,,Aggregated,1154.800000,0.000000,430,560,610,650,690,730,740,760,790,870,870,689854,13,420.0,446.6634705365138,26.804099999935715,9982.970299999579,2906.1754704618656
1746383404,2000,GET,GET /pastes/:slug,1034.300000,0.000000,510,600,650,670,710,740,770,790,810,840,870,628815,13,420.0,446.1432452694485,26.804099999935715,9982.970299999579,2911.0371412895684
1746383404,2000,POST,POST /pastes,105.700000,0.000000,500,600,640,670,720,740,780,790,820,870,870,62591,0,420.0,455.1516816059757,32.33849999924132,9973.895099999936,2856.379894873065
1746383404,2000,,Aggregated,1140.000000,0.000000,510,600,650,670,710,740,770,790,810,870,870,691406,13,420.0,446.9587531457577,26.804099999935715,9982.970299999579,2906.0891777045613
1746383406,2000,GET,GET /pastes/:slug,1035.400000,0.000000,440,560,610,650,710,740,770,790,810,840,840,629891,13,420.0,445.6955901976821,26.804099999935715,9982.970299999579,2911.0976676917116
1746383406,2000,POST,POST /pastes,103.000000,0.000000,410,540,600,620,700,740,780,790,810,810,810,62715,0,420.0,454.6009828685265,32.33849999924132,9973.895099999936,2856.442748943634
1746383406,2000,,Aggregated,1138.400000,0.000000,440,560,610,640,710,740,770,790,810,840,840,692606,13,420.0,446.5019674184107,26.804099999935715,9982.970299999579,2906.148702148119
1746383407,2000,GET,GET /pastes/:slug,1065.600000,0.000000,460,560,620,650,710,740,770,790,810,840,840,630624,13,420.0,445.641422266847,26.804099999935715,9982.970299999579,2911.1421179656973
1746383407,2000,POST,POST /pastes,105.900000,0.000000,420,540,600,620,700,740,780,790,810,810,810,62793,0,420.0,454.532106253876,32.33849999924132,9973.895099999936,2856.556845508257
1746383407,2000,,Aggregated,1171.500000,0.000000,460,560,610,650,710,740,770,790,810,840,840,693417,13,420.0,446.4465261503476,26.804099999935715,9982.970299999579,2906.199099531739
1746383408,2000,GET,GET /pastes/:slug,1087.500000,0.000000,480,570,620,650,730,760,780,790,810,840,840,631762,13,420.0,445.9886183328657,26.804099999935715,9982.970299999579,2911.0754287215755
1746383408,2000,POST,POST /pastes,107.300000,0.000000,450,560,610,640,730,760,780,790,810,810,810,62911,0,420.0,454.88922860707413,32.33849999924132,9973.895099999936,2856.7095897378836
1746383408,2000,,Aggregated,1194.800000,0.000000,480,570,620,650,730,760,780,790,810,840,840,694673,13,420.0,446.7946757051094,26.804099999935715,9982.970299999579,2906.1519477509564
1746383409,2000,GET,GET /pastes/:slug,1020.100000,0.000000,450,550,610,650,730,760,780,790,810,840,840,633141,13,420.0,445.6835273665862,26.804099999935715,9982.970299999579,2911.016525544863
1746383409,2000,POST,POST /pastes,101.900000,0.000000,430,530,600,630,730,760,780,790,810,810,810,63053,0,420.0,454.61271601350654,32.33849999924132,9973.895099999936,2856.7419155313783
1746383409,2000,,Aggregated,1122.000000,0.000000,450,550,610,650,730,760,780,790,810,840,840,696194,13,420.0,446.4922274297033,26.804099999935715,9982.970299999579,2906.1009747283083
1746383410,2000,GET,GET /pastes/:slug,1057.700000,0.000000,460,550,610,650,730,760,780,790,810,840,840,634101,13,420.0,445.54362589431054,26.804099999935715,9982.970299999579,2910.9996719765463
1746383410,2000,POST,POST /pastes,107.500000,0.000000,460,550,600,640,730,760,780,790,810,810,810,63136,0,420.0,454.47926913329366,32.33849999924132,9973.895099999936,2856.6037601368475
1746383410,2000,,Aggregated,1165.200000,0.000000,460,550,610,650,730,760,780,790,810,840,840,697237,13,420.0,446.3527636358876,26.804099999935715,9982.970299999579,2906.0740293472663
1746383411,2000,GET,GET /pastes/:slug,1090.000000,0.000000,430,500,570,620,720,750,780,790,810,840,840,635487,13,420.0,445.4257408888112,26.804099999935715,9982.970299999579,2910.955232758499
1746383411,2000,POST,POST /pastes,111.400000,0.000000,420,490,570,600,720,760,780,790,810,810,810,63268,0,420.0,454.35583552032045,32.33849999924132,9973.895099999936,2856.3129860276917
1746383411,2000,,Aggregated,1201.400000,0.000000,430,500,570,620,720,750,780,790,810,840,840,698755,13,420.0,446.2343064477468,26.804099999935715,9982.970299999579,2906.0077108571672
1746383412,2000,GET,GET /pastes/:slug,1022.700000,0.000000,380,470,520,560,700,750,780,790,810,840,840,636538,13,420.0,445.0368280032109,26.804099999935715,9982.970299999579,2910.9127059185785
1746383412,2000,POST,POST /pastes,104.100000,0.000000,380,470,510,550,700,760,780,790,810,810,810,63377,0,420.0,453.93801788345337,32.33849999924132,9973.895099999936,2856.2473925872164
1746383412,2000,,Aggregated,1126.800000,0.000000,380,470,520,560,700,750,780,790,810,840,840,699915,13,420.0,445.84282689025827,26.804099999935715,9982.970299999579,2905.962785481094
1746383413,2000,GET,GET /pastes/:slug,1057.900000,0.000000,390,480,520,570,700,750,780,790,810,830,840,637569,13,420.0,445.13313253327476,26.804099999935715,9982.970299999579,2910.9459556534275
1746383413,2000,POST,POST /pastes,106.900000,0.000000,410,480,520,570,700,750,780,790,810,810,810,63497,0,420.0,454.0393636754432,32.33849999924132,9973.895099999936,2856.100666173205
1746383413,2000,,Aggregated,1164.800000,0.000000,390,480,520,570,700,750,780,790,810,830,840,701066,13,420.0,445.9397883386085,26.804099999935715,9982.970299999579,2905.978504163659
1746383414,2000,GET,GET /pastes/:slug,1089.900000,0.000000,370,460,520,550,630,720,760,780,810,830,840,638829,13,420.0,445.25935103589165,26.804099999935715,9982.970299999579,2910.9742826327547
1746383414,2000,POST,POST /pastes,109.500000,0.000000,390,470,520,570,660,720,770,780,810,810,810,63633,0,420.0,454.1788509232568,32.33849999924132,9973.895099999936,2856.2548991875283
1746383414,2000,,Aggregated,1199.400000,0.000000,370,460,520,550,630,720,760,780,810,830,840,702462,13,420.0,446.0673300245357,26.804099999935715,9982.970299999579,2906.017489914045
1746383415,2000,GET,GET /pastes/:slug,1042.600000,0.000000,370,460,520,550,630,720,760,780,810,840,840,639872,13,420.0,444.91640323628445,26.804099999935715,9982.970299999579,2910.8769238222644
1746383415,2000,POST,POST /pastes,105.800000,0.000000,400,480,530,570,670,730,770,780,810,810,810,63726,0,420.0,453.85949336690817,32.33849999924132,9973.895099999936,2856.2013934657753
1746383415,2000,,Aggregated,1148.400000,0.000000,380,470,520,550,630,730,760,780,810,830,840,703598,13,420.0,445.7263932613444,26.804099999935715,9982.970299999579,2905.9248732941255
1746383416,2000,GET,GET /pastes/:slug,1085.500000,0.000000,390,470,520,550,620,720,760,780,810,830,840,640827,13,420.0,444.90625100114016,26.804099999935715,9982.970299999579,2910.8037442242603
1746383416,2000,POST,POST /pastes,112.700000,0.000000,420,490,530,570,670,730,770,780,810,810,810,63801,0,420.0,453.8543231516684,32.33849999924132,9973.895099999936,2856.14128305199
1746383416,2000,,Aggregated,1198.200000,0.000000,390,470,520,550,630,720,760,780,810,830,840,704628,13,420.0,445.71646000683364,26.804099999935715,9982.970299999579,2905.854296167623
1746383417,2000,GET,GET /pastes/:slug,1061.000000,0.000000,350,440,490,510,580,610,690,720,740,770,770,642235,13,420.0,444.67108714988643,26.804099999935715,9982.970299999579,2910.778067218386
1746383417,2000,POST,POST /pastes,109.800000,0.000000,360,450,500,520,590,630,690,720,730,730,730,63962,0,420.0,453.546579339289,32.33849999924132,9973.895099999936,2856.201697883118
1746383417,2000,,Aggregated,1170.800000,0.000000,350,440,490,510,580,610,690,720,740,770,770,706197,13,420.0,445.4749623170232,26.804099999935715,9982.970299999579,2905.8349511538563
1746383418,2000,GET,GET /pastes/:slug,1053.100000,0.000000,350,430,480,510,580,610,690,720,760,770,770,642994,13,420.0,444.5054781428861,26.804099999935715,9982.970299999579,2910.8663222362884
1746383418,2000,POST,POST /pastes,105.200000,0.000000,350,450,490,520,590,630,690,720,730,730,730,64056,0,420.0,453.33724473741074,32.33849999924132,9973.895099999936,2855.9807668290246
1746383418,2000,,Aggregated,1158.300000,0.000000,350,430,480,510,580,610,690,720,740,770,770,707050,13,420.0,445.3056020958834,26.804099999935715,9982.970299999579,2905.893902835726
1746383419,2000,GET,GET /pastes/:slug,1117.600000,0.000000,400,490,540,580,640,710,770,800,810,860,860,644156,13,420.0,444.9192512231628,26.804099999935715,9982.970299999579,2910.8791084768286
1746383419,2000,POST,POST /pastes,111.800000,0.000000,410,500,570,590,660,710,760,780,820,840,840,64176,0,420.0,453.7433653967149,32.33849999924132,9973.895099999936,2855.91216342558
1746383419,2000,,Aggregated,1229.400000,0.000000,400,490,540,580,640,710,770,800,810,860,860,708332,13,420.0,445.71872992974346,26.804099999935715,9982.970299999579,2905.899016280501
1746383420,2000,GET,GET /pastes/:slug,1097.800000,0.000000,360,470,550,580,640,710,770,800,810,860,860,645286,13,420.0,444.61416234972876,26.804099999935715,9982.970299999579,2910.851662673605
1746383420,2000,POST,POST /pastes,110.600000,0.000000,360,490,570,590,660,710,770,780,820,840,840,64289,0,420.0,453.40633329340324,32.33849999924132,9973.895099999936,2856.0480642100515
1746383420,2000,,Aggregated,1208.400000,0.000000,360,470,550,580,640,710,770,800,810,860,860,709575,13,420.0,445.410751685297,26.804099999935715,9982.970299999579,2905.886340415037
1746383421,2000,GET,GET /pastes/:slug,1048.700000,0.000000,390,500,560,590,640,710,770,800,810,860,860,646359,13,420.0,444.5716547104745,26.804099999935715,9982.970299999579,2910.9601630053885
1746383421,2000,POST,POST /pastes,106.700000,0.000000,390,510,570,590,660,710,770,780,820,840,840,64401,0,420.0,453.33922593437336,32.33849999924132,9973.895099999936,2856.048757006879
1746383421,2000,,Aggregated,1155.400000,0.000000,390,500,560,590,650,710,770,800,810,860,860,710760,13,420.0,445.36607245257886,26.804099999935715,9982.970299999579,2905.984714953008
1746383422,2000,GET,GET /pastes/:slug,1113.300000,0.000000,400,490,540,570,640,710,770,800,810,860,860,647719,13,420.0,444.4796219343695,26.804099999935715,9982.970299999579,2910.8772986433933
1746383422,2000,POST,POST /pastes,114.500000,0.000000,410,500,560,580,650,700,760,780,820,840,840,64543,0,420.0,453.2550462187932,32.33849999924132,9973.895099999936,2856.1533396340424
1746383422,2000,,Aggregated,1227.800000,0.000000,400,500,540,570,640,710,770,800,810,860,860,712262,13,420.0,445.27482399425384,26.804099999935715,9982.970299999579,2905.9183811574953
1746383423,2000,GET,GET /pastes/:slug,1068.200000,0.000000,350,440,500,530,600,670,770,800,810,860,860,648782,13,420.0,444.19306979464284,26.804099999935715,9982.970299999579,2910.934699174761
1746383423,2000,POST,POST /pastes,110.700000,0.000000,350,450,500,540,600,670,760,780,820,840,840,64632,0,420.0,452.9981227101061,32.33849999924132,9973.895099999936,2856.325086644387
1746383423,2000,,Aggregated,1178.900000,0.000000,350,440,500,530,600,670,770,800,810,860,860,713414,13,420.0,444.99076675604243,26.804099999935715,9982.970299999579,2905.987321527192
1746383424,2000,GET,GET /pastes/:slug,1059.700000,0.000000,390,480,520,550,600,670,770,800,810,860,860,649876,13,420.0,444.27226663380105,26.804099999935715,9982.970299999579,2910.833962171245
1746383424,2000,POST,POST /pastes,110.300000,0.000000,380,480,530,560,610,670,770,780,820,840,840,64716,0,420.0,453.04482463995856,32.33849999924132,9973.895099999936,2856.0150503739414
1746383424,2000,,Aggregated,1170.000000,0.000000,390,480,520,550,600,670,770,800,810,860,860,714592,13,420.0,445.0667407727703,26.804099999935715,9982.970299999579,2905.8693660158524
1746383425,2000,GET,GET /pastes/:slug,1095.400000,0.000000,380,480,530,550,600,670,770,800,810,860,860,651257,13,420.0,444.07372502147075,26.804099999935715,9982.970299999579,2910.8135820421126
1746383425,2000,POST,POST /pastes,113.200000,0.000000,380,480,530,560,600,670,760,780,820,840,840,64851,0,420.0,452.8573019799169,32.33849999924132,9973.895099999936,2856.0842700960666
1746383425,2000,,Aggregated,1208.600000,0.000000,380,480,530,550,600,670,770,800,810,860,860,716108,13,420.0,444.86916893400877,26.804099999935715,9982.970299999579,2905.857275718188
1746383426,2000,GET,GET /pastes/:slug,1070.800000,0.000000,350,460,510,540,600,670,770,800,810,860,860,652110,13,420.0,443.86498085155614,26.804099999935715,9982.970299999579,2910.765053441904
1746383426,2000,POST,POST /pastes,107.300000,0.000000,340,450,510,540,600,670,770,780,820,840,840,64958,0,420.0,452.5880966809261,32.33849999924132,9973.895099999936,2856.0982634933343
1746383426,2000,,Aggregated,1178.100000,0.000000,350,460,510,540,600,670,770,800,810,860,860,717068,13,420.0,444.6551934367392,26.804099999935715,9982.970299999579,2905.8128796711053
1746383427,2000,GET,GET /pastes/:slug,1074.900000,0.000000,400,480,520,550,610,670,770,800,810,860,860,653165,13,420.0,443.9109731770814,26.804099999935715,9982.970299999579,2910.7991166091265
1746383427,2000,POST,POST /pastes,104.900000,0.000000,380,480,520,550,600,670,770,780,820,840,840,65056,0,420.0,452.58726235857705,32.33849999924132,9973.895099999936,2856.188099483522
1746383427,2000,,Aggregated,1179.800000,0.000000,400,480,520,550,610,670,770,800,810,860,860,718221,13,420.0,444.6968659161951,26.804099999935715,9982.970299999579,2905.8524855162964
1746383428,2000,GET,GET /pastes/:slug,1096.900000,0.000000,370,460,500,530,590,660,770,800,810,860,860,654466,13,420.0,443.7193736765664,26.804099999935715,9982.970299999579,2910.909335244306
1746383428,2000,POST,POST /pastes,109.800000,0.000000,370,450,500,520,590,670,760,780,820,840,840,65178,0,420.0,452.42340914418327,32.33849999924132,9973.895099999936,2856.2239099082512
1746383428,2000,,Aggregated,1206.700000,0.000000,370,460,500,530,590,660,770,800,810,860,860,719644,13,420.0,444.50769626898153,26.804099999935715,9982.970299999579,2905.9564882080585
1746383429,2000,GET,GET /pastes/:slug,1062.500000,0.000000,360,450,480,500,550,580,610,620,650,660,670,655484,13,420.0,443.5963013260546,26.804099999935715,9982.970299999579,2910.975936864973
1746383429,2000,POST,POST /pastes,107.000000,0.000000,350,440,490,500,550,580,600,620,650,660,660,65276,0,420.0,452.25814761780066,32.33849999924132,9973.895099999936,2856.065092836571
1746383429,2000,,Aggregated,1169.500000,0.000000,360,440,480,500,550,580,610,620,650,660,670,720760,13,420.0,444.380765889193,26.804099999935715,9982.970299999579,2906.0029080415115
1746383430,2000,GET,GET /pastes/:slug,1070.400000,0.000000,390,460,490,510,550,580,610,620,650,660,670,656673,13,420.0,443.5984364073251,26.804099999935715,9982.970299999579,2910.8686987282863
1746383430,2000,POST,POST /pastes,106.800000,0.000000,390,450,500,510,550,580,600,620,650,660,660,65388,0,420.0,452.2505399369845,32.33849999924132,9973.895099999936,2856.2861840092983
1746383430,2000,,Aggregated,1177.200000,0.000000,390,460,500,510,550,580,610,620,650,660,670,722061,13,420.0,444.38194880528766,26.804099999935715,9982.970299999579,2905.9258456003026
1746383431,2000,GET,GET /pastes/:slug,1112.000000,0.000000,360,420,470,490,540,580,610,620,650,660,670,657794,13,420.0,443.3873233462258,26.804099999935715,9982.970299999579,2910.8583538311386
1746383431,2000,POST,POST /pastes,109.500000,0.000000,360,410,470,490,540,570,600,610,650,660,660,65511,0,420.0,452.00698517958085,32.33849999924132,9973.895099999936,2856.1467692448596
1746383431,2000,,Aggregated,1221.500000,0.000000,360,420,470,490,540,570,600,620,650,660,670,723305,13,420.0,444.1680212072286,26.804099999935715,9982.970299999579,2905.9030298421826
1746383432,2000,GET,GET /pastes/:slug,1068.400000,0.000000,370,440,480,510,560,610,660,690,740,750,750,658611,13,420.0,443.46732405761037,26.804099999935715,9982.970299999579,2910.786450575529
1746383432,2000,POST,POST /pastes,104.000000,0.000000,370,430,480,510,560,600,670,690,730,740,740,65588,0,420.0,452.0873020552467,32.33849999924132,9973.895099999936,2856.405577239739
1746383432,2000,,Aggregated,1172.400000,0.000000,370,440,480,510,560,610,660,690,740,750,750,724199,13,420.0,444.24800328651946,26.804099999935715,9982.970299999579,2905.8613778809417
1746383433,2000,GET,GET /pastes/:slug,1107.900000,0.000000,410,480,530,560,680,880,950,990,1000,1000,1000,659661,13,420.0,444.13296874910947,26.804099999935715,9982.970299999579,2910.808748736093
1746383433,2000,POST,POST /pastes,107.300000,0.000000,390,480,530,560,690,920,950,990,1000,1100,1100,65691,0,420.0,452.75827239651585,32.33849999924132,9973.895099999936,2856.4586473032837
1746383433,2000,,Aggregated,1215.200000,0.000000,410,480,530,560,680,880,950,990,1000,1000,1100,725352,13,420.0,444.91411338218336,26.804099999935715,9982.970299999579,2905.8865695551954
1746383434,2000,GET,GET /pastes/:slug,1110.800000,0.000000,390,460,520,550,680,880,950,990,1000,1000,1000,660978,13,420.0,444.041751186737,26.804099999935715,9982.970299999579,2910.749191349788
1746383434,2000,POST,POST /pastes,107.000000,0.000000,380,460,510,550,690,920,950,990,1000,1100,1100,65818,0,420.0,452.62977343279204,32.33849999924132,9973.895099999936,2856.885304931782
1746383434,2000,,Aggregated,1217.800000,0.000000,380,460,520,550,680,880,950,990,1000,1000,1100,726796,13,420.0,444.8194748508441,26.804099999935715,9982.970299999579,2905.8713256539663
1746383436,2000,GET,GET /pastes/:slug,1069.000000,0.000000,400,480,540,590,700,910,950,990,1000,1000,1000,661771,13,420.0,443.81679264837464,26.804099999935715,9982.970299999579,2910.670367846279
1746383436,2000,POST,POST /pastes,104.500000,0.000000,390,480,540,590,730,920,960,990,1100,1100,1100,65897,0,420.0,452.4222095011834,32.33849999924132,9973.895099999936,2857.0700942379776
1746383436,2000,,Aggregated,1173.500000,0.000000,400,480,540,590,710,910,950,990,1000,1000,1100,727668,13,420.0,444.59609193642524,26.804099999935715,9982.970299999579,2905.816372301654
1746383437,2000,GET,GET /pastes/:slug,1080.400000,0.000000,410,510,590,670,750,900,950,990,1000,1000,1000,663096,13,420.0,444.1765546108088,26.804099999935715,9982.970299999579,2910.6923039801177
1746383437,2000,POST,POST /pastes,108.000000,0.000000,410,530,600,670,750,920,960,990,1100,1100,1100,66028,0,420.0,452.7894840976478,32.33849999924132,9973.895099999936,2856.9493396740777
1746383437,2000,,Aggregated,1188.400000,0.000000,410,510,590,670,750,910,950,990,1000,1000,1100,729124,13,420.0,444.9565241470533,26.804099999935715,9982.970299999579,2905.825449443442
1746383438,2000,GET,GET /pastes/:slug,1028.900000,0.000000,420,520,600,670,750,910,950,990,1000,1000,1000,664145,13,420.0,443.90905500968665,26.804099999935715,9982.970299999579,2910.7265250811192
1746383438,2000,POST,POST /pastes,102.400000,0.000000,430,540,600,680,760,920,960,990,1100,1100,1100,66124,0,420.0,452.5161377654029,32.33849999924132,9973.895099999936,2856.6862107555503
1746383438,2000,,Aggregated,1131.300000,0.000000,420,520,600,670,750,910,950,990,1000,1000,1100,730269,13,420.0,444.68840445506436,26.804099999935715,9982.970299999579,2905.833312108278
1746383439,2000,GET,GET /pastes/:slug,1056.200000,0.000000,430,540,630,680,750,910,950,990,1000,1000,1000,664835,13,420.0,443.90660436214716,26.804099999935715,9982.970299999579,2910.6992471816316
1746383439,2000,POST,POST /pastes,104.200000,0.000000,430,550,620,690,760,920,960,990,1100,1100,1100,66199,0,420.0,452.49749779301044,32.33849999924132,9973.895099999936,2856.8013263040225
1746383439,2000,,Aggregated,1160.400000,0.000000,430,540,630,680,750,910,950,990,1000,1000,1100,731034,13,420.0,444.68455525665746,26.804099999935715,9982.970299999579,2905.8185050216543
1746383440,2000,GET,GET /pastes/:slug,1065.000000,0.000000,480,590,690,710,780,910,950,990,1000,1000,1000,666236,13,420.0,444.1690133440806,26.804099999935715,9982.970299999579,2910.621752652213
1746383440,2000,POST,POST /pastes,103.400000,0.000000,480,600,690,720,800,920,960,990,1100,1100,1100,66350,0,420.0,452.7577485139337,32.33849999924132,9973.895099999936,2856.5635568952525
1746383440,2000,,Aggregated,1168.400000,0.000000,480,590,690,710,780,910,950,990,1000,1000,1100,732586,13,420.0,444.9468914068712,26.804099999935715,9982.970299999579,2905.7257250343305
1746383441,2000,GET,GET /pastes/:slug,1008.400000,0.000000,480,590,690,710,780,910,950,990,1000,1000,1000,667279,13,420.0,443.811650215138,26.804099999935715,9982.970299999579,2910.639501617764
1746383441,2000,POST,POST /pastes,98.300000,0.000000,490,600,700,720,800,920,960,990,1100,1100,1100,66445,0,420.0,452.42365659266324,32.33849999924132,9973.895099999936,2856.6520580931597
1746383441,2000,,Aggregated,1106.700000,0.000000,480,590,690,710,780,910,950,990,1000,1000,1100,733724,13,420.0,444.5915412419308,26.804099999935715,9982.970299999579,2905.750475655696
1746383442,2000,GET,GET /pastes/:slug,1052.400000,0.000000,470,570,680,700,770,900,950,990,1000,1000,1000,668251,13,420.0,443.9260921406882,26.804099999935715,9982.970299999579,2910.7143543369184
1746383442,2000,POST,POST /pastes,105.000000,0.000000,470,580,690,720,800,920,960,990,1100,1100,1100,66515,0,420.0,452.4874002014509,32.33849999924132,9973.895099999936,2856.455852063444
1746383442,2000,,Aggregated,1157.400000,0.000000,470,570,680,710,770,910,950,990,1000,1000,1100,734766,13,420.0,444.7011081398629,26.804099999935715,9982.970299999579,2905.8025806855517
1746383443,2000,GET,GET /pastes/:slug,1030.700000,0.000000,470,530,610,670,720,750,760,790,800,830,830,669246,13,420.0,444.1379733718355,26.804099999935715,9982.970299999579,2910.723305032828
1746383443,2000,POST,POST /pastes,101.600000,0.000000,470,540,640,670,720,750,780,800,820,820,820,66622,0,420.0,452.6990959052489,32.33849999924132,9973.895099999936,2856.1653207649124
1746383443,2000,,Aggregated,1132.300000,0.000000,470,530,610,670,720,750,760,790,800,830,830,735868,13,420.0,444.9130568180639,26.804099999935715,9982.970299999579,2905.7838837943764
1746383444,2000,GET,GET /pastes/:slug,994.000000,0.000000,480,560,630,670,720,750,760,790,800,830,830,670382,13,420.0,444.29896977679437,26.804099999935715,9982.970299999579,2910.6808804532343
1746383444,2000,POST,POST /pastes,96.200000,0.000000,490,570,640,670,720,750,780,800,820,820,820,66735,0,420.0,452.8437480092829,32.33849999924132,9973.895099999936,2856.283749157114
1746383444,2000,,Aggregated,1090.200000,0.000000,490,560,630,670,720,750,760,790,800,830,830,737117,13,420.0,445.07257257707363,26.804099999935715,9982.970299999579,2905.7560278761716
1746383445,2000,GET,GET /pastes/:slug,1040.300000,0.000000,490,560,620,670,710,740,760,790,800,830,830,671410,13,420.0,444.35576799959284,26.804099999935715,9982.970299999579,2910.6887788385634
1746383445,2000,POST,POST /pastes,100.900000,0.000000,500,570,630,670,720,740,780,800,820,820,820,66838,0,420.0,452.8962899981973,32.33849999924132,9973.895099999936,2856.4567611239117
1746383445,2000,,Aggregated,1141.200000,0.000000,490,560,620,670,710,740,760,790,800,830,830,738248,13,420.0,445.12899245713396,26.804099999935715,9982.970299999579,2905.77883042013
1746383446,2000,GET,GET /pastes/:slug,1030.900000,0.000000,460,510,550,600,680,720,760,790,800,830,830,672724,13,420.0,444.28286985644564,26.804099999935715,9982.970299999579,2910.7597722097025
1746383446,2000,POST,POST /pastes,99.600000,0.000000,460,510,550,600,680,730,760,800,820,820,820,66975,0,420.0,452.7798630772603,32.33849999924132,9973.895099999936,2856.397297499067
1746383446,2000,,Aggregated,1130.500000,0.000000,460,510,550,600,680,720,760,790,800,830,830,739699,13,420.0,445.0522180926225,26.804099999935715,9982.970299999579,2905.8375988070825
1746383447,2000,GET,GET /pastes/:slug,1014.000000,0.000000,450,500,550,600,680,720,760,790,800,830,830,673897,13,420.0,444.015859163058,26.804099999935715,9982.970299999579,2910.7274998998364
1746383447,2000,POST,POST /pastes,99.000000,0.000000,450,510,550,600,680,730,760,800,820,820,820,67083,0,420.0,452.5147178674105,32.33849999924132,9973.895099999936,2856.589135846638
1746383447,2000,,Aggregated,1113.000000,0.000000,450,500,550,600,680,720,760,790,800,830,830,740980,13,420.0,444.7852847055179,26.804099999935715,9982.970299999579,2905.826201786823
1746383448,2000,GET,GET /pastes/:slug,1050.300000,0.000000,450,500,540,590,680,710,750,780,800,830,830,674859,13,420.0,443.96869912560715,26.804099999935715,9982.970299999579,2910.6266509004104
1746383448,2000,POST,POST /pastes,101.700000,0.000000,450,500,540,590,680,730,760,800,800,820,820,67195,0,420.0,452.43705456208846,32.33849999924132,9973.895099999936,2856.658426966292
1746383448,2000,,Aggregated,1152.000000,0.000000,450,500,540,590,680,720,760,790,800,830,830,742054,13,420.0,444.7355316520024,26.804099999935715,9982.970299999579,2905.7396820177505
1746383449,2000,GET,GET /pastes/:slug,1033.400000,0.000000,450,490,530,570,660,680,700,710,730,740,740,676020,13,420.0,444.11859039201244,26.804099999935715,9982.970299999579,2910.604467323452
1746383449,2000,POST,POST /pastes,100.200000,0.000000,440,490,530,570,650,680,690,710,730,730,730,67299,0,420.0,452.5855559740789,32.33849999924132,9973.895099999936,2856.8871008484525
1746383449,2000,,Aggregated,1133.600000,0.000000,450,490,530,570,660,680,700,710,730,730,740,743319,13,420.0,444.8851769002204,26.804099999935715,9982.970299999579,2905.7409766197284
1746383450,2000,GET,GET /pastes/:slug,1022.900000,0.000000,450,490,520,570,660,680,700,710,730,740,740,677130,13,420.0,443.99043917122054,26.804099999935715,9982.970299999579,2910.4237797764094
1746383450,2000,POST,POST /pastes,101.400000,0.000000,450,490,530,570,650,680,690,710,730,730,730,67402,0,420.0,452.4579518115119,32.33849999924132,9973.895099999936,2856.82760155485
1746383450,2000,,Aggregated,1124.300000,0.000000,450,490,520,570,660,680,700,710,730,730,740,744532,13,420.0,444.7569976092299,26.804099999935715,9982.970299999579,2905.5717524565766
1746383451,2000,GET,GET /pastes/:slug,1053.000000,0.000000,460,510,570,610,670,690,710,730,880,900,900,677734,13,420.0,444.1864170825257,26.804099999935715,9982.970299999579,2910.3165961867044
1746383451,2000,POST,POST /pastes,104.200000,0.000000,460,510,570,620,660,680,720,870,890,890,890,67463,0,420.0,452.6634409987629,32.33849999924132,9973.895099999936,2857.0806664393817
1746383451,2000,,Aggregated,1157.200000,0.000000,460,510,570,610,670,690,710,730,880,890,900,745197,13,420.0,444.95384564765413,26.804099999935715,9982.970299999579,2905.4971249213295
1746383452,2000,GET,GET /pastes/:slug,1030.500000,0.000000,470,520,610,650,690,890,940,970,990,1000,1000,679041,13,420.0,444.8300234433705,26.804099999935715,9982.970299999579,2910.3047253405907
1746383452,2000,POST,POST /pastes,100.500000,0.000000,470,550,620,650,700,890,960,970,990,990,990,67608,0,420.0,453.37048972901965,32.33849999924132,9973.895099999936,2857.0833333333335
1746383452,2000,,Aggregated,1131.000000,0.000000,470,530,610,650,690,890,940,970,990,1000,1000,746649,13,420.0,445.6033504613228,26.804099999935715,9982.970299999579,2905.4856043468885
1746383453,2000,GET,GET /pastes/:slug,1010.300000,0.000000,470,530,610,630,690,890,940,970,990,1000,1000,680004,13,420.0,444.9690388086117,26.804099999935715,9982.970299999579,2910.256689666531
1746383453,2000,POST,POST /pastes,98.400000,0.000000,470,550,620,640,700,890,960,970,990,990,990,67704,0,420.0,453.4944523130032,32.33849999924132,9973.895099999936,2857.086582772067
1746383453,2000,,Aggregated,1108.700000,0.000000,470,530,610,630,690,890,940,970,990,1000,1000,747708,13,420.0,445.7410040622781,26.804099999935715,9982.970299999579,2905.44220471093
1746383454,2000,GET,GET /pastes/:slug,1014.200000,0.000000,470,590,650,670,860,910,940,970,990,1000,1000,680729,13,420.0,445.351864145514,26.804099999935715,9982.970299999579,2910.2771499377873
1746383454,2000,POST,POST /pastes,101.000000,0.000000,480,620,660,680,870,920,970,970,990,990,990,67788,0,420.0,453.93990790847306,32.33849999924132,9973.895099999936,2857.134891131174
1746383454,2000,,Aggregated,1115.200000,0.000000,470,590,650,680,860,910,940,970,990,1000,1000,748517,13,420.0,446.1296237830243,26.804099999935715,9982.970299999579,2905.4644236537047
1746383456,2000,GET,GET /pastes/:slug,1019.600000,0.000000,520,650,700,790,890,930,960,970,1000,1000,1000,682279,13,420.0,445.6111005294189,26.804099999935715,9982.970299999579,2910.2660685731203
1746383456,2000,POST,POST /pastes,103.400000,0.000000,530,660,710,830,900,940,970,980,990,990,990,67980,0,420.0,454.22787220211177,32.33849999924132,9973.895099999936,2857.1068108267136
1746383456,2000,,Aggregated,1123.000000,0.000000,520,650,700,800,890,930,960,970,1000,1000,1000,750259,13,420.0,446.39185509323835,26.804099999935715,9982.970299999579,2905.4493768152065
1746383457,2000,GET,GET /pastes/:slug,1003.000000,0.000000,530,660,700,810,900,930,960,970,1000,1000,1000,682966,13,420.0,445.45045243117767,26.804099999935715,9982.970299999579,2910.2060922505657
1746383457,2000,POST,POST /pastes,101.700000,0.000000,560,670,730,840,900,940,970,980,990,990,990,68045,0,420.0,454.07973923138434,32.33849999924132,9973.895099999936,2857.2916305386143
1746383457,2000,,Aggregated,1104.700000,0.000000,530,660,700,810,900,930,960,970,1000,1000,1000,751011,13,420.0,446.23230492109724,26.804099999935715,9982.970299999579,2905.4118022239354
1746383458,2000,GET,GET /pastes/:slug,1010.000000,0.000000,590,690,810,860,930,960,1200,1200,1300,1400,1400,683434,13,420.0,445.83237258259214,26.804099999935715,9982.970299999579,2910.1899261669746
1746383458,2000,POST,POST /pastes,107.400000,0.000000,610,690,830,870,930,970,1000,1200,1400,1400,1400,68088,0,420.0,454.4189793443712,32.33849999924132,9973.895099999936,2857.4359505346024
1746383458,2000,,Aggregated,1117.400000,0.000000,590,690,810,860,930,960,1200,1200,1300,1400,1400,751522,13,420.0,446.61032037544845,26.804099999935715,9982.970299999579,2905.410408477729
1746383459,2000,GET,GET /pastes/:slug,965.900000,0.000000,680,860,900,930,1200,1300,1300,1400,1400,1400,1400,684984,13,420.0,447.1865667782188,26.804099999935715,9982.970299999579,2910.062835044322
1746383459,2000,POST,POST /pastes,102.100000,0.000000,680,860,900,930,1200,1300,1300,1400,1400,1400,1400,68231,0,420.0,455.77398403217853,32.33849999924132,9973.895099999936,2857.87574562882
1746383459,2000,,Aggregated,1068.000000,0.000000,680,860,900,930,1200,1300,1300,1400,1400,1400,1400,753215,13,420.0,447.9644695903531,26.804099999935715,9982.970299999579,2905.335396931819
1746383460,2000,GET,GET /pastes/:slug,900.100000,0.000000,670,850,890,930,1200,1300,1300,1400,1400,1400,1400,685983,13,420.0,447.05616470147487,26.804099999935715,9982.970299999579,2910.0694565317217
1746383460,2000,POST,POST /pastes,94.300000,0.000000,670,850,890,930,1200,1300,1300,1400,1400,1400,1400,68348,0,420.0,455.60142799203436,32.33849999924132,9973.895099999936,2857.597720489261
1746383460,2000,,Aggregated,994.400000,0.000000,670,850,890,930,1200,1300,1300,1400,1400,1400,1400,754331,13,420.0,447.830429123022,26.804099999935715,9982.970299999579,2905.315126913782
1746383461,2000,GET,GET /pastes/:slug,945.000000,0.000000,610,770,880,910,1100,1300,1300,1400,1400,1400,1400,687012,13,420.0,447.102686157173,26.804099999935715,9982.970299999579,2910.1448664652144
1746383461,2000,POST,POST /pastes,97.800000,0.000000,590,760,870,900,1100,1300,1300,1400,1400,1400,1400,68476,0,420.0,455.6523260134877,32.33849999924132,9973.895099999936,2857.3962994333783
1746383461,2000,,Aggregated,1042.800000,0.000000,610,770,880,910,1100,1300,1300,1400,1400,1400,1400,755488,13,420.0,447.87760930457966,26.804099999935715,9982.970299999579,2905.36383635478
1746383462,2000,GET,GET /pastes/:slug,920.800000,0.000000,520,700,850,890,1100,1300,1300,1400,1400,1400,1400,688141,13,420.0,447.0537036581343,26.804099999935715,9982.970299999579,2910.214489472361
1746383462,2000,POST,POST /pastes,96.200000,0.000000,510,690,850,890,1200,1300,1300,1400,1400,1400,1400,68567,0,420.0,455.6137443084805,32.33849999924132,9973.895099999936,2857.37541382881
1746383462,2000,,Aggregated,1017.000000,0.000000,520,700,850,890,1100,1300,1300,1400,1400,1400,1400,756708,13,420.0,447.8293480378147,26.804099999935715,9982.970299999579,2905.426622950993
1746383463,2000,GET,GET /pastes/:slug,936.000000,0.000000,480,690,840,890,1100,1300,1300,1400,1400,1400,1400,689197,13,420.0,446.963434407453,26.804099999935715,9982.970299999579,2910.216881385148
1746383463,2000,POST,POST /pastes,101.100000,0.000000,480,660,820,880,1100,1300,1300,1400,1400,1400,1400,68703,0,420.0,455.48510710885387,32.33849999924132,9973.895099999936,2857.2510952942375
1746383463,2000,,Aggregated,1037.100000,0.000000,480,690,840,880,1100,1300,1300,1400,1400,1400,1400,757900,13,420.0,447.7359168980079,26.804099999935715,9982.970299999579,2905.4155772529357
1746383464,2000,GET,GET /pastes/:slug,982.400000,0.000000,480,610,710,820,1100,1300,1300,1300,1400,1400,1400,690268,13,420.0,447.1644125066096,26.804099999935715,9982.970299999579,2910.303295241848
1746383464,2000,POST,POST /pastes,104.500000,0.000000,480,580,680,810,1100,1300,1300,1400,1400,1400,1400,68807,0,420.0,455.6571036071852,32.33849999924132,9973.895099999936,2857.041463804555
1746383464,2000,,Aggregated,1086.900000,0.000000,480,610,710,820,1100,1300,1300,1400,1400,1400,1400,759075,13,420.0,447.93423972598123,26.804099999935715,9982.970299999579,2905.475331159635
1746383465,2000,GET,GET /pastes/:slug,970.800000,0.000000,450,560,640,700,1100,1300,1300,1400,1400,1400,1400,691515,13,420.0,447.052160032991,26.804099999935715,9982.970299999579,2910.314278070613
1746383465,2000,POST,POST /pastes,103.400000,0.000000,450,540,610,660,1100,1300,1300,1400,1400,1400,1400,68939,0,420.0,455.52230489997805,32.33849999924132,9973.895099999936,2857.6580745296565
1746383465,2000,,Aggregated,1074.200000,0.000000,450,550,630,700,1100,1300,1300,1400,1400,1400,1400,760454,13,420.0,447.8200214907156,26.804099999935715,9982.970299999579,2905.5407269867737
1746383466,2000,GET,GET /pastes/:slug,967.100000,0.000000,460,550,630,700,1100,1300,1300,1300,1400,1400,1400,692512,13,420.0,447.0101203918685,26.804099999935715,9982.970299999579,2910.3810619888177
1746383466,2000,POST,POST /pastes,104.300000,0.000000,460,530,610,650,1100,1300,1300,1400,1400,1400,1400,69037,0,420.0,455.4825296768338,32.33849999924132,9973.895099999936,2857.5212277474398
1746383466,2000,,Aggregated,1071.400000,0.000000,460,550,620,690,1100,1300,1300,1400,1400,1400,1400,761549,13,420.0,447.7781730316763,26.804099999935715,9982.970299999579,2905.589138715959
1746383467,2000,GET,GET /pastes/:slug,1020.500000,0.000000,450,510,580,620,940,1300,1300,1300,1400,1400,1400,693762,13,420.0,446.97267410439684,26.804099999935715,9982.970299999579,2910.3429086632013
1746383467,2000,POST,POST /pastes,108.700000,0.000000,450,510,560,610,1100,1300,1300,1400,1400,1400,1400,69162,0,420.0,455.41552169398744,32.33849999924132,9973.895099999936,2857.543434255805
1746383467,2000,,Aggregated,1129.200000,0.000000,450,510,580,620,940,1300,1300,1300,1400,1400,1400,762924,13,420.0,447.73805076705014,26.804099999935715,9982.970299999579,2905.5564328819123
1746383468,2000,GET,GET /pastes/:slug,965.800000,0.000000,410,460,500,520,600,650,700,710,770,780,810,694743,13,420.0,446.80930821169017,26.804099999935715,9982.970299999579,2910.2936020945876
1746383468,2000,POST,POST /pastes,99.600000,0.000000,410,460,500,520,580,630,670,700,770,780,780,69269,0,420.0,455.23232889748033,32.33849999924132,9973.895099999936,2857.514920094126
1746383468,2000,,Aggregated,1065.400000,0.000000,410,460,500,520,590,650,690,710,770,780,810,764012,13,420.0,447.57297975071145,26.804099999935715,9982.970299999579,2905.508433113616
1746383469,2000,GET,GET /pastes/:slug,992.100000,0.000000,420,470,510,540,610,650,700,710,740,750,750,695525,13,420.0,446.9176063953337,26.804099999935715,9982.970299999579,2910.2639531289315
1746383469,2000,POST,POST /pastes,102.800000,0.000000,420,470,510,530,600,640,660,700,720,720,720,69326,0,420.0,455.30475442546174,32.33849999924132,9973.895099999936,2857.5339122407177
1746383469,2000,,Aggregated,1094.900000,0.000000,420,470,510,540,610,650,700,710,740,750,750,764851,13,420.0,447.6778164549707,26.804099999935715,9982.970299999579,2905.4845087474555
1746383470,2000,GET,GET /pastes/:slug,1078.600000,0.000000,430,500,560,600,660,710,750,780,830,880,880,696963,13,420.0,447.20129190633486,26.804099999935715,9982.970299999579,2910.2332290236354
1746383470,2000,POST,POST /pastes,112.500000,0.000000,430,500,540,580,650,700,750,780,820,830,830,69470,0,420.0,455.5461936648848,32.33849999924132,9973.895099999936,2856.9985461350225
1746383470,2000,,Aggregated,1191.100000,0.000000,430,500,550,590,660,710,750,780,830,880,880,766433,13,420.0,447.9576793859357,26.804099999935715,9982.970299999579,2905.40800174314
1746383471,2000,GET,GET /pastes/:slug,1029.600000,0.000000,410,490,530,590,660,710,750,780,830,880,880,697888,13,420.0,446.9188307178434,26.804099999935715,9982.970299999579,2910.29123870879
1746383471,2000,POST,POST /pastes,107.600000,0.000000,400,480,510,550,650,700,750,780,820,830,830,69565,0,420.0,455.238450375901,32.33849999924132,9973.895099999936,2857.0338244807017
1746383471,2000,,Aggregated,1137.200000,0.000000,410,490,530,580,660,710,750,780,830,880,880,767453,13,420.0,447.67295421661,26.804099999935715,9982.970299999579,2905.4637743288513
1746383472,2000,GET,GET /pastes/:slug,1024.100000,0.000000,440,510,590,630,710,750,780,790,830,880,880,698570,13,420.0,447.15006012527726,26.804099999935715,9982.970299999579,2910.2984854774754
1746383472,2000,POST,POST /pastes,105.200000,0.000000,440,510,580,620,700,750,770,790,830,830,830,69639,0,420.0,455.47059531727297,32.33849999924132,9973.895099999936,2857.0136705007253
1746383472,2000,,Aggregated,1129.300000,0.000000,440,510,590,630,710,750,780,790,830,880,880,768209,13,420.0,447.90432589178295,26.804099999935715,9982.970299999579,2905.4681577539445
1746383473,2000,GET,GET /pastes/:slug,1060.700000,0.000000,440,530,630,660,740,780,840,860,900,900,900,700199,13,420.0,447.25851407359113,26.804099999935715,9982.970299999579,2910.330858798713
1746383473,2000,POST,POST /pastes,107.300000,0.000000,440,530,630,660,750,800,860,870,900,900,900,69800,0,420.0,455.6212919555812,32.33849999924132,9973.895099999936,2856.9595128939827
1746383473,2000,,Aggregated,1168.000000,0.000000,440,530,630,660,740,780,850,860,900,900,900,769999,13,420.0,448.0165954427218,26.804099999935715,9982.970299999579,2905.492774665941
1746383474,2000,GET,GET /pastes/:slug,1008.500000,0.000000,410,500,600,660,750,780,850,860,900,900,900,700834,13,420.0,447.1544432540587,26.804099999935715,9982.970299999579,2910.3942031921965
1746383474,2000,POST,POST /pastes,102.800000,0.000000,400,510,580,660,760,820,860,870,900,900,900,69878,0,420.0,455.4729982726975,32.33849999924132,9973.895099999936,2856.892770256733
1746383474,2000,,Aggregated,1111.300000,0.000000,400,500,600,660,750,780,850,860,900,900,900,770712,13,420.0,447.90866011791786,26.804099999935715,9982.970299999579,2905.5433988312107
1746383475,2000,GET,GET /pastes/:slug,1007.100000,0.000000,470,580,660,700,750,780,850,860,900,900,900,701939,13,420.0,447.48126187434434,26.804099999935715,9982.970299999579,2910.4203955044527
1746383475,2000,POST,POST /pastes,102.900000,0.000000,460,580,660,700,760,820,860,870,900,900,900,69983,0,420.0,455.7791285383528,32.33849999924132,9973.895099999936,2857.164725719103
1746383475,2000,,Aggregated,1110.000000,0.000000,470,580,660,700,750,780,850,860,900,900,900,771922,13,420.0,448.2335523942849,26.804099999935715,9982.970299999579,2905.592198434557
1746383476,2000,GET,GET /pastes/:slug,1055.500000,0.000000,430,590,670,700,750,780,850,860,900,900,900,703296,13,420.0,447.26538326325647,26.804099999935715,9982.970299999579,2910.3481777231777
1746383476,2000,POST,POST /pastes,105.900000,0.000000,410,590,670,700,750,800,860,870,900,900,900,70125,0,420.0,455.5721665511523,32.33849999924132,9973.895099999936,2857.386295900178
1746383476,2000,,Aggregated,1161.400000,0.000000,430,590,670,700,750,780,850,860,900,900,900,773421,13,420.0,448.0185476821823,26.804099999935715,9982.970299999579,2905.546197995658
1746383477,2000,GET,GET /pastes/:slug,999.300000,0.000000,440,620,680,710,750,780,850,860,900,900,900,703991,13,420.0,447.1924404516749,26.804099999935715,9982.970299999579,2910.3632489619895
1746383477,2000,POST,POST /pastes,101.100000,0.000000,420,610,680,710,760,820,860,870,900,900,900,70194,0,420.0,455.5100166951529,32.33849999924132,9973.895099999936,2857.0748497022537
1746383477,2000,,Aggregated,1100.400000,0.000000,430,620,680,710,750,780,850,860,900,900,900,774185,13,420.0,447.9465805432826,26.804099999935715,9982.970299999579,2905.5316829956664
1746383478,2000,GET,GET /pastes/:slug,1033.300000,0.000000,560,660,700,710,750,780,850,860,900,900,900,705254,13,420.0,447.55079147302337,26.804099999935715,9982.970299999579,2910.359211007665
1746383478,2000,POST,POST /pastes,104.600000,0.000000,550,660,690,720,760,820,860,870,900,900,900,70302,0,420.0,455.7979681104319,32.33849999924132,9973.895099999936,2857.072586839635
1746383478,2000,,Aggregated,1137.900000,0.000000,560,660,700,710,750,780,850,860,900,900,900,775556,13,420.0,448.2983751574375,26.804099999935715,9982.970299999579,2905.5289263444547
1746383479,2000,GET,GET /pastes/:slug,1047.000000,0.000000,470,610,680,700,740,770,840,860,900,900,900,706444,13,420.0,447.26100674408167,26.804099999935715,9982.970299999579,2910.28634966112
1746383479,2000,POST,POST /pastes,105.500000,0.000000,460,600,680,700,750,790,860,870,900,900,900,70419,0,420.0,455.4995674988227,32.33849999924132,9973.895099999936,2857.2643746716085
1746383479,2000,,Aggregated,1152.500000,0.000000,460,610,680,700,740,770,850,860,900,900,900,776863,13,420.0,448.00779377059035,26.804099999935715,9982.970299999579,2905.4801554456835
1746383480,2000,GET,GET /pastes/:slug,1001.100000,0.000000,460,590,670,690,740,770,850,860,900,900,900,707436,13,420.0,447.21736069286396,26.804099999935715,9982.970299999579,2910.2813399374645
1746383480,2000,POST,POST /pastes,100.600000,0.000000,450,580,670,690,750,790,860,870,900,900,900,70530,0,420.0,455.39627492697565,32.33849999924132,9973.895099999936,2857.231164043669
1746383480,2000,,Aggregated,1101.700000,0.000000,450,590,670,690,740,780,850,860,900,900,900,777966,13,420.0,447.95885687768276,26.804099999935715,9982.970299999579,2905.471838100894
1746383481,2000,GET,GET /pastes/:slug,1041.700000,0.000000,510,590,660,680,730,770,840,860,900,900,900,708747,13,420.0,447.30633588546704,26.804099999935715,9982.970299999579,2910.262931624402
1746383481,2000,POST,POST /pastes,103.900000,0.000000,490,590,660,690,750,780,860,870,900,900,900,70641,0,420.0,455.46461998838583,32.33849999924132,9973.895099999936,2857.2878073639954
1746383481,2000,,Aggregated,1145.600000,0.000000,510,590,660,690,740,770,850,860,900,900,900,779388,13,420.0,448.0457741977085,26.804099999935715,9982.970299999579,2905.4614518057756
1746383483,2000,GET,GET /pastes/:slug,1016.100000,0.000000,420,540,590,630,690,720,740,750,770,780,780,709843,13,420.0,447.0243176743551,26.804099999935715,9982.970299999579,2910.1690458312614
1746383483,2000,POST,POST /pastes,102.600000,0.000000,400,540,590,610,690,720,750,750,760,760,760,70741,0,420.0,455.2024610819689,32.33849999924132,9973.895099999936,2857.4300759107164
1746383483,2000,,Aggregated,1118.700000,0.000000,410,540,590,630,690,720,740,750,770,780,780,780584,13,420.0,447.7654679449025,26.804099999935715,9982.970299999579,2905.389537833212
1746383484,2000,GET,GET /pastes/:slug,1076.800000,0.000000,450,560,590,620,690,720,740,750,770,780,780,710625,13,420.0,447.0945388428731,26.804099999935715,9982.970299999579,2910.204538258575
1746383484,2000,POST,POST /pastes,106.800000,0.000000,450,550,590,610,690,720,750,750,760,760,760,70819,0,420.0,455.2660616628242,32.33849999924132,9973.895099999936,2857.2935935271607
1746383484,2000,,Aggregated,1183.600000,0.000000,450,560,590,620,690,720,740,750,770,780,780,781444,13,420.0,447.83508976472166,26.804099999935715,9982.970299999579,2905.4094407276784
1746383485,2000,GET,GET /pastes/:slug,1080.300000,0.000000,440,540,590,620,680,720,740,750,780,790,790,711915,13,420.0,447.41753644805476,26.804099999935715,9982.970299999579,2910.178347134138
1746383485,2000,POST,POST /pastes,104.200000,0.000000,440,550,590,610,690,730,740,750,780,780,780,70964,0,420.0,455.6130510794133,32.33849999924132,9973.895099999936,2857.606687898089
1746383485,2000,,Aggregated,1184.500000,0.000000,440,540,590,620,680,720,740,750,780,790,790,782879,13,420.0,448.16041817088364,26.804099999935715,9982.970299999579,2905.4129935788287
1746383486,2000,GET,GET /pastes/:slug,1028.200000,0.000000,450,550,590,620,690,720,740,750,780,790,790,712817,13,420.0,447.24245072566595,26.804099999935715,9982.970299999579,2910.271719108832
1746383486,2000,POST,POST /pastes,100.700000,0.000000,440,550,590,610,690,730,740,750,780,780,780,71065,0,420.0,455.4123035558921,32.33849999924132,9973.895099999936,2857.6962780553013
1746383486,2000,,Aggregated,1128.900000,0.000000,450,550,590,620,690,720,740,750,780,790,790,783882,13,420.0,447.9831114263414,26.804099999935715,9982.970299999579,2905.505346467963
1746383487,2000,GET,GET /pastes/:slug,1077.500000,0.000000,480,550,590,610,680,720,740,750,780,790,790,713923,13,420.0,447.3620182071688,26.804099999935715,9982.970299999579,2910.2492271575506
1746383487,2000,POST,POST /pastes,105.500000,0.000000,470,550,590,600,680,720,740,750,780,780,780,71181,0,420.0,455.52128634185397,32.33849999924132,9973.895099999936,2857.4978154282744
1746383487,2000,,Aggregated,1183.000000,0.000000,480,550,590,610,680,720,740,750,780,790,790,785104,13,420.0,448.10177353268193,26.804099999935715,9982.970299999579,2905.4665509282845
1746383488,2000,GET,GET /pastes/:slug,1041.900000,0.000000,440,520,550,580,620,700,740,750,780,790,790,715041,13,420.0,447.37725454780434,26.804099999935715,9982.970299999579,2910.2521519745023
1746383488,2000,POST,POST /pastes,102.300000,0.000000,450,520,560,580,630,720,740,750,780,780,780,71303,0,420.0,455.5404153640031,32.33849999924132,9973.895099999936,2857.859346731554
1746383488,2000,,Aggregated,1144.200000,0.000000,440,520,550,580,620,700,740,750,780,790,790,786344,13,420.0,448.1174622122162,26.804099999935715,9982.970299999579,2905.501350553956
1746383489,2000,GET,GET /pastes/:slug,1039.700000,0.000000,480,540,560,590,620,710,740,750,780,790,790,715933,13,420.0,447.4670242124841,26.804099999935715,9982.970299999579,2910.2551858903
1746383489,2000,POST,POST /pastes,103.700000,0.000000,480,540,570,590,630,720,740,750,780,780,780,71396,0,420.0,455.61923773319967,32.33849999924132,9973.895099999936,2857.880483500476
1746383489,2000,,Aggregated,1143.400000,0.000000,480,540,560,590,630,710,740,750,780,790,790,787329,13,420.0,448.2062773538163,26.804099999935715,9982.970299999579,2905.505780937829
1746383490,2000,GET,GET /pastes/:slug,1068.300000,0.000000,500,560,590,610,710,740,770,780,800,810,810,717088,13,420.0,447.7697110856916,26.804099999935715,9982.970299999579,2910.2024298273013
1746383490,2000,POST,POST /pastes,106.800000,0.000000,510,570,590,600,720,750,770,780,800,800,800,71521,0,420.0,455.9317045958463,32.33849999924132,9973.895099999936,2858.287551907831
1746383490,2000,,Aggregated,1175.100000,0.000000,500,560,590,610,710,740,770,780,800,810,810,788609,13,420.0,448.5099434921526,26.804099999935715,9982.970299999579,2905.4941346091664
1746383491,2000,GET,GET /pastes/:slug,1022.800000,0.000000,470,540,580,600,710,740,770,780,800,810,810,718282,13,420.0,447.52139147760283,26.804099999935715,9982.970299999579,2910.3845898964473
1746383491,2000,POST,POST /pastes,103.400000,0.000000,480,550,580,600,720,750,770,780,800,800,800,71635,0,420.0,455.67358526417974,32.33849999924132,9973.895099999936,2858.208501430865
1746383491,2000,,Aggregated,1126.200000,0.000000,470,550,580,600,710,740,770,780,800,810,810,789917,13,420.0,448.2606873807023,26.804099999935715,9982.970299999579,2905.652910369064
1746383492,2000,GET,GET /pastes/:slug,1021.600000,0.000000,480,550,580,600,720,740,770,780,800,810,810,719049,13,420.0,447.4311754100423,26.804099999935715,9982.970299999579,2910.477647559485
1746383492,2000,POST,POST /pastes,105.300000,0.000000,490,560,580,600,720,750,770,780,800,800,800,71708,0,420.0,455.5738918195953,32.33849999924132,9973.895099999936,2858.505410832822
1746383492,2000,,Aggregated,1126.900000,0.000000,480,550,580,600,720,740,770,780,800,810,810,790757,13,420.0,448.16957912734546,26.804099999935715,9982.970299999579,2905.76466348069
1746383493,2000,GET,GET /pastes/:slug,1055.900000,0.000000,500,560,600,620,710,740,770,780,800,810,810,720183,13,420.0,447.6295142974989,26.804099999935715,9982.970299999579,2910.332536313687
1746383493,2000,POST,POST /pastes,107.300000,0.000000,500,560,590,610,720,750,770,780,800,800,800,71806,0,420.0,455.72112774140794,32.33849999924132,9973.895099999936,2858.718811798457
1746383493,2000,,Aggregated,1163.200000,0.000000,500,560,600,610,710,740,770,780,800,810,810,791989,13,420.0,448.363143672327,26.804099999935715,9982.970299999579,2905.6529573011744
1746383494,2000,GET,GET /pastes/:slug,1016.300000,0.000000,470,530,570,590,630,720,760,770,800,810,810,721116,13,420.0,447.7025348526671,26.804099999935715,9982.970299999579,2910.2979714775433
1746383494,2000,POST,POST /pastes,106.000000,0.000000,480,530,570,580,630,720,770,780,800,800,800,71908,0,420.0,455.8208545516432,32.33849999924132,9973.895099999936,2858.623574567503
1746383494,2000,,Aggregated,1122.300000,0.000000,480,530,570,590,630,720,760,770,800,810,810,793024,13,420.0,448.4386691095138,26.804099999935715,9982.970299999579,2905.6123597772576
1746383495,2000,GET,GET /pastes/:slug,1019.800000,0.000000,510,570,610,630,720,770,800,820,840,850,850,722005,13,420.0,448.0597955313548,26.804099999935715,9982.970299999579,2910.317863449699
1746383495,2000,POST,POST /pastes,105.200000,0.000000,510,570,600,620,720,780,800,820,850,850,850,71999,0,430.0,456.18763085042247,32.33849999924132,9973.895099999936,2858.569980138613
1746383495,2000,,Aggregated,1125.000000,0.000000,510,570,600,630,720,770,800,820,840,850,850,794004,13,420.0,448.7968145074878,26.804099999935715,9982.970299999579,2905.625448990181
1746383496,2000,GET,GET /pastes/:slug,1041.600000,0.000000,530,600,660,700,780,850,950,970,1000,1000,1000,723262,13,420.0,448.5548228758264,26.804099999935715,9982.970299999579,2910.3984074927207
1746383496,2000,POST,POST /pastes,106.500000,0.000000,530,590,670,710,790,880,960,970,1000,1000,1000,72118,0,430.0,456.70488015612665,32.33849999924132,9973.895099999936,2858.3980698300006
1746383496,2000,,Aggregated,1148.100000,0.000000,530,600,660,700,780,850,950,970,1000,1000,1000,795380,13,420.0,449.29379774435307,26.804099999935715,9982.970299999579,2905.6834783373984
1746383497,2000,GET,GET /pastes/:slug,993.400000,0.000000,530,600,670,700,780,850,950,970,1000,1000,1000,724139,13,420.0,448.5841472972951,26.804099999935715,9982.970299999579,2910.304032789285
1746383497,2000,POST,POST /pastes,102.000000,0.000000,530,600,680,710,790,890,960,970,1000,1000,1000,72186,0,430.0,456.7092519477396,32.33849999924132,9973.895099999936,2858.4956362729613
1746383497,2000,,Aggregated,1095.400000,0.000000,530,600,670,700,780,860,950,970,1000,1000,1000,796325,13,420.0,449.32067924629183,26.804099999935715,9982.970299999579,2905.607657677456
1746383498,2000,GET,GET /pastes/:slug,995.100000,0.000000,570,670,720,750,810,880,950,970,1000,1000,1000,725084,13,420.0,449.0076333968424,26.804099999935715,9982.970299999579,2910.32055320487
1746383498,2000,POST,POST /pastes,101.400000,0.000000,570,670,720,760,810,900,960,970,1000,1000,1000,72274,0,430.0,457.08206180645215,32.33849999924132,9973.895099999936,2858.433682928854
1746383498,2000,,Aggregated,1096.500000,0.000000,570,670,720,750,810,880,950,970,1000,1000,1000,797358,13,420.0,449.7395144827085,26.804099999935715,9982.970299999579,2905.6174315677526
1746383499,2000,GET,GET /pastes/:slug,1007.400000,0.000000,530,660,710,750,840,880,940,970,1000,1000,1000,726602,13,420.0,449.0473351766378,26.804099999935715,9982.970299999579,2910.1637898051476
1746383499,2000,POST,POST /pastes,100.100000,0.000000,530,670,720,760,840,890,960,970,1000,1000,1000,72429,0,430.0,457.1263732869367,32.33849999924132,9973.895099999936,2858.2923828853086
1746383499,2000,,Aggregated,1107.500000,0.000000,530,660,710,750,840,880,950,970,1000,1000,1000,799031,13,420.0,449.77966802890364,26.804099999935715,9982.970299999579,2905.461851918136
1746383500,2000,GET,GET /pastes/:slug,958.800000,0.000000,550,670,720,760,840,890,950,970,1000,1000,1000,727282,13,420.0,448.9903837469038,26.804099999935715,9982.970299999579,2910.222114668038
1746383500,2000,POST,POST /pastes,93.000000,0.000000,550,680,740,780,840,900,960,970,1000,1000,1000,72500,0,430.0,457.0629202303383,32.33849999924132,9973.895099999936,2858.4184965517243
1746383500,2000,,Aggregated,1051.800000,0.000000,550,670,720,760,840,890,950,970,1000,1000,1000,799782,13,420.0,449.72215677384946,26.804099999935715,9982.970299999579,2905.526132121003
1746383501,2000,GET,GET /pastes/:slug,989.000000,0.000000,620,700,740,770,840,890,950,970,1000,1000,1000,728426,13,420.0,449.3757858278193,26.804099999935715,9982.970299999579,2910.239541147625
1746383501,2000,POST,POST /pastes,97.300000,0.000000,630,700,750,790,840,900,960,970,1000,1000,1000,72632,0,430.0,457.4980852048614,32.33849999924132,9973.895099999936,2858.4591777728824
1746383501,2000,,Aggregated,1086.300000,0.000000,630,700,740,770,840,890,950,970,1000,1000,1000,801058,13,420.0,450.1122354336421,26.804099999935715,9982.970299999579,2905.5446110019498
1746383502,2000,GET,GET /pastes/:slug,997.900000,0.000000,600,690,740,760,840,890,950,970,1000,1000,1000,729736,13,420.0,449.1696276265857,26.804099999935715,9982.970299999579,2910.1973837113696
1746383502,2000,POST,POST /pastes,95.200000,0.000000,610,700,740,780,840,890,960,970,1000,1000,1000,72784,0,430.0,457.23039599224427,32.33849999924132,9973.895099999936,2858.2155281380524
1746383502,2000,,Aggregated,1093.100000,0.000000,600,690,740,770,840,890,950,970,1000,1000,1000,802520,13,420.0,449.90069347505556,26.804099999935715,9982.970299999579,2905.4829250361363
1746383503,2000,GET,GET /pastes/:slug,951.000000,0.000000,610,700,740,770,840,890,950,970,1000,1000,1000,730580,13,420.0,449.0798541047039,26.804099999935715,9982.970299999579,2910.1988324345043
1746383503,2000,POST,POST /pastes,92.600000,0.000000,610,700,740,780,840,890,960,970,1000,1000,1000,72862,0,430.0,457.16850887842094,32.33849999924132,9973.895099999936,2858.2707309708762
1746383503,2000,,Aggregated,1043.600000,0.000000,610,700,740,770,840,890,950,970,1000,1000,1000,803442,13,420.0,449.8133925108497,26.804099999935715,9982.970299999579,2905.489612193537
1746383505,2000,GET,GET /pastes/:slug,978.200000,0.000000,580,670,710,730,780,830,870,900,910,920,920,731852,13,420.0,449.43774307566895,26.804099999935715,9982.970299999579,2910.170478457393
1746383505,2000,POST,POST /pastes,100.000000,0.000000,580,680,720,740,790,830,860,880,920,920,920,72989,0,430.0,457.5227393319472,32.33849999924132,9973.895099999936,2858.4295304771954
1746383505,2000,,Aggregated,1078.200000,0.000000,580,670,710,730,780,830,870,900,910,920,920,804841,13,420.0,450.1709509909438,26.804099999935715,9982.970299999579,2905.4782224066616
1746383506,2000,GET,GET /pastes/:slug,965.200000,0.000000,520,650,700,720,780,830,870,900,910,920,920,732924,13,420.0,449.13259291524656,26.804099999935715,9982.970299999579,2910.144589343506
1746383506,2000,POST,POST /pastes,98.400000,0.000000,530,660,710,730,790,830,860,880,920,920,920,73098,0,430.0,457.2015055186117,32.33849999924132,9973.895099999936,2858.664245259788
1746383506,2000,,Aggregated,1063.600000,0.000000,520,650,700,730,790,830,870,900,910,920,920,806022,13,420.0,449.8643612459732,26.804099999935715,9982.970299999579,2905.475845572453
1746383507,2000,GET,GET /pastes/:slug,1007.500000,0.000000,510,640,680,700,770,830,870,900,910,920,920,733828,13,420.0,449.19068993717195,26.804099999935715,9982.970299999579,2910.1621074693253
1746383507,2000,POST,POST /pastes,101.400000,0.000000,550,640,690,710,780,830,860,880,920,920,920,73195,0,430.0,457.30035759818935,32.33849999924132,9973.895099999936,2858.534367101578
1746383507,2000,,Aggregated,1108.900000,0.000000,520,640,680,710,770,830,870,890,910,920,920,807023,13,420.0,449.92621683595473,26.804099999935715,9982.970299999579,2905.4795984748885
1746383508,2000,GET,GET /pastes/:slug,1020.100000,0.000000,460,590,620,650,700,740,790,800,830,850,850,735209,13,420.0,449.2258726920046,26.804099999935715,9982.970299999579,2910.2510891460797
1746383508,2000,POST,POST /pastes,102.600000,0.000000,480,590,620,650,710,760,790,810,860,860,860,73336,0,430.0,457.3003497368202,32.33849999924132,9973.895099999936,2858.87345914694
1746383508,2000,,Aggregated,1122.700000,0.000000,470,590,620,650,700,750,790,800,830,860,860,808545,13,420.0,449.9582374318114,26.804099999935715,9982.970299999579,2905.5910765634567
1746383509,2000,GET,GET /pastes/:slug,991.800000,0.000000,470,590,620,650,700,750,790,800,830,850,850,736002,13,420.0,449.12040211876433,26.804099999935715,9982.970299999579,2910.2767872913387
1746383509,2000,POST,POST /pastes,101.500000,0.000000,480,590,620,650,720,760,790,820,860,860,860,73425,0,430.0,457.17131714810307,32.33849999924132,9973.895099999936,2858.5607490636703
1746383509,2000,,Aggregated,1093.300000,0.000000,470,590,620,650,700,750,790,800,830,860,860,809427,13,420.0,449.8507192888339,26.804099999935715,9982.970299999579,2905.585505548987
1746383510,2000,GET,GET /pastes/:slug,1069.000000,0.000000,510,610,650,670,730,760,800,810,890,940,940,736944,13,420.0,449.4402979151948,26.804099999935715,9982.970299999579,2910.295035986452
1746383510,2000,POST,POST /pastes,111.100000,0.000000,520,610,650,670,730,780,800,820,860,860,860,73521,0,430.0,457.4696466179658,32.33849999924132,9973.895099999936,2858.667700384924
1746383510,2000,,Aggregated,1180.100000,0.000000,510,610,650,670,730,760,800,810,890,940,940,810465,13,420.0,450.16867698889325,26.804099999935715,9982.970299999579,2905.6116834163104
1746383511,2000,GET,GET /pastes/:slug,1028.900000,0.000000,490,590,650,680,750,810,860,890,920,940,940,738106,13,420.0,449.7953251962654,26.804099999935715,9982.970299999579,2910.265987541085
1746383511,2000,POST,POST /pastes,107.700000,0.000000,490,590,630,670,740,790,850,870,920,920,920,73631,0,430.0,457.7687004929916,32.33849999924132,9973.895099999936,2858.5779087612555
1746383511,2000,,Aggregated,1136.600000,0.000000,490,590,650,680,750,810,860,890,920,940,940,811737,13,420.0,450.5185737317665,26.804099999935715,9982.970299999579,2905.57746782517
1746383512,2000,GET,GET /pastes/:slug,1008.400000,0.000000,510,600,650,690,750,810,860,890,920,940,940,739092,13,420.0,449.73622821409805,26.804099999935715,9982.970299999579,2910.225877157377
1746383512,2000,POST,POST /pastes,106.600000,0.000000,520,600,640,670,740,790,850,870,920,920,920,73718,0,430.0,457.7181378211491,32.33849999924132,9973.895099999936,2858.7651862503053
1746383512,2000,,Aggregated,1115.000000,0.000000,510,600,650,680,750,810,860,890,920,940,940,812810,13,420.0,450.4601494409549,26.804099999935715,9982.970299999579,2905.558637319915
1746383513,2000,GET,GET /pastes/:slug,1029.800000,0.000000,520,600,650,680,750,810,860,890,920,940,940,739969,13,420.0,449.8622862803906,26.804099999935715,9982.970299999579,2910.2173847823356
1746383513,2000,POST,POST /pastes,106.900000,0.000000,520,600,640,670,740,790,850,870,920,920,920,73799,0,430.0,457.8127696486336,32.33849999924132,9973.895099999936,2858.596756053605
1746383513,2000,,Aggregated,1136.700000,0.000000,520,600,650,680,750,810,860,890,920,940,940,813768,13,420.0,450.58329979048403,26.804099999935715,9982.970299999579,2905.53601272107
1746383514,2000,GET,GET /pastes/:slug,1018.800000,0.000000,520,600,650,700,780,820,860,890,920,940,940,741004,13,420.0,450.21892858771895,26.804099999935715,9982.970299999579,2910.1553324948313
1746383514,2000,POST,POST /pastes,103.700000,0.000000,520,600,650,700,770,810,850,870,920,920,920,73915,0,430.0,458.2089168044308,32.33849999924132,9973.895099999936,2858.7721030913885
1746383514,2000,,Aggregated,1122.500000,0.000000,520,600,650,700,780,820,860,890,920,940,940,814919,13,420.0,450.9436386251914,26.804099999935715,9982.970299999579,2905.4947571476428
1746383515,2000,GET,GET /pastes/:slug,995.100000,0.000000,530,600,640,700,780,820,860,890,920,940,940,742252,13,420.0,450.12549515745945,26.804099999935715,9982.970299999579,2910.2686149717347
1746383515,2000,POST,POST /pastes,99.300000,0.000000,530,600,650,700,770,810,850,870,920,920,920,74026,0,430.0,458.10969394536426,32.33849999924132,9973.895099999936,2859.0664361170398
1746383515,2000,,Aggregated,1094.400000,0.000000,530,600,640,700,780,820,860,890,920,940,940,816278,13,420.0,450.849560119963,26.804099999935715,9982.970299999579,2905.6252306199603
1746383516,2000,GET,GET /pastes/:slug,1008.800000,0.000000,510,580,630,700,780,820,860,890,920,940,940,743087,13,420.0,450.05173008963123,26.804099999935715,9982.970299999579,2910.306416341559
1746383516,2000,POST,POST /pastes,101.800000,0.000000,510,570,630,700,770,810,850,870,920,920,920,74114,0,430.0,458.02656763903605,32.33849999924132,9973.895099999936,2859.0033596891276
1746383516,2000,,Aggregated,1110.600000,0.000000,510,580,630,700,780,820,860,890,920,940,940,817201,13,420.0,450.7749880275503,26.804099999935715,9982.970299999579,2905.6536139823615
1746383517,2000,GET,GET /pastes/:slug,1008.300000,0.000000,510,600,660,710,780,820,860,890,920,940,940,744345,13,420.0,450.20141868691786,26.804099999935715,9982.970299999579,2910.174670347755
1746383517,2000,POST,POST /pastes,101.200000,0.000000,510,600,670,710,770,810,850,870,920,920,920,74218,0,430.0,458.1644231035534,32.33849999924132,9973.895099999936,2858.856234336684
1746383517,2000,,Aggregated,1109.500000,0.000000,510,600,660,710,780,820,860,890,920,940,940,818563,13,420.0,450.92341352638977,26.804099999935715,9982.970299999579,2905.5216971693076
1746383518,2000,GET,GET /pastes/:slug,991.400000,0.000000,520,600,660,700,780,820,860,890,920,940,940,745294,13,420.0,450.19581356848965,26.804099999935715,9982.970299999579,2910.1830901630765
1746383518,2000,POST,POST /pastes,99.900000,0.000000,510,600,670,710,770,810,850,870,920,920,920,74336,0,430.0,458.1290410500908,32.33849999924132,9973.895099999936,2858.7916487300904
1746383518,2000,,Aggregated,1091.300000,0.000000,520,600,660,700,780,820,860,890,920,940,940,819630,13,420.0,450.915314316463,26.804099999935715,9982.970299999579,2905.522164879275
1746383519,2000,GET,GET /pastes/:slug,1012.700000,0.000000,520,590,640,680,760,820,860,880,920,920,920,746111,13,420.0,450.3827147614957,26.804099999935715,9982.970299999579,2910.18315639362
1746383519,2000,POST,POST /pastes,100.000000,0.000000,510,590,640,690,760,810,850,880,920,920,920,74400,0,430.0,458.26307560348823,32.33849999924132,9973.895099999936,2858.6998924731183
1746383519,2000,,Aggregated,1112.700000,0.000000,520,590,640,680,760,820,860,880,920,920,920,820511,13,420.0,451.0972680662452,26.804099999935715,9982.970299999579,2905.514901079937
1746383520,2000,GET,GET /pastes/:slug,987.900000,0.000000,490,570,610,640,730,760,800,810,840,880,880,747698,13,420.0,450.41555035577755,26.804099999935715,9982.970299999579,2910.1335833451476
1746383520,2000,POST,POST /pastes,97.500000,0.000000,480,560,610,650,730,770,800,810,840,840,840,74551,0,430.0,458.29297111775173,32.33849999924132,9973.895099999936,2858.391128220949
1746383520,2000,,Aggregated,1085.400000,0.000000,490,570,610,640,730,770,800,810,840,850,880,822249,13,420.0,451.1297739002453,26.804099999935715,9982.970299999579,2905.44224073243
1746383521,2000,GET,GET /pastes/:slug,982.600000,0.000000,480,580,620,650,740,770,800,810,840,880,880,748448,13,420.0,450.32280127866534,26.804099999935715,9982.970299999579,2910.1533947582197
1746383521,2000,POST,POST /pastes,95.800000,0.000000,470,570,610,650,730,770,800,810,840,840,840,74632,0,430.0,458.17475433191566,32.33849999924132,9973.895099999936,2858.305043413013
1746383521,2000,,Aggregated,1078.400000,0.000000,480,580,620,650,730,770,800,810,840,850,880,823080,13,420.0,451.03476969031334,26.804099999935715,9982.970299999579,2905.452094571609
1746383522,2000,GET,GET /pastes/:slug,1026.800000,0.000000,510,590,620,650,730,760,800,810,840,880,880,749661,13,420.0,450.5317211779926,26.804099999935715,9982.970299999579,2910.0807098141695
1746383522,2000,POST,POST /pastes,98.900000,0.000000,490,580,630,660,730,770,800,810,840,840,840,74764,0,430.0,458.37079697714813,32.33849999924132,9973.895099999936,2858.5923974105185
1746383522,2000,,Aggregated,1125.700000,0.000000,510,590,620,650,730,760,800,810,840,850,880,824425,13,420.0,451.24261745483665,26.804099999935715,9982.970299999579,2905.4114285714286
1746383523,2000,GET,GET /pastes/:slug,1013.100000,0.000000,460,540,590,610,680,720,750,760,810,830,880,750796,13,420.0,450.28073171742454,26.804099999935715,9982.970299999579,2910.0914562677476
1746383523,2000,POST,POST /pastes,98.000000,0.000000,450,520,580,610,680,710,740,760,800,810,810,74885,0,430.0,458.11561702610044,32.33849999924132,9973.895099999936,2858.606984042198
1746383523,2000,,Aggregated,1111.100000,0.000000,460,540,590,610,680,720,750,760,810,830,880,825681,13,420.0,450.99131532820064,26.804099999935715,9982.970299999579,2905.422080682491
1746383524,2000,GET,GET /pastes/:slug,1005.400000,0.000000,440,540,600,620,680,730,750,760,820,880,880,751638,13,420.0,450.2524984878574,26.804099999935715,9982.970299999579,2910.167220124581
1746383524,2000,POST,POST /pastes,98.700000,0.000000,440,530,600,620,690,710,740,760,810,810,810,74971,0,430.0,458.1340749169614,32.33849999924132,9973.895099999936,2858.522188579584
1746383524,2000,,Aggregated,1104.200000,0.000000,440,540,600,620,680,730,750,760,810,830,880,826609,13,420.0,450.96733424025723,26.804099999935715,9982.970299999579,2905.483167979057
1746383525,2000,GET,GET /pastes/:slug,1045.900000,0.000000,490,570,610,630,690,730,750,760,810,830,880,752907,13,420.0,450.43256035329097,26.804099999935715,9982.970299999579,2910.1895439941454
1746383525,2000,POST,POST /pastes,105.100000,0.000000,490,570,610,630,680,710,740,760,800,810,810,75097,0,430.0,458.29364952793765,32.33849999924132,9973.895099999936,2858.8107780603755
1746383525,2000,,Aggregated,1151.000000,0.000000,490,570,610,630,690,730,750,760,810,830,880,828004,13,420.0,451.1455330125262,26.804099999935715,9982.970299999579,2905.5296737696917
1746383526,2000,GET,GET /pastes/:slug,1050.200000,0.000000,450,540,600,620,670,730,750,760,820,880,880,753854,13,420.0,450.3015903986912,26.804099999935715,9982.970299999579,2910.172471062036
1746383526,2000,POST,POST /pastes,103.000000,0.000000,460,530,590,610,660,700,740,760,800,810,810,75192,0,430.0,458.16498066283094,32.33849999924132,9973.895099999936,2858.8728721140546
1746383526,2000,,Aggregated,1153.200000,0.000000,450,540,600,620,670,720,750,760,810,830,880,829046,13,420.0,451.0147764471494,26.804099999935715,9982.970299999579,2905.519750411919
1746383527,2000,GET,GET /pastes/:slug,1030.200000,0.000000,470,570,620,640,700,730,750,760,820,880,880,754775,13,420.0,450.47007787793035,26.804099999935715,9982.970299999579,2910.24757046802
1746383527,2000,POST,POST /pastes,102.100000,0.000000,470,560,620,640,690,720,740,760,800,810,810,75296,0,430.0,458.34278749202616,32.33849999924132,9973.895099999936,2858.931749362516
1746383527,2000,,Aggregated,1132.300000,0.000000,470,560,620,640,700,730,750,760,810,830,880,830071,13,430.0,451.18421382906234,26.804099999935715,9982.970299999579,2905.592696287426
1746383528,2000,GET,GET /pastes/:slug,1063.500000,0.000000,500,580,620,640,700,720,750,760,810,830,880,755828,13,430.0,450.642319057795,26.804099999935715,9982.970299999579,2910.2632424308176
1746383528,2000,POST,POST /pastes,106.100000,0.000000,500,580,620,640,690,710,740,760,800,810,810,75415,0,430.0,458.5228632115577,32.33849999924132,9973.895099999936,2858.79708280846
1746383528,2000,,Aggregated,1169.600000,0.000000,500,580,620,640,690,720,750,760,810,830,880,831243,13,430.0,451.3572859656007,26.804099999935715,9982.970299999579,2905.593945452774
1746383529,2000,GET,GET /pastes/:slug,1029.100000,0.000000,490,560,610,630,680,710,730,740,780,810,810,756702,13,430.0,450.8191824437031,26.804099999935715,9982.970299999579,2910.27140274507
1746383529,2000,POST,POST /pastes,104.600000,0.000000,500,550,610,630,670,710,720,730,770,780,780,75513,0,430.0,458.68403657382987,32.33849999924132,9973.895099999936,2858.8556804788577
1746383529,2000,,Aggregated,1133.700000,0.000000,490,560,610,630,680,710,730,740,780,810,810,832215,13,430.0,451.5328186193517,26.804099999935715,9982.970299999579,2905.6060753531237
1746383530,2000,GET,GET /pastes/:slug,1015.600000,0.000000,510,570,610,630,680,710,730,740,780,810,810,758053,13,430.0,450.8473006448285,26.804099999935715,9982.970299999579,2910.4165302426086
1746383530,2000,POST,POST /pastes,105.300000,0.000000,510,570,600,630,670,710,720,730,770,780,780,75642,0,430.0,458.730025729087,32.33849999924132,9973.895099999936,2858.7109277914387
1746383530,2000,,Aggregated,1120.900000,0.000000,510,570,610,630,680,710,730,740,780,810,810,833695,13,430.0,451.56250835365825,26.804099999935715,9982.970299999579,2905.725228051026
1746383531,2000,GET,GET /pastes/:slug,1042.000000,0.000000,480,550,600,620,680,710,730,740,780,810,810,759151,13,430.0,450.51486937541284,26.804099999935715,9982.970299999579,2910.50634195305
1746383531,2000,POST,POST /pastes,108.000000,0.000000,500,550,590,620,670,710,720,730,770,780,780,75743,0,430.0,458.40592185151905,32.33849999924132,9973.895099999936,2858.5925300027725
1746383531,2000,,Aggregated,1150.000000,0.000000,480,550,590,620,680,710,730,740,780,810,810,834894,13,430.0,451.2307590424687,26.804099999935715,9982.970299999579,2905.7966328659686
1746383532,2000,GET,GET /pastes/:slug,1011.400000,0.000000,480,550,610,630,690,710,730,750,780,810,810,759851,13,430.0,450.62301949199633,26.804099999935715,9982.970299999579,2910.442715742955
1746383532,2000,POST,POST /pastes,108.000000,0.000000,500,560,600,630,680,710,720,730,780,780,780,75811,0,430.0,458.4966220482464,32.33849999924132,9973.895099999936,2858.252100618644
1746383532,2000,,Aggregated,1119.400000,0.000000,480,550,610,630,690,710,730,750,780,810,810,835662,13,430.0,451.337310297826,26.804099999935715,9982.970299999579,2905.7079991671276
1746383533,2000,GET,GET /pastes/:slug,1046.700000,0.000000,530,610,650,680,730,790,840,870,920,930,930,761030,13,430.0,451.0670160917616,26.804099999935715,9982.970299999579,2910.3680774739496
1746383533,2000,POST,POST /pastes,109.400000,0.000000,530,600,640,670,720,790,850,870,900,930,930,75937,0,430.0,458.94843009862956,32.33849999924132,9973.895099999936,2858.324110776038
1746383533,2000,,Aggregated,1156.100000,0.000000,530,610,650,680,720,790,840,870,920,930,930,836967,13,430.0,451.78208721813684,26.804099999935715,9982.970299999579,2905.646191546381
1746383534,2000,GET,GET /pastes/:slug,1042.000000,0.000000,500,580,640,680,720,790,840,870,920,930,930,762071,13,430.0,451.0233268361,26.804099999935715,9982.970299999579,2910.417188162258
1746383534,2000,POST,POST /pastes,107.700000,0.000000,510,580,640,670,720,790,850,870,900,930,930,76045,0,430.0,458.89438264316675,32.33849999924132,9973.895099999936,2858.2841475442174
1746383534,2000,,Aggregated,1149.600000,0.000000,500,580,640,670,720,790,840,870,920,930,930,838116,13,430.0,451.7374934178593,26.804099999935715,9982.970299999579,2905.686987242816
1746383535,2000,GET,GET /pastes/:slug,983.000000,0.000000,520,610,680,700,750,790,840,870,920,930,930,762925,13,430.0,451.2438985119289,26.804099999935715,9982.970299999579,2910.3813690729758
1746383535,2000,POST,POST /pastes,99.800000,0.000000,530,590,670,700,740,800,850,870,930,930,930,76128,0,430.0,459.10534752127484,32.33849999924132,9973.895099999936,2858.5487074401008
1746383535,2000,,Aggregated,1082.800000,0.000000,520,610,680,700,750,800,840,870,920,930,930,839053,13,430.0,451.95717453879826,26.804099999935715,9982.970299999579,2905.67854712396
1746383536,2000,GET,GET /pastes/:slug,1007.900000,0.000000,550,630,680,700,750,790,840,870,920,930,930,764074,13,430.0,451.44238927383145,26.804099999935715,9982.970299999579,2910.3956396893495
1746383536,2000,POST,POST /pastes,105.200000,0.000000,560,630,680,700,740,800,850,870,900,930,930,76255,0,430.0,459.3287688374488,32.33849999924132,9973.895099999936,2858.4920595370795
1746383536,2000,,Aggregated,1113.100000,0.000000,550,630,680,700,750,790,840,870,920,930,930,840329,13,430.0,452.1580326392431,26.804099999935715,9982.970299999579,2905.685689771506
1746383537,2000,GET,GET /pastes/:slug,994.700000,0.000000,510,600,660,690,750,790,840,870,920,930,930,765100,13,430.0,451.42808254465405,26.804099999935715,9982.970299999579,2910.4202849300746
1746383537,2000,POST,POST /pastes,102.900000,0.000000,530,600,650,680,740,800,850,870,900,930,930,76350,0,430.0,459.309112273735,32.33849999924132,9973.895099999936,2858.43287491814
1746383537,2000,,Aggregated,1097.600000,0.000000,510,600,660,690,750,790,840,870,920,930,930,841450,13,430.0,452.14317746390606,26.804099999935715,9982.970299999579,2905.7031433834454
1746383539,2000,GET,GET /pastes/:slug,1003.200000,0.000000,490,600,650,680,750,800,850,870,920,930,930,765998,13,430.0,451.57378861957136,26.804099999935715,9982.970299999579,2910.468997308087
1746383539,2000,POST,POST /pastes,104.000000,0.000000,520,610,660,680,750,800,850,870,930,930,930,76448,0,430.0,459.4593922287002,32.33849999924132,9973.895099999936,2858.4022734407704
1746383539,2000,,Aggregated,1107.200000,0.000000,490,600,650,680,750,800,850,870,920,930,930,842446,13,430.0,452.28936994430893,26.804099999935715,9982.970299999579,2905.7441877580286
1746383540,2000,GET,GET /pastes/:slug,998.600000,0.000000,550,650,690,720,790,840,870,880,920,930,930,767260,13,430.0,451.9203021708607,26.804099999935715,9982.970299999579,2910.539927795011
1746383540,2000,POST,POST /pastes,100.600000,0.000000,560,660,690,730,800,850,870,880,930,930,930,76577,0,430.0,459.82960328035387,32.33849999924132,9973.895099999936,2858.4680648236417
1746383540,2000,,Aggregated,1099.200000,0.000000,550,650,690,720,790,840,870,880,920,930,930,843837,13,430.0,452.63805992626976,26.804099999935715,9982.970299999579,2905.8144807587246
1746383541,2000,GET,GET /pastes/:slug,984.700000,0.000000,540,650,690,720,790,840,870,880,920,930,930,768354,13,430.0,451.64892459467154,26.804099999935715,9982.970299999579,2910.492641412682
1746383541,2000,POST,POST /pastes,99.000000,0.000000,560,650,690,720,800,850,870,880,930,930,930,76670,0,430.0,459.5913582561585,32.33849999924132,9973.895099999936,2858.454075909743
1746383541,2000,,Aggregated,1083.700000,0.000000,540,650,690,720,790,840,870,880,920,930,930,845024,13,430.0,452.36955074116673,26.804099999935715,9982.970299999579,2905.7711224769946
1746383542,2000,GET,GET /pastes/:slug,1000.500000,0.000000,520,630,690,720,790,840,870,880,920,930,930,768932,13,430.0,451.69364120860365,26.804099999935715,9982.970299999579,2910.490865252064
1746383542,2000,POST,POST /pastes,99.400000,0.000000,540,640,680,730,800,850,870,880,930,930,930,76732,0,430.0,459.6166076460887,32.33849999924132,9973.895099999936,2858.336978053485
1746383542,2000,,Aggregated,1099.900000,0.000000,520,630,690,720,790,840,870,880,920,930,930,845664,13,430.0,452.4125379106873,26.804099999935715,9982.970299999579,2905.7586405475463
1746383543,2000,GET,GET /pastes/:slug,984.900000,0.000000,520,620,690,730,820,890,910,940,1000,1000,1000,770636,13,430.0,452.1414513263242,26.804099999935715,9982.970299999579,2910.4344216984414
1746383543,2000,POST,POST /pastes,98.900000,0.000000,520,630,680,730,820,890,930,940,1000,1000,1000,76886,0,430.0,459.9749306219553,32.33849999924132,9973.895099999936,2858.0212262310433
1746383543,2000,,Aggregated,1083.800000,0.000000,520,620,680,730,820,890,910,940,1000,1000,1000,847522,13,430.0,452.85209351509803,26.804099999935715,9982.970299999579,2905.67957055982
1746383544,2000,GET,GET /pastes/:slug,954.800000,0.000000,520,620,690,730,820,890,910,940,1000,1000,1000,771398,13,430.0,451.97473956688106,26.804099999935715,9982.970299999579,2910.400201970967
1746383544,2000,POST,POST /pastes,97.000000,0.000000,530,630,680,730,820,890,930,940,1000,1000,1000,76966,0,430.0,459.7890600992599,32.33849999924132,9973.895099999936,2857.7260608580414
1746383544,2000,,Aggregated,1051.800000,0.000000,520,620,690,730,820,890,910,940,1000,1000,1000,848364,13,430.0,452.6836769971412,26.804099999935715,9982.970299999579,2905.6214537627716
1746383545,2000,GET,GET /pastes/:slug,1020.600000,0.000000,520,650,690,740,850,890,910,950,1000,1000,1000,772259,13,430.0,452.2981199416431,26.804099999935715,9982.970299999579,2910.418026853685
1746383545,2000,POST,POST /pastes,101.000000,0.000000,530,660,700,740,850,890,930,940,1000,1000,1000,77071,0,430.0,460.1707783653987,32.33849999924132,9973.895099999936,2857.7927625176785
1746383545,2000,,Aggregated,1121.600000,0.000000,520,650,690,740,850,890,910,940,1000,1000,1000,849330,13,430.0,453.01251088199285,26.804099999935715,9982.970299999579,2905.6426371375082
1746383546,2000,GET,GET /pastes/:slug,992.100000,0.000000,520,640,720,780,850,890,910,940,1000,1000,1000,773630,13,430.0,452.3696954537875,26.804099999935715,9982.970299999579,2910.389540219485
1746383546,2000,POST,POST /pastes,97.900000,0.000000,520,670,730,780,860,890,920,940,1000,1000,1000,77222,0,430.0,460.2871880681626,32.33849999924132,9973.895099999936,2857.9499883452904
1746383546,2000,,Aggregated,1090.000000,0.000000,520,650,720,780,850,890,910,940,1000,1000,1000,850852,13,430.0,453.08827473039173,26.804099999935715,9982.970299999579,2905.630208308848
1746383547,2000,GET,GET /pastes/:slug,973.200000,0.000000,520,650,720,780,850,890,910,940,1000,1000,1000,774410,13,430.0,452.2453457225682,26.804099999935715,9982.970299999579,2910.3191926757145
1746383547,2000,POST,POST /pastes,98.000000,0.000000,520,670,730,780,860,890,920,940,1000,1000,1000,77304,0,430.0,460.1261608610121,32.33849999924132,9973.895099999936,2857.9488383524786
1746383547,2000,,Aggregated,1071.200000,0.000000,520,650,720,780,850,890,910,940,1000,1000,1000,851714,13,430.0,452.9606310571431,26.804099999935715,9982.970299999579,2905.5659094484768
1746383548,2000,GET,GET /pastes/:slug,1000.000000,0.000000,560,660,720,780,850,890,910,940,1000,1000,1000,775661,13,430.0,452.5290264430131,26.804099999935715,9982.970299999579,2910.3006700091923
1746383548,2000,POST,POST /pastes,102.200000,0.000000,560,680,730,780,850,890,910,940,1000,1000,1000,77438,0,430.0,460.43225164647436,32.33849999924132,9973.895099999936,2858.266742426199
1746383548,2000,,Aggregated,1102.200000,0.000000,560,660,720,780,850,890,910,940,1000,1000,1000,853099,13,430.0,453.2464226107442,26.804099999935715,9982.970299999579,2905.577415985718
1746383549,2000,GET,GET /pastes/:slug,991.200000,0.000000,450,590,670,720,840,890,910,940,1000,1000,1000,776799,13,430.0,452.36141469892937,26.804099999935715,9982.970299999579,2910.2800505664914
1746383549,2000,POST,POST /pastes,101.100000,0.000000,460,600,690,720,820,890,920,940,1000,1000,1000,77564,0,430.0,460.2483694046168,32.33849999924132,9973.895099999936,2858.2641044814604
1746383549,2000,,Aggregated,1092.300000,0.000000,460,590,670,720,840,890,910,940,1000,1000,1000,854363,13,430.0,453.07743792884645,26.804099999935715,9982.970299999579,2905.5577430202384
1746383550,2000,GET,GET /pastes/:slug,986.100000,0.000000,480,600,670,720,840,890,910,940,1000,1000,1000,777729,13,430.0,452.2227170455441,26.804099999935715,9982.970299999579,2910.24523580836
1746383550,2000,POST,POST /pastes,100.600000,0.000000,480,600,690,730,820,890,920,940,1000,1000,1000,77638,0,430.0,460.1312032535577,32.33849999924132,9973.895099999936,2858.4148355186894
1746383550,2000,,Aggregated,1086.700000,0.000000,480,600,680,720,840,890,910,940,1000,1000,1000,855367,13,430.0,452.94053647534156,26.804099999935715,9982.970299999579,2905.5408123062966
1746383551,2000,GET,GET /pastes/:slug,1032.100000,0.000000,510,620,700,760,840,890,910,940,1000,1000,1000,778731,13,430.0,452.47368311472525,26.804099999935715,9982.970299999579,2910.2928135646325
1746383551,2000,POST,POST /pastes,107.000000,0.000000,510,640,710,760,830,890,920,940,1000,1000,1000,77729,0,430.0,460.3597091330098,32.33849999924132,9973.895099999936,2858.4448918679
1746383551,2000,,Aggregated,1139.100000,0.000000,510,620,700,760,840,890,910,940,1000,1000,1000,856460,13,430.0,453.1893883623316,26.804099999935715,9982.970299999579,2905.5872965462486
1746383552,2000,GET,GET /pastes/:slug,1021.900000,0.000000,470,560,620,670,770,830,850,870,910,920,920,779998,13,430.0,452.47638540805644,26.804099999935715,9982.970299999579,2910.3595009217975
1746383552,2000,POST,POST /pastes,104.600000,0.000000,470,560,640,690,780,830,860,880,910,910,910,77890,0,430.0,460.3102850288831,32.33849999924132,9973.895099999936,2858.393092823212
1746383552,2000,,Aggregated,1126.500000,0.000000,470,560,620,670,770,830,860,870,910,910,920,857888,13,430.0,453.1876466000257,26.804099999935715,9982.970299999579,2905.641328471782
1746383553,2000,GET,GET /pastes/:slug,984.800000,0.000000,470,560,620,670,770,830,850,870,910,920,920,780924,13,430.0,452.3443926416827,26.804099999935715,9982.970299999579,2910.348749686269
1746383553,2000,POST,POST /pastes,100.800000,0.000000,470,560,640,690,780,830,860,880,910,910,910,77997,0,430.0,460.1655784953235,32.33849999924132,9973.895099999936,2858.1936100106414
1746383553,2000,,Aggregated,1085.600000,0.000000,470,560,620,670,770,830,860,870,910,910,920,858921,13,430.0,453.05461981393285,26.804099999935715,9982.970299999579,2905.612639579193
1746383554,2000,GET,GET /pastes/:slug,1036.000000,0.000000,490,570,630,700,770,830,850,870,910,910,920,781992,13,430.0,452.5886038416165,26.804099999935715,9982.970299999579,2910.3761253312055
1746383554,2000,POST,POST /pastes,106.400000,0.000000,480,570,640,710,770,830,860,880,910,910,910,78102,0,430.0,460.4213139356194,32.33849999924132,9973.895099999936,2858.018270978976
1746383554,2000,,Aggregated,1142.400000,0.000000,490,570,630,700,770,830,850,870,910,910,920,860094,13,430.0,453.29986368501915,26.804099999935715,9982.970299999579,2905.6216994886604
1746383555,2000,GET,GET /pastes/:slug,1014.200000,0.000000,460,540,570,600,710,750,780,810,840,850,850,783099,13,430.0,452.53427666682535,26.804099999935715,9982.970299999579,2910.3866522623575
1746383555,2000,POST,POST /pastes,108.300000,0.000000,450,520,570,600,710,750,780,830,840,850,850,78214,0,430.0,460.35652087989024,32.33849999924132,9973.895099999936,2858.083245966195
1746383555,2000,,Aggregated,1122.500000,0.000000,450,540,570,600,710,750,780,810,840,850,850,861313,13,430.0,453.24459801210924,26.804099999935715,9982.970299999579,2905.6370912780835
1746383556,2000,GET,GET /pastes/:slug,992.000000,0.000000,480,550,590,620,720,760,810,840,1000,1000,1000,783398,13,430.0,452.5923917469975,26.804099999935715,9982.970299999579,2910.4026395267797
1746383556,2000,POST,POST /pastes,106.700000,0.000000,480,540,590,630,730,770,830,840,1000,1000,1000,78245,0,430.0,460.4345681283118,32.33849999924132,9973.895099999936,2857.987424116557
1746383556,2000,,Aggregated,1098.700000,0.000000,480,550,590,620,720,760,810,840,1000,1000,1000,861643,13,430.0,453.3045324954813,26.804099999935715,9982.970299999579,2905.6428625312337
1746383557,2000,GET,GET /pastes/:slug,1042.300000,0.000000,500,590,700,730,1100,1300,1300,1400,1400,1400,1400,784561,13,430.0,453.7621229059493,26.804099999935715,9982.970299999579,2910.363654323883
1746383557,2000,POST,POST /pastes,110.100000,0.000000,490,580,700,730,1100,1300,1300,1400,1400,1400,1400,78352,0,430.0,461.49089267153016,32.33849999924132,9973.895099999936,2858.0035608535836
1746383557,2000,,Aggregated,1152.400000,0.000000,500,590,700,730,1100,1300,1300,1400,1400,1400,1400,862913,13,430.0,454.4638907187677,26.804099999935715,9982.970299999579,2905.609388200201
1746383558,2000,GET,GET /pastes/:slug,1007.500000,0.000000,490,580,720,770,1200,1300,1300,1400,1400,1400,1400,785636,13,430.0,453.77100350622203,26.804099999935715,9982.970299999579,2910.2933330448195
1746383558,2000,POST,POST /pastes,104.500000,0.000000,490,580,720,760,1100,1300,1300,1400,1400,1400,1400,78445,0,430.0,461.5252997577879,32.33849999924132,9973.895099999936,2858.094818025368
1746383558,2000,,Aggregated,1112.000000,0.000000,490,580,720,770,1100,1300,1300,1400,1400,1400,1400,864081,13,430.0,454.47497196455356,26.804099999935715,9982.970299999579,2905.554526716824
1746383559,2000,GET,GET /pastes/:slug,933.600000,0.000000,520,640,750,780,1200,1300,1400,1400,1400,1400,1400,786317,13,430.0,453.8595463098405,26.804099999935715,9982.970299999579,2910.2669076212264
1746383559,2000,POST,POST /pastes,97.200000,0.000000,520,670,750,780,1100,1300,1300,1400,1400,1400,1400,78526,0,430.0,461.65276104219816,32.33849999924132,9973.895099999936,2858.2752973537426
1746383559,2000,,Aggregated,1030.800000,0.000000,520,640,750,780,1200,1300,1300,1400,1400,1400,1400,864843,13,430.0,454.56715448850713,26.804099999935715,9982.970299999579,2905.5461742767184
1746383560,2000,GET,GET /pastes/:slug,994.600000,0.000000,550,680,760,780,1100,1300,1300,1400,1400,1400,1400,788015,13,430.0,454.00831520328325,26.804099999935715,9982.970299999579,2910.2656078881746
1746383560,2000,POST,POST /pastes,103.000000,0.000000,540,660,740,780,1100,1300,1300,1400,1400,1400,1400,78683,0,430.0,461.70188090057144,32.33849999924132,9973.895099999936,2858.344953801965
1746383560,2000,,Aggregated,1097.600000,0.000000,550,680,750,780,1100,1300,1300,1400,1400,1400,1400,866698,13,430.0,454.7067739856374,26.804099999935715,9982.970299999579,2905.5520019660826
1746383562,2000,GET,GET /pastes/:slug,943.900000,0.000000,550,680,760,800,1200,1300,1400,1400,1400,1400,1400,788738,13,430.0,453.75939336067916,26.804099999935715,9982.970299999579,2910.3114963397225
1746383562,2000,POST,POST /pastes,94.200000,0.000000,540,670,750,790,1100,1300,1300,1400,1400,1400,1400,78770,0,430.0,461.39920192839514,32.33849999924132,9973.895099999936,2858.371486606576
1746383562,2000,,Aggregated,1038.100000,0.000000,550,680,760,790,1200,1300,1400,1400,1400,1400,1400,867508,13,430.0,454.4530903881047,26.804099999935715,9982.970299999579,2905.5953270747937
1746383563,2000,GET,GET /pastes/:slug,993.200000,0.000000,580,740,790,810,1200,1300,1400,1400,1400,1400,1400,789707,13,430.0,454.1086486998531,26.804099999935715,9982.970299999579,2910.2468143248066
1746383563,2000,POST,POST /pastes,101.700000,0.000000,580,730,790,810,1100,1300,1300,1400,1400,1400,1400,78874,0,430.0,461.7216333291031,32.33849999924132,9973.895099999936,2858.0574333747495
1746383563,2000,,Aggregated,1094.900000,0.000000,580,740,790,810,1200,1300,1400,1400,1400,1400,1400,868581,13,430.0,454.799967701347,26.804099999935715,9982.970299999579,2905.507607235249
1746383564,2000,GET,GET /pastes/:slug,951.200000,0.000000,580,740,790,820,1200,1300,1400,1400,1400,1400,1400,790964,13,430.0,454.21078840821406,26.804099999935715,9982.970299999579,2910.2290900723674
1746383564,2000,POST,POST /pastes,97.700000,0.000000,580,710,790,820,1100,1300,1300,1400,1400,1400,1400,78997,0,430.0,461.8069373178688,32.33849999924132,9973.895099999936,2858.1240680025826
1746383564,2000,,Aggregated,1048.900000,0.000000,580,740,790,820,1200,1300,1400,1400,1400,1400,1400,869961,13,430.0,454.90055838112636,26.804099999935715,9982.970299999579,2905.497682080001
1746383565,2000,GET,GET /pastes/:slug,929.700000,0.000000,580,740,800,820,1200,1300,1400,1400,1400,1400,1400,791827,13,430.0,454.11891365489527,26.804099999935715,9982.970299999579,2910.3420279934885
1746383565,2000,POST,POST /pastes,93.700000,0.000000,580,720,790,820,1100,1300,1300,1400,1400,1400,1400,79083,0,430.0,461.71808924926574,32.33849999924132,9973.895099999936,2857.807619842444
1746383565,2000,,Aggregated,1023.400000,0.000000,580,740,800,820,1200,1300,1400,1400,1400,1400,1400,870910,13,430.0,454.80895694699035,26.804099999935715,9982.970299999579,2905.5716400087267
1746383566,2000,GET,GET /pastes/:slug,983.900000,0.000000,580,730,780,800,1100,1300,1300,1400,1400,1400,1400,793145,13,430.0,454.41676092091075,26.804099999935715,9982.970299999579,2910.3230670306184
1746383566,2000,POST,POST /pastes,98.600000,0.000000,570,690,780,800,1100,1300,1300,1400,1400,1400,1400,79202,0,430.0,461.9530066866955,32.33849999924132,9973.895099999936,2857.5161485821063
1746383566,2000,,Aggregated,1082.500000,0.000000,580,730,780,800,1100,1300,1300,1400,1400,1400,1400,872347,13,430.0,455.10099063354875,26.804099999935715,9982.970299999579,2905.5286290891127
1746383567,2000,GET,GET /pastes/:slug,934.000000,0.000000,490,590,670,720,790,810,840,860,890,940,940,794392,13,430.0,454.0621475436752,26.804099999935715,9982.970299999579,2910.3827782757126
1746383567,2000,POST,POST /pastes,93.600000,0.000000,480,580,660,690,790,820,850,860,970,970,970,79327,0,430.0,461.5882014307819,32.33849999924132,9973.895099999936,2857.3954013135503
1746383567,2000,,Aggregated,1027.600000,0.000000,490,590,670,720,790,810,850,860,890,940,970,873719,13,430.0,454.7454556515356,26.804099999935715,9982.970299999579,2905.571929876768
1746383568,2000,GET,GET /pastes/:slug,960.300000,0.000000,480,580,670,720,790,810,840,860,890,940,940,795138,13,430.0,453.98367584886483,26.804099999935715,9982.970299999579,2910.321978071731
1746383568,2000,POST,POST /pastes,94.600000,0.000000,470,560,640,680,780,820,850,860,970,970,970,79408,0,430.0,461.4905025753026,32.33849999924132,9973.895099999936,2857.595834172879
1746383568,2000,,Aggregated,1054.900000,0.000000,480,580,670,710,790,810,850,860,890,940,970,874546,13,430.0,454.665289047807,26.804099999935715,9982.970299999579,2905.534491038779
1746383569,2000,GET,GET /pastes/:slug,1074.200000,0.000000,470,570,620,670,770,800,840,860,890,960,960,796376,13,430.0,454.04002700974905,26.804099999935715,9982.970299999579,2910.3293318733863
1746383569,2000,POST,POST /pastes,105.400000,0.000000,450,550,600,640,750,800,840,860,970,970,970,79517,0,430.0,461.52404116980813,32.33849999924132,9973.895099999936,2857.763144987864
1746383569,2000,,Aggregated,1179.600000,0.000000,470,570,610,660,760,800,840,860,890,960,970,875893,13,430.0,454.7194551521756,26.804099999935715,9982.970299999579,2905.5571673709005
1746383570,2000,GET,GET /pastes/:slug,1016.400000,0.000000,420,520,590,650,760,800,840,860,890,960,960,797522,13,430.0,453.8498578798042,26.804099999935715,9982.970299999579,2910.2554525141627
1746383570,2000,POST,POST /pastes,101.500000,0.000000,410,510,580,620,740,800,840,860,970,970,970,79626,0,430.0,461.32639635671273,32.33849999924132,9973.895099999936,2857.732612463266
1746383570,2000,,Aggregated,1117.900000,0.000000,420,520,590,650,760,800,840,860,890,960,970,877148,13,430.0,454.5285652960571,26.804099999935715,9982.970299999579,2905.487518639956
1746383571,2000,GET,GET /pastes/:slug,1061.900000,0.000000,440,540,590,640,750,800,840,860,890,960,960,798596,13,430.0,453.8701114087935,26.804099999935715,9982.970299999579,2910.2385649314547
1746383571,2000,POST,POST /pastes,106.500000,0.000000,430,530,590,620,740,800,840,860,970,970,970,79729,0,430.0,461.34905147436484,32.33849999924132,9973.895099999936,2857.7881322981602
1746383571,2000,,Aggregated,1168.400000,0.000000,440,540,590,640,750,800,840,860,890,960,970,878325,13,430.0,454.54900408801484,26.804099999935715,9982.970299999579,2905.4774337517433
1746383572,2000,GET,GET /pastes/:slug,1088.000000,0.000000,420,490,540,570,660,740,790,810,890,940,960,799814,13,430.0,453.8200969418098,26.804099999935715,9982.970299999579,2910.2804639578703
1746383572,2000,POST,POST /pastes,107.300000,0.000000,420,490,540,570,650,710,780,800,910,970,970,79861,0,430.0,461.2852471419046,32.33849999924132,9973.895099999936,2857.79978963449
1746383572,2000,,Aggregated,1195.300000,0.000000,420,490,540,570,660,740,790,810,890,960,970,879675,13,430.0,454.4978181003276,26.804099999935715,9982.970299999579,2905.516023531418
1746383573,2000,GET,GET /pastes/:slug,1014.800000,0.000000,390,460,500,540,600,710,770,800,820,960,960,800847,13,430.0,453.66066758359193,26.804099999935715,9982.970299999579,2910.201208220796
1746383573,2000,POST,POST /pastes,99.700000,0.000000,390,460,490,520,590,670,760,780,810,810,810,79972,0,430.0,461.1037264530037,32.33849999924132,9973.895099999936,2857.7815985594957
1746383573,2000,,Aggregated,1114.500000,0.000000,390,460,500,530,600,710,770,800,820,830,960,880819,13,430.0,454.3364435419828,26.804099999935715,9982.970299999579,2905.441886471568
1746383574,2000,GET,GET /pastes/:slug,1061.700000,0.000000,410,470,530,560,660,710,770,800,820,830,960,801794,13,430.0,453.7823036600639,26.804099999935715,9982.970299999579,2910.2662254893403
1746383574,2000,POST,POST /pastes,103.300000,0.000000,400,470,520,560,630,700,750,780,810,810,810,80075,0,430.0,461.22537144551563,32.33849999924132,9973.895099999936,2857.827911333125
1746383574,2000,,Aggregated,1165.000000,0.000000,410,470,530,560,660,710,770,800,820,830,960,881869,13,430.0,454.4581451432199,26.804099999935715,9982.970299999579,2905.5047495716485
1746383575,2000,GET,GET /pastes/:slug,1079.300000,0.000000,400,450,500,530,590,630,680,700,720,730,960,803143,13,430.0,453.7917178442916,26.804099999935715,9982.970299999579,2910.3149488945305
1746383575,2000,POST,POST /pastes,107.400000,0.000000,400,460,500,530,590,620,680,700,710,720,720,80212,0,430.0,461.2266632947646,32.33849999924132,9973.895099999936,2857.776367625792
1746383575,2000,,Aggregated,1186.700000,0.000000,400,460,500,530,590,630,680,700,720,730,960,883355,13,430.0,454.46683922183826,26.804099999935715,9982.970299999579,2905.544245518506
1746383576,2000,GET,GET /pastes/:slug,1038.900000,0.000000,390,450,490,530,590,630,690,700,720,730,960,804188,13,430.0,453.46403572860834,26.804099999935715,9982.970299999579,2910.245269762792
1746383576,2000,POST,POST /pastes,103.200000,0.000000,390,450,500,530,590,630,680,700,710,720,720,80318,0,430.0,460.87835244029526,32.33849999924132,9973.895099999936,2857.788067431958
1746383576,2000,,Aggregated,1142.100000,0.000000,390,450,490,530,590,630,690,700,720,730,960,884506,13,430.0,454.13729638443016,26.804099999935715,9982.970299999579,2905.481867844876
1746383577,2000,GET,GET /pastes/:slug,1085.200000,0.000000,410,480,530,560,600,640,690,710,790,960,960,805025,13,430.0,453.53400942867296,26.804099999935715,9982.970299999579,2910.3111356790164
1746383577,2000,POST,POST /pastes,108.000000,0.000000,410,480,530,560,610,640,690,710,790,790,790,80403,0,430.0,460.9459834819551,32.33849999924132,9973.895099999936,2857.497108316854
1746383577,2000,,Aggregated,1193.200000,0.000000,410,480,530,560,600,640,690,710,790,790,960,885428,13,430.0,454.20706805093835,26.804099999935715,9982.970299999579,2905.515255898842
1746383578,2000,GET,GET /pastes/:slug,1092.100000,0.000000,410,490,540,570,650,700,780,800,840,850,850,806596,13,430.0,453.62189455007933,26.804099999935715,9982.970299999579,2910.30116811886
1746383578,2000,POST,POST /pastes,110.200000,0.000000,400,490,540,570,640,700,770,790,840,850,850,80542,0,430.0,461.0203021305609,32.33849999924132,9973.895099999936,2857.4668992575303
1746383578,2000,,Aggregated,1202.300000,0.000000,410,490,540,570,650,700,780,800,840,850,850,887138,13,430.0,454.2935854745314,26.804099999935715,9982.970299999579,2905.504419830962
1746383579,2000,GET,GET /pastes/:slug,1035.200000,0.000000,400,480,540,570,650,710,780,800,840,850,850,807583,13,430.0,453.2854738960766,26.804099999935715,9982.970299999579,2910.3620779535972
1746383579,2000,POST,POST /pastes,105.500000,0.000000,400,490,540,570,640,700,770,790,840,850,850,80639,0,430.0,460.67375943525656,32.33849999924132,9973.895099999936,2857.319932042808
1746383579,2000,,Aggregated,1140.700000,0.000000,400,480,540,570,650,700,780,800,840,850,850,888222,13,430.0,453.95623408619053,26.804099999935715,9982.970299999579,2905.5465412926046
1746383580,2000,GET,GET /pastes/:slug,1060.700000,0.000000,420,490,560,600,670,710,780,800,840,850,850,808534,13,430.0,453.3658850716437,26.804099999935715,9982.970299999579,2910.2968063185963
1746383580,2000,POST,POST /pastes,105.600000,0.000000,420,500,560,590,670,710,770,790,840,850,850,80751,0,430.0,460.74911317506485,32.33849999924132,9973.895099999936,2857.5573677106167
1746383580,2000,,Aggregated,1166.300000,0.000000,420,500,560,600,670,710,780,800,840,850,850,889285,13,430.0,454.03631474556,26.804099999935715,9982.970299999579,2905.5078326970543
1746383581,2000,GET,GET /pastes/:slug,1074.000000,0.000000,430,500,560,600,670,710,780,800,840,850,850,809754,13,430.0,453.45594383864255,26.804099999935715,9982.970299999579,2910.3896504370464
1746383581,2000,POST,POST /pastes,107.100000,0.000000,430,500,560,590,670,710,770,790,840,850,850,80878,0,430.0,460.8374277294155,32.33849999924132,9973.895099999936,2857.589542273548
1746383581,2000,,Aggregated,1181.100000,0.000000,430,500,560,600,670,710,780,800,840,850,850,890632,13,430.0,454.1262539713429,26.804099999935715,9982.970299999579,2905.594889920865
1746383582,2000,GET,GET /pastes/:slug,1050.600000,0.000000,410,500,560,600,670,710,780,800,840,850,850,810975,13,430.0,453.1791530169443,26.804099999935715,9982.970299999579,2910.36759086285
1746383582,2000,POST,POST /pastes,106.800000,0.000000,410,500,560,600,670,710,770,790,840,850,850,80994,0,430.0,460.5565899992548,32.33849999924132,9973.895099999936,2857.4390448675213
1746383582,2000,,Aggregated,1157.400000,0.000000,410,500,560,600,670,710,780,800,840,850,850,891969,13,430.0,453.84905088439746,26.804099999935715,9982.970299999579,2905.561488123466
1746383583,2000,GET,GET /pastes/:slug,1072.500000,0.000000,430,510,580,600,660,710,780,800,840,850,850,811909,13,430.0,453.18349944675657,26.804099999935715,9982.970299999579,2910.354795919247
1746383583,2000,POST,POST /pastes,110.700000,0.000000,430,510,570,600,670,710,770,790,840,850,850,81084,0,430.0,460.5246033101429,32.33849999924132,9973.895099999936,2857.5464456612895
1746383583,2000,,Aggregated,1183.200000,0.000000,430,510,570,600,660,710,780,800,840,850,850,892993,13,430.0,453.8500736143571,26.804099999935715,9982.970299999579,2905.5597837832997
1746383584,2000,GET,GET /pastes/:slug,1077.900000,0.000000,430,510,590,620,680,740,780,800,840,850,850,813116,13,430.0,453.4385543617594,26.804099999935715,9982.970299999579,2910.403570954206
1746383584,2000,POST,POST /pastes,110.900000,0.000000,420,500,580,620,680,730,770,790,840,850,850,81196,0,430.0,460.74512895955013,32.33849999924132,9973.895099999936,2857.3139070890193
1746383584,2000,,Aggregated,1188.800000,0.000000,430,510,590,620,680,740,780,800,840,850,850,894312,13,430.0,454.1019298180112,26.804099999935715,9982.970299999579,2905.583476460117
1746383585,2000,GET,GET /pastes/:slug,1075.100000,0.000000,450,510,590,620,690,740,780,800,840,850,850,813948,13,430.0,453.3695247074951,26.804099999935715,9982.970299999579,2910.4082201811416
1746383585,2000,POST,POST /pastes,108.500000,0.000000,450,500,590,620,690,730,780,790,840,850,850,81281,0,430.0,460.6595323310446,32.33849999924132,9973.895099999936,2857.196601911886
1746383585,2000,,Aggregated,1183.600000,0.000000,450,510,590,620,690,740,780,800,840,850,850,895229,13,430.0,454.03141022465195,26.804099999935715,9982.970299999579,2905.5769495849663
1746383586,2000,GET,GET /pastes/:slug,1072.500000,0.000000,480,560,620,640,700,740,780,800,840,850,850,815086,13,430.0,453.56561183901704,26.804099999935715,9982.970299999579,2910.358363411959
1746383586,2000,POST,POST /pastes,106.900000,0.000000,480,530,610,630,700,740,780,790,840,850,850,81409,0,430.0,460.8437734722159,32.33849999924132,9973.895099999936,2857.0349715633406
1746383586,2000,,Aggregated,1179.400000,0.000000,480,550,620,640,700,740,780,800,840,850,850,896495,13,430.0,454.2265278066309,26.804099999935715,9982.970299999579,2905.5161679652424
1746383587,2000,GET,GET /pastes/:slug,1086.300000,0.000000,440,500,540,590,670,700,740,750,790,800,810,816429,13,430.0,453.3727297086664,26.804099999935715,9982.970299999579,2910.4205534100333
1746383587,2000,POST,POST /pastes,107.200000,0.000000,450,490,530,580,670,710,740,750,780,780,780,81532,0,430.0,460.6857981246577,32.33849999924132,9973.895099999936,2857.0140558308394
1746383587,2000,,Aggregated,1193.500000,0.000000,440,500,540,590,670,700,740,750,790,800,810,897961,13,430.0,454.0367330385229,26.804099999935715,9982.970299999579,2905.571413457823
1746383589,2000,GET,GET /pastes/:slug,1031.100000,0.000000,460,510,570,610,680,710,740,760,790,810,810,817333,13,430.0,453.1326913496901,26.804099999935715,9982.970299999579,2910.482827684677
1746383589,2000,POST,POST /pastes,102.400000,0.000000,460,510,540,600,680,710,740,750,780,780,780,81624,0,430.0,460.43513472017526,32.33849999924132,9973.895099999936,2856.8870307752622
1746383589,2000,,Aggregated,1133.500000,0.000000,460,510,570,610,680,710,740,760,790,800,810,898957,13,430.0,453.79574268324785,26.804099999935715,9982.970299999579,2905.616406568946
1746383590,2000,GET,GET /pastes/:slug,1068.500000,0.000000,460,510,560,600,670,710,740,760,790,810,810,818492,13,430.0,453.28046414627875,26.804099999935715,9982.970299999579,2910.5615106806176
1746383590,2000,POST,POST /pastes,106.600000,0.000000,460,510,540,580,660,710,740,750,780,780,780,81726,0,430.0,460.5504059332354,32.33849999924132,9973.895099999936,2857.232826762597
1746383590,2000,,Aggregated,1175.100000,0.000000,460,510,560,600,670,710,740,750,790,800,810,900218,13,430.0,453.9404634602998,26.804099999935715,9982.970299999579,2905.7200833575866
1746383591,2000,GET,GET /pastes/:slug,1030.300000,0.000000,440,510,570,600,670,710,740,750,790,810,810,819859,13,430.0,453.0427387202147,26.804099999935715,9982.970299999579,2910.6119918181053
1746383591,2000,POST,POST /pastes,104.100000,0.000000,440,510,540,590,660,710,740,750,780,780,780,81833,0,430.0,460.3324291386065,32.33849999924132,9973.895099999936,2857.2010313687633
1746383591,2000,,Aggregated,1134.400000,0.000000,440,510,560,600,670,710,740,750,790,800,810,901692,13,430.0,453.7043141095906,26.804099999935715,9982.970299999579,2905.7646835061196
1746383592,2000,GET,GET /pastes/:slug,1061.900000,0.000000,460,510,570,600,670,710,740,760,790,810,810,820892,13,430.0,452.83463437165517,26.804099999935715,9982.970299999579,2910.5969287068215
1746383592,2000,POST,POST /pastes,104.800000,0.000000,450,510,540,590,670,710,740,750,780,780,780,81939,0,430.0,460.1351443927751,32.33849999924132,9973.895099999936,2857.269358913338
1746383592,2000,,Aggregated,1166.700000,0.000000,460,510,560,600,670,710,740,750,790,800,810,902831,13,430.0,453.49721296123556,26.804099999935715,9982.970299999579,2905.7570331545994
1746383593,2000,GET,GET /pastes/:slug,1093.800000,0.000000,450,500,550,580,660,700,740,750,790,800,810,822161,13,430.0,452.85670597135766,26.804099999935715,9982.970299999579,2910.524445941853
1746383593,2000,POST,POST /pastes,104.200000,0.000000,450,500,540,560,660,710,740,750,780,780,780,82057,0,430.0,460.1399962209146,32.33849999924132,9973.895099999936,2857.050842706899
1746383593,2000,,Aggregated,1198.000000,0.000000,450,500,540,580,660,700,740,750,790,800,810,904218,13,430.0,453.51765825056094,26.804099999935715,9982.970299999579,2905.671762782869
1746383594,2000,GET,GET /pastes/:slug,1051.400000,0.000000,400,480,510,540,610,650,680,720,740,780,780,823117,13,430.0,452.6807439789443,26.804099999935715,9982.970299999579,2910.4297104785833
1746383594,2000,POST,POST /pastes,99.600000,0.000000,400,480,510,530,600,650,690,730,750,750,750,82158,0,430.0,459.92710718006265,32.33849999924132,9973.895099999936,2857.1351298717104
1746383594,2000,,Aggregated,1151.000000,0.000000,400,480,510,530,610,650,690,720,740,780,780,905275,13,430.0,453.33838580917967,26.804099999935715,9982.970299999579,2905.5929745105077
1746383595,2000,GET,GET /pastes/:slug,1048.400000,0.000000,400,480,520,540,610,650,680,720,740,780,780,824213,13,430.0,452.67652336667516,26.804099999935715,9982.970299999579,2910.430644748384
1746383595,2000,POST,POST /pastes,98.700000,0.000000,390,480,510,540,600,640,690,730,750,750,750,82282,0,430.0,459.89129378478407,32.33849999924132,9973.895099999936,2857.19096521718
1746383595,2000,,Aggregated,1147.100000,0.000000,400,480,520,540,610,650,680,720,740,780,780,906495,13,430.0,453.331403690926,26.804099999935715,9982.970299999579,2905.598111407123
1746383596,2000,GET,GET /pastes/:slug,1077.400000,0.000000,370,440,480,500,570,610,630,650,670,670,670,825438,13,430.0,452.5363096901505,26.804099999935715,9982.970299999579,2910.4583178869884
1746383596,2000,POST,POST /pastes,104.600000,0.000000,360,430,470,500,560,600,620,630,670,670,670,82415,0,430.0,459.73409069343637,32.33849999924132,9973.895099999936,2857.555930352484
1746383596,2000,,Aggregated,1182.000000,0.000000,370,440,480,500,570,610,630,650,670,670,670,907853,13,430.0,453.18972507939844,26.804099999935715,9982.970299999579,2905.655833047861
1746383597,2000,GET,GET /pastes/:slug,1047.600000,0.000000,380,440,490,510,570,610,630,650,670,670,670,826454,13,430.0,452.4603808073026,26.804099999935715,9982.970299999579,2910.5081734736596
1746383597,2000,POST,POST /pastes,101.800000,0.000000,370,430,480,500,560,600,620,630,670,670,670,82523,0,430.0,459.6379737564018,32.33849999924132,9973.895099999936,2857.5426002447803
1746383597,2000,,Aggregated,1149.400000,0.000000,370,440,490,510,570,610,630,650,670,670,670,908977,13,430.0,453.11201060973696,26.804099999935715,9982.970299999579,2905.6996051605265
1746383598,2000,GET,GET /pastes/:slug,1096.500000,0.000000,410,480,510,540,600,620,640,660,670,680,680,827596,13,430.0,452.5584728407572,26.804099999935715,9982.970299999579,2910.5062228430297
1746383598,2000,POST,POST /pastes,108.200000,0.000000,400,460,500,520,590,620,640,650,670,670,670,82646,0,430.0,459.71725257120175,32.33849999924132,9973.895099999936,2857.92486024732
1746383598,2000,,Aggregated,1204.700000,0.000000,400,470,510,530,600,620,640,660,670,680,680,910242,13,430.0,453.2084587890994,26.804099999935715,9982.970299999579,2905.7320646597277
1746383599,2000,GET,GET /pastes/:slug,1079.300000,0.000000,380,430,470,500,560,600,630,640,670,680,680,828808,13,430.0,452.34553216464894,26.804099999935715,9982.970299999579,2910.4274681228944
1746383599,2000,POST,POST /pastes,104.700000,0.000000,370,420,470,490,550,600,620,640,670,670,670,82774,0,430.0,459.47909765505557,32.33849999924132,9973.895099999936,2858.133991349941
1746383599,2000,,Aggregated,1184.000000,0.000000,380,430,470,500,560,600,630,640,670,680,680,911582,13,430.0,452.99327833547244,26.804099999935715,9982.970299999579,2905.6790853702682
1746383600,2000,GET,GET /pastes/:slug,1047.000000,0.000000,390,440,470,490,550,600,630,640,670,680,680,829580,13,430.0,452.2933729480209,26.804099999935715,9982.970299999579,2910.4065503025627
1746383600,2000,POST,POST /pastes,103.800000,0.000000,380,430,460,490,550,600,620,640,670,670,670,82855,0,430.0,459.41520716311146,32.33849999924132,9973.895099999936,2858.156405769115
1746383600,2000,,Aggregated,1150.800000,0.000000,390,430,470,490,550,600,620,640,670,680,680,912435,13,430.0,452.94008156165347,26.804099999935715,9982.970299999579,2905.661899203779
1746383601,2000,GET,GET /pastes/:slug,1091.400000,0.000000,400,450,490,500,570,600,620,640,670,680,680,830890,13,430.0,452.2692999636761,26.804099999935715,9982.970299999579,2910.3273646331045
1746383601,2000,POST,POST /pastes,108.600000,0.000000,400,440,490,510,560,600,620,640,670,670,670,82986,0,430.0,459.3962408791798,32.33849999924132,9973.895099999936,2858.105427421493
1746383601,2000,,Aggregated,1200.000000,0.000000,400,450,490,500,560,600,620,640,670,680,680,913876,13,430.0,452.91647345198567,26.804099999935715,9982.970299999579,2905.5852664912964
1746383602,2000,GET,GET /pastes/:slug,1068.900000,0.000000,380,430,470,500,560,590,620,640,670,680,680,831868,13,430.0,452.1220344682324,26.804099999935715,9982.970299999579,2910.3397498160766
1746383602,2000,POST,POST /pastes,108.000000,0.000000,380,420,470,500,550,590,620,640,670,670,670,83089,0,430.0,459.2397676503461,32.33849999924132,9973.895099999936,2858.2161296922577
1746383602,2000,,Aggregated,1176.900000,0.000000,380,430,470,500,560,590,620,640,670,680,680,914957,13,430.0,452.7684094698525,26.804099999935715,9982.970299999579,2905.6063039028063
1746383603,2000,GET,GET /pastes/:slug,1051.700000,0.000000,410,450,490,510,560,590,620,640,670,680,680,833046,13,430.0,452.18492826665,26.804099999935715,9982.970299999579,2910.253330548373
1746383603,2000,POST,POST /pastes,110.800000,0.000000,410,450,490,510,560,590,620,640,670,670,670,83204,0,430.0,459.29736461107217,32.33849999924132,9973.895099999936,2858.6057881832603
1746383603,2000,,Aggregated,1162.500000,0.000000,410,450,490,510,560,590,620,640,670,680,680,916250,13,430.0,452.8308034683852,26.804099999935715,9982.970299999579,2905.5632545702592
1746383604,2000,GET,GET /pastes/:slug,1083.700000,0.000000,400,450,480,500,560,590,620,640,670,680,680,834148,13,430.0,452.06222534061,26.804099999935715,9982.970299999579,2910.2235838244533
1746383604,2000,POST,POST /pastes,113.700000,0.000000,410,450,490,510,560,590,620,640,670,670,670,83308,0,430.0,459.17971802827725,32.33849999924132,9973.895099999936,2858.7978345417005
1746383604,2000,,Aggregated,1197.400000,0.000000,400,450,490,500,560,590,620,640,670,680,680,917456,13,430.0,452.7085169129715,26.804099999935715,9982.970299999579,2905.5539579009783
1746383605,2000,GET,GET /pastes/:slug,1075.500000,0.000000,400,450,490,520,560,590,620,640,670,680,680,835179,13,430.0,452.07171169763507,26.804099999935715,9982.970299999579,2910.1955461044877
1746383605,2000,POST,POST /pastes,114.800000,0.000000,400,450,500,520,560,590,620,640,670,670,670,83403,0,430.0,459.1855685706709,32.33849999924132,9973.895099999936,2858.829214776447
1746383605,2000,,Aggregated,1190.300000,0.000000,400,450,490,520,560,590,620,640,670,680,680,918582,13,430.0,452.71761702211376,26.804099999935715,9982.970299999579,2905.5317206302757
1746383606,2000,GET,GET /pastes/:slug,1085.300000,0.000000,410,450,500,520,560,590,620,640,670,680,680,836403,13,430.0,452.04420008419305,26.804099999935715,9982.970299999579,2910.1529095424094
1746383606,2000,POST,POST /pastes,112.400000,0.000000,410,460,500,520,560,590,620,640,670,670,670,83515,0,430.0,459.13068499670317,32.33849999924132,9973.895099999936,2858.721056097707
1746383606,2000,,Aggregated,1197.700000,0.000000,410,450,500,520,560,590,620,640,670,680,680,919918,13,430.0,452.6875484994395,26.804099999935715,9982.970299999579,2905.483655064908
1746383607,2000,GET,GET /pastes/:slug,1084.700000,0.000000,400,440,480,500,550,570,590,620,670,680,680,837569,13,430.0,451.8287719458568,26.804099999935715,9982.970299999579,2910.163978131951
1746383607,2000,POST,POST /pastes,111.800000,0.000000,400,440,480,510,550,570,590,620,670,670,670,83630,0,430.0,458.91657422814365,32.33849999924132,9973.895099999936,2858.7634461317707
1746383607,2000,,Aggregated,1196.500000,0.000000,400,440,480,500,550,570,590,620,670,680,680,921199,13,430.0,452.4722299878826,26.804099999935715,9982.970299999579,2905.4976394894047
1746383608,2000,GET,GET /pastes/:slug,1073.800000,0.000000,390,440,470,490,550,560,580,590,610,630,630,838669,13,430.0,451.75069930678137,26.804099999935715,9982.970299999579,2910.2169974089898
1746383608,2000,POST,POST /pastes,107.500000,0.000000,390,440,480,500,540,560,580,590,610,610,610,83728,0,430.0,458.85163518894103,32.33849999924132,9973.895099999936,2858.8359449646473
1746383608,2000,,Aggregated,1181.300000,0.000000,390,440,470,490,550,560,580,590,610,630,630,922397,13,430.0,452.3952668406415,26.804099999935715,9982.970299999579,2905.5530265167818
1746383609,2000,GET,GET /pastes/:slug,1090.100000,0.000000,410,450,490,510,550,560,580,590,610,630,630,839733,13,430.0,451.7649607897028,26.804099999935715,9982.970299999579,2910.1844955479896
1746383609,2000,POST,POST /pastes,109.300000,0.000000,410,460,490,510,550,570,580,590,610,610,610,83824,0,430.0,458.8656091417693,32.33849999924132,9973.895099999936,2858.7561199656425
1746383609,2000,,Aggregated,1199.400000,0.000000,410,450,490,510,550,560,580,590,610,630,630,923557,13,430.0,452.40943075468834,26.804099999935715,9982.970299999579,2905.5167466653384
1746383610,2000,GET,GET /pastes/:slug,1090.300000,0.000000,410,450,480,500,550,570,590,610,650,660,660,840857,13,430.0,451.804733756537,26.804099999935715,9982.970299999579,2910.2407079919653
1746383610,2000,POST,POST /pastes,108.100000,0.000000,400,460,490,510,550,570,590,610,650,650,650,83952,0,430.0,458.8987710763255,32.33849999924132,9973.895099999936,2858.849604535925
1746383610,2000,,Aggregated,1198.400000,0.000000,410,450,480,510,550,570,590,610,650,660,660,924809,13,430.0,452.4487138876338,26.804099999935715,9982.970299999579,2905.575543706863
1746383611,2000,GET,GET /pastes/:slug,1063.600000,0.000000,410,450,490,510,550,570,590,610,650,660,660,842133,13,430.0,451.6344869126615,26.804099999935715,9982.970299999579,2910.223955123478
1746383611,2000,POST,POST /pastes,103.800000,0.000000,410,460,490,510,550,570,590,610,650,650,650,84072,0,430.0,458.73966990912163,32.33849999924132,9973.895099999936,2858.754044152631
1746383611,2000,,Aggregated,1167.400000,0.000000,410,460,490,510,550,570,590,610,650,660,660,926205,13,430.0,452.2794272281069,26.804099999935715,9982.970299999579,2905.552010623998
1746383612,2000,GET,GET /pastes/:slug,1074.700000,0.000000,400,440,480,500,550,570,600,610,650,660,660,842836,13,430.0,451.56446444031855,26.804099999935715,9982.970299999579,2910.251918522702
1746383612,2000,POST,POST /pastes,103.500000,0.000000,400,450,480,510,550,570,590,610,650,650,650,84138,0,430.0,458.6756742910418,32.33849999924132,9973.895099999936,2858.8552972497564
1746383612,2000,,Aggregated,1178.200000,0.000000,400,440,480,500,550,570,600,610,650,660,660,926974,13,430.0,452.2099226456285,26.804099999935715,9982.970299999579,2905.586837387025
1746383613,2000,GET,GET /pastes/:slug,1064.200000,0.000000,410,470,510,530,580,650,690,710,750,760,760,843969,13,430.0,451.78540920131053,26.804099999935715,9982.970299999579,2910.285984437817
1746383613,2000,POST,POST /pastes,102.500000,0.000000,410,470,520,540,590,670,710,740,750,750,750,84262,0,430.0,458.92096828581896,32.33849999924132,9973.895099999936,2858.574481972894
1746383613,2000,,Aggregated,1166.700000,0.000000,410,470,510,530,580,650,690,720,750,760,760,928231,13,430.0,452.4331536523875,26.804099999935715,9982.970299999579,2905.5917707984327
1746383614,2000,GET,GET /pastes/:slug,1068.700000,0.000000,420,480,520,540,610,670,690,710,750,760,760,845134,13,430.0,451.76118562017524,26.804099999935715,9982.970299999579,2910.3335329072074
1746383614,2000,POST,POST /pastes,102.800000,0.000000,420,490,530,550,620,670,710,740,750,750,750,84381,0,430.0,458.88120830518375,32.33849999924132,9973.895099999936,2858.7431412284755
1746383614,2000,,Aggregated,1171.500000,0.000000,420,480,520,540,610,670,690,710,750,760,760,929515,13,430.0,452.40753843231107,26.804099999935715,9982.970299999579,2905.6501777808858
1746383616,2000,GET,GET /pastes/:slug,1040.400000,0.000000,410,480,520,550,630,670,690,720,750,760,760,846116,13,430.0,451.70928064901545,26.804099999935715,9982.970299999579,2910.3397560145418
1746383616,2000,POST,POST /pastes,100.700000,0.000000,410,480,530,560,640,680,720,740,750,750,750,84481,0,430.0,458.7930593790287,32.33849999924132,9973.895099999936,2858.684402410009
1746383616,2000,,Aggregated,1141.100000,0.000000,410,480,520,550,630,670,690,730,750,760,760,930597,13,430.0,452.35235677206214,26.804099999935715,9982.970299999579,2905.6504050625567
1746383617,2000,GET,GET /pastes/:slug,1040.400000,0.000000,450,530,570,610,670,700,740,750,770,780,780,847068,13,430.0,451.93988620432174,26.804099999935715,9982.970299999579,2910.2890287438554
1746383617,2000,POST,POST /pastes,100.700000,0.000000,460,530,580,610,680,720,740,750,780,780,780,84568,0,430.0,459.00058394900776,32.33849999924132,9973.895099999936,2858.753358244253
1746383617,2000,,Aggregated,1141.100000,0.000000,450,530,570,610,670,700,740,750,770,780,780,931636,13,430.0,452.5808115086911,26.804099999935715,9982.970299999579,2905.6109478379967
1746383618,2000,GET,GET /pastes/:slug,1029.400000,0.000000,460,540,580,620,680,710,740,750,780,800,800,848262,13,430.0,451.9857391835567,26.804099999935715,9982.970299999579,2910.3123409984178
1746383618,2000,POST,POST /pastes,102.500000,0.000000,460,540,580,610,680,720,750,750,780,780,780,84694,0,430.0,459.0184722483254,32.33849999924132,9973.895099999936,2859.041585000118
1746383618,2000,,Aggregated,1131.900000,0.000000,460,540,580,620,680,710,740,750,780,800,800,932956,13,430.0,452.6241726082588,26.804099999935715,9982.970299999579,2905.6579677926934
1746383619,2000,GET,GET /pastes/:slug,1015.100000,0.000000,460,550,610,640,690,730,770,800,840,840,840,848970,13,430.0,452.06291741772054,26.804099999935715,9982.970299999579,2910.3833833939952
1746383619,2000,POST,POST /pastes,100.300000,0.000000,460,540,590,630,690,730,750,760,840,840,840,84755,0,430.0,459.0600569736264,32.33849999924132,9973.895099999936,2859.117939944546
1746383619,2000,,Aggregated,1115.400000,0.000000,460,550,610,640,690,730,760,800,840,840,840,933725,13,430.0,452.69805363346904,26.804099999935715,9982.970299999579,2905.729976170714
1746383620,2000,GET,GET /pastes/:slug,1042.500000,0.000000,490,610,670,690,800,1000,1100,1100,1200,1200,1200,849809,13,430.0,452.60383640550197,26.804099999935715,9982.970299999579,2910.3988437401817
1746383620,2000,POST,POST /pastes,104.000000,0.000000,480,590,670,700,830,1100,1100,1100,1200,1200,1200,84850,0,430.0,459.6396779127835,32.33849999924132,9973.895099999936,2859.17027695934
1746383620,2000,,Aggregated,1146.500000,0.000000,490,610,670,690,800,1000,1100,1100,1200,1200,1200,934659,13,430.0,453.24256256325776,26.804099999935715,9982.970299999579,2905.7482236837177
1746383621,2000,GET,GET /pastes/:slug,996.500000,0.000000,530,650,690,730,910,1100,1100,1100,1200,1200,1200,851267,13,430.0,452.7642150992853,26.804099999935715,9982.970299999579,2910.3398381471384
1746383621,2000,POST,POST /pastes,100.000000,0.000000,520,650,700,740,930,1100,1100,1100,1200,1200,1200,84990,0,430.0,459.8146598282111,32.33849999924132,9973.895099999936,2859.3520767149075
1746383621,2000,,Aggregated,1096.500000,0.000000,520,650,690,730,910,1100,1100,1100,1200,1200,1200,936257,13,430.0,453.40422878943735,26.804099999935715,9982.970299999579,2905.711354895077
1746383622,2000,GET,GET /pastes/:slug,965.100000,0.000000,530,650,690,730,920,1100,1100,1100,1200,1200,1200,851909,13,430.0,452.68645300909327,26.804099999935715,9982.970299999579,2910.366437025551
1746383622,2000,POST,POST /pastes,98.400000,0.000000,520,650,700,740,940,1100,1100,1100,1200,1200,1200,85046,0,430.0,459.7302496154982,32.33849999924132,9973.895099999936,2859.277449850669
1746383622,2000,,Aggregated,1063.500000,0.000000,530,650,690,730,920,1100,1100,1100,1200,1200,1200,936955,13,430.0,453.32580786197053,26.804099999935715,9982.970299999579,2905.729166288669
1746383623,2000,GET,GET /pastes/:slug,1017.000000,0.000000,570,680,730,760,900,1100,1100,1100,1200,1200,1200,853270,13,430.0,453.08723340410813,26.804099999935715,9982.970299999579,2910.338252839078
1746383623,2000,POST,POST /pastes,101.600000,0.000000,560,670,730,760,960,1100,1100,1100,1200,1200,1200,85167,0,430.0,460.0619819613189,32.33849999924132,9973.895099999936,2859.1951342656193
1746383623,2000,,Aggregated,1118.600000,0.000000,570,680,730,760,910,1100,1100,1100,1200,1200,1200,938437,13,430.0,453.7202203924316,26.804099999935715,9982.970299999579,2905.6968054328636
1746383624,2000,GET,GET /pastes/:slug,962.500000,0.000000,560,670,730,760,910,1100,1100,1100,1200,1200,1200,854330,13,430.0,452.7920159298194,26.804099999935715,9982.970299999579,2910.3099610220875
1746383624,2000,POST,POST /pastes,96.500000,0.000000,510,670,730,760,960,1100,1100,1100,1200,1200,1200,85275,0,430.0,459.77518355203307,32.33849999924132,9973.895099999936,2859.126813251246
1746383624,2000,,Aggregated,1059.000000,0.000000,560,670,730,760,910,1100,1100,1100,1200,1200,1200,939605,13,430.0,453.4257818409986,26.804099999935715,9982.970299999579,2905.6647718988297
1746383625,2000,GET,GET /pastes/:slug,989.300000,0.000000,580,710,760,790,910,1100,1100,1100,1200,1200,1200,855223,13,430.0,452.943823723313,26.804099999935715,9982.970299999579,2910.322594223963
1746383625,2000,POST,POST /pastes,99.100000,0.000000,570,710,760,790,960,1100,1100,1100,1200,1200,1200,85374,0,430.0,459.92993817555276,32.33849999924132,9973.895099999936,2859.1410733947105
1746383625,2000,,Aggregated,1088.400000,0.000000,580,710,760,790,910,1100,1100,1100,1200,1200,1200,940597,13,430.0,453.5779236994291,26.804099999935715,9982.970299999579,2905.677064672756
1746383626,2000,GET,GET /pastes/:slug,1019.900000,0.000000,590,720,770,800,900,1100,1100,1100,1200,1200,1200,856484,13,430.0,453.2458650104654,26.804099999935715,9982.970299999579,2910.25826051625
1746383626,2000,POST,POST /pastes,99.900000,0.000000,580,710,770,800,930,1100,1100,1100,1200,1200,1200,85503,0,430.0,460.23239280492646,32.33849999924132,9973.895099999936,2859.1796428195503
1746383626,2000,,Aggregated,1119.800000,0.000000,590,720,770,800,900,1100,1100,1100,1200,1200,1200,941987,13,430.0,453.88002353494517,26.804099999935715,9982.970299999579,2905.621917287606
1746383627,2000,GET,GET /pastes/:slug,960.000000,0.000000,580,720,770,800,900,1100,1100,1100,1200,1200,1200,857539,13,430.0,453.00757708783317,26.804099999935715,9982.970299999579,2910.2973683995715
1746383627,2000,POST,POST /pastes,94.500000,0.000000,570,710,770,800,930,1100,1100,1100,1200,1200,1200,85618,0,430.0,459.9705706486913,32.33849999924132,9973.895099999936,2859.091476091476
1746383627,2000,,Aggregated,1054.500000,0.000000,580,720,770,800,900,1100,1100,1100,1200,1200,1200,943157,13,430.0,453.6396644101803,26.804099999935715,9982.970299999579,2905.6489948121043
1746383628,2000,GET,GET /pastes/:slug,971.000000,0.000000,540,690,770,800,900,1100,1100,1100,1200,1200,1200,858543,13,430.0,453.00350415485747,26.804099999935715,9982.970299999579,2910.3641227055605
1746383628,2000,POST,POST /pastes,95.100000,0.000000,530,690,770,800,920,1100,1100,1100,1200,1200,1200,85703,0,430.0,459.95390446075027,32.33849999924132,9973.895099999936,2859.2051503447956
1746383628,2000,,Aggregated,1066.100000,0.000000,540,690,770,800,900,1100,1100,1100,1200,1200,1200,944246,13,430.0,453.63434628435033,26.804099999935715,9982.970299999579,2905.720759208935
1746383629,2000,GET,GET /pastes/:slug,1005.200000,0.000000,530,650,730,760,810,1000,1100,1100,1100,1200,1200,859517,13,430.0,453.2246019164524,26.804099999935715,9982.970299999579,2910.3837213225565
1746383629,2000,POST,POST /pastes,99.800000,0.000000,530,650,720,750,810,1000,1100,1100,1200,1200,1200,85812,0,430.0,460.17770569966535,32.33849999924132,9973.895099999936,2859.286463431688
1746383629,2000,,Aggregated,1105.000000,0.000000,530,650,730,760,810,1000,1100,1100,1100,1200,1200,945329,13,430.0,453.85576814729274,26.804099999935715,9982.970299999579,2905.7453807087268
1746383630,2000,GET,GET /pastes/:slug,980.400000,0.000000,510,600,690,730,770,800,820,840,890,900,900,860616,13,430.0,453.25641493758354,26.804099999935715,9982.970299999579,2910.3630132370304
1746383630,2000,POST,POST /pastes,97.800000,0.000000,490,600,660,710,760,800,820,840,880,880,880,85929,0,430.0,460.19730446880243,32.33849999924132,9973.895099999936,2859.254675371528
1746383630,2000,,Aggregated,1078.200000,0.000000,510,600,680,720,770,800,820,840,890,890,900,946545,13,430.0,453.88652095105056,26.804099999935715,9982.970299999579,2905.723309509849
1746383631,2000,GET,GET /pastes/:slug,1008.800000,0.000000,500,590,660,720,770,800,820,840,890,900,900,861671,13,430.0,453.2326213712935,26.804099999935715,9982.970299999579,2910.456193837323
1746383631,2000,POST,POST /pastes,100.200000,0.000000,490,590,650,710,760,800,820,840,880,880,880,86042,0,430.0,460.16292993305285,32.33849999924132,9973.895099999936,2859.161990655726
1746383631,2000,,Aggregated,1109.000000,0.000000,500,590,660,720,770,800,820,840,890,890,900,947713,13,430.0,453.8618177727988,26.804099999935715,9982.970299999579,2905.7992398542597
1746383632,2000,GET,GET /pastes/:slug,1042.300000,0.000000,480,560,620,650,760,790,820,840,890,900,900,862711,13,430.0,453.3218560853212,26.804099999935715,9982.970299999579,2910.426879916913
1746383632,2000,POST,POST /pastes,104.000000,0.000000,480,550,630,650,750,790,820,840,880,880,880,86142,0,430.0,460.25179319031076,32.33849999924132,9973.895099999936,2859.252455248311
1746383632,2000,,Aggregated,1146.300000,0.000000,480,560,620,650,760,790,820,840,890,890,900,948853,13,430.0,453.9509932035965,26.804099999935715,9982.970299999579,2905.780989257556
1746383633,2000,GET,GET /pastes/:slug,983.900000,0.000000,480,540,600,630,760,790,820,840,890,900,900,863767,13,430.0,453.3175113147683,26.804099999935715,9982.970299999579,2910.3896039093875
1746383633,2000,POST,POST /pastes,99.000000,0.000000,480,540,600,640,750,790,820,840,880,880,880,86251,0,430.0,460.2364722751012,32.33849999924132,9973.895099999936,2859.213087384494
1746383633,2000,,Aggregated,1082.900000,0.000000,480,540,600,630,760,790,820,840,890,890,900,950018,13,430.0,453.94567551984477,26.804099999935715,9982.970299999579,2905.743349073386
1746383634,2000,GET,GET /pastes/:slug,1016.100000,0.000000,480,540,590,630,750,790,820,830,890,890,900,864853,13,430.0,453.30427700582914,26.804099999935715,9982.970299999579,2910.36557195269
1746383634,2000,POST,POST /pastes,102.200000,0.000000,480,540,590,630,740,790,810,840,880,880,880,86384,0,430.0,460.20872919406094,32.33849999924132,9973.895099999936,2859.260615391739
1746383634,2000,,Aggregated,1118.300000,0.000000,480,540,590,630,750,790,820,830,890,890,900,951237,13,430.0,453.9312860454449,26.804099999935715,9982.970299999579,2905.724614370551
1746383635,2000,GET,GET /pastes/:slug,1027.300000,0.000000,450,520,540,560,650,730,780,800,890,890,900,865999,13,430.0,453.28186546753705,26.804099999935715,9982.970299999579,2910.3467602156584
1746383635,2000,POST,POST /pastes,104.100000,0.000000,450,520,540,560,650,730,760,800,880,880,880,86493,0,430.0,460.18769385036666,32.33849999924132,9973.895099999936,2859.340212502746
1746383635,2000,,Aggregated,1131.400000,0.000000,450,520,540,560,650,730,780,800,890,890,900,952492,13,430.0,453.9089634529319,26.804099999935715,9982.970299999579,2905.715005480361
1746383636,2000,GET,GET /pastes/:slug,980.500000,0.000000,440,500,530,540,600,690,740,760,790,790,800,867124,13,430.0,453.15039435215914,26.804099999935715,9982.970299999579,2910.3631683588505
1746383636,2000,POST,POST /pastes,102.400000,0.000000,440,500,530,540,600,660,730,750,770,790,790,86597,0,430.0,460.0590446250998,32.33849999924132,9973.895099999936,2859.3899442243955
1746383636,2000,,Aggregated,1082.900000,0.000000,440,500,530,540,600,690,740,760,790,790,800,953721,13,430.0,453.77769351792614,26.804099999935715,9982.970299999579,2905.734845935027
1746383637,2000,GET,GET /pastes/:slug,1033.400000,0.000000,440,510,530,540,600,690,740,760,790,790,800,868094,13,430.0,453.1108443410748,26.804099999935715,9982.970299999579,2910.417226705864
1746383637,2000,POST,POST /pastes,108.300000,0.000000,440,500,530,540,600,660,730,750,770,790,790,86694,0,430.0,460.0085859471214,32.33849999924132,9973.895099999936,2859.289212632939
1746383637,2000,,Aggregated,1141.700000,0.000000,440,510,530,540,600,690,740,760,790,790,800,954788,13,430.0,453.73715385772505,26.804099999935715,9982.970299999579,2905.774843211268
1746383638,2000,GET,GET /pastes/:slug,1052.800000,0.000000,440,490,520,540,580,640,730,760,790,790,800,869272,13,430.0,453.1268184821563,26.804099999935715,9982.970299999579,2910.4700450491905
1746383638,2000,POST,POST /pastes,109.200000,0.000000,440,490,520,540,580,640,730,750,770,790,790,86806,0,430.0,460.0229557219517,32.33849999924132,9973.895099999936,2859.2783448148743
1746383638,2000,,Aggregated,1162.000000,0.000000,440,490,520,540,580,640,730,760,790,790,800,956078,13,430.0,453.7529453140955,26.804099999935715,9982.970299999579,2905.8221536318165
1746383639,2000,GET,GET /pastes/:slug,1026.100000,0.000000,430,460,500,520,550,590,630,650,670,700,800,870377,13,430.0,453.0632017199692,26.804099999935715,9982.970299999579,2910.4099694729985
1746383639,2000,POST,POST /pastes,105.400000,0.000000,430,470,500,520,550,590,640,650,680,690,690,86925,0,430.0,459.9498035513344,32.33849999924132,9973.895099999936,2859.399884958297
1746383639,2000,,Aggregated,1131.500000,0.000000,430,460,500,520,550,590,630,650,670,700,800,957302,13,430.0,453.6885193983824,26.804099999935715,9982.970299999579,2905.7781483795084
1746383640,2000,GET,GET /pastes/:slug,1033.800000,0.000000,420,450,490,510,540,580,630,650,670,700,800,871541,13,430.0,452.8798900439809,26.804099999935715,9982.970299999579,2910.36687660133
1746383640,2000,POST,POST /pastes,104.700000,0.000000,420,450,490,510,540,570,640,650,680,690,690,87056,0,430.0,459.7369521514857,32.33849999924132,9973.895099999936,2859.2662539055323
1746383640,2000,,Aggregated,1138.500000,0.000000,420,450,490,510,540,580,630,650,670,700,800,958597,13,430.0,453.5026213886644,26.804099999935715,9982.970299999579,2905.7261195267665
1746383641,2000,GET,GET /pastes/:slug,1056.900000,0.000000,410,450,490,510,550,590,640,650,700,720,800,872518,13,430.0,452.875119097509,26.804099999935715,9982.970299999579,2910.366758049691
1746383641,2000,POST,POST /pastes,108.100000,0.000000,410,450,490,510,550,580,640,650,680,690,690,87145,0,430.0,459.70092311778933,32.33849999924132,9973.895099999936,2859.2925698548397
1746383641,2000,,Aggregated,1165.000000,0.000000,410,450,490,510,550,590,640,650,700,720,800,959663,13,430.0,453.49495615628473,26.804099999935715,9982.970299999579,2905.7288173035745
1746383642,2000,GET,GET /pastes/:slug,1064.900000,0.000000,410,450,490,510,560,600,640,650,700,720,800,873727,13,430.0,452.9809817003717,26.804099999935715,9982.970299999579,2910.423285534269
1746383642,2000,POST,POST /pastes,110.000000,0.000000,410,450,490,510,550,580,630,650,690,700,700,87271,0,430.0,459.79760286119904,32.33849999924132,9973.895099999936,2859.267270914737
1746383642,2000,,Aggregated,1174.900000,0.000000,410,450,490,510,560,600,640,650,700,720,800,960998,13,430.0,453.600018727832,26.804099999935715,9982.970299999579,2905.7776603073057
1746383643,2000,GET,GET /pastes/:slug,1072.600000,0.000000,400,440,470,500,560,600,640,650,700,720,800,874862,13,430.0,452.75227267959974,26.804099999935715,9982.970299999579,2910.39965846042
1746383643,2000,POST,POST /pastes,110.300000,0.000000,400,440,470,500,550,580,630,650,690,700,700,87396,0,430.0,459.53904117579407,32.33849999924132,9973.895099999936,2859.148290539613
1746383643,2000,,Aggregated,1182.900000,0.000000,400,440,470,500,550,600,640,650,700,720,800,962258,13,430.0,453.36867329095537,26.804099999935715,9982.970299999579,2905.7448106432994
1746383644,2000,GET,GET /pastes/:slug,1078.500000,0.000000,400,450,480,510,560,600,640,650,700,720,800,875613,13,430.0,452.79082068575985,26.804099999935715,9982.970299999579,2910.368303120214
1746383644,2000,POST,POST /pastes,111.200000,0.000000,400,440,480,510,560,590,630,650,690,700,700,87483,0,430.0,459.5650019969562,32.33849999924132,9973.895099999936,2859.090017489112
1746383644,2000,,Aggregated,1189.700000,0.000000,400,450,480,510,560,600,640,650,700,720,800,963096,13,430.0,453.4061546749323,26.804099999935715,9982.970299999579,2905.710430735877
1746383645,2000,GET,GET /pastes/:slug,1081.600000,0.000000,410,470,520,550,630,690,770,800,840,840,840,877183,13,430.0,452.9563404414135,26.804099999935715,9982.970299999579,2910.2504129696995
1746383645,2000,POST,POST /pastes,111.700000,0.000000,400,460,510,540,610,690,780,810,830,830,830,87622,0,430.0,459.69402018899063,32.33849999924132,9973.895099999936,2859.150829700304
1746383645,2000,,Aggregated,1193.300000,0.000000,410,470,520,550,620,690,780,800,840,840,840,964805,13,430.0,453.5682454116725,26.804099999935715,9982.970299999579,2905.6096330346545
1746383646,2000,GET,GET /pastes/:slug,1087.900000,0.000000,400,470,530,550,630,700,780,800,840,840,840,877954,13,430.0,452.74403694045503,26.804099999935715,9982.970299999579,2910.283639006144
1746383646,2000,POST,POST /pastes,111.200000,0.000000,390,460,510,540,620,690,780,810,830,830,830,87705,0,430.0,459.45891334929314,32.33849999924132,9973.895099999936,2858.9966022461663
1746383646,2000,,Aggregated,1199.100000,0.000000,400,470,530,550,630,700,780,800,840,840,840,965659,13,430.0,453.3539087848906,26.804099999935715,9982.970299999579,2905.6255458707474
1746383648,2000,GET,GET /pastes/:slug,1097.300000,0.000000,410,480,540,560,640,710,780,800,840,840,840,879125,13,430.0,452.76434589668037,26.804099999935715,9982.970299999579,2910.3346486563346
1746383648,2000,POST,POST /pastes,111.000000,0.000000,390,460,510,550,630,710,780,810,830,830,830,87840,0,430.0,459.44198535063435,32.33849999924132,9973.895099999936,2858.9323315118395
1746383648,2000,,Aggregated,1208.300000,0.000000,410,480,530,560,640,710,780,800,840,840,840,966965,13,430.0,453.3709488757165,26.804099999935715,9982.970299999579,2905.665214356259
1746383649,2000,GET,GET /pastes/:slug,1063.500000,0.000000,390,500,540,570,640,710,780,800,840,840,840,880377,13,430.0,452.54785106905155,26.804099999935715,9982.970299999579,2910.326622571921
1746383649,2000,POST,POST /pastes,109.400000,0.000000,370,470,530,560,630,710,780,820,830,830,830,87952,0,430.0,459.23561474099165,32.33849999924132,9973.895099999936,2858.839378297253
1746383649,2000,,Aggregated,1172.900000,0.000000,390,490,540,560,640,710,780,800,840,840,840,968329,13,430.0,453.1552915055794,26.804099999935715,9982.970299999579,2905.6501065237126
1746383650,2000,GET,GET /pastes/:slug,1071.100000,0.000000,420,510,550,570,640,710,780,800,840,840,840,881271,13,430.0,452.503237917415,26.804099999935715,9982.970299999579,2910.2947084381535
1746383650,2000,POST,POST /pastes,112.200000,0.000000,400,480,540,560,630,710,780,820,830,830,830,88034,0,430.0,459.18832963059424,32.33849999924132,9973.895099999936,2858.7974305382013
1746383650,2000,,Aggregated,1183.300000,0.000000,420,510,550,570,640,710,780,810,840,840,840,969305,13,430.0,453.1103898085804,26.804099999935715,9982.970299999579,2905.6176342843582
1746383651,2000,GET,GET /pastes/:slug,1085.400000,0.000000,450,540,570,590,650,700,780,800,840,840,840,882462,13,430.0,452.676307094944,26.804099999935715,9982.970299999579,2910.3262542749717
1746383651,2000,POST,POST /pastes,111.800000,0.000000,430,530,560,590,650,710,780,820,830,830,830,88151,0,430.0,459.3555725788674,32.33849999924132,9973.895099999936,2858.5674467674785
1746383651,2000,,Aggregated,1197.200000,0.000000,450,530,570,590,650,710,780,800,840,840,840,970613,13,430.0,453.2829174861725,26.804099999935715,9982.970299999579,2905.6255232518006
1746383652,2000,GET,GET /pastes/:slug,1047.100000,0.000000,380,520,550,570,640,700,780,800,840,840,840,883714,13,430.0,452.45919798002365,26.804099999935715,9982.970299999579,2910.359825690212
1746383652,2000,POST,POST /pastes,105.600000,0.000000,370,490,540,560,640,710,780,820,830,830,830,88267,0,430.0,459.13157323574757,32.33849999924132,9973.895099999936,2858.9600870087347
1746383652,2000,,Aggregated,1152.700000,0.000000,380,520,550,570,640,700,780,800,840,840,840,971981,13,430.0,453.0651260245896,26.804099999935715,9982.970299999579,2905.6921411015237
1746383653,2000,GET,GET /pastes/:slug,1042.900000,0.000000,390,520,550,570,640,700,780,800,840,840,840,884803,13,430.0,452.2972689810262,26.804099999935715,9982.970299999579,2910.420408836769
1746383653,2000,POST,POST /pastes,104.100000,0.000000,390,490,540,570,640,710,780,820,830,830,830,88365,0,430.0,458.99736568097927,32.33849999924132,9973.895099999936,2858.9279352684885
1746383653,2000,,Aggregated,1147.000000,0.000000,390,520,550,570,640,700,780,800,840,840,840,973168,13,430.0,452.90564702559766,26.804099999935715,9982.970299999579,2905.744821038094
1746383654,2000,GET,GET /pastes/:slug,1073.100000,0.000000,380,470,530,540,630,690,780,800,840,840,840,886062,13,430.0,452.1981393109274,26.804099999935715,9982.970299999579,2910.433751814207
1746383654,2000,POST,POST /pastes,107.900000,0.000000,380,460,520,540,630,710,780,810,830,830,830,88488,0,430.0,458.89788712593463,32.33849999924132,9973.895099999936,2858.892313082
1746383654,2000,,Aggregated,1181.000000,0.000000,380,470,530,540,630,700,780,800,840,840,840,974550,13,430.0,452.80646857534987,26.804099999935715,9982.970299999579,2905.7538494689857
1746383655,2000,GET,GET /pastes/:slug,1051.400000,0.000000,350,410,470,520,560,600,640,660,680,690,690,887236,13,430.0,451.9683497708825,26.804099999935715,9982.970299999579,2910.4583831133996
1746383655,2000,POST,POST /pastes,103.400000,0.000000,360,420,470,490,560,610,650,670,690,690,690,88611,0,430.0,458.6509692374502,32.33849999924132,9973.895099999936,2858.58717315006
1746383655,2000,,Aggregated,1154.800000,0.000000,350,410,470,520,560,600,640,660,680,690,690,975847,13,430.0,452.5751596432709,26.804099999935715,9982.970299999579,2905.7482597169433
1746383656,2000,GET,GET /pastes/:slug,1066.700000,0.000000,360,420,470,510,550,600,640,660,680,690,690,888439,13,430.0,451.85552649165453,26.804099999935715,9982.970299999579,2910.4585503337876
1746383656,2000,POST,POST /pastes,103.500000,0.000000,370,430,470,490,550,610,640,670,690,690,690,88733,0,430.0,458.5379797516112,32.33849999924132,9973.895099999936,2858.637970090045
1746383656,2000,,Aggregated,1170.200000,0.000000,360,420,470,510,550,600,640,660,680,690,690,977172,13,430.0,452.4623327909595,26.804099999935715,9982.970299999579,2905.752935000184
1746383657,2000,GET,GET /pastes/:slug,1101.400000,0.000000,340,380,430,460,540,600,640,660,680,690,690,889633,13,430.0,451.4991876529069,26.804099999935715,9982.970299999579,2910.5005524750095
1746383657,2000,POST,POST /pastes,107.700000,0.000000,350,390,430,460,540,610,640,670,690,690,690,88862,0,430.0,458.1470983401194,32.33849999924132,9973.895099999936,2858.631057144786
1746383657,2000,,Aggregated,1209.100000,0.000000,340,380,430,460,540,600,640,660,680,690,690,978495,13,430.0,452.10291750280476,26.804099999935715,9982.970299999579,2905.790025498342
1746383658,2000,GET,GET /pastes/:slug,1056.000000,0.000000,350,390,440,470,570,610,640,660,680,690,690,890713,13,430.0,451.4870000888266,26.804099999935715,9982.970299999579,2910.490143289702
1746383658,2000,POST,POST /pastes,104.400000,0.000000,350,390,440,470,560,610,640,670,690,690,690,88978,0,430.0,458.11468631908616,32.33849999924132,9973.895099999936,2858.887354177437
1746383658,2000,,Aggregated,1160.400000,0.000000,350,390,440,470,570,610,640,660,680,690,690,979691,13,430.0,452.0889432172059,26.804099999935715,9982.970299999579,2905.803448230105
1746383659,2000,GET,GET /pastes/:slug,1119.800000,0.000000,350,400,440,470,570,610,640,660,680,690,690,891963,13,430.0,451.3693262257741,26.804099999935715,9982.970299999579,2910.4388130449356
1746383659,2000,POST,POST /pastes,109.600000,0.000000,360,390,440,470,550,610,640,670,690,690,690,89090,0,430.0,458.0026371972119,32.33849999924132,9973.895099999936,2858.935784038613
1746383659,2000,,Aggregated,1229.400000,0.000000,350,400,440,470,560,610,640,660,680,690,690,981053,13,430.0,451.9717010968912,26.804099999935715,9982.970299999579,2905.761792686022
1746383660,2000,GET,GET /pastes/:slug,1098.100000,0.000000,330,370,400,410,470,570,620,640,680,690,690,892992,13,430.0,451.17752974194633,26.804099999935715,9982.970299999579,2910.3981121891347
1746383660,2000,POST,POST /pastes,106.600000,0.000000,340,380,400,420,470,560,620,650,690,690,690,89185,0,430.0,457.8310127958697,32.33849999924132,9973.895099999936,2858.746952962942
1746383660,2000,,Aggregated,1204.700000,0.000000,330,370,400,410,470,570,620,640,680,690,690,982177,13,430.0,451.78168855054486,26.804099999935715,9982.970299999579,2905.708011896023
1746383661,2000,GET,GET /pastes/:slug,1107.300000,0.000000,340,380,410,440,550,630,710,730,780,780,780,893837,13,430.0,451.33626280811825,26.804099999935715,9982.970299999579,2910.415645134404
1746383661,2000,POST,POST /pastes,108.800000,0.000000,350,390,420,440,550,680,730,740,770,780,780,89281,0,430.0,458.014097067681,32.33849999924132,9973.895099999936,2858.6219128369976
1746383661,2000,,Aggregated,1216.100000,0.000000,340,380,410,440,550,630,720,730,780,780,780,983118,13,430.0,451.94270447688746,26.804099999935715,9982.970299999579,2905.712042704945
1746383662,2000,GET,GET /pastes/:slug,1144.300000,0.000000,360,410,450,480,630,690,720,730,790,800,800,895249,13,430.0,451.44258215861686,26.804099999935715,9982.970299999579,2910.525276208072
1746383662,2000,POST,POST /pastes,111.600000,0.000000,360,410,460,500,640,700,730,750,790,800,800,89433,0,430.0,458.1309342289717,32.33849999924132,9973.895099999936,2858.2992854986414
1746383662,2000,,Aggregated,1255.900000,0.000000,360,410,450,480,630,690,720,730,790,800,800,984682,13,430.0,452.0500466910212,26.804099999935715,9982.970299999579,2905.7818899908802
1746383663,2000,GET,GET /pastes/:slug,1106.600000,0.000000,330,390,440,480,640,690,720,730,790,800,800,896296,13,430.0,451.1848882796744,26.804099999935715,9982.970299999579,2910.458114283674
1746383663,2000,POST,POST /pastes,109.400000,0.000000,340,390,440,490,640,700,730,750,790,800,800,89557,0,430.0,457.82513811538644,32.33849999924132,9973.895099999936,2858.15597887379
1746383663,2000,,Aggregated,1216.000000,0.000000,330,390,440,480,640,690,720,730,790,800,800,985853,13,430.0,451.7881028101626,26.804099999935715,9982.970299999579,2905.70687617728
1746383664,2000,GET,GET /pastes/:slug,1075.100000,0.000000,350,430,500,560,640,690,720,730,790,800,800,897263,13,430.0,451.248756286863,26.804099999935715,9982.970299999579,2910.52191497922
1746383664,2000,POST,POST /pastes,107.000000,0.000000,360,430,500,550,640,700,730,750,790,800,800,89647,0,430.0,457.86916406237407,32.33849999924132,9973.895099999936,2858.158354434616
1746383664,2000,,Aggregated,1182.100000,0.000000,350,430,500,550,640,690,720,730,790,800,800,986910,13,430.0,451.85012793761086,26.804099999935715,9982.970299999579,2905.7654162993585
1746383665,2000,GET,GET /pastes/:slug,1120.200000,0.000000,360,450,550,580,660,690,720,730,790,800,800,898713,13,430.0,451.18724832056455,26.804099999935715,9982.970299999579,2910.437839443738
1746383665,2000,POST,POST /pastes,114.900000,0.000000,360,450,540,580,670,700,730,750,790,800,800,89778,0,430.0,457.8039765955983,32.33849999924132,9973.895099999936,2858.0697832431106
1746383665,2000,,Aggregated,1235.100000,0.000000,360,450,550,580,660,690,720,730,790,800,800,988491,13,430.0,451.78820131969576,26.804099999935715,9982.970299999579,2905.681600540622
1746383666,2000,GET,GET /pastes/:slug,1082.000000,0.000000,360,460,560,590,660,690,720,730,790,800,800,899541,13,430.0,450.9856970679706,26.804099999935715,9982.970299999579,2910.478942038217
1746383666,2000,POST,POST /pastes,112.900000,0.000000,360,460,550,580,670,700,730,750,790,800,800,89866,0,430.0,457.57989003849724,32.33849999924132,9973.895099999936,2858.1366590256603
1746383666,2000,,Aggregated,1194.900000,0.000000,360,460,560,590,670,690,720,730,790,800,800,989407,13,430.0,451.5846353668482,26.804099999935715,9982.970299999579,2905.724789697263
1746383667,2000,GET,GET /pastes/:slug,1065.800000,0.000000,410,540,580,620,690,710,740,750,800,800,800,900556,13,430.0,451.1615931324872,26.804099999935715,9982.970299999579,2910.550839703472
1746383667,2000,POST,POST /pastes,109.600000,0.000000,400,530,580,620,690,720,750,770,800,800,800,89953,0,430.0,457.71293633007906,32.33849999924132,9973.895099999936,2858.0308383266815
1746383667,2000,,Aggregated,1175.400000,0.000000,410,540,580,620,690,710,740,750,800,800,800,990509,13,430.0,451.756552869997,26.804099999935715,9982.970299999579,2905.7812397464336
1746383669,2000,GET,GET /pastes/:slug,1094.700000,0.000000,450,550,630,650,700,720,740,760,800,800,800,901862,13,430.0,451.15804101694096,26.804099999935715,9982.970299999579,2910.5589691105733
1746383669,2000,POST,POST /pastes,111.100000,0.000000,420,540,620,650,700,730,750,770,800,800,800,90091,0,430.0,457.67934426856874,32.33849999924132,9973.895099999936,2858.096835421962
1746383669,2000,,Aggregated,1205.800000,0.000000,450,550,630,650,700,720,740,760,800,800,800,991953,13,430.0,451.7503177994406,26.804099999935715,9982.970299999579,2905.79426142166
1746383670,2000,GET,GET /pastes/:slug,1048.000000,0.000000,450,560,630,650,700,720,740,760,800,800,800,902729,13,430.0,451.1274961623265,26.804099999935715,9982.970299999579,2910.6047651066933
1746383670,2000,POST,POST /pastes,105.000000,0.000000,440,550,620,650,700,730,750,770,800,800,800,90168,0,430.0,457.6551634271542,32.33849999924132,9973.895099999936,2858.3812549906843
1746383670,2000,,Aggregated,1153.000000,0.000000,450,560,630,650,700,720,740,760,800,800,800,992897,13,430.0,451.7202935037664,26.804099999935715,9982.970299999579,2905.862189129386
1746383671,2000,GET,GET /pastes/:slug,1043.000000,0.000000,460,550,600,630,700,730,770,790,810,880,880,903925,13,430.0,451.35611038617134,26.804099999935715,9982.970299999579,2910.6109998064
1746383671,2000,POST,POST /pastes,105.400000,0.000000,450,540,580,630,690,730,770,790,800,800,800,90294,0,430.0,457.87268941346707,32.33849999924132,9973.895099999936,2858.2402485214966
1746383671,2000,,Aggregated,1148.400000,0.000000,460,550,600,630,700,730,770,790,810,870,880,994219,13,430.0,451.94793973833555,26.804099999935715,9982.970299999579,2905.8547392475903
1746383672,2000,GET,GET /pastes/:slug,1007.300000,0.000000,430,530,580,610,690,720,760,790,810,880,880,905136,13,430.0,451.2143754795084,26.804099999935715,9982.970299999579,2910.5321587032226
1746383672,2000,POST,POST /pastes,102.300000,0.000000,410,520,560,600,680,720,760,780,800,800,800,90429,0,430.0,457.7093503853803,32.33849999924132,9973.895099999936,2858.3662210131706
1746383672,2000,,Aggregated,1109.600000,0.000000,420,530,580,610,690,720,760,780,810,870,880,995565,13,430.0,451.80432599579996,26.804099999935715,9982.970299999579,2905.7938306388833
1746383673,2000,GET,GET /pastes/:slug,1055.400000,0.000000,410,530,570,610,690,720,760,780,810,880,880,906316,13,430.0,450.9196801866244,26.804099999935715,9982.970299999579,2910.660700020743
1746383673,2000,POST,POST /pastes,107.300000,0.000000,410,520,560,600,680,720,760,780,800,800,800,90527,0,430.0,457.4650560263737,32.33849999924132,9973.895099999936,2858.3690390712163
1746383673,2000,,Aggregated,1162.700000,0.000000,410,530,570,610,690,720,760,780,810,870,880,996843,13,430.0,451.5140899769661,26.804099999935715,9982.970299999579,2905.91190087105
1746383674,2000,GET,GET /pastes/:slug,1073.400000,0.000000,400,520,570,610,690,720,760,780,810,880,880,907151,13,430.0,450.97831590586395,26.804099999935715,9982.970299999579,2910.6230440136205
1746383674,2000,POST,POST /pastes,109.000000,0.000000,410,510,550,600,680,720,770,780,800,800,800,90604,0,430.0,457.52192659926175,32.33849999924132,9973.895099999936,2858.596651361971
1746383674,2000,,Aggregated,1182.400000,0.000000,400,520,560,610,690,720,760,780,810,870,880,997755,13,430.0,451.5725272135027,26.804099999935715,9982.970299999579,2905.898638443305
1746383675,2000,GET,GET /pastes/:slug,1056.900000,0.000000,460,560,620,670,750,820,850,870,910,910,910,908212,13,430.0,451.34192771095354,26.804099999935715,9982.970299999579,2910.582018295288
1746383675,2000,POST,POST /pastes,104.200000,0.000000,450,550,620,650,750,820,850,870,910,910,910,90702,0,430.0,457.8504317368911,32.33849999924132,9973.895099999936,2858.5813322749223
1746383675,2000,,Aggregated,1161.100000,0.000000,460,560,620,670,750,820,850,870,910,910,910,998914,13,430.0,451.93290384318243,26.804099999935715,9982.970299999579,2905.860324312203
1746383676,2000,GET,GET /pastes/:slug,1056.700000,0.000000,500,580,630,670,740,820,850,870,910,910,910,909327,13,430.0,451.3963364367506,26.804099999935715,9982.970299999579,2910.5007571533674
1746383676,2000,POST,POST /pastes,102.200000,0.000000,500,570,620,650,740,810,850,870,910,910,910,90816,0,430.0,457.9024583960919,32.33849999924132,9973.895099999936,2858.429373678647
1746383676,2000,,Aggregated,1158.900000,0.000000,500,580,630,670,740,820,850,870,910,910,910,1000143,13,430.0,451.9871119277035,26.804099999935715,9982.970299999579,2905.7725185298505
1746383677,2000,GET,GET /pastes/:slug,1047.100000,0.000000,460,540,610,640,720,820,850,870,910,910,910,910201,13,430.0,451.3562685823466,26.804099999935715,9982.970299999579,2910.5114474714924
1746383677,2000,POST,POST /pastes,100.400000,0.000000,460,540,610,640,720,810,850,870,910,910,910,90906,0,430.0,457.8640217730351,32.33849999924132,9973.895099999936,2858.5240028160956
1746383677,2000,,Aggregated,1147.500000,0.000000,460,540,610,640,720,820,850,870,910,910,910,1001107,13,430.0,451.9472082237048,26.804099999935715,9982.970299999579,2905.79070269212
1746383678,2000,GET,GET /pastes/:slug,1026.500000,0.000000,480,560,610,640,720,820,850,870,910,910,910,911463,13,430.0,451.4950137679981,26.804099999935715,9982.970299999579,2910.5613217431755
1746383678,2000,POST,POST /pastes,99.300000,0.000000,480,560,620,640,710,810,850,870,910,910,910,91042,0,430.0,458.0051182662897,32.33849999924132,9973.895099999936,2858.6766107950175
1746383678,2000,,Aggregated,1125.800000,0.000000,480,560,620,640,720,820,850,870,910,910,910,1002505,13,430.0,452.0862257157905,26.804099999935715,9982.970299999579,2905.8494371599145
1746383679,2000,GET,GET /pastes/:slug,1030.900000,0.000000,470,550,610,640,720,820,850,870,910,910,910,912404,13,430.0,451.3848133624147,26.804099999935715,9982.970299999579,2910.6404816287522
1746383679,2000,POST,POST /pastes,100.600000,0.000000,470,540,610,640,700,810,850,870,910,910,910,91146,0,430.0,457.8769744903725,32.33849999924132,9973.895099999936,2858.8677067561935
1746383679,2000,,Aggregated,1131.500000,0.000000,470,540,610,640,720,820,850,870,910,910,910,1003550,13,430.0,451.9744546539866,26.804099999935715,9982.970299999579,2905.9382930596385
1746383680,2000,GET,GET /pastes/:slug,1048.700000,0.000000,450,530,610,640,720,840,870,920,960,970,970,913138,13,430.0,451.53132933304687,26.804099999935715,9982.970299999579,2910.647176001875
1746383680,2000,POST,POST /pastes,103.600000,0.000000,460,530,610,640,710,830,880,910,960,960,960,91219,0,430.0,458.0325026803573,32.33849999924132,9973.895099999936,2858.752441925476
1746383680,2000,,Aggregated,1152.300000,0.000000,450,530,610,640,710,840,870,920,960,970,970,1004357,13,430.0,452.1217872395047,26.804099999935715,9982.970299999579,2905.9339258849195
1746383681,2000,GET,GET /pastes/:slug,1032.400000,0.000000,510,620,680,730,880,1000,1100,1100,1100,1100,1100,914509,13,430.0,452.16388391335715,26.804099999935715,9982.970299999579,2910.665080387399
1746383681,2000,POST,POST /pastes,103.600000,0.000000,510,640,680,730,890,1000,1100,1100,1100,1100,1100,91365,0,430.0,458.68650621134464,32.33849999924132,9973.895099999936,2858.420051442018
1746383681,2000,,Aggregated,1136.000000,0.000000,510,620,680,730,880,1000,1100,1100,1100,1100,1100,1005874,13,430.0,452.75634319378753,26.804099999935715,9982.970299999579,2905.919588338102
1746383682,2000,GET,GET /pastes/:slug,1016.000000,0.000000,520,630,680,730,890,1000,1100,1100,1100,1100,1100,915657,13,430.0,451.94162962519925,26.804099999935715,9982.970299999579,2910.6297980575696
1746383682,2000,POST,POST /pastes,102.500000,0.000000,520,640,680,730,870,1000,1100,1100,1100,1100,1100,91495,0,430.0,458.43654215748955,32.33849999924132,9973.895099999936,2858.545057106946
1746383682,2000,,Aggregated,1118.500000,0.000000,520,630,680,730,890,1000,1100,1100,1100,1100,1100,1007152,13,430.0,452.53166173766033,26.804099999935715,9982.970299999579,2905.898145463644
1746383683,2000,GET,GET /pastes/:slug,982.800000,0.000000,510,640,680,730,890,1000,1100,1100,1100,1100,1100,916322,13,430.0,451.9132775809381,26.804099999935715,9982.970299999579,2910.598064872392
1746383683,2000,POST,POST /pastes,98.400000,0.000000,510,640,680,730,880,1000,1100,1100,1100,1100,1100,91559,0,430.0,458.39235264255313,32.33849999924132,9973.895099999936,2858.640199215806
1746383683,2000,,Aggregated,1081.200000,0.000000,510,640,680,730,890,1000,1100,1100,1100,1100,1100,1007881,13,430.0,452.501856623061,26.804099999935715,9982.970299999579,2905.878053063804
1746383684,2000,GET,GET /pastes/:slug,994.200000,0.000000,520,650,680,720,810,1000,1100,1100,1100,1100,1100,917339,13,430.0,452.21000933691954,26.804099999935715,9982.970299999579,2910.5455834756835
1746383684,2000,POST,POST /pastes,99.700000,0.000000,510,650,680,720,810,1000,1100,1100,1100,1100,1100,91650,0,430.0,458.65986996507974,32.33849999924132,9973.895099999936,2858.79222040371
1746383684,2000,,Aggregated,1093.900000,0.000000,520,650,680,720,810,1000,1100,1100,1100,1100,1100,1008989,13,430.0,452.79587273737116,26.804099999935715,9982.970299999579,2905.8446444906735
1746383685,2000,GET,GET /pastes/:slug,970.400000,0.000000,480,640,690,720,810,1000,1100,1100,1100,1100,1100,918781,13,430.0,452.1301174641408,26.804099999935715,9982.970299999579,2910.540022050957
1746383685,2000,POST,POST /pastes,100.300000,0.000000,480,640,690,730,800,1000,1100,1100,1100,1100,1100,91768,0,430.0,458.57038604632936,32.33849999924132,9973.895099999936,2858.9168882399094
1746383685,2000,,Aggregated,1070.700000,0.000000,480,640,690,720,810,1000,1100,1100,1100,1100,1100,1010549,13,430.0,452.714958542839,26.804099999935715,9982.970299999579,2905.8521229549483
1746383686,2000,GET,GET /pastes/:slug,968.800000,0.000000,480,640,690,720,810,1000,1100,1100,1100,1100,1100,919693,13,430.0,452.0056587907268,26.804099999935715,9982.970299999579,2910.5333801605534
1746383686,2000,POST,POST /pastes,100.100000,0.000000,480,650,690,730,810,1000,1100,1100,1100,1100,1100,91852,0,430.0,458.45620874014224,32.33849999924132,9973.895099999936,2858.62818447067
1746383686,2000,,Aggregated,1068.900000,0.000000,480,640,690,720,810,1000,1100,1100,1100,1100,1100,1011545,13,430.0,452.5913924100328,26.804099999935715,9982.970299999579,2905.820197816212
1746383687,2000,GET,GET /pastes/:slug,1017.700000,0.000000,490,610,680,720,810,1000,1100,1100,1100,1100,1100,920918,13,430.0,452.1207800266899,26.804099999935715,9982.970299999579,2910.6013108658967
1746383687,2000,POST,POST /pastes,103.400000,0.000000,490,600,680,730,800,1000,1100,1100,1100,1100,1100,91988,0,430.0,458.57466133951755,32.33849999924132,9973.895099999936,2858.4743227377485
1746383687,2000,,Aggregated,1121.100000,0.000000,490,610,680,720,810,1000,1100,1100,1100,1100,1100,1012906,13,430.0,452.70689525771,26.804099999935715,9982.970299999579,2905.8673499811434
1746383688,2000,GET,GET /pastes/:slug,1000.200000,0.000000,480,610,680,720,810,1000,1100,1100,1100,1100,1100,922085,13,430.0,451.9414753465451,26.804099999935715,9982.970299999579,2910.590472678766
1746383688,2000,POST,POST /pastes,100.900000,0.000000,490,600,680,730,800,1000,1100,1100,1100,1100,1100,92108,0,430.0,458.382204148386,32.33849999924132,9973.895099999936,2858.3614561167324
1746383688,2000,,Aggregated,1101.100000,0.000000,480,610,680,720,810,1000,1100,1100,1100,1100,1100,1014193,13,430.0,452.5264159332648,26.804099999935715,9982.970299999579,2905.8470853180806
1746383689,2000,GET,GET /pastes/:slug,1008.100000,0.000000,500,620,670,720,800,1000,1100,1100,1100,1100,1100,922955,13,430.0,452.0025796369481,26.804099999935715,9982.970299999579,2910.6051822678246
1746383689,2000,POST,POST /pastes,99.900000,0.000000,500,620,670,730,800,1000,1100,1100,1100,1100,1100,92185,0,430.0,458.4336086586704,32.33849999924132,9973.895099999936,2858.4257959537886
1746383689,2000,,Aggregated,1108.000000,0.000000,500,620,670,720,800,1000,1100,1100,1100,1100,1100,1015140,13,430.0,452.58658224777474,26.804099999935715,9982.970299999579,2905.8667651752467
1746383690,2000,GET,GET /pastes/:slug,1025.700000,0.000000,450,560,620,650,740,780,990,1000,1100,1100,1100,924407,13,430.0,451.9829784763844,26.804099999935715,9982.970299999579,2910.567216604807
1746383690,2000,POST,POST /pastes,102.800000,0.000000,460,560,620,650,740,780,1000,1000,1000,1000,1000,92339,0,430.0,458.4210361927198,32.33849999924132,9973.895099999936,2858.5132717486654
1746383690,2000,,Aggregated,1128.500000,0.000000,460,560,620,650,740,780,990,1000,1100,1100,1100,1016746,13,430.0,452.56767102639765,26.804099999935715,9982.970299999579,2905.8397731586847
1746383691,2000,GET,GET /pastes/:slug,1012.600000,0.000000,390,520,570,610,680,740,770,800,880,880,880,925276,13,430.0,451.8062318143115,26.804099999935715,9982.970299999579,2910.6046920054123
1746383691,2000,POST,POST /pastes,100.400000,0.000000,400,510,560,590,670,740,780,800,870,880,880,92426,0,430.0,458.2514865784464,32.33849999924132,9973.895099999936,2858.4983987189753
1746383691,2000,,Aggregated,1113.000000,0.000000,390,520,570,610,680,740,770,800,880,880,880,1017702,13,430.0,452.39157911324276,26.804099999935715,9982.970299999579,2905.8724852658243
1746383693,2000,GET,GET /pastes/:slug,1098.300000,0.000000,440,540,580,600,650,710,770,800,880,880,880,926453,13,430.0,451.8899982559489,26.804099999935715,9982.970299999579,2910.583481299105
1746383693,2000,POST,POST /pastes,108.500000,0.000000,440,530,570,590,660,690,770,810,880,880,880,92525,0,430.0,458.3107389527098,32.33849999924132,9973.895099999936,2858.3963253174816
1746383693,2000,,Aggregated,1206.800000,0.000000,440,540,580,600,650,700,770,800,880,880,880,1018978,13,430.0,452.4730128381625,26.804099999935715,9982.970299999579,2905.844795471541
1746383694,2000,GET,GET /pastes/:slug,1098.300000,0.000000,390,490,540,560,610,640,650,660,690,700,700,927793,13,430.0,451.77447713867076,26.804099999935715,9982.970299999579,2910.593540800588
1746383694,2000,POST,POST /pastes,108.500000,0.000000,400,500,540,560,610,640,660,660,690,690,690,92663,0,430.0,458.18426866278355,32.33849999924132,9973.895099999936,2858.2440780030865
1746383694,2000,,Aggregated,1206.800000,0.000000,390,490,540,560,610,640,650,660,690,690,700,1020456,13,430.0,452.35652135418445,26.804099999935715,9982.970299999579,2905.839922544431
1746383695,2000,GET,GET /pastes/:slug,1055.400000,0.000000,410,510,550,570,610,640,660,660,690,700,700,928514,13,430.0,451.73147207669325,26.804099999935715,9982.970299999579,2910.5819901476984
1746383695,2000,POST,POST /pastes,100.600000,0.000000,430,510,550,570,620,650,660,660,690,690,690,92724,0,430.0,458.14987069905857,32.33849999924132,9973.895099999936,2858.202471851948
1746383695,2000,,Aggregated,1156.000000,0.000000,410,510,550,570,610,640,660,660,690,700,700,1021238,13,430.0,452.31423495258286,26.804099999935715,9982.970299999579,2905.826156096816
1746383696,2000,GET,GET /pastes/:slug,1109.400000,0.000000,460,550,590,610,650,670,700,720,760,770,770,929801,13,430.0,451.9990845239124,26.804099999935715,9982.970299999579,2910.6202918689055
1746383696,2000,POST,POST /pastes,106.900000,0.000000,460,550,590,610,650,670,700,740,750,750,750,92852,0,430.0,458.4080859949115,32.33849999924132,9973.895099999936,2858.323514840822
1746383696,2000,,Aggregated,1216.300000,0.000000,460,550,590,610,650,670,700,720,760,770,770,1022653,13,430.0,452.58099119662813,26.804099999935715,9982.970299999579,2905.871994703971
1746383697,2000,GET,GET /pastes/:slug,1037.400000,0.000000,400,540,580,600,650,670,700,720,760,770,770,930996,13,430.0,451.696889673552,26.804099999935715,9982.970299999579,2910.547766048404
1746383697,2000,POST,POST /pastes,101.700000,0.000000,420,540,580,600,650,660,710,740,750,750,750,92967,0,430.0,458.13864727375864,32.33849999924132,9973.895099999936,2858.65700732518
1746383697,2000,,Aggregated,1139.100000,0.000000,400,540,580,600,650,670,700,720,760,770,770,1023963,13,430.0,452.2817456486273,26.804099999935715,9982.970299999579,2905.836533155983
1746383698,2000,GET,GET /pastes/:slug,1044.200000,0.000000,450,560,600,610,650,670,700,720,760,770,770,931922,13,430.0,451.76704846222964,26.804099999935715,9982.970299999579,2910.629275840682
1746383698,2000,POST,POST /pastes,104.400000,0.000000,460,560,600,620,650,670,710,740,750,750,750,93065,0,430.0,458.20480602159273,32.33849999924132,9973.895099999936,2858.5440176220923
1746383698,2000,,Aggregated,1148.600000,0.000000,450,560,600,620,650,670,700,720,760,770,770,1024987,13,430.0,452.35157285839244,26.804099999935715,9982.970299999579,2905.9001284894343
1746383699,2000,GET,GET /pastes/:slug,1086.600000,0.000000,440,540,580,600,640,670,700,720,760,770,770,933381,13,430.0,451.68948436931635,26.804099999935715,9982.970299999579,2910.63205700566
1746383699,2000,POST,POST /pastes,107.500000,0.000000,440,540,580,600,650,660,700,740,750,750,750,93212,0,430.0,458.11632217310597,32.33849999924132,9973.895099999936,2858.652308715616
1746383699,2000,,Aggregated,1194.100000,0.000000,440,540,580,600,640,670,700,720,750,770,770,1026593,13,430.0,452.2730246870025,26.804099999935715,9982.970299999579,2905.9124297555118
1746383700,2000,GET,GET /pastes/:slug,1020.700000,0.000000,400,540,580,600,640,670,700,720,760,770,770,934291,13,430.0,451.4716706949079,26.804099999935715,9982.970299999579,2910.585219166191
1746383700,2000,POST,POST /pastes,100.600000,0.000000,410,530,580,600,650,660,700,740,750,750,750,93328,0,430.0,457.81909462004455,32.33849999924132,9973.895099999936,2858.799277815875
1746383700,2000,,Aggregated,1121.300000,0.000000,410,540,580,600,640,670,700,720,760,770,770,1027619,13,430.0,452.0481415270672,26.804099999935715,9982.970299999579,2905.88203799268
1746383701,2000,GET,GET /pastes/:slug,1069.800000,0.000000,480,550,600,610,640,670,700,720,760,770,770,935503,13,430.0,451.58484899483597,26.804099999935715,9982.970299999579,2910.6072679617278
1746383701,2000,POST,POST /pastes,104.100000,0.000000,460,550,600,620,650,660,700,740,750,750,750,93439,0,430.0,457.9219403921221,32.33849999924132,9973.895099999936,2858.7686940142767
1746383701,2000,,Aggregated,1173.900000,0.000000,470,550,600,610,640,670,700,720,750,770,770,1028942,13,430.0,452.16032504990875,26.804099999935715,9982.970299999579,2905.899767916948
1746383702,2000,GET,GET /pastes/:slug,1070.000000,0.000000,400,530,580,600,640,670,700,720,760,770,770,936820,13,430.0,451.3371339692967,26.804099999935715,9982.970299999579,2910.6490926752203
1746383702,2000,POST,POST /pastes,106.400000,0.000000,400,530,580,610,650,660,700,730,750,750,750,93559,0,430.0,457.6861020874475,32.33849999924132,9973.895099999936,2858.543806581943
1746383702,2000,,Aggregated,1176.400000,0.000000,400,530,580,600,640,670,700,720,750,770,770,1030379,13,430.0,451.91362389014483,26.804099999935715,9982.970299999579,2905.917903024033
1746383703,2000,GET,GET /pastes/:slug,1027.700000,0.000000,390,530,570,600,640,670,700,720,760,770,770,937509,13,430.0,451.12934870536367,26.804099999935715,9982.970299999579,2910.656359565615
1746383703,2000,POST,POST /pastes,103.600000,0.000000,390,530,580,600,650,660,700,740,750,750,750,93640,0,430.0,457.48744189662,32.33849999924132,9973.895099999936,2858.7004592054677
1746383703,2000,,Aggregated,1131.300000,0.000000,390,530,570,600,640,670,700,720,760,770,770,1031149,13,430.0,451.7067355295922,26.804099999935715,9982.970299999579,2905.9381757631536
1746383704,2000,GET,GET /pastes/:slug,1074.000000,0.000000,440,570,610,630,680,740,910,970,1000,1100,1100,938536,13,430.0,451.44804127216935,26.804099999935715,9982.970299999579,2910.6364753190073
1746383704,2000,POST,POST /pastes,106.200000,0.000000,440,570,610,630,670,710,750,790,830,840,840,93748,0,430.0,457.7188288422095,32.33849999924132,9973.895099999936,2858.7527413918165
1746383704,2000,,Aggregated,1180.200000,0.000000,440,570,610,630,680,740,890,960,1000,1100,1100,1032284,13,430.0,452.01752970084124,26.804099999935715,9982.970299999579,2905.924597300743
1746383705,2000,GET,GET /pastes/:slug,1084.700000,0.000000,400,530,590,610,660,740,910,960,1000,1100,1100,939963,13,430.0,451.4219047966958,26.804099999935715,9982.970299999579,2910.668682703468
1746383705,2000,POST,POST /pastes,108.400000,0.000000,410,540,600,620,660,710,760,790,830,840,840,93894,0,430.0,457.72229625534635,32.33849999924132,9973.895099999936,2858.5330372547764
1746383705,2000,,Aggregated,1193.100000,0.000000,400,530,590,610,660,740,890,960,1000,1100,1100,1033857,13,430.0,451.9941009085424,26.804099999935715,9982.970299999579,2905.933768403174
1746383706,2000,GET,GET /pastes/:slug,1029.800000,0.000000,410,530,590,610,660,750,910,970,1000,1100,1100,940872,13,430.0,451.33541393751324,26.804099999935715,9982.970299999579,2910.6734444217705
1746383706,2000,POST,POST /pastes,103.500000,0.000000,410,530,590,620,660,710,760,790,830,840,840,93999,0,430.0,457.6322279822074,32.33849999924132,9973.895099999936,2858.8701794699946
1746383706,2000,,Aggregated,1133.300000,0.000000,410,530,590,610,660,740,890,960,1000,1100,1100,1034871,13,430.0,451.90736370069544,26.804099999935715,9982.970299999579,2905.968070416506
1746383707,2000,GET,GET /pastes/:slug,1089.100000,0.000000,440,530,570,600,660,740,900,960,1000,1100,1100,942058,13,430.0,451.3868407458099,26.804099999935715,9982.970299999579,2910.6396485142104
1746383707,2000,POST,POST /pastes,112.000000,0.000000,430,540,580,610,660,710,760,790,830,840,840,94110,0,430.0,457.67280860163083,32.33849999924132,9973.895099999936,2858.851641695888
1746383707,2000,,Aggregated,1201.100000,0.000000,440,530,570,600,660,740,890,960,1000,1100,1100,1036168,13,430.0,451.95776402745736,26.804099999935715,9982.970299999579,2905.936000725751
1746383708,2000,GET,GET /pastes/:slug,1084.100000,0.000000,380,470,540,580,650,750,910,960,1000,1100,1100,943329,45,430.0,451.16946555445344,26.804099999935715,9982.970299999579,2910.4269560248863
1746383708,2000,POST,POST /pastes,109.900000,0.000000,370,470,550,590,650,710,760,790,830,840,840,94251,1,430.0,457.42318229620383,32.33849999924132,9973.895099999936,2858.733732268093
1746383708,2000,,Aggregated,1194.000000,0.000000,380,470,540,580,650,740,890,960,1000,1100,1100,1037580,46,430.0,451.7375365047549,26.804099999935715,9982.970299999579,2905.7312814433585
1746383709,2000,GET,GET /pastes/:slug,1050.700000,0.000000,380,470,530,570,650,740,910,960,1000,1100,1100,944419,50,430.0,450.9734362811608,26.804099999935715,9982.970299999579,2910.425528287762
1746383709,2000,POST,POST /pastes,109.100000,0.000000,390,480,550,590,650,710,760,790,830,840,840,94343,1,430.0,457.2389697370181,32.33849999924132,9973.895099999936,2858.8255726444995
1746383709,2000,,Aggregated,1159.800000,0.000000,380,470,540,580,650,740,890,960,1000,1100,1100,1038762,51,430.0,451.54248792418696,26.804099999935715,9982.970299999579,2905.739089416055
1746383710,2000,GET,GET /pastes/:slug,1108.100000,0.000000,400,490,540,590,660,740,900,960,1000,1100,1100,945482,50,430.0,451.0931904012102,26.804099999935715,9982.970299999579,2910.402997624492
1746383710,2000,POST,POST /pastes,114.400000,0.000000,400,500,560,590,650,710,760,790,830,840,840,94453,1,430.0,457.34795173472,32.33849999924132,9973.895099999936,2858.6342519559994
1746383710,2000,,Aggregated,1222.500000,0.000000,400,490,540,590,660,740,890,960,1000,1100,1100,1039935,51,430.0,451.6612845342294,26.804099999935715,9982.970299999579,2905.7010563160197
1746383711,2000,GET,GET /pastes/:slug,1080.300000,3.700000,380,490,550,590,660,740,900,960,1000,1100,1100,946802,50,430.0,450.97953517622193,26.804099999935715,9982.970299999579,2910.3827019799282
1746383711,2000,POST,POST /pastes,111.900000,0.100000,390,510,560,590,650,710,760,790,830,840,840,94592,1,430.0,457.2172414147026,32.33849999924132,9973.895099999936,2858.452141830176
1746383711,2000,,Aggregated,1192.200000,3.800000,390,490,550,590,660,730,880,960,1000,1100,1100,1041394,51,430.0,451.5461191093899,26.804099999935715,9982.970299999579,2905.6657403441923
1746383712,2000,GET,GET /pastes/:slug,1066.600000,3.700000,390,490,550,590,660,740,910,960,1000,1100,1100,947754,50,430.0,450.79745411807045,26.804099999935715,9982.970299999579,2910.3556619122683
1746383712,2000,POST,POST /pastes,107.700000,0.100000,400,520,570,590,650,710,760,790,830,840,840,94676,1,430.0,457.05061897734964,32.33849999924132,9973.895099999936,2858.249007140141
1746383712,2000,,Aggregated,1174.300000,3.800000,400,490,550,590,660,740,890,960,1000,1100,1100,1042430,51,430.0,451.3653815915738,26.804099999935715,9982.970299999579,2905.6232101915716
1746383713,2000,GET,GET /pastes/:slug,1079.400000,3.700000,390,470,530,550,620,660,710,740,770,800,800,949027,50,430.0,450.7374368984422,26.804099999935715,9982.970299999579,2910.282185859833
1746383713,2000,POST,POST /pastes,108.500000,0.100000,400,500,540,560,620,660,710,730,770,800,800,94809,1,430.0,457.01428703287183,32.33849999924132,9973.895099999936,2858.658566169878
1746383713,2000,,Aggregated,1187.900000,3.800000,390,470,530,550,620,660,710,740,770,800,800,1043836,51,430.0,451.3075474180851,26.804099999935715,9982.970299999579,2905.5933422491657
1746383714,2000,GET,GET /pastes/:slug,1084.900000,3.700000,350,420,470,510,560,600,630,660,700,710,710,950065,50,430.0,450.57746459138957,26.804099999935715,9982.970299999579,2910.349483456395
1746383714,2000,POST,POST /pastes,110.800000,0.100000,350,420,490,520,570,600,620,630,670,700,700,94924,1,430.0,456.837173120597,32.33849999924132,9973.895099999936,2858.8206565252203
1746383714,2000,,Aggregated,1195.700000,3.800000,350,420,480,510,560,600,630,650,700,710,710,1044989,51,430.0,451.1460797370163,26.804099999935715,9982.970299999579,2905.6687429245667
1746383715,2000,GET,GET /pastes/:slug,1047.100000,3.700000,380,440,500,530,590,610,640,660,700,710,710,951106,50,430.0,450.60485185512385,26.804099999935715,9982.970299999579,2910.4044911923593
1746383715,2000,POST,POST /pastes,106.800000,0.100000,380,440,520,540,580,610,640,650,680,700,700,95028,1,430.0,456.85412772024614,32.33849999924132,9973.895099999936,2858.8935787346886
1746383715,2000,,Aggregated,1153.900000,3.800000,380,440,500,530,590,610,640,660,700,710,710,1046134,51,430.0,451.1725192733494,26.804099999935715,9982.970299999579,2905.725378393208
1746383717,2000,GET,GET /pastes/:slug,1099.700000,3.700000,360,430,470,510,590,620,650,660,700,710,710,952432,50,430.0,450.5322720889462,26.804099999935715,9982.970299999579,2910.496782972433
1746383717,2000,POST,POST /pastes,112.100000,0.100000,370,430,490,520,580,610,640,650,700,700,700,95150,1,430.0,456.7843613788708,32.33849999924132,9973.895099999936,2858.7322648449817
1746383717,2000,,Aggregated,1211.800000,3.800000,360,430,470,510,590,620,650,660,700,710,710,1047582,51,430.0,451.10013818050163,26.804099999935715,9982.970299999579,2905.7951043450535
1746383718,2000,GET,GET /pastes/:slug,1078.000000,3.700000,380,440,480,520,590,620,650,660,700,710,710,953314,50,430.0,450.44823991782243,26.804099999935715,9982.970299999579,2910.5181409273337
1746383718,2000,POST,POST /pastes,109.700000,0.100000,390,450,490,520,580,610,640,650,700,700,700,95268,1,430.0,456.6764300845993,32.33849999924132,9973.895099999936,2858.83173783432
1746383718,2000,,Aggregated,1187.700000,3.800000,380,440,480,520,590,620,650,660,700,710,710,1048582,51,430.0,451.0140966851483,26.804099999935715,9982.970299999579,2905.8222180048865
1746383719,2000,GET,GET /pastes/:slug,1106.900000,3.700000,410,480,530,550,620,670,700,720,760,770,770,954406,50,430.0,450.61160694287116,26.804099999935715,9982.970299999579,2910.4977294778114
1746383719,2000,POST,POST /pastes,110.800000,0.100000,410,480,530,560,620,670,710,720,760,760,760,95372,1,430.0,456.835396552443,32.33849999924132,9973.895099999936,2858.8294153420293
1746383719,2000,,Aggregated,1217.700000,3.800000,410,480,530,550,620,670,700,720,760,770,770,1049778,51,430.0,451.1770362647198,26.804099999935715,9982.970299999579,2905.8036794446066
1746383720,2000,GET,GET /pastes/:slug,1065.300000,3.700000,390,450,490,520,590,650,700,720,760,770,770,955650,50,430.0,450.5612737818437,26.804099999935715,9982.970299999579,2910.5199675613458
1746383720,2000,POST,POST /pastes,108.900000,0.100000,390,460,500,520,590,660,710,720,760,760,760,95501,1,430.0,456.78901518622433,32.33849999924132,9973.895099999936,2859.097988502738
1746383720,2000,,Aggregated,1174.200000,3.800000,390,450,490,520,590,650,700,720,760,770,770,1051151,51,430.0,451.12708738221806,26.804099999935715,9982.970299999579,2905.8480884287796
1746383721,2000,GET,GET /pastes/:slug,1046.900000,0.000000,380,450,480,510,580,650,700,720,760,770,770,956754,50,430.0,450.3871864132461,26.804099999935715,9982.970299999579,2910.546578326299
1746383721,2000,POST,POST /pastes,107.700000,0.000000,380,450,490,520,590,660,710,720,760,760,760,95632,1,430.0,456.56660886313784,32.33849999924132,9973.895099999936,2859.3109837711227
1746383721,2000,,Aggregated,1154.600000,0.000000,380,450,480,510,580,650,700,720,760,770,770,1052386,51,430.0,450.9487204204595,26.804099999935715,9982.970299999579,2905.8907178544755
1746383722,2000,GET,GET /pastes/:slug,1088.000000,0.000000,400,460,490,520,590,650,700,720,760,770,770,957702,50,430.0,450.39010258422604,26.804099999935715,9982.970299999579,2910.49000628588
1746383722,2000,POST,POST /pastes,112.500000,0.000000,400,460,500,520,590,650,710,720,760,760,760,95722,1,430.0,456.5602029293118,32.33849999924132,9973.895099999936,2859.267462025449
1746383722,2000,,Aggregated,1200.500000,0.000000,400,460,490,520,590,650,700,720,760,770,770,1053424,51,430.0,450.9507641461608,26.804099999935715,9982.970299999579,2905.8355420039793
1746383723,2000,GET,GET /pastes/:slug,1093.200000,0.000000,410,470,500,520,640,680,710,720,760,770,770,959079,50,430.0,450.4369690029906,26.804099999935715,9982.970299999579,2910.4021243296957
1746383723,2000,POST,POST /pastes,115.000000,0.000000,400,460,500,520,640,690,710,720,760,760,760,95845,1,430.0,456.5727728050454,32.33849999924132,9973.895099999936,2859.359611873337
1746383723,2000,,Aggregated,1208.200000,0.000000,410,470,500,520,640,680,710,720,760,770,770,1054924,51,430.0,450.99443675933617,26.804099999935715,9982.970299999579,2905.7646626676424
1746383724,2000,GET,GET /pastes/:slug,1047.600000,0.000000,410,470,500,530,640,680,710,720,760,770,770,960029,50,430.0,450.30490201173075,26.804099999935715,9982.970299999579,2910.3724877061004
1746383724,2000,POST,POST /pastes,108.400000,0.000000,400,470,500,530,640,690,710,720,760,760,760,95944,1,430.0,456.4316920651584,32.33849999924132,9973.895099999936,2859.4140019177853
1746383724,2000,,Aggregated,1156.000000,0.000000,410,470,500,530,640,680,710,720,760,770,770,1055973,51,430.0,450.8615722531792,26.804099999935715,9982.970299999579,2905.742482052098
1746383725,2000,GET,GET /pastes/:slug,1104.400000,0.000000,430,480,510,530,640,680,710,720,760,770,770,961133,50,430.0,450.37905116952635,26.804099999935715,9982.970299999579,2910.403936812075
1746383725,2000,POST,POST /pastes,114.000000,0.000000,410,470,500,530,620,690,710,720,760,760,760,96053,1,430.0,456.48332637501767,32.33849999924132,9973.895099999936,2859.4861899159837
1746383725,2000,,Aggregated,1218.400000,0.000000,430,480,510,530,640,680,710,720,760,770,770,1057186,51,430.0,450.9336687546059,26.804099999935715,9982.970299999579,2905.777690964504
1746383726,2000,GET,GET /pastes/:slug,1076.800000,0.000000,420,470,510,530,640,680,710,720,760,770,770,962470,50,430.0,450.23234100857155,26.804099999935715,9982.970299999579,2910.4206157075027
1746383726,2000,POST,POST /pastes,110.700000,0.000000,400,460,500,520,620,690,710,720,760,760,760,96197,1,430.0,456.29948479889794,32.33849999924132,9973.895099999936,2859.3460502926287
1746383726,2000,,Aggregated,1187.500000,0.000000,420,470,510,530,640,680,710,720,760,770,770,1058667,51,430.0,450.78363903824965,26.804099999935715,9982.970299999579,2905.7796663162258
1746383727,2000,GET,GET /pastes/:slug,1065.200000,0.000000,420,470,500,530,640,680,710,720,760,770,770,963345,50,430.0,450.1128028791555,26.804099999935715,9982.970299999579,2910.371447404616
1746383727,2000,POST,POST /pastes,108.900000,0.000000,390,460,490,520,620,690,710,720,760,760,760,96302,1,430.0,456.1580793129903,32.33849999924132,9973.895099999936,2859.3159747461114
1746383727,2000,,Aggregated,1174.100000,0.000000,410,470,500,530,630,680,710,720,760,770,770,1059647,51,430.0,450.6622049074894,26.804099999935715,9982.970299999579,2905.7314643461455
1746383728,2000,GET,GET /pastes/:slug,1085.800000,0.000000,410,470,500,530,630,680,710,750,780,790,790,964612,50,430.0,450.25947411158126,26.804099999935715,9982.970299999579,2910.3570388923213
1746383728,2000,POST,POST /pastes,111.100000,0.000000,390,460,490,520,610,680,710,740,780,780,780,96441,1,430.0,456.2972867525178,32.33849999924132,9973.895099999936,2859.5826049087004
1746383728,2000,,Aggregated,1196.900000,0.000000,410,470,500,530,620,680,710,740,780,790,790,1061053,51,430.0,450.8082616734574,26.804099999935715,9982.970299999579,2905.7420600101973
1746383729,2000,GET,GET /pastes/:slug,1051.900000,0.000000,380,450,480,510,630,680,710,750,780,790,790,965796,50,430.0,449.9396563442182,26.804099999935715,9982.970299999579,2910.340755190537
1746383729,2000,POST,POST /pastes,110.500000,0.000000,370,440,470,490,610,680,710,740,780,780,780,96560,1,430.0,455.9817526988352,32.33849999924132,9973.895099999936,2859.695225766363
1746383729,2000,,Aggregated,1162.400000,0.000000,380,450,480,510,620,680,710,750,780,790,790,1062356,51,430.0,450.4888364909756,26.804099999935715,9982.970299999579,2905.737465595337
1746383730,2000,GET,GET /pastes/:slug,1044.500000,0.000000,400,460,500,530,630,680,710,750,780,790,790,966612,50,430.0,449.9094154968289,26.804099999935715,9982.970299999579,2910.2791099220785
1746383730,2000,POST,POST /pastes,108.000000,0.000000,390,450,490,510,610,680,710,740,780,780,780,96652,1,430.0,455.94568773641,32.33849999924132,9973.895099999936,2859.488101643008
1746383730,2000,,Aggregated,1152.500000,0.000000,400,460,500,530,630,680,710,750,780,790,790,1063264,51,430.0,450.45812003726934,26.804099999935715,9982.970299999579,2905.662145055226
1746383731,2000,GET,GET /pastes/:slug,1092.100000,0.000000,420,490,530,590,670,710,730,770,800,860,860,968048,50,430.0,450.06399784444545,26.804099999935715,9982.970299999579,2910.222703832868
1746383731,2000,POST,POST /pastes,113.300000,0.000000,420,480,520,580,680,710,730,750,800,800,800,96806,1,430.0,456.13804830691794,32.33849999924132,9973.895099999936,2859.669617585687
1746383731,2000,,Aggregated,1205.400000,0.000000,420,480,530,580,670,710,730,770,800,860,860,1064854,51,430.0,450.6161904727841,26.804099999935715,9982.970299999579,2905.626916929457
1746383732,2000,GET,GET /pastes/:slug,1061.700000,0.000000,380,450,500,530,660,710,740,770,800,860,860,969034,50,430.0,449.87799558191006,26.804099999935715,9982.970299999579,2910.1975338326624
1746383732,2000,POST,POST /pastes,111.100000,0.000000,380,450,490,520,660,710,730,750,800,800,800,96918,1,430.0,455.91652063702793,32.33849999924132,9973.895099999936,2859.714820776326
1746383732,2000,,Aggregated,1172.800000,0.000000,380,450,500,530,660,710,740,770,800,860,860,1065952,51,430.0,450.4270275939318,26.804099999935715,9982.970299999579,2905.607567695356
1746383733,2000,GET,GET /pastes/:slug,1041.600000,0.000000,420,470,520,580,670,710,740,770,800,860,860,969952,50,430.0,449.94403337682684,26.804099999935715,9982.970299999579,2910.2145508231333
1746383733,2000,POST,POST /pastes,108.500000,0.000000,420,480,520,580,680,710,730,760,800,800,800,97017,1,430.0,456.01082759825056,32.33849999924132,9973.895099999936,2859.6516074502406
1746383733,2000,,Aggregated,1150.100000,0.000000,420,480,520,580,670,710,740,770,800,860,860,1066969,51,430.0,450.49567281055596,26.804099999935715,9982.970299999579,2905.6169804371075
1746383734,2000,GET,GET /pastes/:slug,1080.200000,0.000000,430,510,570,600,670,710,730,770,800,860,860,971171,50,430.0,450.0993433346131,26.804099999935715,9982.970299999579,2910.185192926889
1746383734,2000,POST,POST /pastes,113.800000,0.000000,430,510,570,610,680,710,730,750,800,800,800,97142,1,430.0,456.1583282699502,32.33849999924132,9973.895099999936,2859.6628440839186
1746383734,2000,,Aggregated,1194.000000,0.000000,430,510,570,610,670,710,730,770,800,860,860,1068313,51,430.0,450.65028853005214,26.804099999935715,9982.970299999579,2905.5911816106327
1746383735,2000,GET,GET /pastes/:slug,1041.200000,0.000000,420,500,540,590,670,710,740,770,800,860,860,972109,50,430.0,450.0007101168899,26.804099999935715,9982.970299999579,2910.1890775622896
1746383735,2000,POST,POST /pastes,112.200000,0.000000,420,500,550,610,680,710,730,760,800,800,800,97234,1,430.0,456.0596051124042,32.33849999924132,9973.895099999936,2859.507898471728
1746383735,2000,,Aggregated,1153.400000,0.000000,420,500,540,600,670,710,740,770,800,860,860,1069343,51,430.0,450.55163773878525,26.804099999935715,9982.970299999579,2905.5807023564935
1746383736,2000,GET,GET /pastes/:slug,1040.700000,0.000000,470,530,600,650,710,750,810,830,910,920,920,973116,50,430.0,450.23421192326475,26.804099999935715,9982.970299999579,2910.217911328146
1746383736,2000,POST,POST /pastes,112.700000,0.000000,480,540,620,660,710,740,790,840,900,910,910,97347,1,430.0,456.3093916946547,32.33849999924132,9973.895099999936,2859.2682465818157
1746383736,2000,,Aggregated,1153.400000,0.000000,470,540,610,650,710,750,810,840,910,920,920,1070463,51,430.0,450.7866836342833,26.804099999935715,9982.970299999579,2905.584591900888
1746383737,2000,GET,GET /pastes/:slug,1068.400000,0.000000,470,540,600,650,710,750,810,830,910,920,920,974447,50,430.0,450.2226364906676,26.804099999935715,9982.970299999579,2910.231537477154
1746383737,2000,POST,POST /pastes,114.500000,0.000000,480,550,620,660,710,740,790,840,900,910,910,97454,1,430.0,456.26602074003716,32.33849999924132,9973.895099999936,2859.3930059310032
1746383737,2000,,Aggregated,1182.900000,0.000000,470,540,600,650,710,750,800,830,910,920,920,1071901,51,430.0,450.7720827255575,26.804099999935715,9982.970299999579,2905.609451805717
1746383738,2000,GET,GET /pastes/:slug,1025.900000,0.000000,470,530,580,620,690,740,810,830,910,920,920,975321,50,430.0,450.17151385720376,26.804099999935715,9982.970299999579,2910.254441358281
1746383738,2000,POST,POST /pastes,110.900000,0.000000,480,530,590,630,690,730,800,840,900,910,910,97544,1,430.0,456.1869616060405,32.33849999924132,9973.895099999936,2859.35759247109
1746383738,2000,,Aggregated,1136.800000,0.000000,470,530,580,620,690,740,810,840,910,920,920,1072865,51,430.0,450.71843339992245,26.804099999935715,9982.970299999579,2905.6269418799197
1746383739,2000,GET,GET /pastes/:slug,1030.100000,0.000000,500,550,610,660,710,760,810,830,910,920,920,976649,50,430.0,450.33034628983603,26.804099999935715,9982.970299999579,2910.375063098411
1746383739,2000,POST,POST /pastes,109.800000,0.000000,500,570,630,660,710,740,790,840,900,910,910,97694,1,430.0,456.3584459895146,32.33849999924132,9973.895099999936,2859.246381558745
1746383739,2000,,Aggregated,1139.900000,0.000000,500,550,610,660,710,760,810,830,910,920,920,1074343,51,430.0,450.8785037889278,26.804099999935715,9982.970299999579,2905.7257421512495
1746383741,2000,GET,GET /pastes/:slug,1011.800000,0.000000,470,530,590,620,700,760,820,840,910,920,920,977652,50,430.0,450.1276131991979,26.804099999935715,9982.970299999579,2910.3703966237476
1746383741,2000,POST,POST /pastes,104.300000,0.000000,470,550,600,630,690,730,780,840,910,910,910,97787,1,430.0,456.15313378567345,32.33849999924132,9973.895099999936,2859.177937762688
1746383741,2000,,Aggregated,1116.100000,0.000000,470,530,590,620,700,760,810,840,910,920,920,1075439,51,430.0,450.67549883620376,26.804099999935715,9982.970299999579,2905.71559335304
1746383742,2000,GET,GET /pastes/:slug,1053.600000,0.000000,490,570,620,650,730,800,830,850,910,920,920,978245,50,430.0,450.22880630897487,26.804099999935715,9982.970299999579,2910.3789970815083
1746383742,2000,POST,POST /pastes,109.600000,0.000000,500,580,640,660,710,770,820,840,910,910,910,97845,1,430.0,456.27161869078304,32.33849999924132,9973.895099999936,2859.21062905616
1746383742,2000,,Aggregated,1163.200000,0.000000,500,570,620,660,730,800,830,850,910,920,920,1076090,51,430.0,450.77825754212836,26.804099999935715,9982.970299999579,2905.726441096934
1746383743,2000,GET,GET /pastes/:slug,1053.000000,0.000000,500,580,650,710,830,1200,1300,1400,1400,1400,1400,978923,50,430.0,450.7600949723557,26.804099999935715,9982.970299999579,2910.3121624479145
1746383743,2000,POST,POST /pastes,106.800000,0.000000,510,600,690,720,900,1300,1400,1400,1400,1400,1400,97932,1,430.0,456.94994402340023,32.33849999924132,9973.895099999936,2859.3646305599805
1746383743,2000,,Aggregated,1159.800000,0.000000,500,580,660,710,830,1200,1300,1400,1400,1400,1400,1076855,51,430.0,451.32301597588275,26.804099999935715,9982.970299999579,2905.678861128007
1746383744,2000,GET,GET /pastes/:slug,991.900000,0.000000,520,690,780,840,1100,1300,1400,1400,1400,1400,1400,980230,50,430.0,451.42035424606763,26.804099999935715,9982.970299999579,2910.3374187690642
1746383744,2000,POST,POST /pastes,100.500000,0.000000,550,700,770,890,1100,1400,1400,1400,1400,1400,1400,98069,1,430.0,457.6201832179349,32.33849999924132,9973.895099999936,2859.4747575686506
1746383744,2000,,Aggregated,1092.400000,0.000000,520,690,780,840,1100,1300,1400,1400,1400,1400,1400,1078299,51,430.0,451.98421550108856,26.804099999935715,9982.970299999579,2905.7115679417307
1746383745,2000,GET,GET /pastes/:slug,948.000000,0.000000,500,680,770,830,1100,1300,1400,1400,1400,1400,1400,981256,50,430.0,451.2058190970788,26.804099999935715,9982.970299999579,2910.3727457462683
1746383745,2000,POST,POST /pastes,95.700000,0.000000,520,700,770,880,1100,1400,1400,1400,1400,1400,1400,98156,1,430.0,457.4203010737971,32.33849999924132,9973.895099999936,2859.6152654957414
1746383745,2000,,Aggregated,1043.700000,0.000000,500,680,770,830,1100,1300,1400,1400,1400,1400,1400,1079412,51,430.0,451.77093111444816,26.804099999935715,9982.970299999579,2905.75712980771
1746383746,2000,GET,GET /pastes/:slug,971.900000,0.000000,450,580,700,790,1100,1300,1400,1400,1400,1400,1400,982471,50,430.0,451.2174913935605,26.804099999935715,9982.970299999579,2910.340682829315
1746383746,2000,POST,POST /pastes,98.200000,0.000000,480,600,710,820,1100,1400,1400,1400,1400,1400,1400,98278,1,430.0,457.4141559982869,32.33849999924132,9973.895099999936,2859.4598485927672
1746383746,2000,,Aggregated,1070.100000,0.000000,450,580,700,790,1100,1300,1400,1400,1400,1400,1400,1080749,51,430.0,451.7809856036028,26.804099999935715,9982.970299999579,2905.7138299457138
1746383747,2000,GET,GET /pastes/:slug,955.500000,0.000000,450,580,700,790,1100,1300,1400,1400,1400,1400,1400,983720,50,430.0,451.1430325680292,26.804099999935715,9982.970299999579,2910.3314408571546
1746383747,2000,POST,POST /pastes,97.400000,0.000000,470,600,710,820,1100,1400,1400,1400,1400,1400,1400,98391,1,430.0,457.33394508033865,32.33849999924132,9973.895099999936,2859.6884674411276
1746383747,2000,,Aggregated,1052.900000,0.000000,450,580,700,790,1100,1300,1400,1400,1400,1400,1400,1082111,51,430.0,451.7059416161624,26.804099999935715,9982.970299999579,2905.726725816483
1746383748,2000,GET,GET /pastes/:slug,980.800000,0.000000,420,570,700,790,1100,1300,1400,1400,1400,1400,1400,984671,50,430.0,451.00867177181203,26.804099999935715,9982.970299999579,2910.338049967959
1746383748,2000,POST,POST /pastes,98.000000,0.000000,440,600,710,820,1100,1300,1400,1400,1400,1400,1400,98487,1,430.0,457.20281732614063,32.33849999924132,9973.895099999936,2859.6577923989967
1746383748,2000,,Aggregated,1078.800000,0.000000,420,570,700,790,1100,1300,1400,1400,1400,1400,1400,1083158,51,430.0,451.57187936774466,26.804099999935715,9982.970299999579,2905.7299073634686
1746383749,2000,GET,GET /pastes/:slug,999.700000,0.000000,400,550,630,770,1100,1300,1400,1400,1400,1400,1400,985843,50,430.0,451.03246152645306,26.804099999935715,9982.970299999579,2910.3768531094706
1746383749,2000,POST,POST /pastes,98.800000,0.000000,410,580,680,830,1100,1400,1400,1400,1400,1400,1400,98608,1,430.0,457.2392555715522,32.33849999924132,9973.895099999936,2859.6014015090054
1746383749,2000,,Aggregated,1098.500000,0.000000,400,560,630,770,1100,1300,1400,1400,1400,1400,1400,1084451,51,430.0,451.59683884473225,26.804099999935715,9982.970299999579,2905.7598941768692
1746383750,2000,GET,GET /pastes/:slug,979.600000,0.000000,400,540,620,750,1100,1300,1400,1400,1400,1400,1400,986945,50,430.0,450.8623857093583,26.804099999935715,9982.970299999579,2910.3074943385905
1746383750,2000,POST,POST /pastes,99.200000,0.000000,420,580,660,820,1100,1400,1400,1400,1400,1400,1400,98700,1,430.0,457.0990343515664,32.33849999924132,9973.895099999936,2859.5247517730495
1746383750,2000,,Aggregated,1078.800000,0.000000,410,540,630,760,1100,1300,1400,1400,1400,1400,1400,1085645,51,430.0,451.4293824909693,26.804099999935715,9982.970299999579,2905.690647495268
1746383751,2000,GET,GET /pastes/:slug,1020.000000,0.000000,410,510,580,630,1100,1300,1400,1400,1400,1400,1400,988030,50,430.0,450.8552800445562,26.804099999935715,9982.970299999579,2910.2823507383378
1746383751,2000,POST,POST /pastes,103.100000,0.000000,420,540,620,700,1100,1300,1400,1400,1400,1400,1400,98793,1,430.0,457.09202260787345,32.33849999924132,9973.895099999936,2859.630075005314
1746383751,2000,,Aggregated,1123.100000,0.000000,410,510,580,630,1100,1300,1400,1400,1400,1400,1400,1086823,51,430.0,451.4222044729533,26.804099999935715,9982.970299999579,2905.6780220882333
1746383752,2000,GET,GET /pastes/:slug,1004.300000,0.000000,390,430,530,570,900,1100,1400,1400,1400,1400,1400,989365,50,430.0,450.6565938217168,26.804099999935715,9982.970299999579,2910.287181171762
1746383752,2000,POST,POST /pastes,97.600000,0.000000,390,470,560,590,980,1300,1400,1400,1400,1400,1400,98920,1,430.0,456.89809197330834,32.33849999924132,9973.895099999936,2859.892256368783
1746383752,2000,,Aggregated,1102.000000,0.000000,390,430,530,570,910,1100,1400,1400,1400,1400,1400,1088285,51,430.0,451.22391671704423,26.804099999935715,9982.970299999579,2905.7065189725117
1746383753,2000,GET,GET /pastes/:slug,1005.900000,0.000000,360,400,430,450,550,590,630,640,650,670,670,990359,50,430.0,450.45835115298934,26.804099999935715,9982.970299999579,2910.2957553775955
1746383753,2000,POST,POST /pastes,98.100000,0.000000,360,400,430,480,570,620,630,640,680,680,680,99015,1,430.0,456.70877853860236,32.33849999924132,9973.895099999936,2859.9475937989196
1746383753,2000,,Aggregated,1104.000000,0.000000,360,400,430,450,560,590,630,640,660,670,680,1089374,51,430.0,451.02646280938313,26.804099999935715,9982.970299999579,2905.7195279123607
1746383754,2000,GET,GET /pastes/:slug,1074.700000,0.000000,380,420,470,520,590,630,660,660,710,720,720,991439,50,430.0,450.57943485784125,26.804099999935715,9982.970299999579,2910.2898362884657
1746383754,2000,POST,POST /pastes,103.700000,0.000000,380,430,500,540,620,650,670,700,720,720,720,99129,1,430.0,456.85637020346974,32.33849999924132,9973.895099999936,2860.24099910218
1746383754,2000,,Aggregated,1178.400000,0.000000,380,420,470,520,590,640,660,660,710,720,720,1090568,51,430.0,451.14998738080413,26.804099999935715,9982.970299999579,2905.740563632896
1746383755,2000,GET,GET /pastes/:slug,1135.200000,0.000000,380,420,460,500,580,630,650,660,710,720,720,992746,50,430.0,450.45212742818774,26.804099999935715,9982.970299999579,2910.1997912859883
1746383755,2000,POST,POST /pastes,108.900000,0.000000,390,430,480,520,600,650,670,700,710,720,720,99269,1,430.0,456.7141853458763,32.33849999924132,9973.895099999936,2860.2529289103345
1746383755,2000,,Aggregated,1244.100000,0.000000,380,420,460,500,580,630,660,660,710,720,720,1092015,51,430.0,451.0213762273499,26.804099999935715,9982.970299999579,2905.6594002829634
1746383756,2000,GET,GET /pastes/:slug,1071.800000,0.000000,360,400,430,470,570,630,660,660,710,720,720,993756,50,430.0,450.3225252494807,26.804099999935715,9982.970299999579,2910.167835967783
1746383756,2000,POST,POST /pastes,101.300000,0.000000,370,410,440,480,610,650,670,700,710,720,720,99369,1,430.0,456.58506394549414,32.33849999924132,9973.895099999936,2860.262425907476
1746383756,2000,,Aggregated,1173.100000,0.000000,360,400,430,470,570,630,660,660,710,720,720,1093125,51,430.0,450.89181257496506,26.804099999935715,9982.970299999579,2905.6312544311036
1746383757,2000,GET,GET /pastes/:slug,1094.500000,0.000000,390,430,470,510,600,640,660,660,710,720,720,994940,50,430.0,450.3812578145652,26.804099999935715,9982.970299999579,2910.1170683659316
1746383757,2000,POST,POST /pastes,104.600000,0.000000,390,440,480,520,620,650,670,700,710,720,720,99489,1,430.0,456.63349787715026,32.33849999924132,9973.895099999936,2860.288433897215
1746383757,2000,,Aggregated,1199.100000,0.000000,390,430,470,510,600,640,660,660,710,720,720,1094429,51,430.0,450.94961730757234,26.804099999935715,9982.970299999579,2905.5873994567028
1746383758,2000,GET,GET /pastes/:slug,1109.800000,0.000000,370,420,460,480,560,630,660,660,710,720,720,996220,50,430.0,450.14219532023407,26.804099999935715,9982.970299999579,2910.1305715604985
1746383758,2000,POST,POST /pastes,107.600000,0.000000,370,430,470,490,580,650,660,700,710,720,720,99613,1,430.0,456.40836067782124,32.33849999924132,9973.895099999936,2860.4816740786846
1746383758,2000,,Aggregated,1217.400000,0.000000,370,420,460,480,560,630,660,660,710,720,720,1095833,51,430.0,450.71179993129346,26.804099999935715,9982.970299999579,2905.6174061193633
1746383759,2000,GET,GET /pastes/:slug,1074.400000,0.000000,370,430,470,500,580,630,660,660,710,720,720,997022,50,430.0,450.07203231004235,26.804099999935715,9982.970299999579,2910.1525242171188
1746383759,2000,POST,POST /pastes,105.400000,0.000000,380,440,480,510,610,650,660,700,710,720,720,99690,1,430.0,456.3749305486989,32.33849999924132,9973.895099999936,2860.512197813221
1746383759,2000,,Aggregated,1179.800000,0.000000,370,430,470,500,590,640,660,660,710,720,720,1096712,51,430.0,450.6449593185892,26.804099999935715,9982.970299999579,2905.640269277623
1746383760,2000,GET,GET /pastes/:slug,1100.700000,0.000000,390,470,500,520,600,630,650,660,710,720,720,998412,50,430.0,450.1513414209997,26.804099999935715,9982.970299999579,2910.174526147522
1746383760,2000,POST,POST /pastes,108.000000,0.000000,390,480,510,530,610,650,660,700,710,720,720,99823,1,430.0,456.4509682798537,32.33849999924132,9973.895099999936,2860.4469611211844
1746383760,2000,,Aggregated,1208.700000,0.000000,390,470,500,530,600,630,660,660,710,720,720,1098235,51,430.0,450.72393986479085,26.804099999935715,9982.970299999579,2905.6545875882666
1746383761,2000,GET,GET /pastes/:slug,1094.100000,0.000000,370,450,490,510,600,630,660,660,710,720,720,999519,50,430.0,449.911272648767,26.804099999935715,9982.970299999579,2910.2037710138575
1746383761,2000,POST,POST /pastes,105.200000,0.000000,380,460,500,530,610,650,660,700,710,720,720,99933,1,430.0,456.2003415448338,32.33849999924132,9973.895099999936,2860.2392703111086
1746383761,2000,,Aggregated,1199.300000,0.000000,370,450,490,510,600,630,660,660,710,720,720,1099452,51,430.0,450.4829079015805,26.804099999935715,9982.970299999579,2905.66232450348
1746383762,2000,GET,GET /pastes/:slug,1069.700000,0.000000,390,460,500,520,600,630,660,660,710,720,720,1000364,50,430.0,449.82168581148716,26.804099999935715,9982.970299999579,2910.211869879364
1746383762,2000,POST,POST /pastes,105.900000,0.000000,390,470,510,530,610,650,660,700,710,720,720,100019,1,430.0,456.10996886291423,32.33849999924132,9973.895099999936,2860.4808686349593
1746383762,2000,,Aggregated,1175.500000,0.000000,390,470,500,520,600,640,660,660,710,720,720,1100383,51,430.0,450.39325751198294,26.804099999935715,9982.970299999579,2905.691584657342
1746383763,2000,GET,GET /pastes/:slug,1112.700000,0.000000,410,480,510,540,620,650,790,880,920,950,950,1001776,50,430.0,449.9676651314499,26.804099999935715,9982.970299999579,2910.150844100877
1746383763,2000,POST,POST /pastes,109.700000,0.000000,420,490,520,560,630,660,730,820,880,880,880,100158,1,430.0,456.219356768304,32.33849999924132,9973.895099999936,2860.4652948341623
1746383763,2000,,Aggregated,1222.400000,0.000000,410,480,510,540,620,660,790,880,920,950,950,1101934,51,430.0,450.5358996454498,26.804099999935715,9982.970299999579,2905.634779396951
1746383764,2000,GET,GET /pastes/:slug,1081.100000,0.000000,360,450,490,510,590,620,800,880,920,950,950,1002809,50,430.0,449.7697834906979,26.804099999935715,9982.970299999579,2910.1664554267063
1746383764,2000,POST,POST /pastes,108.600000,0.000000,370,450,500,510,590,630,730,820,880,880,880,100265,1,430.0,456.0131040632306,32.33849999924132,9973.895099999936,2860.5661098090063
1746383764,2000,,Aggregated,1189.700000,0.000000,360,450,490,510,590,620,790,880,920,950,950,1103074,51,430.0,450.3372762764866,26.804099999935715,9982.970299999579,2905.6579830546275
1746383765,2000,GET,GET /pastes/:slug,1061.400000,0.000000,410,480,500,520,590,630,810,890,920,950,950,1003853,50,430.0,449.77686836431616,26.804099999935715,9982.970299999579,2910.137071862115
1746383765,2000,POST,POST /pastes,106.100000,0.000000,410,480,510,530,600,630,760,820,880,880,880,100359,1,430.0,456.0126739146446,32.33849999924132,9973.895099999936,2860.6743490867784
1746383765,2000,,Aggregated,1167.500000,0.000000,410,480,500,520,590,630,800,880,920,950,950,1104212,51,430.0,450.3436247563963,26.804099999935715,9982.970299999579,2905.641531698623
1746383767,2000,GET,GET /pastes/:slug,1103.400000,0.000000,410,490,520,550,620,710,810,890,920,950,950,1004998,50,430.0,449.92519974768476,26.804099999935715,9982.970299999579,2910.1529376177864
1746383767,2000,POST,POST /pastes,109.600000,0.000000,410,490,520,550,610,690,770,820,880,880,880,100444,1,430.0,456.1080179453206,32.33849999924132,9973.895099999936,2860.4707299589822
1746383767,2000,,Aggregated,1213.000000,0.000000,410,490,520,550,620,710,810,880,920,950,950,1105442,51,430.0,450.4869904079178,26.804099999935715,9982.970299999579,2905.638653136031
1746383768,2000,GET,GET /pastes/:slug,1072.400000,0.000000,430,500,530,560,620,710,810,890,920,950,950,1006264,50,430.0,449.8253891787076,26.804099999935715,9982.970299999579,2910.092591009914
1746383768,2000,POST,POST /pastes,105.500000,0.000000,420,500,520,550,620,690,770,820,880,880,880,100555,1,430.0,455.99330109989313,32.33849999924132,9973.895099999936,2860.532355427378
1746383768,2000,,Aggregated,1177.900000,0.000000,430,500,530,560,620,710,800,880,920,950,950,1106819,51,430.0,450.3857467287867,26.804099999935715,9982.970299999579,2905.5900214940293
1746383769,2000,GET,GET /pastes/:slug,1093.800000,0.000000,410,490,510,530,610,710,810,890,920,950,950,1007259,50,430.0,449.7329268059392,26.804099999935715,9982.970299999579,2910.099117506024
1746383769,2000,POST,POST /pastes,104.100000,0.000000,370,480,510,520,590,690,770,820,880,880,880,100636,1,430.0,455.8985989814753,32.33849999924132,9973.895099999936,2860.7151317619937
1746383769,2000,,Aggregated,1197.900000,0.000000,410,490,510,530,600,710,800,880,920,950,950,1107895,51,430.0,450.29298762852903,26.804099999935715,9982.970299999579,2905.6133072177417
1746383770,2000,GET,GET /pastes/:slug,1086.700000,0.000000,430,500,540,560,650,710,810,890,920,950,950,1008411,50,430.0,449.874338749898,26.804099999935715,9982.970299999579,2910.1051515701433
1746383770,2000,POST,POST /pastes,101.900000,0.000000,410,500,540,550,640,690,770,820,880,880,880,100772,1,430.0,456.04526807148534,32.33849999924132,9973.895099999936,2860.8923212797204
1746383770,2000,,Aggregated,1188.600000,0.000000,430,500,540,560,650,710,810,880,920,950,950,1109183,51,430.0,450.43498283620374,26.804099999935715,9982.970299999579,2905.63404505839
1746383771,2000,GET,GET /pastes/:slug,1059.500000,0.000000,430,500,530,560,650,710,810,890,920,950,950,1009563,50,430.0,449.6155129231393,26.804099999935715,9982.970299999579,2910.0808854920397
1746383771,2000,POST,POST /pastes,100.000000,0.000000,420,500,530,550,640,690,770,820,880,880,880,100913,1,430.0,455.738320160928,32.33849999924132,9973.895099999936,2860.9022028876357
1746383771,2000,,Aggregated,1159.500000,0.000000,430,500,530,560,650,710,800,880,920,950,950,1110476,51,430.0,450.1719147245047,26.804099999935715,9982.970299999579,2905.6118394274167
1746383772,2000,GET,GET /pastes/:slug,1072.800000,0.000000,440,510,550,580,650,710,810,890,920,950,950,1010514,50,430.0,449.64306000453644,26.804099999935715,9982.970299999579,2910.101695770667
1746383772,2000,POST,POST /pastes,100.600000,0.000000,410,510,550,570,640,690,760,820,880,880,880,101006,1,430.0,455.7658592133115,32.33849999924132,9973.895099999936,2860.730709066788
1746383772,2000,,Aggregated,1173.400000,0.000000,430,510,550,580,650,710,800,880,920,950,950,1111520,51,430.0,450.19945076391787,26.804099999935715,9982.970299999579,2905.6152574852454
1746383773,2000,GET,GET /pastes/:slug,1072.200000,0.000000,430,510,540,560,620,670,710,720,760,780,780,1011891,50,430.0,449.6138680006285,26.804099999935715,9982.970299999579,2910.0634277802646
1746383773,2000,POST,POST /pastes,103.900000,0.000000,420,510,540,550,610,650,690,720,730,730,730,101130,1,430.0,455.73911717590954,32.33849999924132,9973.895099999936,2860.4551369524374
1746383773,2000,,Aggregated,1176.100000,0.000000,430,510,540,560,620,670,710,720,760,770,780,1113021,51,430.0,450.1704131593293,26.804099999935715,9982.970299999579,2905.5559778297084
1746383774,2000,GET,GET /pastes/:slug,1037.500000,0.000000,430,510,540,560,620,670,710,720,760,780,780,1012919,50,430.0,449.4024069558612,26.804099999935715,9982.970299999579,2909.993863280282
1746383774,2000,POST,POST /pastes,99.800000,0.000000,420,510,540,550,610,650,690,720,730,730,730,101239,1,430.0,455.511893442248,32.33849999924132,9973.895099999936,2860.7336797084126
1746383774,2000,,Aggregated,1137.300000,0.000000,430,510,540,560,620,670,710,720,760,770,780,1114158,51,430.0,449.95755111170024,26.804099999935715,9982.970299999579,2905.517791013483
1746383775,2000,GET,GET /pastes/:slug,1090.600000,0.000000,430,510,550,570,620,670,710,720,760,770,780,1014018,50,430.0,449.48142744628154,26.804099999935715,9982.970299999579,2910.043100812806
1746383775,2000,POST,POST /pastes,105.400000,0.000000,420,510,550,570,620,650,690,720,730,730,730,101354,1,430.0,455.5996097164371,32.33849999924132,9973.895099999936,2860.8677802553425
1746383775,2000,,Aggregated,1196.000000,0.000000,430,510,550,570,620,670,710,720,760,770,780,1115372,51,430.0,450.03738747199066,26.804099999935715,9982.970299999579,2905.5745329809247
1746383776,2000,GET,GET /pastes/:slug,1061.000000,0.000000,400,510,540,570,610,630,660,670,700,720,720,1015296,50,430.0,449.47428016915603,26.804099999935715,9982.970299999579,2910.0292328542614
1746383776,2000,POST,POST /pastes,102.300000,0.000000,400,510,550,570,610,640,660,670,710,710,710,101471,1,430.0,455.5961353805499,32.33849999924132,9973.895099999936,2860.639148130993
1746383776,2000,,Aggregated,1163.300000,0.000000,400,510,540,570,610,640,660,670,700,720,720,1116767,51,430.0,450.03052043247106,26.804099999935715,9982.970299999579,2905.541581189272
1746383777,2000,GET,GET /pastes/:slug,1052.500000,0.000000,410,500,540,570,610,640,660,670,700,720,720,1016295,50,430.0,449.43421591321663,26.804099999935715,9982.970299999579,2909.9905027575655
1746383777,2000,POST,POST /pastes,102.500000,0.000000,390,510,550,570,610,640,660,670,710,710,710,101565,1,430.0,455.5107350100899,32.33849999924132,9973.895099999936,2860.6705065721458
1746383777,2000,,Aggregated,1155.000000,0.000000,410,500,540,570,610,640,660,670,700,720,720,1117860,51,430.0,449.98630800172526,26.804099999935715,9982.970299999579,2905.509453777754
1746383778,2000,GET,GET /pastes/:slug,1079.500000,0.000000,410,500,540,570,610,640,660,670,700,720,720,1017622,50,430.0,449.32822404470716,26.804099999935715,9982.970299999579,2909.91005402792
1746383778,2000,POST,POST /pastes,106.000000,0.000000,400,510,550,570,610,640,660,670,710,710,710,101689,1,430.0,455.39273339495713,32.33849999924132,9973.895099999936,2860.4000236013726
1746383778,2000,,Aggregated,1185.500000,0.000000,410,500,540,570,610,640,660,670,700,720,720,1119311,51,430.0,449.8791825283671,26.804099999935715,9982.970299999579,2905.412085649118
1746383779,2000,GET,GET /pastes/:slug,1081.300000,0.000000,390,480,530,560,610,630,660,680,710,710,710,1018406,50,430.0,449.34910214357063,26.804099999935715,9982.970299999579,2909.9194731767093
1746383779,2000,POST,POST /pastes,108.200000,0.000000,380,470,530,570,610,640,670,680,710,710,710,101768,1,430.0,455.3972742816977,32.33849999924132,9973.895099999936,2860.4331813536674
1746383779,2000,,Aggregated,1189.500000,0.000000,390,480,530,560,610,640,660,680,710,710,710,1120174,51,430.0,449.89857961951543,26.804099999935715,9982.970299999579,2905.4236350781216
1746383780,2000,GET,GET /pastes/:slug,1076.200000,0.000000,420,520,570,590,630,660,700,720,1200,1400,1400,1019162,50,430.0,449.50831204119095,26.804099999935715,9982.970299999579,2909.823666894959
1746383780,2000,POST,POST /pastes,107.900000,0.000000,420,520,580,600,640,670,700,720,1200,1200,1200,101861,1,430.0,455.5895653684905,32.33849999924132,9973.895099999936,2860.392152050343
1746383780,2000,,Aggregated,1184.100000,0.000000,420,520,570,600,640,660,700,720,1200,1300,1400,1121023,51,430.0,450.0608810296577,26.804099999935715,9982.970299999579,2905.332105585702
1746383781,2000,GET,GET /pastes/:slug,1089.700000,0.000000,450,540,590,620,670,710,1100,1600,2000,2300,2300,1019939,50,430.0,449.8350451593918,26.804099999935715,9982.970299999579,2909.7091443703985
1746383781,2000,POST,POST /pastes,109.700000,0.000000,460,560,600,620,670,710,1100,1600,2000,2000,2000,101934,1,430.0,455.91759475837074,32.33849999924132,9973.895099999936,2860.154953205015
1746383781,2000,,Aggregated,1199.400000,0.000000,450,540,600,620,670,710,1100,1600,2000,2300,2300,1121873,51,430.0,450.38770897321785,26.804099999935715,9982.970299999579,2905.206623209579
1746383782,2000,GET,GET /pastes/:slug,1056.600000,0.000000,450,570,630,660,770,1200,1900,2300,2900,3300,3300,1020899,50,430.0,450.4362242749035,26.804099999935715,9982.970299999579,2909.7869319100128
1746383782,2000,POST,POST /pastes,106.200000,0.000000,450,580,640,670,840,1500,2000,2200,2800,2800,2800,102047,1,430.0,456.65353803737264,32.33849999924132,9973.895099999936,2860.0182464942623
1746383782,2000,,Aggregated,1162.900000,0.000000,450,570,630,660,780,1200,1900,2300,2900,3200,3300,1122946,51,430.0,451.0012186891541,26.804099999935715,9982.970299999579,2905.2642344333567
1746383783,2000,GET,GET /pastes/:slug,980.800000,0.000000,520,620,670,710,1000,1700,2200,2500,3900,4300,4300,1021610,50,430.0,450.96767491599024,26.804099999935715,9982.970299999579,2909.7948473487927
1746383783,2000,POST,POST /pastes,97.400000,0.000000,520,630,680,750,1300,1900,2200,2600,4300,4300,4300,102118,1,430.0,457.4312371756178,32.33849999924132,9973.895099999936,2859.964678117472
1746383783,2000,,Aggregated,1078.200000,0.000000,520,630,670,710,1000,1700,2200,2500,3900,4300,4300,1123728,51,430.0,451.5550466383423,26.804099999935715,9982.970299999579,2905.2665653966083
1746383784,2000,GET,GET /pastes/:slug,982.700000,0.000000,550,640,700,770,1100,1700,2200,2500,4000,5000,5000,1022380,50,430.0,451.2248015890622,26.804099999935715,9982.970299999579,2909.8317171697413
1746383784,2000,POST,POST /pastes,98.300000,0.000000,560,660,740,920,1500,1900,2400,2700,4300,4300,4300,102189,1,430.0,457.81135481509517,32.33849999924132,9973.895099999936,2860.0564640029747
1746383784,2000,,Aggregated,1081.000000,0.000000,550,640,700,790,1100,1800,2200,2500,4000,5000,5000,1124569,51,430.0,451.82331825420385,26.804099999935715,9982.970299999579,2905.3086658088564
1746383785,2000,GET,GET /pastes/:slug,935.500000,0.000000,590,700,790,850,1300,1900,2400,2800,6000,6000,6000,1023251,50,430.0,451.8001706485754,26.804099999935715,9982.970299999579,2909.8059322688177
1746383785,2000,POST,POST /pastes,94.900000,0.000000,620,730,900,1100,1700,2100,2600,2900,6300,6300,6300,102287,1,430.0,458.56700689921274,32.33849999924132,9973.895099999936,2859.9833800971774
1746383785,2000,,Aggregated,1030.400000,0.000000,590,700,790,850,1300,1900,2500,2800,6000,6300,6300,1125538,51,430.0,452.4151293434891,26.804099999935715,9982.970299999579,2905.278142541611
1746383786,2000,GET,GET /pastes/:slug,919.700000,0.000000,650,770,850,960,1500,2000,2500,2900,6000,6800,6800,1023837,50,430.0,452.13043987863864,26.804099999935715,9982.970299999579,2909.790697151988
1746383786,2000,POST,POST /pastes,93.300000,0.000000,670,840,1000,1200,1800,2200,2700,3700,7200,7200,7200,102359,1,430.0,459.1436517531412,32.33849999924132,9973.895099999936,2859.9525884387303
1746383786,2000,,Aggregated,1013.000000,0.000000,650,770,860,970,1500,2000,2500,2900,6000,7200,7200,1126196,51,430.0,452.76786476227267,26.804099999935715,9982.970299999579,2905.2609536883456
1746383787,2000,GET,GET /pastes/:slug,886.800000,0.000000,690,820,950,1000,1700,2100,2700,3700,6000,7700,7700,1024441,50,430.0,452.5399054035568,26.804099999935715,9982.970299999579,2909.769578726349
1746383787,2000,POST,POST /pastes,88.300000,0.000000,710,960,1200,1400,1900,2300,2900,4000,7200,7200,7200,102411,1,430.0,459.59109960843836,32.33849999924132,9973.895099999936,2860.049945806603
1746383787,2000,,Aggregated,975.100000,0.000000,700,820,970,1100,1700,2200,2700,3700,6000,7700,7700,1126852,51,430.0,453.1807347668654,26.804099999935715,9982.970299999579,2905.2509397862364
1746383788,2000,GET,GET /pastes/:slug,860.300000,0.000000,750,880,1100,1300,1900,2400,3000,4000,6000,7800,7800,1025175,50,430.0,453.1548016614979,26.804099999935715,9982.970299999579,2909.738078864584
1746383788,2000,POST,POST /pastes,86.800000,0.000000,810,1100,1400,1700,2100,2600,3400,4000,7200,7200,7200,102497,1,430.0,460.4004344205176,32.33849999924132,9973.895099999936,2860.0149760480795
1746383788,2000,,Aggregated,947.100000,0.000000,750,900,1100,1300,1900,2400,3000,4000,6300,7800,7800,1127672,51,430.0,453.81337580441203,26.804099999935715,9982.970299999579,2905.2186185344676
1746383790,2000,GET,GET /pastes/:slug,811.700000,0.000000,810,1000,1300,1500,2100,2600,3400,4500,6600,10000,10000,1025768,50,430.0,453.74389071147317,26.804099999935715,10249.5214999999,2909.7101596072407
1746383790,2000,POST,POST /pastes,84.500000,0.000000,940,1300,1700,1800,2300,2700,3800,4600,9800,9800,9800,102554,1,430.0,461.0126109639783,32.33849999924132,9973.895099999936,2860.0497006455134
1746383790,2000,,Aggregated,896.200000,0.000000,810,1000,1300,1600,2200,2600,3500,4500,6700,10000,10000,1128322,51,430.0,454.40454993531364,26.804099999935715,10249.5214999999,2905.1964846914266
1746383791,2000,GET,GET /pastes/:slug,748.700000,0.000000,810,1000,1300,1700,2300,2900,4000,5000,6800,11000,11000,1026771,50,430.0,454.521595162627,26.804099999935715,10803.714499999842,2909.8465422182744
1746383791,2000,POST,POST /pastes,78.400000,0.000000,980,1300,1700,1900,2500,3000,4500,5700,11000,11000,11000,102668,1,430.0,462.18672745743396,32.33849999924132,10579.8980999989,2860.135066427709
1746383791,2000,,Aggregated,827.100000,0.000000,820,1000,1400,1700,2300,2900,4100,5100,7700,11000,11000,1129439,51,430.0,455.2183692269457,26.804099999935715,10803.714499999842,2905.3276812647696
1746383792,2000,GET,GET /pastes/:slug,708.500000,0.000000,790,1000,1300,1600,2300,3100,4500,5500,7300,11000,11000,1027560,50,430.0,455.04275890568493,26.804099999935715,10803.714499999842,2909.9154054264473
1746383792,2000,POST,POST /pastes,75.700000,0.000000,970,1300,1700,1900,2500,3600,5400,6300,11000,11000,11000,102752,1,430.0,462.84776753542343,32.33849999924132,10579.8980999989,2859.9202351292433
1746383792,2000,,Aggregated,784.100000,0.000000,800,1000,1300,1600,2300,3100,4500,5600,7700,11000,11000,1130312,51,430.0,455.75228003499217,26.804099999935715,10803.714499999842,2905.3705507859777
1746383793,2000,GET,GET /pastes/:slug,751.100000,0.000000,750,940,1200,1500,2200,3100,4700,5600,10000,12000,12000,1028437,50,430.0,455.4052698561275,26.804099999935715,11645.999200000006,2909.9688050896652
1746383793,2000,POST,POST /pastes,80.200000,0.000000,900,1200,1600,1800,2500,3300,5400,6400,11000,11000,11000,102829,1,430.0,463.178085088835,32.33849999924132,10579.8980999989,2859.984955605909
1746383793,2000,,Aggregated,831.300000,0.000000,750,970,1200,1500,2300,3100,4700,5700,10000,12000,12000,1131266,51,430.0,456.11179760252026,26.804099999935715,11645.999200000006,2905.425409231781
1746383794,2000,GET,GET /pastes/:slug,751.100000,0.000000,720,890,1100,1400,2200,3100,4800,5900,9300,12000,12000,1029481,50,430.0,455.6875988069976,26.804099999935715,11645.999200000006,2910.0786444820255
1746383794,2000,POST,POST /pastes,80.200000,0.000000,810,1100,1400,1700,2500,3100,5100,6300,11000,11000,11000,102944,1,430.0,463.55741627000873,32.33849999924132,10579.8980999989,2859.94898197078
1746383794,2000,,Aggregated,831.300000,0.000000,730,920,1200,1400,2200,3100,4800,5900,10000,12000,12000,1132425,51,430.0,456.40301085538823,26.804099999935715,11645.999200000006,2905.521567432722
1746383795,2000,GET,GET /pastes/:slug,750.700000,0.000000,620,800,1000,1300,2100,3000,4600,5700,10000,14000,14000,1030639,50,430.0,455.7914388543681,26.804099999935715,14443.024099999093,2910.1201167431077
1746383795,2000,POST,POST /pastes,78.000000,0.000000,720,1000,1300,1600,2300,3000,4600,6400,11000,11000,11000,103066,1,430.0,463.6594994149361,32.33849999924132,10579.8980999989,2859.833213668911
1746383795,2000,,Aggregated,828.700000,0.000000,630,820,1000,1300,2100,3000,4600,5800,10000,14000,14000,1133705,51,430.0,456.5067303364748,26.804099999935715,14443.024099999093,2905.548495419884
1746383796,2000,GET,GET /pastes/:slug,764.700000,0.000000,580,730,900,1100,2000,2900,4500,5700,10000,14000,14000,1031481,50,430.0,455.8808864212979,26.804099999935715,14443.024099999093,2910.1954238614185
1746383796,2000,POST,POST /pastes,80.600000,0.000000,680,920,1100,1300,2100,2900,4300,6200,11000,11000,11000,103169,1,430.0,463.8818424071165,32.33849999924132,10579.8980999989,2859.8367048241234
1746383796,2000,,Aggregated,845.300000,0.000000,580,740,930,1200,2000,2900,4500,5700,10000,14000,14000,1134650,51,430.0,456.6083800343831,26.804099999935715,14443.024099999093,2905.616515224959
1746383797,2000,GET,GET /pastes/:slug,813.000000,0.000000,570,690,790,900,1800,2700,4200,5600,10000,14000,14000,1032801,50,430.0,456.12321678273605,26.804099999935715,14443.024099999093,2910.22694013658
1746383797,2000,POST,POST /pastes,86.500000,0.000000,650,790,990,1100,1900,2800,4000,5900,11000,11000,11000,103319,1,430.0,464.12546407340176,32.33849999924132,10579.8980999989,2859.8427297980043
1746383797,2000,,Aggregated,899.500000,0.000000,570,700,800,950,1800,2700,4200,5600,10000,14000,14000,1136120,51,430.0,456.85094289248735,26.804099999935715,14443.024099999093,2905.6449890856597
1746383798,2000,GET,GET /pastes/:slug,811.200000,0.000000,530,610,730,790,1400,2300,3900,5500,11000,14000,14000,1033875,50,430.0,455.9353458375786,26.804099999935715,14443.024099999093,2910.23422270584
1746383798,2000,POST,POST /pastes,87.200000,0.000000,580,720,830,970,1500,2400,4000,5900,11000,11000,11000,103425,1,430.0,463.9262879999981,32.33849999924132,10579.8980999989,2859.9132704858594
1746383798,2000,,Aggregated,898.400000,0.000000,530,630,730,800,1400,2300,3900,5500,11000,14000,14000,1137300,51,430.0,456.6620346559507,26.804099999935715,14443.024099999093,2905.6580823001846
1746383799,2000,GET,GET /pastes/:slug,862.800000,0.000000,510,580,650,720,1000,1900,3600,5300,11000,20000,20000,1034783,50,430.0,455.9813808114611,26.804099999935715,19639.37690000057,2910.3059201784336
1746383799,2000,POST,POST /pastes,91.800000,0.000000,560,670,770,840,1200,2000,3600,5800,11000,11000,11000,103511,1,430.0,463.9337486093243,32.33849999924132,10579.8980999989,2860.0047048139813
1746383799,2000,,Aggregated,954.600000,0.000000,520,580,660,730,1000,1900,3600,5300,11000,20000,20000,1138294,51,430.0,456.704531019677,26.804099999935715,19639.37690000057,2905.7317687697555
1746383800,2000,GET,GET /pastes/:slug,931.300000,0.000000,520,600,680,710,820,1100,2500,4900,11000,21000,21000,1035747,50,430.0,456.27961123935273,26.804099999935715,21022.02749999924,2910.3242152765106
1746383800,2000,POST,POST /pastes,100.700000,0.000000,570,660,720,780,1000,1300,2500,3300,8100,8100,8100,103599,1,430.0,464.15643741734743,32.33849999924132,10579.8980999989,2859.8309829245454
1746383800,2000,,Aggregated,1032.000000,0.000000,530,610,680,710,830,1200,2500,4700,11000,21000,21000,1139346,51,430.0,456.995839071109,26.804099999935715,21022.02749999924,2905.732942407311
1746383801,2000,GET,GET /pastes/:slug,934.200000,0.000000,510,590,650,680,790,1000,1600,2900,11000,21000,21000,1036623,50,430.0,456.4290512939859,26.804099999935715,21022.02749999924,2910.2324171854184
1746383801,2000,POST,POST /pastes,98.800000,0.000000,560,630,700,740,980,1200,1700,2400,8100,8100,8100,103678,1,430.0,464.3270856430467,32.33849999924132,10579.8980999989,2859.9009529504815
1746383801,2000,,Aggregated,1033.000000,0.000000,510,590,650,690,790,1000,1600,2700,11000,20000,21000,1140301,51,430.0,457.1471532733999,26.804099999935715,21022.02749999924,2905.6561995473126
1746383802,2000,GET,GET /pastes/:slug,976.000000,0.000000,500,580,650,680,770,950,1900,2200,11000,21000,21000,1037924,50,430.0,456.65434603615165,26.804099999935715,21022.02749999924,2910.216157445054
1746383802,2000,POST,POST /pastes,101.800000,0.000000,540,630,690,730,960,1300,2000,2700,20000,20000,20000,103800,1,430.0,464.9126389855476,32.33849999924132,19812.114199999996,2860.0926011560696
1746383802,2000,,Aggregated,1077.800000,0.000000,500,590,650,680,780,1000,1900,2300,11000,20000,21000,1141724,51,430.0,457.40514991531404,26.804099999935715,21022.02749999924,2905.6591671892684
1746383803,2000,GET,GET /pastes/:slug,970.000000,0.000000,480,560,620,660,750,820,1400,2000,11000,21000,21000,1039055,50,430.0,456.57694419133446,26.804099999935715,21022.02749999924,2910.2390056349277
1746383803,2000,POST,POST /pastes,99.600000,0.000000,510,610,660,700,830,1000,1900,2100,20000,20000,20000,103914,1,430.0,464.84864712935513,32.33849999924132,19812.114199999996,2860.0583655715304
1746383803,2000,,Aggregated,1069.600000,0.000000,490,570,630,660,760,830,1400,2000,11000,20000,21000,1142969,51,430.0,457.32897310820533,26.804099999935715,21022.02749999924,2905.6767900091777
1746383804,2000,GET,GET /pastes/:slug,1003.400000,0.000000,500,580,630,660,750,820,1300,2000,11000,21000,21000,1039645,50,430.0,456.63011846921523,26.804099999935715,21022.02749999924,2910.250168086222
1746383804,2000,POST,POST /pastes,101.900000,0.000000,530,610,660,700,830,1100,1900,2100,20000,20000,20000,103970,1,430.0,464.88825683850905,32.33849999924132,19812.114199999996,2860.138395691065
1746383804,2000,,Aggregated,1105.300000,0.000000,500,580,630,660,760,830,1400,2000,11000,20000,21000,1143615,51,430.0,457.3808944263696,26.804099999935715,21022.02749999924,2905.694333320217
1746383805,2000,GET,GET /pastes/:slug,1014.100000,0.000000,550,640,690,730,850,930,1300,1900,11000,21000,21000,1040812,50,430.0,457.03727699577706,26.804099999935715,21022.02749999924,2910.1505718612007
1746383805,2000,POST,POST /pastes,103.300000,0.000000,570,650,720,750,930,1000,1900,2000,20000,20000,20000,104083,1,430.0,465.28426555729345,32.33849999924132,19812.114199999996,2860.0029687845276
1746383805,2000,,Aggregated,1117.400000,0.000000,550,640,690,730,850,940,1300,2000,11000,20000,21000,1144895,51,430.0,457.78701501579945,26.804099999935715,21022.02749999924,2905.591627179785
1746383806,2000,GET,GET /pastes/:slug,992.600000,0.000000,500,620,670,700,840,930,1200,1900,10000,21000,21000,1042206,50,430.0,456.9419070981454,26.804099999935715,21022.02749999924,2910.1612867321815
1746383806,2000,POST,POST /pastes,100.800000,0.000000,530,640,690,740,910,1000,1900,2000,20000,20000,20000,104217,1,430.0,465.1901771937382,32.33849999924132,19812.114199999996,2859.881065469165
1746383806,2000,,Aggregated,1093.400000,0.000000,500,620,670,700,850,930,1300,1900,10000,20000,21000,1146423,51,430.0,457.6917262875175,26.804099999935715,21022.02749999924,2905.590501062871
1746383807,2000,GET,GET /pastes/:slug,971.700000,0.000000,530,630,680,700,850,930,1200,1900,2500,21000,21000,1043084,50,430.0,456.90682742389913,26.804099999935715,21022.02749999924,2910.138486449797
1746383807,2000,POST,POST /pastes,96.800000,0.000000,540,650,700,740,920,1000,1900,2100,20000,20000,20000,104292,1,430.0,465.1449639675124,32.33849999924132,19812.114199999996,2859.8478023242433
1746383807,2000,,Aggregated,1068.500000,0.000000,530,630,680,700,850,940,1300,1900,2700,20000,21000,1147376,51,430.0,457.655641880879,26.804099999935715,21022.02749999924,2905.5672595557166
1746383808,2000,GET,GET /pastes/:slug,1009.600000,0.000000,560,640,670,700,840,930,1100,1900,2400,21000,21000,1044319,50,430.0,457.0551620367238,26.804099999935715,21022.02749999924,2910.171217798393
1746383808,2000,POST,POST /pastes,98.100000,0.000000,570,650,690,730,910,1000,1700,2000,20000,20000,20000,104453,1,430.0,465.3190069409187,32.33849999924132,19812.114199999996,2859.8058552650473
1746383808,2000,,Aggregated,1107.700000,0.000000,560,640,670,700,840,930,1200,1900,2700,20000,21000,1148772,51,430.0,457.8065586513374,26.804099999935715,21022.02749999924,2905.5917074928707
1746383809,2000,GET,GET /pastes/:slug,994.800000,0.000000,490,590,640,670,800,920,1100,1900,2300,21000,21000,1045383,50,430.0,456.89846914913534,26.804099999935715,21022.02749999924,2910.1957847028316
1746383809,2000,POST,POST /pastes,96.000000,0.000000,520,610,670,710,890,980,1700,2000,20000,20000,20000,104538,1,430.0,465.1895011163386,32.33849999924132,19812.114199999996,2859.7232967915975
1746383809,2000,,Aggregated,1090.800000,0.000000,490,600,650,680,820,930,1200,1900,2600,20000,21000,1149921,51,430.0,457.6521973615716,26.804099999935715,21022.02749999924,2905.6073886814834
1746383810,2000,GET,GET /pastes/:slug,965.200000,0.000000,460,570,630,650,750,900,950,1800,2200,2600,2700,1046529,50,430.0,456.8752513294231,26.804099999935715,21022.02749999924,2910.154880562316
1746383810,2000,POST,POST /pastes,91.700000,0.000000,480,570,640,670,830,930,1700,2000,20000,20000,20000,104660,1,430.0,465.1532565564663,32.33849999924132,19812.114199999996,2859.9850850372636
1746383810,2000,,Aggregated,1056.900000,0.000000,470,570,630,660,760,900,960,1900,2500,3100,20000,1151189,51,430.0,457.6278436726858,26.804099999935715,21022.02749999924,2905.593708765459
1746383811,2000,GET,GET /pastes/:slug,1018.300000,0.000000,400,530,580,620,730,880,930,940,1400,1800,2500,1047804,50,430.0,456.6954020184404,26.804099999935715,21022.02749999924,2910.1351082836104
1746383811,2000,POST,POST /pastes,99.000000,0.000000,420,540,600,640,740,890,940,980,1300,1700,1700,104777,1,430.0,464.98004784446755,32.33849999924132,19812.114199999996,2859.9722553613865
1746383811,2000,,Aggregated,1117.300000,0.000000,400,540,580,620,730,880,930,940,1400,1800,2500,1152581,51,430.0,457.4485294218068,26.804099999935715,21022.02749999924,2905.574983450187
1746383812,2000,GET,GET /pastes/:slug,1006.800000,0.000000,400,530,580,620,730,870,930,940,970,990,990,1048750,50,430.0,456.6204860893733,26.804099999935715,21022.02749999924,2910.1900367103694
1746383812,2000,POST,POST /pastes,99.000000,0.000000,410,540,590,640,740,890,930,970,1200,1200,1200,104851,1,430.0,464.90763562960564,32.33849999924132,19812.114199999996,2859.83776025026
1746383812,2000,,Aggregated,1105.800000,0.000000,400,530,580,620,730,880,930,940,990,1000,1200,1153601,51,430.0,457.373706584526,26.804099999935715,21022.02749999924,2905.6135093502867
1746383813,2000,GET,GET /pastes/:slug,1041.200000,0.000000,410,540,600,630,710,860,920,940,970,990,990,1050124,50,430.0,456.6425703547686,26.804099999935715,21022.02749999924,2910.1923858515756
1746383813,2000,POST,POST /pastes,102.600000,0.000000,420,560,610,640,730,880,930,970,1000,1200,1200,105004,1,430.0,464.9226321035371,32.33849999924132,19812.114199999996,2859.9970096377283
1746383813,2000,,Aggregated,1143.800000,0.000000,410,550,600,630,710,860,930,940,990,1000,1200,1155128,51,430.0,457.3952485028641,26.804099999935715,21022.02749999924,2905.6295016656163
1746383815,2000,GET,GET /pastes/:slug,1040.000000,0.000000,360,420,490,540,610,640,660,670,850,890,890,1051155,50,430.0,456.4427742939253,26.804099999935715,21022.02749999924,2910.1240882648135
1746383815,2000,POST,POST /pastes,102.600000,0.000000,370,440,520,550,610,650,670,700,910,910,910,105112,1,430.0,464.70545268855886,32.33849999924132,19812.114199999996,2859.9488165004946
1746383815,2000,,Aggregated,1142.600000,0.000000,360,420,490,540,610,640,660,670,850,890,910,1156267,51,430.0,457.193904137986,26.804099999935715,21022.02749999924,2905.5628379950303
1746383816,2000,GET,GET /pastes/:slug,1021.300000,0.000000,380,440,510,550,610,640,660,670,850,890,890,1052006,50,430.0,456.41418394052005,26.804099999935715,21022.02749999924,2910.146348975196
1746383816,2000,POST,POST /pastes,99.500000,0.000000,390,460,520,560,610,650,670,700,910,910,910,105204,1,430.0,464.66258875802987,32.33849999924132,19812.114199999996,2860.0714801718564
1746383816,2000,,Aggregated,1120.800000,0.000000,380,440,510,550,610,640,660,670,850,890,910,1157210,51,430.0,457.16406095541566,26.804099999935715,21022.02749999924,2905.5939544248668
1746383817,2000,GET,GET /pastes/:slug,1092.800000,0.000000,380,430,480,530,600,630,650,670,730,900,900,1053403,50,430.0,456.3951901942855,26.804099999935715,21022.02749999924,2910.1380544767767
1746383817,2000,POST,POST /pastes,109.000000,0.000000,390,440,500,540,590,630,660,670,770,910,910,105337,1,430.0,464.62650782345924,32.33849999924132,19812.114199999996,2860.248431225495
1746383817,2000,,Aggregated,1201.800000,0.000000,380,430,490,530,600,630,660,670,730,900,910,1158740,51,430.0,457.1434704858868,26.804099999935715,21022.02749999924,2905.6027633463937
1746383818,2000,GET,GET /pastes/:slug,1054.700000,0.000000,370,410,450,480,580,620,650,660,720,900,900,1054445,50,430.0,456.3339672279069,26.804099999935715,21022.02749999924,2910.1474225777542
1746383818,2000,POST,POST /pastes,106.400000,0.000000,380,420,450,490,570,610,650,660,740,740,740,105450,1,430.0,464.5632754698886,32.33849999924132,19812.114199999996,2860.1625699383594
1746383818,2000,,Aggregated,1161.100000,0.000000,370,410,450,480,580,620,650,660,720,860,900,1159895,51,430.0,457.08212163335105,26.804099999935715,21022.02749999924,2905.603129593627
1746383819,2000,GET,GET /pastes/:slug,1085.000000,0.000000,390,450,490,520,590,630,650,670,720,900,900,1055558,50,430.0,456.3853295026231,26.804099999935715,21022.02749999924,2910.1799143201983
1746383819,2000,POST,POST /pastes,108.100000,0.000000,400,440,490,520,590,630,650,660,700,740,740,105567,1,430.0,464.6118502998071,32.33849999924132,19812.114199999996,2860.213589473983
1746383819,2000,,Aggregated,1193.100000,0.000000,390,450,490,520,590,630,650,660,720,860,900,1161125,51,430.0,457.13326716737254,26.804099999935715,21022.02749999924,2905.6370830013993
1746383820,2000,GET,GET /pastes/:slug,1086.000000,0.000000,390,440,470,500,590,630,650,670,720,900,900,1056569,50,430.0,456.3190342130327,26.804099999935715,21022.02749999924,2910.207022920415
1746383820,2000,POST,POST /pastes,109.400000,0.000000,400,440,480,500,590,630,650,660,740,740,740,105668,1,430.0,464.5437129944703,32.33849999924132,19812.114199999996,2860.2534731422948
1746383820,2000,,Aggregated,1195.400000,0.000000,390,440,470,500,590,630,650,670,720,860,900,1162237,51,430.0,457.06680369332184,26.804099999935715,21022.02749999924,2905.6653574098914
1746383821,2000,GET,GET /pastes/:slug,1061.300000,0.000000,410,450,490,520,590,630,650,670,720,900,900,1057759,50,430.0,456.32249047961733,26.804099999935715,21022.02749999924,2910.1173348560496
1746383821,2000,POST,POST /pastes,105.900000,0.000000,410,450,490,530,590,630,650,660,740,740,740,105779,1,430.0,464.5423403633963,32.33849999924132,19812.114199999996,2860.5435861560422
1746383821,2000,,Aggregated,1167.200000,0.000000,410,450,490,520,590,630,650,670,720,860,900,1163538,51,430.0,457.0697694690811,26.804099999935715,21022.02749999924,2905.6105103572036
1746383822,2000,GET,GET /pastes/:slug,1078.700000,0.000000,400,440,480,510,590,630,650,660,720,860,900,1059052,50,430.0,456.16463317696287,26.804099999935715,21022.02749999924,2910.094294708853
1746383822,2000,POST,POST /pastes,108.500000,0.000000,410,440,490,510,580,620,650,660,700,740,740,105914,1,430.0,464.3727495430225,32.33849999924132,19812.114199999996,2860.65050890345
1746383822,2000,,Aggregated,1187.200000,0.000000,400,440,480,510,590,630,650,660,720,860,900,1164966,51,430.0,456.9108819402583,26.804099999935715,21022.02749999924,2905.5990655521277
1746383823,2000,GET,GET /pastes/:slug,1048.100000,0.000000,390,430,450,480,550,600,630,650,720,900,900,1060107,50,430.0,456.0142152397162,26.804099999935715,21022.02749999924,2910.0365444242893
1746383823,2000,POST,POST /pastes,105.900000,0.000000,390,430,450,480,540,590,630,650,740,740,740,106010,1,430.0,464.22713079237514,32.33849999924132,19812.114199999996,2860.852825205169
1746383823,2000,,Aggregated,1154.000000,0.000000,390,430,450,480,550,600,630,650,720,750,900,1166117,51,430.0,456.76083944442615,26.804099999935715,21022.02749999924,2905.56532406268
1746383824,2000,GET,GET /pastes/:slug,1067.500000,0.000000,410,450,490,510,560,600,630,650,720,900,900,1061104,50,430.0,456.0651125486563,26.804099999935715,21022.02749999924,2910.060225010932
1746383824,2000,POST,POST /pastes,108.300000,0.000000,420,460,490,510,560,600,630,650,680,740,740,106128,1,430.0,464.27586062867226,32.33849999924132,19812.114199999996,2860.7777212422734
1746383824,2000,,Aggregated,1175.800000,0.000000,410,450,490,510,560,600,630,650,720,750,900,1167232,51,430.0,456.81165674228896,26.804099999935715,21022.02749999924,2905.579321848613
1746383825,2000,GET,GET /pastes/:slug,1091.400000,0.000000,420,460,500,520,580,630,660,680,720,750,900,1062291,50,430.0,456.06347061937703,26.804099999935715,21022.02749999924,2910.0388292850075
1746383825,2000,POST,POST /pastes,111.200000,0.000000,420,460,500,530,590,630,660,670,690,740,740,106274,1,430.0,464.28068898036935,32.33849999924132,19812.114199999996,2860.4884637822984
1746383825,2000,,Aggregated,1202.600000,0.000000,420,460,500,520,580,630,660,680,720,750,900,1168565,51,430.0,456.81077749925333,26.804099999935715,21022.02749999924,2905.5325197999255
1746383826,2000,GET,GET /pastes/:slug,1036.900000,0.000000,400,450,480,510,560,610,660,670,690,700,700,1063376,50,430.0,455.90059199147674,26.804099999935715,21022.02749999924,2910.0263312318502
1746383826,2000,POST,POST /pastes,105.700000,0.000000,410,450,490,510,580,630,660,670,690,740,740,106389,1,430.0,464.0943652022276,32.33849999924132,19812.114199999996,2860.36519752982
1746383826,2000,,Aggregated,1142.600000,0.000000,400,450,480,510,560,610,660,670,690,700,740,1169765,51,430.0,456.645807772514,26.804099999935715,21022.02749999924,2905.509698956628
1746383827,2000,GET,GET /pastes/:slug,1069.300000,0.000000,420,470,510,530,610,650,670,680,710,720,720,1064452,50,430.0,456.0132886159531,26.804099999935715,21022.02749999924,2910.055492403603
1746383827,2000,POST,POST /pastes,111.500000,0.000000,430,480,500,530,610,650,660,670,700,720,720,106484,1,430.0,464.1757666597777,32.33849999924132,19812.114199999996,2860.463102437925
1746383827,2000,,Aggregated,1180.800000,0.000000,430,470,510,530,610,650,670,680,710,720,720,1170936,51,430.0,456.7555779571344,26.804099999935715,21022.02749999924,2905.5455994179015
1746383828,2000,GET,GET /pastes/:slug,1098.000000,0.000000,400,450,490,510,600,650,670,680,710,720,720,1065835,50,430.0,455.8528318907981,26.804099999935715,21022.02749999924,2910.1030009335404
1746383828,2000,POST,POST /pastes,114.100000,0.000000,400,450,490,510,600,650,660,670,700,720,720,106630,1,430.0,463.98839076995,32.33849999924132,19812.114199999996,2860.3852574322423
1746383828,2000,,Aggregated,1212.100000,0.000000,400,450,490,510,600,650,660,680,710,720,720,1172465,51,430.0,456.5927214766456,26.804099999935715,21022.02749999924,2905.5814135176743
1746383829,2000,GET,GET /pastes/:slug,1052.800000,0.000000,380,440,480,510,600,650,670,680,710,720,720,1066903,50,430.0,455.61286014991833,26.804099999935715,21022.02749999924,2910.1154078674444
1746383829,2000,POST,POST /pastes,111.300000,0.000000,380,450,480,500,600,650,660,670,700,720,720,106738,1,430.0,463.75229855159125,32.33849999924132,19812.114199999996,2860.3359721935954
1746383829,2000,,Aggregated,1164.100000,0.000000,380,440,480,510,600,650,660,680,710,720,720,1173641,51,430.0,456.3531098311279,26.804099999935715,21022.02749999924,2905.588165375954
1746383830,2000,GET,GET /pastes/:slug,1092.900000,0.000000,380,460,500,530,650,680,750,780,820,830,830,1067681,50,430.0,455.75029425346,26.804099999935715,21022.02749999924,2910.1050922513373
1746383830,2000,POST,POST /pastes,113.100000,0.000000,380,460,500,540,650,690,770,790,830,830,830,106834,1,430.0,463.9152555225843,32.33849999924132,19812.114199999996,2860.403027126196
1746383830,2000,,Aggregated,1206.000000,0.000000,380,460,500,530,650,680,750,780,820,830,830,1174515,51,430.0,456.4929799341132,26.804099999935715,21022.02749999924,2905.584187515698
1746383831,2000,GET,GET /pastes/:slug,1104.500000,0.000000,410,510,590,640,720,800,860,890,920,930,970,1068750,50,430.0,456.0444933444004,26.804099999935715,21022.02749999924,2910.0686315789476
1746383831,2000,POST,POST /pastes,114.600000,0.000000,420,510,600,640,740,810,850,880,910,910,910,106956,1,430.0,464.24964202662585,32.33849999924132,19812.114199999996,2860.3520793597368
1746383831,2000,,Aggregated,1219.100000,0.000000,410,510,600,640,720,800,860,890,920,930,970,1175706,51,430.0,456.79092985356334,26.804099999935715,21022.02749999924,2905.545831185688
1746383832,2000,GET,GET /pastes/:slug,1067.400000,0.000000,470,550,610,640,720,800,860,900,920,970,970,1069617,50,430.0,456.10987271568,26.804099999935715,21022.02749999924,2910.0506340119873
1746383832,2000,POST,POST /pastes,110.700000,0.000000,470,550,610,640,740,810,850,880,910,910,910,107051,1,430.0,464.3109299221846,32.33849999924132,19812.114199999996,2860.331290693221
1746383832,2000,,Aggregated,1178.100000,0.000000,470,550,610,640,720,810,860,890,920,930,970,1176668,51,430.0,456.85598918608787,26.804099999935715,21022.02749999924,2905.5272634251974
1746383833,2000,GET,GET /pastes/:slug,1056.400000,0.000000,470,560,610,640,710,800,860,890,920,930,970,1071020,50,430.0,456.1283605976802,26.804099999935715,21022.02749999924,2910.0094778808984
1746383833,2000,POST,POST /pastes,110.600000,0.000000,480,560,610,640,730,810,850,870,910,910,910,107180,1,430.0,464.31800143776644,32.33849999924132,19812.114199999996,2860.2560552341856
1746383833,2000,,Aggregated,1167.000000,0.000000,470,560,610,640,710,800,860,890,920,930,970,1178200,51,430.0,456.87336628875966,26.804099999935715,21022.02749999924,2905.483445085724
1746383834,2000,GET,GET /pastes/:slug,1050.600000,0.000000,410,530,590,620,720,800,860,890,920,930,970,1072033,50,430.0,455.91046834223084,26.804099999935715,21022.02749999924,2909.9250918581797
1746383834,2000,POST,POST /pastes,111.800000,0.000000,400,530,600,620,740,820,850,880,910,910,910,107283,1,430.0,464.0951329651465,32.33849999924132,19812.114199999996,2860.3913760800874
1746383834,2000,,Aggregated,1162.400000,0.000000,410,530,590,620,720,800,860,890,920,930,970,1179316,51,430.0,456.65503161003375,26.804099999935715,21022.02749999924,2905.418983546395
1746383835,2000,GET,GET /pastes/:slug,1031.800000,0.000000,480,550,590,620,720,800,860,890,920,930,970,1073091,50,430.0,455.9541725532371,26.804099999935715,21022.02749999924,2909.930726285096
1746383835,2000,POST,POST /pastes,111.800000,0.000000,480,550,600,620,740,820,850,880,910,910,910,107394,1,430.0,464.1302097305234,32.33849999924132,19812.114199999996,2860.365048326722
1746383835,2000,,Aggregated,1143.600000,0.000000,480,550,590,620,720,800,860,890,920,930,970,1180485,51,430.0,456.6979832214054,26.804099999935715,21022.02749999924,2905.4215148858307
1746383836,2000,GET,GET /pastes/:slug,1080.500000,0.000000,480,560,590,620,710,800,860,890,920,930,970,1074447,50,430.0,455.82793663114734,26.804099999935715,21022.02749999924,2909.8466271486636
1746383836,2000,POST,POST /pastes,114.800000,0.000000,480,550,590,620,730,810,850,880,910,910,910,107528,1,430.0,463.9783134337088,32.33849999924132,19812.114199999996,2860.450887210773
1746383836,2000,,Aggregated,1195.300000,0.000000,480,550,590,620,710,800,860,890,920,930,970,1181975,51,430.0,456.56940215860743,26.804099999935715,21022.02749999924,2905.3529406290318
1746383838,2000,GET,GET /pastes/:slug,1010.500000,0.000000,480,550,580,600,730,810,860,900,920,970,970,1075369,50,430.0,455.7284840483827,26.804099999935715,21022.02749999924,2909.91819459181
1746383838,2000,POST,POST /pastes,104.900000,0.000000,480,550,590,610,770,820,860,890,910,910,910,107620,1,430.0,463.8740650808389,32.33849999924132,19812.114199999996,2860.345595614198
1746383838,2000,,Aggregated,1115.400000,0.000000,480,550,580,600,740,810,860,900,920,970,970,1182989,51,430.0,456.4695115902356,26.804099999935715,21022.02749999924,2905.408428987928
1746383839,2000,GET,GET /pastes/:slug,1063.200000,0.000000,500,550,580,600,720,810,860,900,920,970,970,1076651,50,430.0,455.7539996050021,26.804099999935715,21022.02749999924,2909.955549198394
1746383839,2000,POST,POST /pastes,109.300000,0.000000,490,550,580,600,750,820,850,880,910,910,910,107757,1,430.0,463.8689417866114,32.33849999924132,19812.114199999996,2860.485360579823
1746383839,2000,,Aggregated,1172.500000,0.000000,500,550,580,600,730,810,860,900,920,930,970,1184408,51,430.0,456.49229403112844,26.804099999935715,21022.02749999924,2905.4547698090523
1746383840,2000,GET,GET /pastes/:slug,1010.700000,0.000000,430,520,550,570,610,790,860,900,920,930,970,1077943,50,430.0,455.5314878106034,26.804099999935715,21022.02749999924,2910.0090283066916
1746383840,2000,POST,POST /pastes,105.400000,0.000000,430,520,550,570,620,810,850,880,910,910,910,107884,1,430.0,463.64774321956764,32.33849999924132,19812.114199999996,2860.3738830595826
1746383840,2000,,Aggregated,1116.100000,0.000000,430,520,550,570,610,800,860,890,920,930,970,1185827,51,430.0,456.26988733982284,26.804099999935715,21022.02749999924,2905.4933291281104
1746383841,2000,GET,GET /pastes/:slug,1017.200000,0.000000,350,460,520,540,570,590,610,630,660,670,670,1079037,50,430.0,455.3246431209733,26.804099999935715,21022.02749999924,2910.0146130299518
1746383841,2000,POST,POST /pastes,105.600000,0.000000,350,460,510,540,570,590,620,630,670,670,670,107966,1,430.0,463.4749661875021,32.33849999924132,19812.114199999996,2860.325648815368
1746383841,2000,,Aggregated,1122.800000,0.000000,350,460,520,540,570,590,610,630,660,670,670,1187003,51,430.0,456.06597046403266,26.804099999935715,21022.02749999924,2905.4950636182048
1746383842,2000,GET,GET /pastes/:slug,1070.500000,0.000000,340,430,500,530,560,590,600,620,650,660,660,1080296,50,430.0,455.29949622170625,26.804099999935715,21022.02749999924,2910.0022003228746
1746383842,2000,POST,POST /pastes,111.700000,0.000000,340,430,480,520,560,580,590,610,630,650,650,108104,1,430.0,463.42764643121325,32.33849999924132,19812.114199999996,2860.1833234662918
1746383842,2000,,Aggregated,1182.200000,0.000000,340,430,500,530,560,590,600,610,650,660,660,1188400,51,430.0,456.03888157196064,26.804099999935715,21022.02749999924,2905.470376135981
1746383843,2000,GET,GET /pastes/:slug,1086.800000,0.000000,320,400,470,510,550,580,590,610,630,640,640,1081453,50,430.0,455.0483321671162,26.804099999935715,21022.02749999924,2909.9694623807045
1746383843,2000,POST,POST /pastes,109.700000,0.000000,330,400,460,490,550,570,580,590,630,630,630,108216,1,430.0,463.183912768905,32.33849999924132,19812.114199999996,2860.075792858727
1746383843,2000,,Aggregated,1196.500000,0.000000,320,400,470,510,550,580,590,610,630,640,640,1189669,51,430.0,455.7883699342584,26.804099999935715,21022.02749999924,2905.4309787007983
1746383844,2000,GET,GET /pastes/:slug,1089.800000,0.000000,340,410,480,510,550,580,590,610,630,640,640,1082273,50,430.0,454.9744017062457,26.804099999935715,21022.02749999924,2910.0134115883884
1746383844,2000,POST,POST /pastes,108.200000,0.000000,340,410,460,490,550,570,580,590,630,630,630,108305,1,430.0,463.0840563224212,32.33849999924132,19812.114199999996,2860.0569041133836
1746383844,2000,,Aggregated,1198.000000,0.000000,340,410,470,510,550,580,590,610,630,640,640,1190578,51,430.0,455.71212417650923,26.804099999935715,21022.02749999924,2905.4689470156513
1746383845,2000,GET,GET /pastes/:slug,1120.800000,0.000000,340,410,470,500,560,590,600,620,650,670,670,1083532,50,430.0,455.03421201304917,26.804099999935715,21022.02749999924,2910.0282409748856
1746383845,2000,POST,POST /pastes,110.900000,0.000000,340,400,450,490,550,580,600,620,630,640,640,108429,1,430.0,463.13055676156563,32.33849999924132,19812.114199999996,2860.039712623007
1746383845,2000,,Aggregated,1231.700000,0.000000,340,410,470,500,560,590,600,620,640,670,670,1191961,51,430.0,455.77071141590966,26.804099999935715,21022.02749999924,2905.4809393931514
1746383846,2000,GET,GET /pastes/:slug,1078.600000,0.000000,330,390,440,480,550,580,600,610,650,670,670,1084713,50,430.0,454.80614079191656,26.804099999935715,21022.02749999924,2910.024850813072
1746383846,2000,POST,POST /pastes,108.300000,0.000000,330,390,430,470,550,580,590,600,630,640,640,108544,1,430.0,462.90149931456176,32.33849999924132,19812.114199999996,2860.0420566774765
1746383846,2000,,Aggregated,1186.900000,0.000000,330,390,440,480,550,580,600,610,640,670,670,1193257,51,430.0,455.5425308533023,26.804099999935715,21022.02749999924,2905.478192040776
1746383847,2000,GET,GET /pastes/:slug,1113.000000,0.000000,340,400,460,490,550,580,600,610,650,670,670,1085759,50,430.0,454.75264024956044,26.804099999935715,21022.02749999924,2909.980245155693
1746383847,2000,POST,POST /pastes,111.100000,0.000000,340,400,450,480,550,570,590,600,630,640,640,108642,1,430.0,462.835643809022,32.33849999924132,19812.114199999996,2860.2432760810734
1746383847,2000,,Aggregated,1224.100000,0.000000,340,400,460,490,550,580,600,610,640,670,670,1194401,51,430.0,455.4878654148964,26.804099999935715,21022.02749999924,2905.456200220864
1746383848,2000,GET,GET /pastes/:slug,1152.800000,0.000000,330,380,430,470,530,570,590,600,650,670,670,1087135,50,430.0,454.6490971397511,26.804099999935715,21022.02749999924,2910.0040096216203
1746383848,2000,POST,POST /pastes,113.900000,0.000000,330,380,420,450,520,570,590,600,630,640,640,108767,1,430.0,462.7286150073071,32.33849999924132,19812.114199999996,2860.2236799764632
1746383848,2000,,Aggregated,1266.700000,0.000000,330,380,430,470,530,570,590,600,640,670,670,1195902,51,430.0,455.3839273515023,26.804099999935715,21022.02749999924,2905.4765005828235
1746383849,2000,GET,GET /pastes/:slug,1090.700000,0.000000,330,390,430,470,530,570,600,600,650,670,670,1088045,50,430.0,454.4790542302233,26.804099999935715,21022.02749999924,2910.0095869196584
1746383849,2000,POST,POST /pastes,108.000000,0.000000,330,380,420,450,520,570,590,600,630,640,640,108873,1,430.0,462.5199859037568,32.33849999924132,19812.114199999996,2860.2279720408183
1746383849,2000,,Aggregated,1198.700000,0.000000,330,390,430,470,530,570,590,600,640,670,670,1196918,51,430.0,455.2104663688019,26.804099999935715,21022.02749999924,2905.4813955509067
1746383850,2000,GET,GET /pastes/:slug,1124.200000,0.000000,360,420,470,500,560,590,620,640,690,710,710,1089404,50,430.0,454.5008358574259,26.804099999935715,21022.02749999924,2909.9814063469566
1746383850,2000,POST,POST /pastes,110.000000,0.000000,350,410,450,480,550,580,600,620,640,650,650,109007,1,430.0,462.50917121102026,32.33849999924132,19812.114199999996,2860.1050024310366
1746383850,2000,,Aggregated,1234.200000,0.000000,360,420,470,490,560,590,620,630,690,710,710,1198411,51,430.0,455.2292709367769,26.804099999935715,21022.02749999924,2905.444667981185
1746383851,2000,GET,GET /pastes/:slug,1111.900000,0.000000,350,410,440,480,550,590,620,640,690,710,710,1090398,50,430.0,454.4077341071091,26.804099999935715,21022.02749999924,2910.024165488198
1746383851,2000,POST,POST /pastes,109.000000,0.000000,340,400,430,470,530,580,600,620,640,650,650,109112,1,430.0,462.4056357504185,32.33849999924132,19812.114199999996,2860.2011327809955
1746383851,2000,,Aggregated,1220.900000,0.000000,340,410,440,480,550,590,620,640,690,710,710,1199510,51,430.0,455.1352537143612,26.804099999935715,21022.02749999924,2905.49207259631
1746383852,2000,GET,GET /pastes/:slug,1086.500000,0.000000,370,420,460,490,550,590,620,640,690,710,710,1091448,50,430.0,454.3354546571375,26.804099999935715,21022.02749999924,2910.0085217069436
1746383852,2000,POST,POST /pastes,106.000000,0.000000,360,410,440,470,530,580,600,620,640,650,650,109229,1,430.0,462.30395599611546,32.33849999924132,19812.114199999996,2860.1131384522423
1746383852,2000,,Aggregated,1192.500000,0.000000,370,420,460,480,550,590,620,640,690,710,710,1200677,51,430.0,455.0603718769613,26.804099999935715,21022.02749999924,2905.4693968486113
1746383853,2000,GET,GET /pastes/:slug,1102.700000,0.000000,390,440,480,500,570,600,630,640,690,710,710,1092598,50,430.0,454.34700449408007,26.804099999935715,21022.02749999924,2910.0451501833245
1746383853,2000,POST,POST /pastes,110.500000,0.000000,380,430,470,490,560,590,620,630,670,680,680,109356,1,430.0,462.315955967663,32.33849999924132,19812.114199999996,2860.187086213834
1746383853,2000,,Aggregated,1213.200000,0.000000,390,430,480,500,570,600,630,640,690,710,710,1201954,51,430.0,455.07203445141374,26.804099999935715,21022.02749999924,2905.5089712251884
1746383854,2000,GET,GET /pastes/:slug,1078.400000,0.000000,360,420,440,470,540,590,630,640,690,710,710,1093719,50,430.0,454.16884449774034,26.804099999935715,21022.02749999924,2909.9959102840858
1746383854,2000,POST,POST /pastes,108.300000,0.000000,360,410,440,460,520,570,620,620,670,680,680,109470,1,430.0,462.1256343948089,32.33849999924132,19812.114199999996,2860.297067689778
1746383854,2000,,Aggregated,1186.700000,0.000000,360,420,440,470,540,590,620,640,690,710,710,1203189,51,430.0,454.8927788006824,26.804099999935715,21022.02749999924,2905.474149946517
1746383855,2000,GET,GET /pastes/:slug,1061.800000,0.000000,370,420,450,470,540,590,630,640,690,710,710,1094804,50,430.0,454.1232219919025,26.804099999935715,21022.02749999924,2910.0895237869063
1746383855,2000,POST,POST /pastes,108.300000,0.000000,370,420,440,460,540,580,620,630,670,680,680,109568,1,430.0,462.08091787382926,32.33849999924132,19812.114199999996,2860.32980432243
1746383855,2000,,Aggregated,1170.100000,0.000000,370,420,450,470,540,590,630,640,690,710,710,1204372,51,430.0,454.8471750748221,26.804099999935715,21022.02749999924,2905.5626226780428
1746383856,2000,GET,GET /pastes/:slug,1095.700000,0.000000,400,450,500,540,630,680,740,750,800,810,810,1095927,50,430.0,454.3509801886648,26.804099999935715,21022.02749999924,2910.150387753929
1746383856,2000,POST,POST /pastes,110.300000,0.000000,400,450,490,540,620,680,730,750,800,800,800,109683,1,430.0,462.304597113497,32.33849999924132,19812.114199999996,2860.2606785007706
1746383856,2000,,Aggregated,1206.000000,0.000000,400,450,500,540,630,680,740,750,800,810,810,1205610,51,430.0,455.0745778406068,26.804099999935715,21022.02749999924,2905.611562611458
1746383857,2000,GET,GET /pastes/:slug,1086.200000,0.000000,380,430,480,540,630,680,740,750,800,810,810,1097137,50,430.0,454.21029529240496,26.804099999935715,21022.02749999924,2910.1066411943084
1746383857,2000,POST,POST /pastes,110.800000,0.000000,380,430,480,530,620,680,730,750,800,800,800,109806,1,430.0,462.15540569003286,32.33849999924132,19812.114199999996,2860.2631641258217
1746383857,2000,,Aggregated,1197.000000,0.000000,380,430,480,530,630,680,740,750,800,810,810,1206943,51,430.0,454.93313041578125,26.804099999935715,21022.02749999924,2905.5719507880654
1746383858,2000,GET,GET /pastes/:slug,1036.700000,0.000000,390,450,520,570,660,730,760,780,800,810,810,1097721,50,430.0,454.2494839709936,26.804099999935715,21022.02749999924,2910.1363370109525
1746383858,2000,POST,POST /pastes,106.200000,0.000000,390,450,510,560,650,720,770,780,800,800,800,109854,1,430.0,462.2005769311973,32.33849999924132,19812.114199999996,2860.259362426493
1746383858,2000,,Aggregated,1142.900000,0.000000,390,450,520,570,660,730,760,780,800,810,810,1207575,51,430.0,454.9728008383041,26.804099999935715,21022.02749999924,2905.598991366996
1746383859,2000,GET,GET /pastes/:slug,1088.700000,0.000000,410,490,590,640,740,1000,1100,1100,1200,1200,1200,1098697,50,430.0,454.6413270863782,26.804099999935715,21022.02749999924,2910.1897675155205
1746383859,2000,POST,POST /pastes,110.700000,0.000000,410,500,610,640,750,1000,1100,1100,1100,1200,1200,109960,1,430.0,462.6363508011981,32.33849999924132,19812.114199999996,2860.504619861768
1746383859,2000,,Aggregated,1199.400000,0.000000,410,490,590,640,740,1000,1100,1100,1200,1200,1200,1208657,51,430.0,455.36869043898724,26.804099999935715,21022.02749999924,2905.6695613395696
1746383860,2000,GET,GET /pastes/:slug,1076.000000,0.000000,420,550,630,670,770,1000,1100,1100,1200,1200,1200,1099865,50,430.0,454.8146171530346,26.804099999935715,21022.02749999924,2910.10992349061
1746383860,2000,POST,POST /pastes,110.300000,0.000000,430,550,630,670,780,1000,1100,1100,1100,1200,1200,110079,1,430.0,462.78411828777314,32.33849999924132,19812.114199999996,2860.4011119287056
1746383860,2000,,Aggregated,1186.300000,0.000000,420,550,630,670,770,1000,1100,1100,1200,1200,1200,1209944,51,430.0,455.53967113520525,26.804099999935715,21022.02749999924,2905.5874858671145
1746383861,2000,GET,GET /pastes/:slug,1032.100000,0.000000,430,540,630,670,760,1000,1100,1100,1200,1200,1200,1100930,50,430.0,454.7498467028985,26.804099999935715,21022.02749999924,2910.1482364909666
1746383861,2000,POST,POST /pastes,104.800000,0.000000,440,550,630,670,780,1000,1100,1100,1100,1200,1200,110176,1,430.0,462.7238785243589,32.33849999924132,19812.114199999996,2860.257869227418
1746383861,2000,,Aggregated,1136.900000,0.000000,430,540,630,670,770,1000,1100,1100,1200,1200,1200,1211106,51,430.0,455.4752554862373,26.804099999935715,21022.02749999924,2905.609640279216
1746383862,2000,GET,GET /pastes/:slug,1021.200000,0.000000,430,530,620,670,760,1000,1100,1100,1200,1200,1200,1102174,50,430.0,454.7436687330876,26.804099999935715,21022.02749999924,2910.1903592354747
1746383862,2000,POST,POST /pastes,104.100000,0.000000,450,540,630,660,780,1000,1100,1100,1100,1200,1200,110305,1,430.0,462.7252889315966,32.33849999924132,19812.114199999996,2860.1336385476634
1746383862,2000,,Aggregated,1125.300000,0.000000,430,530,620,670,760,1000,1100,1100,1200,1200,1200,1212479,51,430.0,455.469794807015,26.804099999935715,21022.02749999924,2905.6364605077697
1746383863,2000,GET,GET /pastes/:slug,1014.200000,0.000000,440,540,630,670,770,1000,1100,1100,1200,1200,1200,1103111,50,430.0,454.6447880041287,26.804099999935715,21022.02749999924,2910.168312164415
1746383863,2000,POST,POST /pastes,103.300000,0.000000,450,550,630,670,790,1000,1100,1100,1200,1200,1200,110389,1,430.0,462.6545189067726,32.33849999924132,19812.114199999996,2860.119142305846
1746383863,2000,,Aggregated,1117.500000,0.000000,440,540,630,670,770,1000,1100,1100,1200,1200,1200,1213500,51,430.0,455.37341279572786,26.804099999935715,21022.02749999924,2905.6154668314794
1746383865,2000,GET,GET /pastes/:slug,1042.000000,0.000000,470,620,690,730,860,1000,1100,1100,1200,1200,1200,1103859,50,430.0,454.7933354172241,26.804099999935715,21022.02749999924,2910.180806606641
1746383865,2000,POST,POST /pastes,103.700000,0.000000,490,620,690,730,930,1000,1100,1100,1200,1200,1200,110466,1,430.0,462.77918181159583,32.33849999924132,19812.114199999996,2860.142586859305
1746383865,2000,,Aggregated,1145.700000,0.000000,470,620,690,730,860,1000,1100,1100,1200,1200,1200,1214325,51,430.0,455.51980033213096,26.804099999935715,21022.02749999924,2905.628876948099
1746383866,2000,GET,GET /pastes/:slug,993.800000,0.000000,470,620,720,750,860,1000,1100,1100,1200,1200,1200,1105250,50,430.0,455.0419048607285,26.804099999935715,21022.02749999924,2910.2086405790546
1746383866,2000,POST,POST /pastes,98.400000,0.000000,480,620,720,750,920,1000,1100,1100,1200,1200,1200,110614,1,430.0,463.02171067766955,32.33849999924132,19812.114199999996,2860.06910517656
1746383866,2000,,Aggregated,1092.200000,0.000000,470,620,720,750,860,1000,1100,1100,1200,1200,1200,1215864,51,430.0,455.7678727655533,26.804099999935715,21022.02749999924,2905.647164485502
1746383867,2000,GET,GET /pastes/:slug,966.900000,0.000000,470,630,720,750,860,1000,1100,1100,1200,1200,1200,1106186,50,430.0,454.8748858611664,26.804099999935715,21022.02749999924,2910.2144015563385
1746383867,2000,POST,POST /pastes,95.200000,0.000000,490,630,720,760,930,1000,1100,1100,1200,1200,1200,110691,1,430.0,462.87998049615373,32.33849999924132,19812.114199999996,2860.0702767162643
1746383867,2000,,Aggregated,1062.100000,0.000000,470,630,720,750,860,1000,1100,1100,1200,1200,1200,1216877,51,430.0,455.6030547149102,26.804099999935715,21022.02749999924,2905.653132568041
1746383868,2000,GET,GET /pastes/:slug,1015.700000,0.000000,480,620,720,760,850,1000,1100,1100,1200,1200,1200,1107082,50,430.0,455.04209006796253,26.804099999935715,21022.02749999924,2910.2849554052905
1746383868,2000,POST,POST /pastes,100.700000,0.000000,490,620,710,760,920,1000,1100,1100,1200,1200,1200,110770,1,430.0,462.9997325340771,32.33849999924132,19812.114199999996,2859.965360657218
1746383868,2000,,Aggregated,1116.400000,0.000000,480,620,720,760,860,1000,1100,1100,1200,1200,1200,1217852,51,430.0,455.76587921144596,26.804099999935715,21022.02749999924,2905.7081254536674
1746383869,2000,GET,GET /pastes/:slug,984.400000,0.000000,460,570,640,710,770,820,860,900,1000,1000,1000,1108502,50,430.0,455.00728986084,26.804099999935715,21022.02749999924,2910.251481729397
1746383869,2000,POST,POST /pastes,96.900000,0.000000,470,570,630,690,760,790,860,900,980,980,980,110916,1,430.0,462.9350545142243,32.33849999924132,19812.114199999996,2859.9792996501856
1746383869,2000,,Aggregated,1081.300000,0.000000,460,570,640,710,770,810,860,900,1000,1000,1000,1219418,51,430.0,455.72838463252094,26.804099999935715,21022.02749999924,2905.678817271846
1746383870,2000,GET,GET /pastes/:slug,959.800000,0.000000,450,550,630,700,760,800,850,860,900,930,930,1109163,50,430.0,454.91179151488143,26.804099999935715,21022.02749999924,2910.214667276135
1746383870,2000,POST,POST /pastes,93.300000,0.000000,460,550,610,690,750,780,840,860,900,900,900,110985,1,430.0,462.8603462981455,32.33849999924132,19812.114199999996,2860.064549263414
1746383870,2000,,Aggregated,1053.100000,0.000000,450,550,620,700,760,800,850,860,900,930,930,1220148,51,430.0,455.63479425931973,26.804099999935715,21022.02749999924,2905.6529986526225
1746383871,2000,GET,GET /pastes/:slug,1042.800000,0.000000,470,590,680,700,760,800,850,860,900,930,930,1110689,50,430.0,455.0231166657091,26.804099999935715,21022.02749999924,2910.2090621227003
1746383871,2000,POST,POST /pastes,102.900000,0.000000,470,580,670,690,750,780,840,860,900,900,900,111144,1,430.0,462.95208499873763,32.33849999924132,19812.114199999996,2860.1454869358668
1746383871,2000,,Aggregated,1145.700000,0.000000,470,590,670,700,760,800,850,860,900,930,930,1221833,51,430.0,455.74437501804556,26.804099999935715,21022.02749999924,2905.655030597471
1746383872,2000,GET,GET /pastes/:slug,1016.100000,0.000000,460,600,680,710,760,800,850,860,900,930,930,1111612,50,430.0,454.8372178728903,26.804099999935715,21022.02749999924,2910.1562874456195
1746383872,2000,POST,POST /pastes,99.300000,0.000000,460,580,680,700,750,780,840,860,900,900,900,111236,1,430.0,462.75341189003285,32.33849999924132,19812.114199999996,2860.1687493257577
1746383872,2000,,Aggregated,1115.400000,0.000000,460,600,680,710,760,800,850,860,900,930,930,1222848,51,430.0,455.5573120773187,26.804099999935715,21022.02749999924,2905.6091860967185
1746383873,2000,GET,GET /pastes/:slug,1038.800000,0.000000,480,630,680,710,760,800,850,860,900,930,930,1112673,50,430.0,454.89616542525897,26.804099999935715,21022.02749999924,2910.0929985719076
1746383873,2000,POST,POST /pastes,101.400000,0.000000,470,620,670,690,750,780,840,860,900,900,900,111333,1,430.0,462.80841357818144,32.33849999924132,19812.114199999996,2860.123485399657
1746383873,2000,,Aggregated,1140.200000,0.000000,480,630,680,700,760,800,850,860,900,930,930,1224006,51,430.0,455.61584680232323,26.804099999935715,21022.02749999924,2905.5478772162883
1746383874,2000,GET,GET /pastes/:slug,1047.300000,0.000000,460,580,650,680,740,770,810,840,860,930,930,1113918,50,430.0,454.76763418610614,26.804099999935715,21022.02749999924,2910.1101867462417
1746383874,2000,POST,POST /pastes,103.100000,0.000000,450,570,640,670,730,770,780,840,860,860,860,111464,1,430.0,462.65161323655803,32.33849999924132,19812.114199999996,2860.3038380104786
1746383874,2000,,Aggregated,1150.500000,0.000000,460,580,650,680,740,770,810,840,860,930,930,1225382,51,430.0,455.48478185180113,26.804099999935715,21022.02749999924,2905.5796690338198
1746383875,2000,GET,GET /pastes/:slug,999.400000,0.000000,410,530,600,630,690,740,770,780,820,830,830,1114879,50,430.0,454.74613442438186,26.804099999935715,21022.02749999924,2910.1900547054884
1746383875,2000,POST,POST /pastes,97.500000,0.000000,410,500,590,620,680,720,760,770,790,790,790,111542,1,430.0,462.6345940981848,32.33849999924132,19812.114199999996,2860.2038156030912
1746383875,2000,,Aggregated,1096.900000,0.000000,410,530,590,630,690,740,770,780,820,830,830,1226421,51,430.0,455.46358346426166,26.804099999935715,21022.02749999924,2905.643846607323
1746383876,2000,GET,GET /pastes/:slug,1062.900000,0.000000,470,570,610,630,690,730,770,780,820,830,830,1116300,50,430.0,454.8042864535708,26.804099999935715,21022.02749999924,2910.2203126399713
1746383876,2000,POST,POST /pastes,104.900000,0.000000,460,560,600,630,680,710,760,770,790,940,940,111696,1,430.0,462.685081228511,32.33849999924132,19812.114199999996,2860.212039822375
1746383876,2000,,Aggregated,1167.800000,0.000000,470,570,610,630,690,730,770,780,820,830,940,1227996,51,430.0,455.52110739857625,26.804099999935715,21022.02749999924,2905.671662611279
1746383877,2000,GET,GET /pastes/:slug,1062.400000,0.000000,410,530,580,610,660,690,720,740,760,770,800,1117236,50,430.0,454.54506678877345,26.804099999935715,21022.02749999924,2910.2141893028866
1746383877,2000,POST,POST /pastes,103.800000,0.000000,410,530,580,610,670,690,720,740,770,940,940,111790,1,430.0,462.4239860917772,32.33849999924132,19812.114199999996,2860.3512836568566
1746383877,2000,,Aggregated,1166.200000,0.000000,410,530,580,610,660,690,720,740,760,800,940,1229026,51,430.0,455.2617191532335,26.804099999935715,21022.02749999924,2905.6787488629207
1746383878,2000,GET,GET /pastes/:slug,1029.800000,0.000000,430,520,580,610,650,680,700,710,740,770,770,1118364,50,430.0,454.63217905809034,26.804099999935715,21022.02749999924,2910.1782237268008
1746383878,2000,POST,POST /pastes,100.300000,0.000000,430,510,580,600,650,680,690,710,940,940,940,111896,1,430.0,462.4813520670958,32.33849999924132,19812.114199999996,2860.3232287123756
1746383878,2000,,Aggregated,1130.100000,0.000000,430,520,580,610,650,680,700,710,740,770,940,1230260,51,430.0,455.3460859257564,26.804099999935715,21022.02749999924,2905.6437557914587
1746383879,2000,GET,GET /pastes/:slug,1082.400000,0.000000,440,520,580,600,650,680,690,710,740,760,770,1119247,50,430.0,454.61211966725944,26.804099999935715,21022.02749999924,2910.2129494204587
1746383879,2000,POST,POST /pastes,107.100000,0.000000,440,520,580,600,650,680,690,710,740,940,940,111977,1,430.0,462.4609486465945,32.33849999924132,19812.114199999996,2860.5144717218714
1746383879,2000,,Aggregated,1189.500000,0.000000,440,520,580,600,650,680,690,710,740,770,940,1231224,51,430.0,455.32595266809494,26.804099999935715,21022.02749999924,2905.6929868163716
1746383880,2000,GET,GET /pastes/:slug,1061.600000,0.000000,430,520,570,590,630,660,690,950,1100,1100,1100,1120290,50,430.0,454.7280329338127,26.804099999935715,21022.02749999924,2910.224806076998
1746383880,2000,POST,POST /pastes,107.400000,0.000000,430,510,570,590,620,650,690,1000,1100,1100,1100,112081,1,430.0,462.580022514964,32.33849999924132,19812.114199999996,2860.417332108029
1746383880,2000,,Aggregated,1169.000000,0.000000,430,520,570,590,630,660,690,950,1100,1100,1100,1232371,51,430.0,455.4421513642576,26.804099999935715,21022.02749999924,2905.694943324697
1746383881,2000,GET,GET /pastes/:slug,1044.200000,0.000000,430,510,570,590,630,660,690,950,1100,1100,1100,1121690,50,430.0,454.5610902153184,26.804099999935715,21022.02749999924,2910.221621838476
1746383881,2000,POST,POST /pastes,104.600000,0.000000,440,510,570,580,620,650,680,990,1100,1100,1100,112217,1,430.0,462.41550875981085,32.33849999924132,19812.114199999996,2860.2530365274424
1746383881,2000,,Aggregated,1148.800000,0.000000,430,510,570,590,630,650,690,950,1100,1100,1100,1233907,51,430.0,455.2754060315103,26.804099999935715,21022.02749999924,2905.6772560654895
1746383882,2000,GET,GET /pastes/:slug,1075.000000,0.000000,400,500,560,580,630,650,690,950,1100,1100,1100,1122849,50,430.0,454.2983368252738,26.804099999935715,21022.02749999924,2910.2774905619544
1746383882,2000,POST,POST /pastes,106.500000,0.000000,410,490,560,580,620,650,680,990,1100,1100,1100,112334,1,430.0,462.1450692016637,32.33849999924132,19812.114199999996,2860.2404258728434
1746383882,2000,,Aggregated,1181.500000,0.000000,400,500,560,580,620,650,690,950,1100,1100,1100,1235183,51,430.0,455.0119596931182,26.804099999935715,21022.02749999924,2905.7268582873953
1746383883,2000,GET,GET /pastes/:slug,1067.700000,0.000000,350,470,520,560,600,640,680,950,1100,1100,1100,1124231,50,430.0,454.08216893069374,26.804099999935715,21022.02749999924,2910.2303138767743
1746383883,2000,POST,POST /pastes,105.400000,0.000000,350,470,530,560,600,630,680,990,1100,1100,1100,112469,1,430.0,461.9288634148047,32.33849999924132,19812.114199999996,2860.1626314806745
1746383883,2000,,Aggregated,1173.100000,0.000000,350,470,520,560,600,640,680,950,1100,1100,1100,1236700,51,430.0,454.7957695467972,26.804099999935715,21022.02749999924,2905.6770170615346
1746383884,2000,GET,GET /pastes/:slug,1081.600000,0.000000,330,460,510,550,600,630,680,940,1100,1100,1100,1125393,50,430.0,453.779376813452,26.804099999935715,21022.02749999924,2910.2053718123357
1746383884,2000,POST,POST /pastes,105.600000,0.000000,330,460,510,550,600,630,680,990,1100,1100,1100,112587,1,430.0,461.6151966816744,32.33849999924132,19812.114199999996,2860.1145514135733
1746383884,2000,,Aggregated,1187.100000,0.000000,330,460,510,550,600,630,680,940,1100,1100,1100,1237980,51,430.0,454.4919985452317,26.804099999935715,21022.02749999924,2905.649906298971
1746383885,2000,GET,GET /pastes/:slug,1102.700000,0.000000,320,410,470,500,590,630,680,950,1100,1100,1100,1126221,50,430.0,453.7127609102664,26.804099999935715,21022.02749999924,2910.1809698096554
1746383885,2000,POST,POST /pastes,108.800000,0.000000,310,410,470,490,580,620,680,990,1100,1100,1100,112677,1,430.0,461.53131475899846,32.33849999924132,19812.114199999996,2860.2335614189233
1746383885,2000,,Aggregated,1211.500000,0.000000,320,410,470,500,590,630,680,950,1100,1100,1100,1238898,51,430.0,454.42385350386223,26.804099999935715,21022.02749999924,2905.638284184816
1746383886,2000,GET,GET /pastes/:slug,1089.100000,0.000000,320,400,460,490,560,610,660,950,1100,1100,1100,1127696,50,430.0,453.5340532191486,26.804099999935715,21022.02749999924,2910.184052262312
1746383886,2000,POST,POST /pastes,107.900000,0.000000,320,410,470,490,560,600,630,990,1100,1100,1100,112832,1,430.0,461.3570642654534,32.33849999924132,19812.114199999996,2860.270091817924
1746383886,2000,,Aggregated,1197.000000,0.000000,320,400,460,490,560,600,660,950,1100,1100,1100,1240528,51,430.0,454.2455937747689,26.804099999935715,21022.02749999924,2905.6441370126267
1746383887,2000,GET,GET /pastes/:slug,1123.900000,0.000000,290,380,430,480,550,600,660,940,1100,1100,1100,1128859,50,430.0,453.19415164127855,26.804099999935715,21022.02749999924,2910.1557253828864
1746383887,2000,POST,POST /pastes,111.600000,0.000000,280,390,440,480,540,590,620,980,1100,1100,1100,112944,1,430.0,461.0286901393579,32.33849999924132,19812.114199999996,2860.182408981442
1746383887,2000,,Aggregated,1235.500000,0.000000,290,380,440,480,550,600,660,940,1100,1100,1100,1241803,51,430.0,453.90671564388845,26.804099999935715,21022.02749999924,2905.61057108092
1746383888,2000,GET,GET /pastes/:slug,1142.000000,0.000000,270,340,390,430,500,550,600,940,1100,1100,1100,1130160,50,430.0,453.0483100755847,26.804099999935715,21022.02749999924,2910.0908827068733
1746383888,2000,POST,POST /pastes,115.200000,0.000000,270,350,410,440,510,550,600,980,1100,1100,1100,113075,1,430.0,460.8756667070495,32.33849999924132,19812.114199999996,2860.073782887464
1746383888,2000,,Aggregated,1257.200000,0.000000,270,340,390,430,500,550,600,940,1100,1100,1100,1243235,51,430.0,453.7602256435252,26.804099999935715,21022.02749999924,2905.541715765724
1746383889,2000,GET,GET /pastes/:slug,1133.600000,0.000000,240,300,340,380,480,520,600,930,1100,1100,1100,1131449,50,420.0,452.7134616861413,26.804099999935715,21022.02749999924,2910.008333561654
1746383889,2000,POST,POST /pastes,113.600000,0.000000,240,310,350,390,480,520,600,980,1100,1100,1100,113195,1,430.0,460.56181871548773,32.33849999924132,19812.114199999996,2860.156384999337
1746383889,2000,,Aggregated,1247.200000,0.000000,240,300,350,380,480,520,600,930,1100,1100,1100,1244644,51,430.0,453.42723588498245,26.804099999935715,21022.02749999924,2905.4745139975767
1746383890,2000,GET,GET /pastes/:slug,1175.100000,0.000000,230,290,330,360,420,470,520,530,570,580,580,1132421,50,420.0,452.62962734912446,26.804099999935715,21022.02749999924,2910.039438512709
1746383890,2000,POST,POST /pastes,116.400000,0.000000,240,300,340,360,430,480,520,530,580,580,580,113306,1,430.0,460.475683986723,32.33849999924132,19812.114199999996,2859.8148376961503
1746383890,2000,,Aggregated,1291.500000,0.000000,230,290,330,360,420,470,520,530,570,580,580,1245727,51,420.0,453.3432711036441,26.804099999935715,21022.02749999924,2905.4712236308596
1746383891,2000,GET,GET /pastes/:slug,1182.900000,0.000000,250,310,350,380,440,500,530,550,570,580,590,1133843,50,420.0,452.43314115959816,26.804099999935715,21022.02749999924,2909.9932098182903
1746383891,2000,POST,POST /pastes,116.900000,0.000000,260,310,360,390,450,510,530,540,580,580,580,113445,1,430.0,460.2770459059421,32.33849999924132,19812.114199999996,2859.785816915686
1746383891,2000,,Aggregated,1299.800000,0.000000,250,310,350,380,440,500,530,550,570,580,590,1247288,51,420.0,453.1465704349188,26.804099999935715,21022.02749999924,2905.4266801251997
1746383892,2000,GET,GET /pastes/:slug,1188.300000,0.000000,220,300,340,370,440,500,530,550,570,580,590,1135032,50,420.0,452.1413172420883,26.804099999935715,21022.02749999924,2909.989709541229
1746383892,2000,POST,POST /pastes,118.200000,0.000000,240,310,350,380,440,510,530,540,580,580,580,113586,1,430.0,459.93708861479024,32.33849999924132,19812.114199999996,2859.8106720898704
1746383892,2000,,Aggregated,1306.500000,0.000000,220,300,340,370,440,500,530,550,570,580,590,1248618,51,420.0,452.8504936972957,26.804099999935715,21022.02749999924,2905.424953828953
1746383893,2000,GET,GET /pastes/:slug,1170.100000,0.000000,240,300,340,370,440,500,530,550,570,580,590,1136355,50,420.0,451.9380198889627,26.804099999935715,21022.02749999924,2909.972871153821
1746383893,2000,POST,POST /pastes,117.600000,0.000000,250,310,350,380,450,510,530,540,580,580,580,113710,1,430.0,459.7458824826273,32.33849999924132,19812.114199999996,2859.748271919796
1746383893,2000,,Aggregated,1287.700000,0.000000,240,300,340,370,440,500,530,550,570,580,590,1250065,51,420.0,452.6482486014979,26.804099999935715,21022.02749999924,2905.4042773775764
1746383894,2000,GET,GET /pastes/:slug,1177.500000,0.000000,240,290,340,370,440,500,530,550,570,580,590,1137554,50,420.0,451.65789894072964,26.804099999935715,21022.02749999924,2909.9183493706673
1746383894,2000,POST,POST /pastes,119.900000,0.000000,240,300,340,370,440,500,530,540,580,580,580,113853,1,430.0,459.4117644260545,32.33849999924132,19812.114199999996,2859.599966623629
1746383894,2000,,Aggregated,1297.400000,0.000000,240,290,340,370,440,500,530,550,570,580,590,1251407,51,420.0,452.363345567697,26.804099999935715,21022.02749999924,2905.340383264597
1746383895,2000,GET,GET /pastes/:slug,1185.700000,0.000000,230,290,330,360,420,450,500,530,570,570,590,1138600,50,420.0,451.5842143607264,26.804099999935715,21022.02749999924,2909.878709819076
1746383895,2000,POST,POST /pastes,121.800000,0.000000,240,290,330,360,420,460,500,520,550,560,560,113947,1,430.0,459.331406018584,32.33849999924132,19812.114199999996,2859.6467919295815
1746383895,2000,,Aggregated,1307.500000,0.000000,230,290,330,360,420,450,500,530,570,570,590,1252547,51,420.0,452.2889937006234,26.804099999935715,21022.02749999924,2905.3089999816375
1746383897,2000,GET,GET /pastes/:slug,1197.900000,0.000000,250,300,360,390,440,480,510,530,570,570,590,1140011,50,420.0,451.34881436146054,26.804099999935715,21022.02749999924,2909.817509655609
1746383897,2000,POST,POST /pastes,124.600000,0.000000,250,310,360,380,440,470,510,520,550,560,560,114096,1,430.0,459.05773654466054,32.33849999924132,19812.114199999996,2859.6787880381435
1746383897,2000,,Aggregated,1322.500000,0.000000,250,310,360,390,440,480,510,530,570,570,590,1254107,51,420.0,452.05015578242995,26.804099999935715,21022.02749999924,2905.255994903146
1746383898,2000,GET,GET /pastes/:slug,1173.900000,0.000000,230,290,340,370,440,480,510,530,570,570,590,1141110,50,420.0,451.1186332263521,26.804099999935715,21022.02749999924,2909.812439642103
1746383898,2000,POST,POST /pastes,119.000000,0.000000,230,290,340,370,430,470,510,530,550,560,560,114199,1,430.0,458.82824640408086,32.33849999924132,19812.114199999996,2859.721722607028
1746383898,2000,,Aggregated,1292.900000,0.000000,230,290,340,370,440,480,510,530,570,570,590,1255309,51,420.0,451.8199984800853,26.804099999935715,21022.02749999924,2905.255545845684
1746383899,2000,GET,GET /pastes/:slug,1174.800000,0.000000,260,320,360,380,440,480,510,530,570,570,590,1142413,50,420.0,450.9992156963568,26.804099999935715,21022.02749999924,2909.811911279021
1746383899,2000,POST,POST /pastes,120.100000,0.000000,260,330,360,380,440,480,510,520,550,560,560,114341,1,430.0,458.6826275491699,32.33849999924132,19812.114199999996,2859.4750352017213
1746383899,2000,,Aggregated,1294.900000,0.000000,260,320,360,380,440,480,510,530,570,570,590,1256754,51,420.0,451.6982618061586,26.804099999935715,21022.02749999924,2905.23220136956
1746383900,2000,GET,GET /pastes/:slug,1179.100000,0.000000,240,290,320,340,410,450,480,490,510,520,520,1143509,50,420.0,450.8000736472749,26.804099999935715,21022.02749999924,2909.8392797957863
1746383900,2000,POST,POST /pastes,120.900000,0.000000,240,290,320,340,400,460,480,490,520,520,520,114449,1,430.0,458.4721328242245,32.33849999924132,19812.114199999996,2859.4140272086256
1746383900,2000,,Aggregated,1300.000000,0.000000,240,290,320,340,410,450,480,490,510,520,520,1257958,51,420.0,451.4980774763045,26.804099999935715,21022.02749999924,2905.251591070608
1746383901,2000,GET,GET /pastes/:slug,1163.500000,0.000000,260,300,350,370,440,470,500,520,560,570,570,1144537,50,420.0,450.7465743369785,26.804099999935715,21022.02749999924,2909.8287822936263
1746383901,2000,POST,POST /pastes,120.400000,0.000000,250,310,340,370,430,460,500,520,550,550,550,114561,1,430.0,458.40481675351685,32.33849999924132,19812.114199999996,2859.5154982934855
1746383901,2000,,Aggregated,1283.900000,0.000000,260,300,350,370,440,470,500,520,560,570,570,1259098,51,420.0,451.4433714961308,26.804099999935715,21022.02749999924,2905.2509494892374
1746383902,2000,GET,GET /pastes/:slug,1175.900000,0.000000,280,330,370,400,460,500,530,550,610,650,650,1145895,50,420.0,450.6220654477251,26.804099999935715,21022.02749999924,2909.7966907962773
1746383902,2000,POST,POST /pastes,122.600000,0.000000,270,330,360,390,460,500,540,560,700,740,740,114689,1,430.0,458.2932811246034,32.33849999924132,19812.114199999996,2859.4475233021476
1746383902,2000,,Aggregated,1298.500000,0.000000,280,330,370,390,460,500,530,550,620,700,740,1260584,51,420.0,451.319999147328,26.804099999935715,21022.02749999924,2905.2158808933004
1746383903,2000,GET,GET /pastes/:slug,1166.900000,0.000000,270,320,360,400,460,500,530,550,610,650,650,1146975,50,420.0,450.41950794735766,26.804099999935715,21022.02749999924,2909.7617070991087
1746383903,2000,POST,POST /pastes,121.400000,0.000000,270,320,360,390,460,500,540,560,700,740,740,114784,1,430.0,458.1108128624168,32.33849999924132,19812.114199999996,2859.2839942849178
1746383903,2000,,Aggregated,1288.300000,0.000000,270,320,360,400,460,500,530,550,620,700,740,1261759,51,420.0,451.11919682882126,26.804099999935715,21022.02749999924,2905.169678203207
1746383904,2000,GET,GET /pastes/:slug,1171.300000,0.000000,300,350,390,410,460,500,530,550,610,650,650,1148100,50,420.0,450.33445235085946,26.804099999935715,21022.02749999924,2909.7405313126033
1746383904,2000,POST,POST /pastes,120.300000,0.000000,300,350,380,410,460,500,540,560,700,740,740,114922,1,430.0,458.00216054976113,32.33849999924132,19812.114199999996,2859.251605436731
1746383904,2000,,Aggregated,1291.600000,0.000000,300,350,390,410,460,500,530,550,620,700,740,1263022,51,420.0,451.0321348628422,26.804099999935715,21022.02749999924,2905.146558808952
1746383905,2000,GET,GET /pastes/:slug,1170.100000,0.000000,290,330,370,400,460,500,530,550,610,650,650,1149261,50,420.0,450.18274276967725,26.804099999935715,21022.02749999924,2909.6856597413466
1746383905,2000,POST,POST /pastes,117.800000,0.000000,290,330,370,390,460,500,540,560,700,740,740,115056,1,430.0,457.81164368568045,32.33849999924132,19812.114199999996,2859.332177374496
1746383905,2000,,Aggregated,1287.900000,0.000000,290,330,370,390,460,500,530,550,620,700,740,1264317,51,420.0,450.87699177827864,26.804099999935715,21022.02749999924,2905.1033672726066
1746383906,2000,GET,GET /pastes/:slug,1144.400000,0.000000,300,340,370,400,460,500,530,550,610,650,650,1150350,50,420.0,450.09634827054543,26.804099999935715,21022.02749999924,2909.6017186073805
1746383906,2000,POST,POST /pastes,117.900000,0.000000,300,350,370,400,460,500,540,560,700,740,740,115149,1,430.0,457.7476219793454,32.33849999924132,19812.114199999996,2859.49548845409
1746383906,2000,,Aggregated,1262.300000,0.000000,300,340,370,400,460,500,540,550,620,700,740,1265499,51,420.0,450.7925451986431,26.804099999935715,21022.02749999924,2905.042503391943
1746383907,2000,GET,GET /pastes/:slug,1147.000000,0.000000,300,350,370,400,460,500,530,550,610,650,650,1151748,50,420.0,449.88188048872036,26.804099999935715,21022.02749999924,2909.5962085456194
1746383907,2000,POST,POST /pastes,117.500000,0.000000,310,350,380,400,460,500,540,560,700,740,740,115280,1,420.0,457.5542503365687,32.33849999924132,19812.114199999996,2859.323612074948
1746383907,2000,,Aggregated,1264.500000,0.000000,300,350,370,400,460,500,530,550,620,700,740,1267028,51,420.0,450.57994777379724,26.804099999935715,21022.02749999924,2905.022177883993
1746383908,2000,GET,GET /pastes/:slug,1144.500000,0.000000,290,330,360,380,460,500,530,550,610,650,650,1152838,50,420.0,449.6746232362423,26.804099999935715,21022.02749999924,2909.6521610148175
1746383908,2000,POST,POST /pastes,116.900000,0.000000,290,340,370,390,460,500,540,560,700,740,740,115389,1,420.0,457.3458192020005,32.33849999924132,19812.114199999996,2859.507561379334
1746383908,2000,,Aggregated,1261.400000,0.000000,290,330,360,380,460,500,530,550,620,700,740,1268227,51,420.0,450.372583168737,26.804099999935715,21022.02749999924,2905.089779668782
1746383909,2000,GET,GET /pastes/:slug,1135.000000,0.000000,300,350,390,430,500,580,640,650,710,730,740,1153627,50,420.0,449.7264337547782,26.804099999935715,21022.02749999924,2909.67136951545
1746383909,2000,POST,POST /pastes,116.000000,0.000000,310,360,390,430,500,560,630,640,720,740,740,115471,1,420.0,457.3653185951416,32.33849999924132,19812.114199999996,2859.4851001550173
1746383909,2000,,Aggregated,1251.000000,0.000000,300,360,390,430,500,580,640,650,710,740,740,1269098,51,420.0,450.4214704433681,26.804099999935715,21022.02749999924,2905.1050880231473
1746383910,2000,GET,GET /pastes/:slug,1145.600000,0.000000,320,370,430,460,590,650,870,960,1100,1100,1100,1154917,50,420.0,449.8953688434947,26.804099999935715,21022.02749999924,2909.7254859007185
1746383910,2000,POST,POST /pastes,115.300000,0.000000,330,370,430,460,590,640,950,1000,1600,1700,1700,115607,1,420.0,457.5630872559587,32.33849999924132,19812.114199999996,2859.495489027481
1746383910,2000,,Aggregated,1260.900000,0.000000,320,370,430,460,590,650,880,970,1100,1600,1700,1270524,51,420.0,450.59306674021104,26.804099999935715,21022.02749999924,2905.154978575769
1746383911,2000,GET,GET /pastes/:slug,1111.000000,0.000000,310,370,420,450,590,650,880,960,1100,1100,1100,1155760,50,420.0,449.81391241894767,26.804099999935715,21022.02749999924,2909.686479892019
1746383911,2000,POST,POST /pastes,112.600000,0.000000,320,370,420,450,590,640,990,1100,2000,2000,2000,115685,1,420.0,457.5231868833439,32.33849999924132,19812.114199999996,2859.5425422483468
1746383911,2000,,Aggregated,1223.600000,0.000000,310,370,420,450,590,650,890,980,1100,2000,2000,1271445,51,420.0,450.5153563795036,26.804099999935715,21022.02749999924,2905.1240321052032
1746383912,2000,GET,GET /pastes/:slug,1100.800000,0.000000,350,420,470,510,630,690,880,960,1100,1100,1100,1157067,50,420.0,449.9080336020505,26.804099999935715,21022.02749999924,2909.751157884548
1746383912,2000,POST,POST /pastes,108.900000,0.000000,350,430,460,520,630,710,980,1100,2000,2000,2000,115829,1,420.0,457.6257562587921,32.33849999924132,19812.114199999996,2859.413894620518
1746383912,2000,,Aggregated,1209.700000,0.000000,350,420,470,510,630,690,880,980,1100,2000,2000,1272896,51,420.0,450.610318861509,26.804099999935715,21022.02749999924,2905.1706463057467
1746383913,2000,GET,GET /pastes/:slug,1106.100000,0.000000,330,400,460,510,630,690,870,960,1100,1100,1100,1158325,50,420.0,449.6134714817715,26.804099999935715,21022.02749999924,2909.7645073705567
1746383913,2000,POST,POST /pastes,111.600000,0.000000,330,410,460,530,630,710,990,1100,2000,2000,2000,115948,1,420.0,457.3470065650088,32.33849999924132,19812.114199999996,2859.4191275399317
1746383913,2000,,Aggregated,1217.700000,0.000000,330,400,460,510,630,690,880,980,1100,2000,2000,1274273,51,420.0,450.3171573684285,26.804099999935715,21022.02749999924,2905.183506203145
1746383914,2000,GET,GET /pastes/:slug,1058.800000,0.000000,320,390,460,510,630,690,870,960,1100,1100,1100,1159448,50,420.0,449.4133505143166,26.804099999935715,21022.02749999924,2909.7897508124556
1746383914,2000,POST,POST /pastes,108.300000,0.000000,330,410,470,540,630,720,990,1100,2000,2000,2000,116054,1,420.0,457.15769002446814,32.33849999924132,19812.114199999996,2859.4073965567754
1746383914,2000,,Aggregated,1167.100000,0.000000,320,390,460,510,630,690,880,980,1100,2000,2000,1275502,51,420.0,450.11798412330006,26.804099999935715,21022.02749999924,2905.205615514519
1746383915,2000,GET,GET /pastes/:slug,1091.600000,0.000000,300,400,460,490,620,690,870,950,1100,1100,1100,1160792,50,420.0,449.2116375272428,26.804099999935715,21022.02749999924,2909.769492725656
1746383915,2000,POST,POST /pastes,111.400000,0.000000,310,410,470,520,630,710,980,1100,2000,2000,2000,116183,1,420.0,456.9683640747753,32.33849999924132,19812.114199999996,2859.3309176041244
1746383915,2000,,Aggregated,1203.000000,0.000000,300,400,460,490,620,690,880,970,1100,2000,2000,1276975,51,420.0,449.9173676789582,26.804099999935715,21022.02749999924,2905.1804404941367
1746383916,2000,GET,GET /pastes/:slug,1097.000000,0.000000,300,400,460,520,630,690,870,960,1100,1100,1100,1161678,50,420.0,449.11834697439696,26.804099999935715,21022.02749999924,2909.79331449851
1746383916,2000,POST,POST /pastes,109.900000,0.000000,300,400,470,550,630,710,990,1100,2000,2000,2000,116273,1,420.0,456.85940102345063,32.33849999924132,19812.114199999996,2859.43866589836
1746383916,2000,,Aggregated,1206.900000,0.000000,300,400,460,520,630,690,880,980,1100,2000,2000,1277951,51,420.0,449.8226584679208,26.804099999935715,21022.02749999924,2905.2118508456115
1746383917,2000,GET,GET /pastes/:slug,1102.300000,0.000000,340,430,480,520,630,690,870,960,1100,1100,1100,1163091,50,420.0,449.04985395392487,26.804099999935715,21022.02749999924,2909.7047952395815
1746383917,2000,POST,POST /pastes,108.900000,0.000000,350,430,480,530,620,710,980,1100,2000,2000,2000,116433,1,420.0,456.77105702249077,32.33849999924132,19812.114199999996,2859.7452955777144
1746383917,2000,,Aggregated,1211.200000,0.000000,340,430,480,520,630,690,880,970,1100,2000,2000,1279524,51,420.0,449.7524612023176,26.804099999935715,21022.02749999924,2905.158624613528
1746383918,2000,GET,GET /pastes/:slug,1119.100000,0.000000,310,400,450,480,590,680,870,950,1100,1100,1100,1164149,50,420.0,448.75841380821845,26.804099999935715,21022.02749999924,2909.659536708789
1746383918,2000,POST,POST /pastes,111.500000,0.000000,320,400,440,480,590,700,970,1100,2000,2000,2000,116565,1,420.0,456.40610290738726,32.33849999924132,19812.114199999996,2859.7865825934027
1746383918,2000,,Aggregated,1230.600000,0.000000,310,400,450,480,590,680,880,970,1100,2000,2000,1280714,51,420.0,449.45447310003203,26.804099999935715,21022.02749999924,2905.1203180413427
1746383919,2000,GET,GET /pastes/:slug,1102.200000,0.000000,290,360,410,430,510,590,700,790,900,950,950,1165422,50,420.0,448.59561724355984,26.804099999935715,21022.02749999924,2909.677908088229
1746383919,2000,POST,POST /pastes,110.200000,0.000000,290,370,420,440,550,660,940,1000,2000,2000,2000,116681,1,420.0,456.24264124407233,32.33849999924132,19812.114199999996,2859.778575774976
1746383919,2000,,Aggregated,1212.400000,0.000000,290,360,410,430,520,600,710,810,1000,2000,2000,1282103,51,420.0,449.2915538472588,26.804099999935715,21022.02749999924,2905.1366941657575
1746383920,2000,GET,GET /pastes/:slug,1122.500000,0.000000,280,350,400,420,500,570,650,690,760,770,770,1166811,50,420.0,448.34246289495394,26.804099999935715,21022.02749999924,2909.68591742793
1746383920,2000,POST,POST /pastes,115.800000,0.000000,280,350,400,420,510,580,660,710,860,1000,1000,116816,1,420.0,455.9933520373887,32.33849999924132,19812.114199999996,2859.8200931379265
1746383920,2000,,Aggregated,1238.300000,0.000000,280,350,400,420,500,570,650,690,760,860,1000,1283627,51,420.0,449.0387292293885,26.804099999935715,21022.02749999924,2905.1478965462707
1746383921,2000,GET,GET /pastes/:slug,1133.500000,0.000000,270,330,370,390,440,510,580,620,690,700,700,1167852,50,420.0,448.2159095185213,26.804099999935715,21022.02749999924,2909.661235327764
1746383921,2000,POST,POST /pastes,117.600000,0.000000,280,340,360,390,440,520,580,620,700,770,770,116917,1,420.0,455.86922761531315,32.33849999924132,19812.114199999996,2859.9375882035974
1746383921,2000,,Aggregated,1251.100000,0.000000,270,330,370,390,440,510,580,620,690,700,770,1284769,51,420.0,448.91237946131236,26.804099999935715,21022.02749999924,2905.1362665195065
1746383922,2000,GET,GET /pastes/:slug,1147.200000,0.000000,270,320,350,370,430,470,510,520,570,580,580,1169219,50,420.0,448.03248862892553,26.804099999935715,21022.02749999924,2909.6115047736994
1746383922,2000,POST,POST /pastes,119.600000,0.000000,270,330,350,370,430,470,510,530,580,620,620,117063,1,420.0,455.6680064563482,32.33849999924132,19812.114199999996,2859.646660345284
1746383922,2000,,Aggregated,1266.800000,0.000000,270,320,350,370,430,470,510,520,570,580,620,1286282,51,420.0,448.7273880548986,26.804099999935715,21022.02749999924,2905.0642635129775
1746383923,2000,GET,GET /pastes/:slug,1154.700000,0.000000,270,320,350,370,430,470,510,520,570,580,580,1170354,50,420.0,447.71918186012437,26.804099999935715,21022.02749999924,2909.653549267999
1746383923,2000,POST,POST /pastes,116.900000,0.000000,270,330,350,370,430,470,510,530,580,620,620,117169,1,420.0,455.3739235309639,32.33849999924132,19812.114199999996,2859.78439689679
1746383923,2000,,Aggregated,1271.600000,0.000000,270,320,350,370,430,470,510,530,570,580,620,1287523,51,420.0,448.41578955322035,26.804099999935715,21022.02749999924,2905.1152857075176
1746383924,2000,GET,GET /pastes/:slug,1186.400000,0.000000,270,340,360,380,460,500,530,560,580,590,590,1171512,50,420.0,447.6731916878559,26.804099999935715,21022.02749999924,2909.6878973497496
1746383924,2000,POST,POST /pastes,119.900000,0.000000,280,340,360,380,450,500,550,560,620,800,800,117286,1,420.0,455.3225930614013,32.33849999924132,19812.114199999996,2859.7838360929695
1746383924,2000,,Aggregated,1306.300000,0.000000,270,340,360,380,460,500,530,560,580,620,800,1288798,51,420.0,448.3693191566355,26.804099999935715,21022.02749999924,2905.1464193768147
1746383925,2000,GET,GET /pastes/:slug,1187.000000,0.000000,270,340,360,380,460,500,530,560,580,590,590,1172884,50,420.0,447.36696727350954,26.804099999935715,21022.02749999924,2909.712518032474
1746383925,2000,POST,POST /pastes,120.800000,0.000000,270,340,360,380,450,500,550,560,620,800,800,117429,1,420.0,454.98225323897435,32.33849999924132,19812.114199999996,2859.464902196221
1746383925,2000,,Aggregated,1307.800000,0.000000,270,340,360,380,460,500,530,560,580,620,800,1290313,51,420.0,448.0600203665586,26.804099999935715,21022.02749999924,2905.1395754363475
1746383926,2000,GET,GET /pastes/:slug,1159.200000,0.000000,250,320,350,370,400,480,520,540,580,590,590,1173837,50,420.0,447.2154675656179,26.804099999935715,21022.02749999924,2909.6500434046634
1746383926,2000,POST,POST /pastes,117.800000,0.000000,250,330,350,370,410,460,520,560,580,800,800,117520,1,420.0,454.84679498638087,32.33849999924132,19812.114199999996,2859.360091899251
1746383926,2000,,Aggregated,1277.000000,0.000000,250,330,350,370,410,480,520,540,580,590,800,1291357,51,420.0,447.90995684976014,26.804099999935715,21022.02749999924,2905.073404178705
1746383927,2000,GET,GET /pastes/:slug,1178.500000,0.000000,280,340,370,380,450,510,540,560,580,590,600,1175199,50,420.0,447.1572345172368,26.804099999935715,21022.02749999924,2909.6048592621337
1746383927,2000,POST,POST /pastes,119.700000,0.000000,280,340,360,380,460,520,550,560,580,800,800,117646,1,420.0,454.7960901025067,32.33849999924132,19812.114199999996,2859.3859204732844
1746383927,2000,,Aggregated,1298.200000,0.000000,280,340,370,380,450,510,540,560,580,600,800,1292845,51,420.0,447.8523532702198,26.804099999935715,21022.02749999924,2905.035048284984
1746383928,2000,GET,GET /pastes/:slug,1190.700000,0.000000,280,340,370,380,450,510,540,560,580,590,600,1176231,50,420.0,446.9669195977844,26.804099999935715,21022.02749999924,2909.62032712962
1746383928,2000,POST,POST /pastes,121.500000,0.000000,290,340,370,380,460,520,550,560,580,800,800,117737,1,420.0,454.62089901474906,32.33849999924132,19812.114199999996,2859.315907488725
1746383928,2000,,Aggregated,1312.200000,0.000000,280,340,370,380,450,510,540,560,580,600,800,1293968,51,420.0,447.6633483924917,26.804099999935715,21022.02749999924,2905.0431726286893
1746383929,2000,GET,GET /pastes/:slug,1166.700000,0.000000,290,360,390,420,500,540,570,590,610,640,640,1177265,50,420.0,447.02068139316196,26.804099999935715,21022.02749999924,2909.586102534264
1746383929,2000,POST,POST /pastes,118.000000,0.000000,300,360,390,450,500,540,570,580,610,800,800,117846,1,420.0,454.6620767170673,32.33849999924132,19812.114199999996,2859.4504607708363
1746383929,2000,,Aggregated,1284.700000,0.000000,290,360,390,430,500,540,570,590,610,640,800,1295111,51,420.0,447.71599467005944,26.804099999935715,21022.02749999924,2905.024111446818
1746383930,2000,GET,GET /pastes/:slug,1164.400000,0.000000,300,360,400,450,510,540,570,590,610,640,640,1178677,50,420.0,446.77925048628316,26.804099999935715,21022.02749999924,2909.665235683737
1746383930,2000,POST,POST /pastes,116.100000,0.000000,310,370,410,460,510,550,570,590,610,800,800,117965,1,420.0,454.4426714500024,32.33849999924132,19812.114199999996,2859.4929512991143
1746383930,2000,,Aggregated,1280.500000,0.000000,300,360,400,450,510,540,570,590,610,640,800,1296642,51,420.0,447.47644790392116,26.804099999935715,21022.02749999924,2905.100696260032
1746383932,2000,GET,GET /pastes/:slug,1146.200000,0.000000,300,370,430,470,520,550,580,590,610,640,640,1179691,50,420.0,446.68824565061715,26.804099999935715,21022.02749999924,2909.663495779827
1746383932,2000,POST,POST /pastes,112.800000,0.000000,300,380,450,470,520,550,570,590,800,800,800,118071,1,420.0,454.3377893377674,32.33849999924132,19812.114199999996,2859.4763997933446
1746383932,2000,,Aggregated,1259.000000,0.000000,300,370,440,470,520,550,580,590,610,640,800,1297762,51,420.0,447.3842047499742,26.804099999935715,21022.02749999924,2905.097450071739
1746383933,2000,GET,GET /pastes/:slug,1166.900000,0.000000,320,380,420,460,520,550,580,590,610,640,640,1181203,50,420.0,446.4692683775956,26.804099999935715,21022.02749999924,2909.6374518181888
1746383933,2000,POST,POST /pastes,113.200000,0.000000,320,390,450,470,520,550,570,590,610,800,800,118201,1,420.0,454.1523422441394,32.33849999924132,19812.114199999996,2859.55708496544
1746383933,2000,,Aggregated,1280.100000,0.000000,320,380,430,470,520,550,580,590,610,640,800,1299404,51,420.0,447.1681634203332,26.804099999935715,21022.02749999924,2905.0818636851973
1746383934,2000,GET,GET /pastes/:slug,1137.100000,0.000000,280,360,400,440,500,540,570,590,610,640,640,1182111,50,420.0,446.2312574480913,26.804099999935715,21022.02749999924,2909.618806524937
1746383934,2000,POST,POST /pastes,110.500000,0.000000,280,370,410,450,500,540,570,590,610,610,610,118290,1,420.0,453.91020563360803,32.33849999924132,19812.114199999996,2859.526367402147
1746383934,2000,,Aggregated,1247.600000,0.000000,280,360,400,440,500,540,570,590,610,640,640,1300401,51,420.0,446.9297672007592,26.804099999935715,21022.02749999924,2905.06218543357
1746383935,2000,GET,GET /pastes/:slug,1155.200000,0.000000,330,390,440,470,530,560,590,610,640,640,650,1183558,50,420.0,446.2176999430704,26.804099999935715,21022.02749999924,2909.636289053853
1746383935,2000,POST,POST /pastes,110.100000,0.000000,350,410,450,470,530,560,590,610,790,790,790,118441,1,420.0,453.8835868356354,32.33849999924132,19812.114199999996,2859.7428339848534
1746383935,2000,,Aggregated,1265.300000,0.000000,330,390,440,470,530,560,590,610,640,650,790,1301999,51,420.0,446.91505478701225,26.804099999935715,21022.02749999924,2905.0975523022676
1746383936,2000,GET,GET /pastes/:slug,1153.300000,0.000000,310,380,440,470,530,560,590,610,640,640,650,1184543,50,420.0,446.02829627486756,26.804099999935715,21022.02749999924,2909.6256657630834
1746383936,2000,POST,POST /pastes,110.100000,0.000000,320,400,450,470,530,560,590,610,790,790,790,118534,1,420.0,453.70982781395605,32.33849999924132,19812.114199999996,2859.8541431150556
1746383936,2000,,Aggregated,1263.400000,0.000000,310,380,440,470,530,560,590,610,640,650,790,1303077,51,420.0,446.72704443746375,26.804099999935715,21022.02749999924,2905.098214457012
1746383937,2000,GET,GET /pastes/:slug,1147.300000,0.000000,320,410,470,490,560,610,710,720,750,760,760,1185262,50,420.0,446.1395898576174,26.804099999935715,21022.02749999924,2909.572413525448
1746383937,2000,POST,POST /pastes,110.200000,0.000000,330,420,470,490,560,670,710,720,790,790,790,118604,1,420.0,453.82185771643,32.33849999924132,19812.114199999996,2859.8326279046237
1746383937,2000,,Aggregated,1257.500000,0.000000,320,410,470,490,560,610,710,720,750,760,790,1303866,51,420.0,446.8383945638881,26.804099999935715,21022.02749999924,2905.047916733775
1746383938,2000,GET,GET /pastes/:slug,1124.300000,0.000000,340,440,490,520,600,690,730,740,750,760,760,1186894,50,420.0,446.0404979448201,26.804099999935715,21022.02749999924,2909.5195695656057
1746383938,2000,POST,POST /pastes,107.200000,0.000000,350,450,490,520,640,710,730,740,760,790,790,118747,1,420.0,453.78056068110726,32.33849999924132,19812.114199999996,2859.829654643907
1746383938,2000,,Aggregated,1231.500000,0.000000,340,440,490,520,600,690,730,740,750,760,790,1305641,51,420.0,446.74445043234823,26.804099999935715,21022.02749999924,2905.0003117242795
1746383939,2000,GET,GET /pastes/:slug,1117.100000,0.000000,300,380,440,490,600,690,730,740,750,760,760,1187795,50,420.0,445.91191195536237,26.804099999935715,21022.02749999924,2909.4530546095916
1746383939,2000,POST,POST /pastes,106.000000,0.000000,310,400,460,500,640,710,730,740,790,790,790,118846,1,420.0,453.63212192837307,32.33849999924132,19812.114199999996,2859.717617757434
1746383939,2000,,Aggregated,1223.100000,0.000000,300,380,440,490,600,700,730,740,750,760,790,1306641,51,420.0,446.6141064177087,26.804099999935715,21022.02749999924,2904.9293501428474
1746383940,2000,GET,GET /pastes/:slug,1134.400000,0.000000,350,430,480,510,600,700,730,740,750,760,760,1188989,50,420.0,445.9443905032927,26.804099999935715,21022.02749999924,2909.467751173476
1746383940,2000,POST,POST /pastes,106.800000,0.000000,360,440,490,520,640,710,730,740,760,790,790,118975,1,420.0,453.660470551792,32.33849999924132,19812.114199999996,2859.7195881487705
1746383940,2000,,Aggregated,1241.200000,0.000000,350,430,490,510,600,700,730,740,750,760,790,1307964,51,420.0,446.646260450626,26.804099999935715,21022.02749999924,2904.9425595811504
1746383941,2000,GET,GET /pastes/:slug,1136.700000,0.000000,320,420,480,510,600,690,730,740,750,760,760,1190223,50,420.0,445.69535160076674,26.804099999935715,21022.02749999924,2909.4173360790373
1746383941,2000,POST,POST /pastes,108.600000,0.000000,330,420,490,510,620,710,730,740,760,790,790,119104,1,420.0,453.37766095092917,32.33849999924132,19812.114199999996,2859.7168608946804
1746383941,2000,,Aggregated,1245.300000,0.000000,320,420,480,510,600,690,730,740,750,760,790,1309327,51,420.0,446.39417914565496,26.804099999935715,21022.02749999924,2904.896291759049
1746383942,2000,GET,GET /pastes/:slug,1132.200000,0.000000,330,440,490,510,610,700,730,740,750,760,760,1191210,50,420.0,445.64406043075434,26.804099999935715,21022.02749999924,2909.4469581350054
1746383942,2000,POST,POST /pastes,109.900000,0.000000,340,440,490,520,640,710,730,740,760,790,790,119205,1,420.0,453.31771905372636,32.33849999924132,19812.114199999996,2859.915246843673
1746383942,2000,,Aggregated,1242.100000,0.000000,340,440,490,510,610,700,730,740,750,760,790,1310415,51,420.0,446.3421129379188,26.804099999935715,21022.02749999924,2904.9411888600175
1746383943,2000,GET,GET /pastes/:slug,1120.700000,0.000000,360,440,480,510,600,690,730,740,750,760,760,1192627,50,420.0,445.5103602713324,26.804099999935715,21022.02749999924,2909.421992794059
1746383943,2000,POST,POST /pastes,110.200000,0.000000,370,450,490,510,610,710,730,740,760,790,790,119364,1,420.0,453.17679316208785,32.33849999924132,19812.114199999996,2859.7432224121176
1746383943,2000,,Aggregated,1230.900000,0.000000,360,440,480,510,600,700,730,740,750,760,790,1311991,51,420.0,446.2078468361006,26.804099999935715,21022.02749999924,2904.9022539026564
1746383944,2000,GET,GET /pastes/:slug,1122.500000,0.000000,300,410,470,490,560,700,730,740,750,760,760,1193721,50,420.0,445.26645557296746,26.804099999935715,21022.02749999924,2909.4242658041535
1746383944,2000,POST,POST /pastes,110.200000,0.000000,320,430,470,500,620,710,730,740,760,760,760,119460,1,420.0,452.95799187426275,32.33849999924132,19812.114199999996,2859.632546459066
1746383944,2000,,Aggregated,1232.700000,0.000000,300,420,470,490,560,700,730,740,750,760,760,1313181,51,420.0,445.9661541876878,26.804099999935715,21022.02749999924,2904.894715960709
1746383945,2000,GET,GET /pastes/:slug,1095.500000,0.000000,350,460,500,520,640,710,730,740,750,760,760,1194449,50,420.0,445.3578268217551,26.804099999935715,21022.02749999924,2909.3633976837855
1746383945,2000,POST,POST /pastes,111.600000,0.000000,360,470,500,520,660,710,730,740,760,760,760,119534,1,420.0,453.0342499874465,32.33849999924132,19812.114199999996,2859.7215520270383
1746383945,2000,,Aggregated,1207.100000,0.000000,350,460,500,520,640,710,730,740,750,760,760,1313983,51,420.0,446.05615668348895,26.804099999935715,21022.02749999924,2904.847442470717
1746383946,2000,GET,GET /pastes/:slug,1125.200000,0.000000,340,450,500,520,670,740,810,830,890,890,890,1196036,50,420.0,445.393023845703,26.804099999935715,21022.02749999924,2909.3983951988066
1746383946,2000,POST,POST /pastes,113.600000,0.000000,360,460,500,530,680,730,800,840,850,850,850,119679,1,420.0,453.0419792653632,32.33849999924132,19812.114199999996,2859.703515236591
1746383946,2000,,Aggregated,1238.800000,0.000000,340,450,500,520,670,740,810,830,890,890,890,1315715,51,420.0,446.0887819207345,26.804099999935715,21022.02749999924,2904.878089859886
1746383947,2000,GET,GET /pastes/:slug,1069.500000,0.000000,330,440,480,500,630,730,810,830,890,890,890,1196699,50,420.0,445.38344295083397,26.804099999935715,21022.02749999924,2909.419783086641
1746383947,2000,POST,POST /pastes,107.400000,0.000000,340,440,480,500,610,710,800,840,850,850,850,119748,1,420.0,453.0106710324963,32.33849999924132,19812.114199999996,2859.7718876306913
1746383947,2000,,Aggregated,1176.900000,0.000000,330,440,480,500,630,730,810,830,890,890,890,1316447,51,420.0,446.0772386815711,26.804099999935715,21022.02749999924,2904.9036603828336
1746383948,2000,GET,GET /pastes/:slug,1100.700000,0.000000,420,480,520,550,680,750,810,830,890,890,890,1198355,50,420.0,445.51106401068137,26.804099999935715,21022.02749999924,2909.481312298943
1746383948,2000,POST,POST /pastes,109.600000,0.000000,420,480,510,540,680,750,800,840,850,850,850,119899,1,420.0,453.1224941150418,32.33849999924132,19812.114199999996,2859.7592056647677
1746383948,2000,,Aggregated,1210.300000,0.000000,420,480,520,550,680,750,810,830,890,890,890,1318254,51,420.0,446.20334551189563,26.804099999935715,21022.02749999924,2904.9589434206155
1746383949,2000,GET,GET /pastes/:slug,1108.900000,0.000000,350,460,520,550,680,750,810,830,890,890,890,1199181,50,420.0,445.30633854240534,26.804099999935715,21022.02749999924,2909.4198665589265
1746383949,2000,POST,POST /pastes,111.900000,0.000000,340,460,510,540,690,750,800,840,850,850,850,119983,1,420.0,452.9126836501791,32.33849999924132,19812.114199999996,2859.835251660652
1746383949,2000,,Aggregated,1220.800000,0.000000,350,460,520,550,680,750,810,830,890,890,890,1319164,51,420.0,445.99816465734204,26.804099999935715,21022.02749999924,2904.9099566088826
1746383950,2000,GET,GET /pastes/:slug,1043.500000,0.000000,390,490,540,580,680,750,810,830,890,890,890,1200340,50,420.0,445.3221246389518,26.804099999935715,21022.02749999924,2909.456366529483
1746383950,2000,POST,POST /pastes,105.300000,0.000000,380,470,530,570,690,750,800,840,850,850,850,120103,1,420.0,452.9026075418553,32.33849999924132,19812.114199999996,2859.883175274556
1746383950,2000,,Aggregated,1148.800000,0.000000,390,480,540,580,680,750,810,830,890,890,890,1320443,51,420.0,446.01161955702696,26.804099999935715,21022.02749999924,2904.9473578185502
1746383951,2000,GET,GET /pastes/:slug,1111.200000,0.000000,380,480,540,580,680,750,810,830,890,890,890,1201509,50,420.0,445.14388830305916,26.804099999935715,21022.02749999924,2909.448024941969
1746383951,2000,POST,POST /pastes,110.500000,0.000000,380,470,520,570,680,750,800,840,850,850,850,120219,1,420.0,452.71565458038634,32.33849999924132,19812.114199999996,2859.7934602683436
1746383951,2000,,Aggregated,1221.700000,0.000000,380,480,530,580,680,750,810,830,890,890,890,1321728,51,420.0,445.8325853497376,26.804099999935715,21022.02749999924,2904.9316478125606
1746383952,2000,GET,GET /pastes/:slug,1083.600000,0.000000,380,490,540,580,680,750,810,830,890,890,890,1202609,50,420.0,445.1230274089255,26.804099999935715,21022.02749999924,2909.4102746611743
1746383952,2000,POST,POST /pastes,107.300000,0.000000,370,480,530,570,690,750,800,840,850,850,850,120315,1,420.0,452.6894871620288,32.33849999924132,19812.114199999996,2859.676299713253
1746383952,2000,,Aggregated,1190.900000,0.000000,380,490,540,580,680,750,810,830,890,890,890,1322924,51,420.0,445.8111686817505,26.804099999935715,21022.02749999924,2904.887155271202
1746383953,2000,GET,GET /pastes/:slug,1107.400000,0.000000,420,500,540,580,680,750,810,830,890,890,890,1204031,50,420.0,444.99988708946887,26.804099999935715,21022.02749999924,2909.3936734187077
1746383953,2000,POST,POST /pastes,109.400000,0.000000,410,480,540,570,690,750,800,840,850,850,850,120453,1,420.0,452.56354074451883,32.33849999924132,19812.114199999996,2859.6948021219896
1746383953,2000,,Aggregated,1216.800000,0.000000,420,500,540,580,680,750,810,830,890,890,890,1324484,51,420.0,445.6877510226898,26.804099999935715,21022.02749999924,2904.8738920213455
1746383954,2000,GET,GET /pastes/:slug,1106.200000,0.000000,390,480,520,550,670,750,810,830,890,890,890,1205037,50,420.0,444.80489318976953,26.804099999935715,21022.02749999924,2909.382852974639
1746383954,2000,POST,POST /pastes,108.700000,0.000000,370,470,510,540,670,750,800,840,850,850,850,120565,1,420.0,452.3308050089121,32.33849999924132,19812.114199999996,2859.896404429146
1746383954,2000,,Aggregated,1214.900000,0.000000,390,480,520,550,670,750,810,830,890,890,890,1325602,51,420.0,445.489383374977,26.804099999935715,21022.02749999924,2904.882004553403
1746383955,2000,GET,GET /pastes/:slug,1068.400000,0.000000,350,430,480,510,580,660,740,750,760,770,780,1206349,50,420.0,444.6994148967016,26.804099999935715,21022.02749999924,2909.479279213561
1746383955,2000,POST,POST /pastes,102.300000,0.000000,340,420,460,490,570,660,740,750,760,770,770,120689,1,420.0,452.22794137244836,32.33849999924132,19812.114199999996,2860.32299546769
1746383955,2000,,Aggregated,1170.700000,0.000000,350,420,480,510,580,660,740,750,760,770,780,1327038,51,420.0,445.38410541185334,26.804099999935715,21022.02749999924,2905.008704347577
1746383956,2000,GET,GET /pastes/:slug,1094.100000,0.000000,350,420,480,500,580,660,730,750,760,770,780,1207459,50,420.0,444.52822318076386,26.804099999935715,21022.02749999924,2909.4662236978647
1746383956,2000,POST,POST /pastes,106.000000,0.000000,340,420,460,490,570,660,740,750,760,770,770,120793,1,420.0,452.0600311044466,32.33849999924132,19812.114199999996,2860.348215542291
1746383956,2000,,Aggregated,1200.100000,0.000000,350,420,470,500,570,660,740,750,760,770,780,1328252,51,420.0,445.21317579106375,26.804099999935715,21022.02749999924,2904.9993668370157
1746383957,2000,GET,GET /pastes/:slug,1100.700000,0.000000,340,400,440,470,530,570,620,650,690,700,700,1208656,50,420.0,444.44123836370414,26.804099999935715,21022.02749999924,2909.5105381514672
1746383957,2000,POST,POST /pastes,106.700000,0.000000,330,400,430,460,520,560,590,640,690,710,710,120900,1,420.0,451.9664759065295,32.33849999924132,19812.114199999996,2860.1647559966914
1746383957,2000,,Aggregated,1207.400000,0.000000,340,400,440,470,530,570,620,650,690,700,710,1329556,51,420.0,445.12552787008,26.804099999935715,21022.02749999924,2905.023397284507
1746383958,2000,GET,GET /pastes/:slug,1110.400000,0.000000,350,400,420,440,490,540,580,580,590,620,650,1209717,50,420.0,444.41460294657514,26.804099999935715,21022.02749999924,2909.562508421391
1746383958,2000,POST,POST /pastes,108.300000,0.000000,340,400,420,440,480,530,570,580,580,590,590,121014,1,420.0,451.9322519815843,32.33849999924132,19812.114199999996,2860.1086899036477
1746383958,2000,,Aggregated,1218.700000,0.000000,350,400,420,440,490,540,580,580,590,620,650,1330731,51,420.0,445.09824282596,26.804099999935715,21022.02749999924,2905.0652776556644
1746383960,2000,GET,GET /pastes/:slug,1120.600000,0.000000,350,410,430,450,490,530,710,740,1100,1200,1200,1210555,50,420.0,444.4885937094327,26.804099999935715,21022.02749999924,2909.6163528299003
1746383960,2000,POST,POST /pastes,108.200000,0.000000,340,400,430,440,480,510,610,690,1200,1200,1200,121068,1,420.0,451.9718479375181,32.33849999924132,19812.114199999996,2860.1881091617934
1746383960,2000,,Aggregated,1228.800000,0.000000,350,410,430,450,490,520,700,740,1100,1200,1200,1331623,51,420.0,445.1689534080087,26.804099999935715,21022.02749999924,2905.1224543282897
1746383961,2000,GET,GET /pastes/:slug,1102.700000,0.000000,390,430,470,490,590,700,800,930,1800,2200,2200,1211492,50,420.0,444.69477936348045,26.804099999935715,21022.02749999924,2909.6535742704036
1746383961,2000,POST,POST /pastes,108.900000,0.000000,390,430,470,480,600,680,910,1300,1700,1700,1700,121175,1,420.0,452.22727915246077,32.33849999924132,19812.114199999996,2860.1174087064164
1746383961,2000,,Aggregated,1211.600000,0.000000,390,430,470,490,590,700,800,960,1800,2000,2200,1332667,51,420.0,445.3796846413488,26.804099999935715,21022.02749999924,2905.1494146699815
1746383962,2000,GET,GET /pastes/:slug,1106.300000,0.000000,390,440,500,540,650,790,1200,1500,2000,2700,2700,1212566,50,420.0,444.9309676953842,26.804099999935715,21022.02749999924,2909.632617111151
1746383962,2000,POST,POST /pastes,104.500000,0.000000,390,440,500,540,640,820,1400,1600,2500,2500,2500,121267,1,420.0,452.4423458690283,32.33849999924132,19812.114199999996,2860.2363709830374
1746383962,2000,,Aggregated,1210.800000,0.000000,390,440,500,540,650,790,1200,1500,2000,2700,2700,1333833,51,420.0,445.61387349917993,26.804099999935715,21022.02749999924,2905.1416991482442
1746383963,2000,GET,GET /pastes/:slug,1044.200000,0.000000,410,460,570,600,730,810,1400,1700,2500,3600,3600,1213719,50,420.0,445.11023138479356,26.804099999935715,21022.02749999924,2909.6009784801918
1746383963,2000,POST,POST /pastes,100.600000,0.000000,410,460,570,610,730,900,1500,1700,3000,3000,3000,121393,1,420.0,452.65435542164266,32.33849999924132,19812.114199999996,2860.3728139184304
1746383963,2000,,Aggregated,1144.800000,0.000000,410,460,570,600,730,820,1400,1700,2500,3200,3600,1335112,51,420.0,445.7961692306192,26.804099999935715,21022.02749999924,2905.124983521982
1746383964,2000,GET,GET /pastes/:slug,1048.600000,0.000000,430,510,580,610,740,820,1400,1700,2500,3600,3600,1214641,50,420.0,445.17340444182355,26.804099999935715,21022.02749999924,2909.6181489016094
1746383964,2000,POST,POST /pastes,100.000000,0.000000,440,520,590,620,740,910,1500,1700,3000,3000,3000,121497,1,420.0,452.7341598450948,32.33849999924132,19812.114199999996,2860.1430570302145
1746383964,2000,,Aggregated,1148.600000,0.000000,430,510,580,610,740,820,1400,1700,2500,3200,3600,1336138,51,420.0,445.860915087611,26.804099999935715,21022.02749999924,2905.11930579027
1746383965,2000,GET,GET /pastes/:slug,1076.900000,0.000000,450,530,590,620,740,820,1400,1700,2500,3600,3600,1215774,50,420.0,445.15218470794775,26.804099999935715,21022.02749999924,2909.5910086907597
1746383965,2000,POST,POST /pastes,103.800000,0.000000,450,540,590,620,750,910,1500,1700,3000,3000,3000,121610,1,420.0,452.70317385576396,32.33849999924132,19812.114199999996,2860.151434914892
1746383965,2000,,Aggregated,1180.700000,0.000000,450,530,590,620,740,820,1400,1700,2500,3200,3600,1337384,51,420.0,445.8388055963955,26.804099999935715,21022.02749999924,2905.095406405341
1746383966,2000,GET,GET /pastes/:slug,1018.200000,0.000000,450,540,590,620,740,820,1400,1700,2500,3600,3600,1216927,50,420.0,445.1047398174419,26.804099999935715,21022.02749999924,2909.5990351105693
1746383966,2000,POST,POST /pastes,99.500000,0.000000,450,540,590,620,730,910,1500,1700,3000,3000,3000,121728,1,420.0,452.62919198869145,32.33849999924132,19812.114199999996,2860.1696487250265
1746383966,2000,,Aggregated,1117.700000,0.000000,450,540,590,620,740,820,1400,1700,2500,3200,3600,1338655,51,420.0,445.7889613038681,26.804099999935715,21022.02749999924,2905.104269584023
1746383967,2000,GET,GET /pastes/:slug,1047.400000,0.000000,460,540,600,620,740,820,1400,1700,2500,3600,3600,1217847,50,420.0,445.0804283778018,26.804099999935715,21022.02749999924,2909.5939900496533
1746383967,2000,POST,POST /pastes,101.500000,0.000000,460,550,600,620,750,910,1500,1700,3000,3000,3000,121820,1,420.0,452.6035052889463,32.33849999924132,19812.114199999996,2860.2526842882944
1746383967,2000,,Aggregated,1148.900000,0.000000,460,540,600,620,740,830,1400,1700,2500,3200,3600,1339667,51,420.0,445.76452467137716,26.804099999935715,21022.02749999924,2905.1072348576176
1746383968,2000,GET,GET /pastes/:slug,1018.600000,0.000000,470,550,600,620,740,820,1400,1700,2500,3600,3600,1219117,50,420.0,445.01726924045954,26.804099999935715,21022.02749999924,2909.57561661432
1746383968,2000,POST,POST /pastes,99.500000,0.000000,460,560,600,620,730,910,1500,1700,3000,3000,3000,121957,1,420.0,452.53880735176705,32.33849999924132,19812.114199999996,2860.306353878826
1746383968,2000,,Aggregated,1118.100000,0.000000,470,560,600,620,740,820,1400,1700,2500,3200,3600,1341074,51,420.0,445.70127640445605,26.804099999935715,21022.02749999924,2905.0950797644277
1746383969,2000,GET,GET /pastes/:slug,1020.100000,0.000000,460,540,580,610,700,810,1400,1700,2500,3600,3600,1220187,50,420.0,444.9998994406764,26.804099999935715,21022.02749999924,2909.5810715898465
1746383969,2000,POST,POST /pastes,101.500000,0.000000,460,550,590,610,710,870,1500,1700,3000,3000,3000,122059,1,420.0,452.52501749071706,32.33849999924132,19812.114199999996,2860.3604977920513
1746383969,2000,,Aggregated,1121.600000,0.000000,460,540,580,610,700,820,1400,1700,2500,3200,3600,1342246,51,420.0,445.6842064783422,26.804099999935715,21022.02749999924,2905.1051305051383
1746383970,2000,GET,GET /pastes/:slug,1029.700000,0.000000,440,490,550,570,640,790,1200,1600,2300,3200,3600,1221631,50,420.0,444.9271834519764,26.804099999935715,21022.02749999924,2909.57251166678
1746383970,2000,POST,POST /pastes,104.200000,0.000000,440,490,550,580,650,810,1400,1600,2500,3000,3000,122201,1,420.0,452.44420082241083,32.33849999924132,19812.114199999996,2860.4862398834707
1746383970,2000,,Aggregated,1133.900000,0.000000,440,490,550,570,640,790,1200,1600,2500,3200,3600,1343832,51,420.0,445.61074139649145,26.804099999935715,21022.02749999924,2905.108864798576
1746383971,2000,GET,GET /pastes/:slug,1014.100000,0.000000,410,460,510,550,610,660,800,980,2100,3200,3600,1222642,50,420.0,444.67597332957655,26.804099999935715,21022.02749999924,2909.5795629464715
1746383971,2000,POST,POST /pastes,101.100000,0.000000,410,460,510,550,620,680,820,1500,2400,3000,3000,122303,1,420.0,452.1950136104543,32.33849999924132,19812.114199999996,2860.516953795083
1746383971,2000,,Aggregated,1115.200000,0.000000,410,460,510,550,610,660,810,1000,2300,3200,3600,1344945,51,420.0,445.3597196414939,26.804099999935715,21022.02749999924,2905.118039027618
1746383972,2000,GET,GET /pastes/:slug,1046.400000,0.000000,390,450,480,500,560,600,630,660,950,1000,1000,1223698,50,420.0,444.64366454911436,26.804099999935715,21022.02749999924,2909.6418675196005
1746383972,2000,POST,POST /pastes,107.200000,0.000000,400,450,480,510,570,590,630,670,1400,1400,1400,122426,1,420.0,452.1593375549266,32.33849999924132,19812.114199999996,2860.2804061228826
1746383972,2000,,Aggregated,1153.600000,0.000000,400,450,480,500,560,600,630,660,970,1400,1400,1346124,51,420.0,445.32719280016624,26.804099999935715,21022.02749999924,2905.1525884688185
1746383973,2000,GET,GET /pastes/:slug,1096.500000,0.000000,380,440,480,500,560,610,640,670,720,940,950,1225048,50,420.0,444.66181552822604,26.804099999935715,21022.02749999924,2909.6540576369252
1746383973,2000,POST,POST /pastes,110.300000,0.000000,380,450,480,500,560,610,650,680,700,720,720,122559,1,420.0,452.17018774793746,32.33849999924132,19812.114199999996,2860.492897298444
1746383973,2000,,Aggregated,1206.800000,0.000000,380,440,480,500,560,610,640,670,720,940,950,1347607,51,420.0,445.3446693505087,26.804099999935715,21022.02749999924,2905.183063756718
1746383974,2000,GET,GET /pastes/:slug,1082.800000,0.000000,360,420,470,490,550,600,640,660,710,940,950,1226114,50,420.0,444.47817861097906,26.804099999935715,21022.02749999924,2909.690624199707
1746383974,2000,POST,POST /pastes,110.800000,0.000000,360,430,470,490,560,600,650,680,700,720,720,122654,1,420.0,452.00315262934345,32.33849999924132,19812.114199999996,2860.5463580478417
1746383974,2000,,Aggregated,1193.600000,0.000000,360,420,470,490,550,600,640,660,710,940,950,1348768,51,420.0,445.16248322323105,26.804099999935715,21022.02749999924,2905.2215525575934
1746383975,2000,GET,GET /pastes/:slug,1055.500000,0.000000,360,410,460,480,550,600,630,660,710,730,760,1227285,50,420.0,444.41155178130896,26.804099999935715,21022.02749999924,2909.7139393050516
1746383975,2000,POST,POST /pastes,110.100000,0.000000,360,420,460,480,550,600,650,680,700,720,720,122770,1,420.0,451.91663120876035,32.33849999924132,19812.114199999996,2860.4928647063616
1746383975,2000,,Aggregated,1165.600000,0.000000,360,410,460,480,550,600,630,660,710,730,760,1350055,51,420.0,445.0940414586314,26.804099999935715,21022.02749999924,2905.2379206773057
1746383976,2000,GET,GET /pastes/:slug,1102.900000,0.000000,350,410,450,480,550,600,630,660,710,730,760,1228426,50,420.0,444.3034029502169,26.804099999935715,21022.02749999924,2909.762217667161
1746383976,2000,POST,POST /pastes,111.700000,0.000000,350,410,460,480,550,600,650,680,700,720,720,122880,1,420.0,451.7943030550093,32.33849999924132,19812.114199999996,2860.7552734375
1746383976,2000,,Aggregated,1214.600000,0.000000,350,410,460,480,550,600,630,660,710,730,760,1351306,51,420.0,444.98458234621313,26.804099999935715,21022.02749999924,2905.305807862912
1746383977,2000,GET,GET /pastes/:slug,1092.700000,0.000000,340,400,450,480,540,580,630,660,710,720,760,1229473,50,420.0,444.2513654034879,26.804099999935715,21022.02749999924,2909.7360617109935
1746383977,2000,POST,POST /pastes,110.600000,0.000000,350,400,450,480,540,590,650,680,700,720,720,122958,1,420.0,451.7515923185116,32.33849999924132,19812.114199999996,2860.6988971844044
1746383977,2000,,Aggregated,1203.300000,0.000000,340,400,450,480,540,580,630,660,710,720,760,1352431,51,420.0,444.9332581588499,26.804099999935715,21022.02749999924,2905.277784966479
1746383978,2000,GET,GET /pastes/:slug,1099.000000,0.000000,360,450,490,520,560,620,700,730,800,810,870,1230417,50,420.0,444.3587631335739,26.804099999935715,21022.02749999924,2909.775103887544
1746383978,2000,POST,POST /pastes,110.800000,0.000000,350,440,490,510,570,610,700,740,800,800,800,123029,1,420.0,451.8345127961665,32.33849999924132,19812.114199999996,2860.665582911346
1746383978,2000,,Aggregated,1209.800000,0.000000,360,450,490,520,560,620,700,730,800,810,870,1353446,51,420.0,445.038312968032,26.804099999935715,21022.02749999924,2905.311020905156
1746383979,2000,GET,GET /pastes/:slug,1112.900000,0.000000,350,440,490,520,580,660,730,760,910,1000,1000,1231814,50,420.0,444.3836614749665,26.804099999935715,21022.02749999924,2909.7741948053845
1746383979,2000,POST,POST /pastes,110.400000,0.000000,350,440,490,520,590,680,740,770,960,980,980,123173,1,420.0,451.8448600358812,32.33849999924132,19812.114199999996,2860.610458460864
1746383979,2000,,Aggregated,1223.300000,0.000000,350,440,490,520,580,670,730,760,910,1000,1000,1354987,51,420.0,445.0619102038122,26.804099999935715,21022.02749999924,2905.305041302979
1746383980,2000,GET,GET /pastes/:slug,1084.800000,0.000000,350,440,490,520,580,670,730,760,910,1000,1000,1232983,50,420.0,444.09485072513047,26.804099999935715,21022.02749999924,2909.856895026128
1746383980,2000,POST,POST /pastes,103.600000,0.000000,340,430,490,520,590,680,740,770,960,980,980,123284,1,420.0,451.5621623357419,32.33849999924132,19812.114199999996,2860.5370121021383
1746383980,2000,,Aggregated,1188.400000,0.000000,350,440,490,520,580,670,730,760,910,1000,1000,1356267,51,420.0,444.773625660015,26.804099999935715,21022.02749999924,2905.3737420434177
1746383981,2000,GET,GET /pastes/:slug,1083.400000,0.000000,360,440,490,520,570,660,730,760,910,1000,1000,1234229,50,420.0,443.9914489190603,26.804099999935715,21022.02749999924,2909.8034805534467
1746383981,2000,POST,POST /pastes,103.300000,0.000000,350,440,490,510,590,680,740,770,960,980,980,123408,1,420.0,451.4527801909082,32.33849999924132,19812.114199999996,2860.6752398547906
1746383981,2000,,Aggregated,1186.700000,0.000000,360,440,490,520,570,660,730,760,910,1000,1000,1357637,51,420.0,444.66967731855465,26.804099999935715,21022.02749999924,2905.3377670172513
1746383982,2000,GET,GET /pastes/:slug,1118.500000,0.000000,310,380,440,490,550,640,730,760,910,1000,1000,1235573,50,420.0,443.72867511213315,26.804099999935715,21022.02749999924,2909.8057006749095
1746383982,2000,POST,POST /pastes,106.900000,0.000000,310,370,420,460,550,640,740,770,960,980,980,123541,1,420.0,451.18650881731224,32.33849999924132,19812.114199999996,2860.7899563707597
1746383982,2000,,Aggregated,1225.400000,0.000000,310,380,440,480,550,640,730,760,910,1000,1000,1359114,51,420.0,444.40657868297353,26.804099999935715,21022.02749999924,2905.350258330059
1746383983,2000,GET,GET /pastes/:slug,1084.400000,0.000000,290,360,410,450,540,640,730,760,910,1000,1000,1236825,50,420.0,443.4684355225881,26.804099999935715,21022.02749999924,2909.7929925413864
1746383983,2000,POST,POST /pastes,104.400000,0.000000,280,350,400,440,540,630,740,770,960,980,980,123665,1,420.0,450.92900392754274,32.33849999924132,19812.114199999996,2860.8646747260746
1746383983,2000,,Aggregated,1188.800000,0.000000,290,360,410,450,540,630,730,760,910,1000,1000,1360490,51,420.0,444.14658177269325,26.804099999935715,21022.02749999924,2905.3455357996017
1746383985,2000,GET,GET /pastes/:slug,1137.500000,0.000000,290,350,400,460,550,650,730,760,910,1000,1000,1237829,50,410.0,443.39210695841354,26.804099999935715,21022.02749999924,2909.7872371708854
1746383985,2000,POST,POST /pastes,108.800000,0.000000,290,350,390,430,540,640,740,770,980,980,980,123788,1,420.0,450.82080829078427,32.33849999924132,19812.114199999996,2861.2136232914336
1746383985,2000,,Aggregated,1246.300000,0.000000,290,350,400,450,550,650,730,770,910,1000,1000,1361617,51,420.0,444.06746873822254,26.804099999935715,21022.02749999924,2905.37128869572
1746383986,2000,GET,GET /pastes/:slug,1135.600000,0.000000,280,350,410,460,550,650,730,760,910,1000,1000,1239322,50,410.0,443.1813720267416,26.804099999935715,21022.02749999924,2909.7559665688173
1746383986,2000,POST,POST /pastes,106.700000,0.000000,290,350,400,440,540,630,740,770,960,980,980,123937,1,420.0,450.6243554120202,32.33849999924132,19812.114199999996,2861.0766195728474
1746383986,2000,,Aggregated,1242.300000,0.000000,280,350,410,460,550,650,730,760,910,1000,1000,1363259,51,420.0,443.8580307040933,26.804099999935715,21022.02749999924,2905.3304155703354
1746383987,2000,GET,GET /pastes/:slug,1135.600000,0.000000,250,320,360,390,500,650,730,760,910,1000,1000,1240434,50,410.0,442.92144753935116,26.804099999935715,21022.02749999924,2909.7098346223984
1746383987,2000,POST,POST /pastes,106.700000,0.000000,260,320,360,390,490,630,740,770,960,980,980,124045,1,420.0,450.36075856503317,32.33849999924132,19812.114199999996,2861.0000967390865
1746383987,2000,,Aggregated,1242.300000,0.000000,250,320,360,390,500,640,730,760,910,1000,1000,1364479,51,410.0,443.5977564720554,26.804099999935715,21022.02749999924,2905.2816247080386
1746383988,2000,GET,GET /pastes/:slug,1163.100000,0.000000,240,290,330,350,410,470,510,530,900,1000,1000,1241754,50,410.0,442.7464403960251,26.804099999935715,21022.02749999924,2909.6880138900297
1746383988,2000,POST,POST /pastes,113.400000,0.000000,250,300,330,350,420,480,510,540,960,980,980,124152,1,420.0,450.2160752883526,32.33849999924132,19812.114199999996,2860.9636493975127
1746383988,2000,,Aggregated,1276.500000,0.000000,240,290,330,350,410,470,510,530,900,1000,1000,1365906,51,410.0,443.425381780834,26.804099999935715,21022.02749999924,2905.2592850459696
1746383989,2000,GET,GET /pastes/:slug,1160.600000,0.000000,220,270,300,320,370,430,460,490,510,510,520,1243071,50,410.0,442.46253749369424,26.804099999935715,21022.02749999924,2909.6405957503634
1746383989,2000,POST,POST /pastes,113.100000,0.000000,230,270,310,330,380,430,470,480,500,520,520,124293,1,420.0,449.89909756140406,32.33849999924132,19812.114199999996,2860.7641379643264
1746383989,2000,,Aggregated,1273.700000,0.000000,220,270,300,320,370,430,460,490,510,520,520,1367364,51,410.0,443.1385186958487,26.804099999935715,21022.02749999924,2905.1977395923836
1746383990,2000,GET,GET /pastes/:slug,1183.600000,0.000000,230,280,310,330,370,440,470,490,510,510,520,1243881,50,410.0,442.33762329646015,26.804099999935715,21022.02749999924,2909.604486281244
1746383990,2000,POST,POST /pastes,116.000000,0.000000,230,280,320,330,390,440,470,480,500,520,520,124354,1,420.0,449.7970309334608,32.33849999924132,19812.114199999996,2860.8080238673465
1746383990,2000,,Aggregated,1299.600000,0.000000,230,280,310,330,380,440,470,490,510,520,520,1368235,51,410.0,443.01558225621403,26.804099999935715,21022.02749999924,2905.1695498214854
1746383991,2000,GET,GET /pastes/:slug,1225.700000,0.000000,230,280,320,350,470,550,600,610,670,720,720,1244967,50,410.0,442.42710618958205,26.804099999935715,21022.02749999924,2909.611259575555
1746383991,2000,POST,POST /pastes,121.800000,0.000000,230,300,330,360,470,530,610,620,660,670,670,124473,1,420.0,449.8748510608691,32.33849999924132,19812.114199999996,2860.7775019482137
1746383991,2000,,Aggregated,1347.500000,0.000000,230,280,330,350,470,550,600,610,670,720,720,1369440,51,410.0,443.1040567294893,26.804099999935715,21022.02749999924,2905.1725953674495
1746383992,2000,GET,GET /pastes/:slug,1165.400000,0.000000,240,300,340,360,510,570,610,630,680,720,720,1246352,50,410.0,442.2358788482103,26.804099999935715,21022.02749999924,2909.5485400593093
1746383992,2000,POST,POST /pastes,114.300000,0.000000,250,320,350,390,500,570,610,620,660,670,670,124607,1,420.0,449.70041010617035,32.33849999924132,19812.114199999996,2860.8109656760857
1746383992,2000,,Aggregated,1279.700000,0.000000,240,310,350,370,510,570,610,630,680,720,720,1370959,51,410.0,442.9143330153067,26.804099999935715,21022.02749999924,2905.1187628514053
1746383993,2000,GET,GET /pastes/:slug,1165.100000,0.000000,270,330,370,430,530,580,610,630,680,720,720,1247365,50,410.0,442.20383175720383,26.804099999935715,21022.02749999924,2909.5199079659924
1746383993,2000,POST,POST /pastes,114.700000,0.000000,290,330,370,440,530,570,610,620,660,670,670,124713,1,420.0,449.63606841628007,32.33849999924132,19812.114199999996,2860.7609310978005
1746383993,2000,,Aggregated,1279.800000,0.000000,270,330,370,430,530,580,610,630,680,720,720,1372078,51,410.0,442.8793739133139,26.804099999935715,21022.02749999924,2905.088032896089
1746383994,2000,GET,GET /pastes/:slug,1171.900000,0.000000,280,350,460,490,550,590,620,650,680,720,720,1248379,50,410.0,442.25687558355486,26.804099999935715,21022.02749999924,2909.5454617548035
1746383994,2000,POST,POST /pastes,115.800000,0.000000,290,360,470,490,540,590,610,650,680,680,680,124821,1,420.0,449.6801948566308,32.33849999924132,19812.114199999996,2860.711995577667
1746383994,2000,,Aggregated,1287.700000,0.000000,280,350,460,490,550,590,620,650,680,720,720,1373200,51,410.0,442.93163973662257,26.804099999935715,21022.02749999924,2905.106602097291
1746383995,2000,GET,GET /pastes/:slug,1129.800000,0.000000,300,440,490,510,570,600,640,670,1100,1400,1400,1249056,50,410.0,442.3151191603288,26.804099999935715,21022.02749999924,2909.4715048804856
1746383995,2000,POST,POST /pastes,113.400000,0.000000,310,450,490,500,570,610,640,660,1100,1100,1100,124890,1,420.0,449.7346707374452,32.33849999924132,19812.114199999996,2860.540739851069
1746383995,2000,,Aggregated,1243.200000,0.000000,300,440,490,510,570,600,640,670,1100,1300,1400,1373946,51,410.0,442.98954726483527,26.804099999935715,21022.02749999924,2905.0237585756645
1746383996,2000,GET,GET /pastes/:slug,1138.300000,0.000000,370,480,530,550,610,680,1200,1500,2000,2400,2400,1250055,50,410.0,442.5976582147393,26.804099999935715,21022.02749999924,2909.387084568279
1746383996,2000,POST,POST /pastes,114.500000,0.000000,380,480,520,540,600,650,930,1100,1800,1800,1800,124970,1,420.0,449.9014784564255,32.33849999924132,19812.114199999996,2860.452412579019
1746383996,2000,,Aggregated,1252.800000,0.000000,370,480,530,550,600,680,1100,1500,2000,2300,2400,1375025,51,410.0,443.26147044768913,26.804099999935715,21022.02749999924,2904.9396265522446
1746383997,2000,GET,GET /pastes/:slug,1113.900000,0.000000,460,520,560,590,680,1100,1600,1900,2600,3200,3200,1250831,50,410.0,442.93767534417026,26.804099999935715,21022.02749999924,2909.3693264717617
1746383997,2000,POST,POST /pastes,109.300000,0.000000,460,510,540,570,630,930,1600,1800,3200,3200,3200,125036,1,420.0,450.19608325441885,32.33849999924132,19812.114199999996,2860.3700374292202
1746383997,2000,,Aggregated,1223.200000,0.000000,460,520,560,590,670,1100,1600,1900,2600,3200,3200,1375867,51,410.0,443.5973047207554,26.804099999935715,21022.02749999924,2904.916370550351
1746383998,2000,GET,GET /pastes/:slug,1044.900000,0.000000,500,550,590,600,860,1500,1900,2300,3700,4200,4200,1251574,50,410.0,443.22630253978144,26.804099999935715,21022.02749999924,2909.329404413962
1746383998,2000,POST,POST /pastes,101.300000,0.000000,490,540,580,600,670,1200,1800,2200,3600,3600,3600,125103,1,420.0,450.441813415342,32.33849999924132,19812.114199999996,2860.385138645756
1746383998,2000,,Aggregated,1146.200000,0.000000,500,550,590,600,830,1500,1900,2300,3600,4200,4200,1376677,51,420.0,443.8819988702014,26.804099999935715,21022.02749999924,2904.881683938934
1746383999,2000,GET,GET /pastes/:slug,1014.400000,0.000000,530,580,610,660,1200,1700,2200,2600,4200,4700,4700,1252643,50,410.0,443.70854730216377,26.804099999935715,21022.02749999924,2909.3618341378988
1746383999,2000,POST,POST /pastes,96.900000,0.000000,520,560,600,610,1000,1700,2200,2500,3600,3600,3600,125180,1,420.0,450.8192036036068,32.33849999924132,19812.114199999996,2860.4274804281836
1746383999,2000,,Aggregated,1111.300000,0.000000,530,580,610,660,1200,1700,2200,2600,4200,4700,4700,1377823,51,420.0,444.3545750980586,26.804099999935715,21022.02749999924,2904.9159783223245
1746384000,2000,GET,GET /pastes/:slug,968.800000,0.000000,530,580,640,710,1400,1800,2400,3000,4400,5900,5900,1253558,50,420.0,444.001018411691,26.804099999935715,21022.02749999924,2909.46437659845
1746384000,2000,POST,POST /pastes,94.100000,0.000000,520,580,610,660,1300,1900,2600,3200,5500,5500,5500,125280,1,420.0,451.26151919300355,32.33849999924132,19812.114199999996,2860.4604246487866
1746384000,2000,,Aggregated,1062.900000,0.000000,530,580,640,700,1400,1800,2400,3000,4400,5900,5900,1378838,51,420.0,444.6607010849939,26.804099999935715,21022.02749999924,2905.0119209073146
1746384001,2000,GET,GET /pastes/:slug,925.300000,0.000000,540,600,690,810,1500,1900,2500,3300,5800,6600,6600,1254310,50,420.0,444.1393122142235,26.804099999935715,21022.02749999924,2909.4804936578676
1746384001,2000,POST,POST /pastes,87.100000,0.000000,530,590,660,790,1500,2000,2700,3400,6100,6100,6100,125348,1,420.0,451.4043998771377,32.33849999924132,19812.114199999996,2860.4463892523218
1746384001,2000,,Aggregated,1012.400000,0.000000,540,600,690,810,1500,1900,2500,3300,5800,6600,6600,1379658,51,420.0,444.7993773958697,26.804099999935715,21022.02749999924,2905.0255295152856
1746384002,2000,GET,GET /pastes/:slug,929.300000,0.000000,550,620,730,930,1500,1900,2500,3400,6000,7900,7900,1255089,50,420.0,444.3337362960106,26.804099999935715,21022.02749999924,2909.358571384181
1746384002,2000,POST,POST /pastes,87.700000,0.000000,550,610,730,910,1500,2000,2700,3400,6100,6100,6100,125417,1,420.0,451.54990861924193,32.33849999924132,19812.114199999996,2860.377572418412
1746384002,2000,,Aggregated,1017.000000,0.000000,550,620,730,930,1500,1900,2600,3400,6000,7900,7900,1380506,51,420.0,444.98931525348803,26.804099999935715,21022.02749999924,2904.9087175282107
1746384003,2000,GET,GET /pastes/:slug,922.100000,0.000000,580,680,930,1100,1600,2000,2600,3500,6400,7900,7900,1255890,50,420.0,444.67904624013505,26.804099999935715,21022.02749999924,2909.390460948013
1746384003,2000,POST,POST /pastes,86.500000,0.000000,590,680,960,1100,1700,2300,2700,3400,6100,6100,6100,125485,1,420.0,451.87791698290215,32.33849999924132,19812.114199999996,2860.287612065187
1746384003,2000,,Aggregated,1008.600000,0.000000,580,680,930,1100,1600,2000,2600,3500,6300,7900,7900,1381375,51,420.0,445.3329963225999,26.804099999935715,21022.02749999924,2904.929926341508
1746384004,2000,GET,GET /pastes/:slug,860.400000,0.000000,590,710,1000,1200,1700,2200,2800,3500,6400,7900,7900,1256944,50,420.0,445.1023096321886,26.804099999935715,21022.02749999924,2909.467417800634
1746384004,2000,POST,POST /pastes,79.700000,0.000000,590,760,1000,1200,1800,2400,2900,3400,6100,6100,6100,125588,1,420.0,452.3069832595429,32.33849999924132,19812.114199999996,2860.320572029175
1746384004,2000,,Aggregated,940.100000,0.000000,590,710,1000,1200,1800,2200,2800,3500,6300,7900,7900,1382532,51,420.0,445.75677589519086,26.804099999935715,21022.02749999924,2905.002961233447
1746384005,2000,GET,GET /pastes/:slug,851.300000,0.000000,580,700,990,1200,1800,2200,3000,3800,6300,7900,7900,1257954,50,420.0,445.3598569633875,26.804099999935715,21022.02749999924,2909.492180159211
1746384005,2000,POST,POST /pastes,77.200000,0.000000,590,790,1000,1200,1800,2400,3200,3400,6100,6100,6100,125685,1,420.0,452.5629285706288,32.33849999924132,19812.114199999996,2860.3907944464336
1746384005,2000,,Aggregated,928.500000,0.000000,580,700,1000,1200,1800,2300,3000,3700,6300,7900,7900,1383639,51,420.0,446.01415917297027,26.804099999935715,21022.02749999924,2905.0319794397237
1746384006,2000,GET,GET /pastes/:slug,839.000000,0.000000,580,670,900,1100,1700,2200,3100,3900,6500,12000,12000,1259007,50,420.0,445.598878257803,26.804099999935715,21022.02749999924,2909.5146293864927
1746384006,2000,POST,POST /pastes,74.300000,0.000000,590,730,960,1100,1800,2400,3200,3500,11000,11000,11000,125808,1,420.0,452.8682341886005,32.33849999924132,19812.114199999996,2860.331377972784
1746384006,2000,,Aggregated,913.300000,0.000000,580,680,910,1100,1700,2200,3100,3900,6500,12000,12000,1384815,51,420.0,446.25928642131277,26.804099999935715,21022.02749999924,2905.046417752552
1746384007,2000,GET,GET /pastes/:slug,865.600000,0.000000,580,670,840,1000,1600,2100,3000,4000,6700,13000,13000,1259681,50,420.0,445.7762284695267,26.804099999935715,21022.02749999924,2909.5066663702955
1746384007,2000,POST,POST /pastes,77.000000,0.000000,600,720,960,1100,1700,2300,3000,3400,11000,11000,11000,125890,1,420.0,453.0758348359637,32.33849999924132,19812.114199999996,2860.3476129954724
1746384007,2000,,Aggregated,942.600000,0.000000,580,670,850,1000,1600,2100,3000,3900,6700,13000,13000,1385571,51,420.0,446.43945499886405,26.804099999935715,21022.02749999924,2905.040180546504
1746384008,2000,GET,GET /pastes/:slug,880.700000,0.000000,580,660,800,980,1500,2000,2800,3800,7000,13000,13000,1260497,50,420.0,446.06234526406695,26.804099999935715,21022.02749999924,2909.499333199524
1746384008,2000,POST,POST /pastes,81.100000,0.000000,600,720,960,1100,1600,2200,2900,3400,11000,11000,11000,125979,1,420.0,453.39010693686623,32.33849999924132,19812.114199999996,2860.1913176005523
1746384008,2000,,Aggregated,961.800000,0.000000,580,660,820,990,1500,2000,2800,3800,7000,13000,13000,1386476,51,420.0,446.728165723842,26.804099999935715,21022.02749999924,2905.0190720935666
1746384009,2000,GET,GET /pastes/:slug,867.600000,0.000000,590,670,840,1000,1600,2100,2800,3700,7100,13000,13000,1261144,50,420.0,446.3798826119948,26.804099999935715,21022.02749999924,2909.530786333678
1746384009,2000,POST,POST /pastes,82.400000,0.000000,600,720,960,1100,1500,2100,2900,3200,11000,11000,11000,126040,1,420.0,453.7123487289708,32.33849999924132,19812.114199999996,2860.074817518248
1746384009,2000,,Aggregated,950.000000,0.000000,590,670,850,1000,1600,2100,2800,3600,7100,13000,13000,1387184,51,420.0,447.0461129241908,26.804099999935715,21022.02749999924,2905.0372005444124
1746384010,2000,GET,GET /pastes/:slug,867.300000,0.000000,600,690,940,1100,1700,2100,2800,3500,7100,13000,13000,1261863,50,420.0,446.7166740291313,26.804099999935715,21022.02749999924,2909.5184968574245
1746384010,2000,POST,POST /pastes,84.300000,0.000000,620,760,1000,1100,1700,2100,2900,3200,11000,11000,11000,126110,1,420.0,454.0758847569541,32.33849999924132,19812.114199999996,2859.9688129410833
1746384010,2000,,Aggregated,951.600000,0.000000,600,690,950,1100,1700,2100,2800,3400,7100,13000,13000,1387973,51,420.0,447.3853254113236,26.804099999935715,21022.02749999924,2905.01645637199
1746384011,2000,GET,GET /pastes/:slug,852.600000,0.000000,600,700,1000,1200,1900,2300,3000,3700,6700,13000,13000,1262814,50,420.0,447.2358627760868,26.804099999935715,21022.02749999924,2909.5190883217956
1746384011,2000,POST,POST /pastes,85.300000,0.000000,620,790,1100,1200,1900,2300,2900,3300,11000,11000,11000,126203,1,420.0,454.5776121082659,32.33849999924132,19812.114199999996,2859.754696798016
1746384011,2000,,Aggregated,937.900000,0.000000,610,710,1000,1200,1900,2300,3000,3600,6700,13000,13000,1389017,51,420.0,447.9029178164349,26.804099999935715,21022.02749999924,2904.997606220802
1746384012,2000,GET,GET /pastes/:slug,827.600000,0.000000,600,700,1000,1200,2000,2500,3300,4200,6400,13000,13000,1263704,50,420.0,447.7336874592644,26.804099999935715,21022.02749999924,2909.593407949963
1746384012,2000,POST,POST /pastes,84.200000,0.000000,620,770,1100,1200,2000,2500,3200,3400,11000,11000,11000,126303,1,420.0,455.08672839837124,32.33849999924132,19812.114199999996,2859.8357362849656
1746384012,2000,,Aggregated,911.800000,0.000000,600,710,1000,1200,2000,2500,3300,4000,6400,13000,13000,1390007,51,420.0,448.40182159797143,26.804099999935715,21022.02749999924,2905.0721766149377
1746384013,2000,GET,GET /pastes/:slug,811.100000,0.000000,600,680,960,1100,1900,2400,3600,4500,6700,13000,13000,1264781,50,420.0,448.0556939712275,26.804099999935715,21022.02749999924,2909.5629765153017
1746384013,2000,POST,POST /pastes,82.500000,0.000000,620,760,1100,1200,1900,2400,3200,3600,11000,11000,11000,126385,1,420.0,455.36534732523245,32.33849999924132,19812.114199999996,2859.865498279068
1746384013,2000,,Aggregated,893.600000,0.000000,600,690,970,1100,1900,2400,3500,4400,6700,13000,13000,1391166,51,420.0,448.7197632046299,26.804099999935715,21022.02749999924,2905.04804746522
1746384014,2000,GET,GET /pastes/:slug,814.100000,0.000000,600,680,900,1100,1800,2300,3400,4800,6800,13000,13000,1265714,50,420.0,448.21996351839795,26.804099999935715,21022.02749999924,2909.5885626610752
1746384014,2000,POST,POST /pastes,83.600000,0.000000,600,730,1000,1100,1800,2300,3000,3400,11000,11000,11000,126477,1,420.0,455.49483650623813,32.33849999924132,19812.114199999996,2859.8822631782855
1746384014,2000,,Aggregated,897.700000,0.000000,600,680,910,1100,1800,2300,3400,4600,7600,13000,13000,1392191,51,420.0,448.88086716659916,26.804099999935715,21022.02749999924,2905.0728721849227
1746384015,2000,GET,GET /pastes/:slug,844.200000,0.000000,580,640,770,1000,1700,2300,3300,4600,7500,13000,13000,1267078,50,420.0,448.09293277764016,26.804099999935715,21022.02749999924,2909.574530534032
1746384015,2000,POST,POST /pastes,86.400000,0.000000,590,670,970,1100,1800,2400,3100,3700,11000,11000,11000,126619,1,420.0,455.56883319327653,32.33849999924132,19812.114199999996,2859.9753354551844
1746384015,2000,,Aggregated,930.700000,0.000000,580,650,790,1000,1700,2300,3200,4600,8400,13000,13000,1393697,51,420.0,448.7721270607138,26.804099999935715,21022.02749999924,2905.0683857395115
1746384016,2000,GET,GET /pastes/:slug,845.800000,0.000000,560,610,680,910,1600,2200,3200,4400,6800,13000,13000,1268224,50,420.0,447.9574802936445,26.804099999935715,21022.02749999924,2909.576036252271
1746384016,2000,POST,POST /pastes,86.100000,0.000000,570,650,880,1100,1800,2300,3100,3600,8500,8500,8500,126717,1,420.0,455.4642790493738,32.33849999924132,19812.114199999996,2860.0274943377763
1746384016,2000,,Aggregated,931.900000,0.000000,560,620,680,940,1700,2200,3200,4300,7200,13000,13000,1394941,51,420.0,448.63940090386353,26.804099999935715,21022.02749999924,2905.0750268290917
1746384017,2000,GET,GET /pastes/:slug,864.000000,0.000000,530,590,650,730,1500,2200,3100,4100,6600,12000,12000,1269446,50,420.0,447.8600608242685,26.804099999935715,21022.02749999924,2909.5512042260953
1746384017,2000,POST,POST /pastes,88.600000,0.000000,530,600,680,970,1700,2300,3000,3600,8500,8500,8500,126830,1,420.0,455.3649687968107,32.33849999924132,19812.114199999996,2859.977016478751
1746384017,2000,,Aggregated,952.600000,0.000000,530,590,650,760,1500,2200,3100,4000,6700,9500,12000,1396276,51,420.0,448.54176521377826,26.804099999935715,21022.02749999924,2905.048158816738
1746384018,2000,GET,GET /pastes/:slug,885.300000,0.000000,470,560,610,650,1200,2100,3000,4000,6600,12000,12000,1270674,50,420.0,447.6000449367224,26.804099999935715,21022.02749999924,2909.6167726734
1746384018,2000,POST,POST /pastes,88.300000,0.000000,480,570,640,710,1400,2200,3000,3600,8500,8500,8500,126939,1,420.0,455.13265085355573,32.33849999924132,19812.114199999996,2860.116110887907
1746384018,2000,,Aggregated,973.600000,0.000000,470,560,610,660,1200,2100,3000,3900,6700,9500,12000,1397613,51,420.0,448.2841981769165,26.804099999935715,21022.02749999924,2905.120846758008
1746384019,2000,GET,GET /pastes/:slug,929.900000,0.000000,410,520,570,600,990,1900,2900,3900,6500,9500,12000,1271730,50,420.0,447.5110599010988,26.804099999935715,21022.02749999924,2909.6633971047313
1746384019,2000,POST,POST /pastes,91.900000,0.000000,420,520,580,630,1100,2000,2800,3400,8500,8500,8500,127034,1,420.0,455.0503355180466,32.33849999924132,19812.114199999996,2860.1442605916527
1746384019,2000,,Aggregated,1021.800000,0.000000,410,520,570,600,1000,1900,2800,3800,6600,9500,12000,1398764,51,420.0,448.1957674991879,26.804099999935715,21022.02749999924,2905.1661309556152
1746384020,2000,GET,GET /pastes/:slug,985.600000,0.000000,370,480,530,550,700,1200,2500,3600,6400,9500,12000,1273211,50,420.0,447.38068575037875,26.804099999935715,21022.02749999924,2909.6837790436934
1746384020,2000,POST,POST /pastes,93.700000,0.000000,380,480,530,560,940,1800,2700,3400,8500,8500,8500,127191,1,420.0,454.9039811519649,32.33849999924132,19812.114199999996,2860.312514250222
1746384020,2000,,Aggregated,1079.300000,0.000000,370,480,530,550,710,1200,2500,3600,6500,9500,12000,1400402,51,420.0,448.06398630652825,26.804099999935715,21022.02749999924,2905.1996519570807
1746384021,2000,GET,GET /pastes/:slug,1020.300000,0.000000,330,420,490,520,610,890,1800,2800,6400,9500,12000,1274183,50,420.0,447.2017201982184,26.804099999935715,21022.02749999924,2909.692797659363
1746384021,2000,POST,POST /pastes,96.000000,0.000000,340,420,490,530,660,1000,2300,3200,8500,8500,8500,127285,1,420.0,454.72332296578224,32.33849999924132,19812.114199999996,2860.2872451585026
1746384021,2000,,Aggregated,1116.300000,0.000000,330,420,490,520,610,900,1900,2900,6500,9500,12000,1401468,51,420.0,447.88485189175583,26.804099999935715,21022.02749999924,2905.2056557837923
1746384022,2000,GET,GET /pastes/:slug,1053.900000,0.000000,310,380,420,450,540,640,940,1200,6400,9500,12000,1275525,50,420.0,447.07155869365516,26.804099999935715,21022.02749999924,2909.6295627290724
1746384022,2000,POST,POST /pastes,99.200000,0.000000,320,380,420,460,550,720,1100,1900,8500,8500,8500,127419,1,420.0,454.59193643647774,32.33849999924132,19812.114199999996,2860.1961089005563
1746384022,2000,,Aggregated,1153.100000,0.000000,310,380,420,450,540,640,970,1200,6400,9500,12000,1402944,51,420.0,447.75457883674113,26.804099999935715,21022.02749999924,2905.1398886912093
1746384023,2000,GET,GET /pastes/:slug,1113.600000,0.000000,280,340,380,400,490,550,650,850,5700,8000,8400,1276676,50,420.0,446.7847006814764,26.804099999935715,21022.02749999924,2909.6300721561306
1746384023,2000,POST,POST /pastes,105.700000,0.000000,280,350,390,410,500,560,820,1000,8500,8500,8500,127515,1,420.0,454.35109155706834,32.33849999924132,19812.114199999996,2860.2785084107754
1746384023,2000,,Aggregated,1219.300000,0.000000,280,340,380,400,490,550,650,860,5700,8500,8500,1404191,51,420.0,447.47180687465783,26.804099999935715,21022.02749999924,2905.1484420566717
1746384024,2000,GET,GET /pastes/:slug,1121.800000,0.000000,270,320,360,390,430,510,560,590,680,7200,8000,1277683,50,420.0,446.75420353141135,26.804099999935715,21022.02749999924,2909.61325931393
1746384024,2000,POST,POST /pastes,105.300000,0.000000,280,330,370,390,430,530,590,640,8500,8500,8500,127601,1,420.0,454.3213679163925,32.33849999924132,19812.114199999996,2860.3398405968605
1746384024,2000,,Aggregated,1227.100000,0.000000,270,320,360,390,430,520,560,590,690,8500,8500,1405284,51,420.0,447.4413085882516,26.804099999935715,21022.02749999924,2905.1391903700605
1746384025,2000,GET,GET /pastes/:slug,1164.600000,0.000000,290,350,390,410,460,530,570,590,740,970,8000,1279114,50,420.0,446.68868810803616,26.804099999935715,21022.02749999924,2909.625710452704
1746384025,2000,POST,POST /pastes,110.600000,0.000000,300,360,390,410,470,530,590,640,690,880,880,127742,1,420.0,454.2490149308731,32.33849999924132,19812.114199999996,2860.2124125189835
1746384025,2000,,Aggregated,1275.100000,0.000000,290,360,390,410,460,530,570,590,740,970,8000,1406856,51,420.0,447.3751629633242,26.804099999935715,21022.02749999924,2905.1390014329827
1746384027,2000,GET,GET /pastes/:slug,1169.500000,0.000000,270,340,380,400,460,530,570,580,740,940,970,1280276,50,420.0,446.45016278538674,26.804099999935715,21022.02749999924,2909.675648844468
1746384027,2000,POST,POST /pastes,110.700000,0.000000,270,350,380,400,470,540,590,600,880,880,880,127858,1,420.0,454.0199928921114,32.33849999924132,19812.114199999996,2860.173512803266
1746384027,2000,,Aggregated,1280.200000,0.000000,270,340,380,400,460,530,570,590,740,940,970,1408134,51,420.0,447.1375003099358,26.804099999935715,21022.02749999924,2905.1808748315148
1746384028,2000,GET,GET /pastes/:slug,1176.300000,0.000000,290,370,400,420,470,530,570,590,740,940,970,1281420,50,420.0,446.37885055463903,26.804099999935715,21022.02749999924,2909.7162304318645
1746384028,2000,POST,POST /pastes,110.600000,0.000000,310,370,400,410,490,540,590,600,880,880,880,127952,1,420.0,453.96421141912293,32.33849999924132,19812.114199999996,2860.170728085532
1746384028,2000,,Aggregated,1286.900000,0.000000,290,370,400,420,470,530,570,590,740,940,970,1409372,51,420.0,447.0674991820705,26.804099999935715,21022.02749999924,2905.21816596328
1746384029,2000,GET,GET /pastes/:slug,1172.300000,0.000000,290,350,400,420,490,530,570,580,780,940,970,1282640,50,420.0,446.2813081737854,26.804099999935715,21022.02749999924,2909.7426245867896
1746384029,2000,POST,POST /pastes,110.100000,0.000000,290,360,390,410,490,530,580,600,690,880,880,128069,1,420.0,453.8523738148935,32.33849999924132,19812.114199999996,2860.0635438708823
1746384029,2000,,Aggregated,1282.400000,0.000000,290,350,400,420,490,530,570,590,780,940,970,1410709,51,420.0,446.9686354720439,26.804099999935715,21022.02749999924,2905.2325873018463
1746384030,2000,GET,GET /pastes/:slug,1150.800000,0.000000,290,360,400,420,470,530,570,590,780,940,970,1283456,50,420.0,446.22053350042745,26.804099999935715,21022.02749999924,2909.724268693278
1746384030,2000,POST,POST /pastes,108.400000,0.000000,300,360,400,420,460,510,570,590,880,880,880,128139,1,420.0,453.8032330531656,32.33849999924132,19812.114199999996,2859.9664739072414
1746384030,2000,,Aggregated,1259.200000,0.000000,290,360,400,420,470,530,570,590,780,940,970,1411595,51,420.0,446.90886091586634,26.804099999935715,21022.02749999924,2905.2074532709453
1746384031,2000,GET,GET /pastes/:slug,1163.200000,0.000000,340,410,450,480,550,600,650,680,780,940,970,1284862,50,420.0,446.3503681102905,26.804099999935715,21022.02749999924,2909.6763271075024
1746384031,2000,POST,POST /pastes,109.700000,0.000000,340,400,440,470,550,600,650,670,880,880,880,128255,1,420.0,453.91271824178085,32.33849999924132,19812.114199999996,2859.8648707652724
1746384031,2000,,Aggregated,1272.900000,0.000000,340,410,450,480,550,600,650,680,780,940,970,1413117,51,420.0,447.0367296897788,26.804099999935715,21022.02749999924,2905.155421667137
1746384032,2000,GET,GET /pastes/:slug,1141.100000,0.000000,340,410,460,490,550,600,650,680,780,940,970,1285739,50,420.0,446.22797216186547,26.804099999935715,21022.02749999924,2909.655328180914
1746384032,2000,POST,POST /pastes,107.000000,0.000000,340,410,450,490,560,620,650,670,880,880,880,128344,1,420.0,453.7836836236956,32.33849999924132,19812.114199999996,2859.7112058218536
1746384032,2000,,Aggregated,1248.100000,0.000000,340,410,460,490,550,600,650,680,800,940,970,1414083,51,420.0,446.91373829572404,26.804099999935715,21022.02749999924,2905.122335110457
1746384033,2000,GET,GET /pastes/:slug,1114.000000,0.000000,390,460,530,550,670,720,750,760,860,950,970,1286763,53,420.0,446.4294706473727,26.804099999935715,21022.02749999924,2909.6651007217333
1746384033,2000,POST,POST /pastes,101.900000,0.000000,380,460,530,560,670,710,760,770,930,930,930,128446,2,420.0,453.9806865437585,32.33849999924132,19812.114199999996,2859.6845911900723
1746384033,2000,,Aggregated,1215.900000,0.000000,390,460,530,550,670,720,750,760,870,950,970,1415209,55,420.0,447.1148277056133,26.804099999935715,21022.02749999924,2905.128812069454
1746384034,2000,GET,GET /pastes/:slug,1147.600000,0.000000,410,500,560,630,700,730,760,770,1000,1400,1400,1287688,53,420.0,446.59407439249736,26.804099999935715,21022.02749999924,2909.6320902268253
1746384034,2000,POST,POST /pastes,105.400000,0.000000,410,510,570,640,710,720,760,770,930,930,930,128534,2,420.0,454.13467186814074,32.33849999924132,19812.114199999996,2859.525876421803
1746384034,2000,,Aggregated,1253.000000,0.000000,410,500,560,630,700,730,760,770,1000,1400,1400,1416222,55,420.0,447.2784467267377,26.804099999935715,21022.02749999924,2905.0845319448504
1746384035,2000,GET,GET /pastes/:slug,1054.700000,0.000000,450,560,630,670,710,740,770,850,1600,2300,2300,1288289,53,420.0,446.7224202848323,26.804099999935715,21022.02749999924,2909.5661827431577
1746384035,2000,POST,POST /pastes,95.500000,0.000000,450,570,640,670,710,750,770,930,1400,1400,1400,128588,2,420.0,454.2474357747191,32.33849999924132,19812.114199999996,2859.450391949482
1746384035,2000,,Aggregated,1150.200000,0.000000,450,560,630,670,710,740,770,860,1600,2300,2300,1416877,55,420.0,447.4053494959225,26.804099999935715,21022.02749999924,2905.0179479234966
1746384036,2000,GET,GET /pastes/:slug,1064.400000,0.300000,520,640,680,700,780,1200,1800,2100,2800,3300,3300,1289020,53,420.0,447.27126921322065,26.804099999935715,21022.02749999924,2909.4836876076397
1746384036,2000,POST,POST /pastes,97.600000,0.100000,530,640,680,710,760,1100,1900,2400,2800,2800,2800,128639,2,420.0,454.69447505499556,32.33849999924132,19812.114199999996,2859.533096494842
1746384036,2000,,Aggregated,1162.000000,0.400000,520,640,680,700,770,1200,1800,2100,2800,3300,3300,1417659,55,420.0,447.9448541700318,26.804099999935715,21022.02749999924,2904.9511490421887
1746384037,2000,GET,GET /pastes/:slug,1022.500000,0.300000,580,670,700,720,1100,1700,2200,2500,3300,4100,4100,1290033,53,420.0,447.77266227059664,26.804099999935715,21022.02749999924,2909.5511362887614
1746384037,2000,POST,POST /pastes,95.600000,0.100000,580,670,700,710,1000,1700,2300,2500,3300,3300,3300,128733,2,420.0,455.0948165777197,32.33849999924132,19812.114199999996,2859.3085844344496
1746384037,2000,,Aggregated,1118.100000,0.400000,580,670,700,720,1100,1700,2200,2500,3300,4100,4100,1418766,55,420.0,448.43704448050806,26.804099999935715,21022.02749999924,2904.99233347853
1746384038,2000,GET,GET /pastes/:slug,921.600000,0.300000,650,700,730,750,1200,1800,2400,2900,4000,4700,4700,1290841,53,420.0,448.116605157588,26.804099999935715,21022.02749999924,2909.6158550898213
1746384038,2000,POST,POST /pastes,84.800000,0.100000,660,700,720,750,1200,1900,2500,2800,4000,4000,4000,128813,2,420.0,455.48210494825514,32.33849999924132,19812.114199999996,2859.4554975041337
1746384038,2000,,Aggregated,1006.400000,0.400000,650,700,730,750,1200,1900,2400,2900,4000,4700,4700,1419654,55,420.0,448.7849173833443,26.804099999935715,21022.02749999924,2905.0645305123644
1746384039,2000,GET,GET /pastes/:slug,936.400000,0.300000,660,700,740,760,1200,1800,2400,2900,4000,4700,4700,1292170,53,420.0,448.22750534234956,26.804099999935715,21022.02749999924,2909.632728665733
1746384039,2000,POST,POST /pastes,83.800000,0.100000,670,710,730,760,1200,1900,2500,2800,4000,4000,4000,128944,2,420.0,455.60205162085515,32.33849999924132,19812.114199999996,2859.3093048144933
1746384039,2000,,Aggregated,1020.200000,0.400000,660,700,740,760,1200,1800,2400,2800,4000,4700,4700,1421114,55,420.0,448.8966307575831,26.804099999935715,21022.02749999924,2905.0666603805184
1746384040,2000,GET,GET /pastes/:slug,894.600000,0.300000,680,730,760,810,1200,1800,2400,2900,4000,4700,4700,1292774,53,420.0,448.391198447465,26.804099999935715,21022.02749999924,2909.664813029965
1746384040,2000,POST,POST /pastes,81.600000,0.100000,690,720,760,810,1200,1900,2500,2800,4000,4000,4000,129007,2,420.0,455.79946004247495,32.33849999924132,19812.114199999996,2859.449541497748
1746384040,2000,,Aggregated,976.200000,0.400000,680,730,760,810,1200,1800,2400,2900,4000,4700,4700,1421781,55,420.0,449.06339592625824,26.804099999935715,21022.02749999924,2905.1084702918383
1746384041,2000,GET,GET /pastes/:slug,892.600000,0.300000,700,750,810,840,1200,1800,2400,2900,4000,4700,4700,1294337,53,420.0,448.56123590596883,26.804099999935715,21022.02749999924,2909.6815002584335
1746384041,2000,POST,POST /pastes,82.500000,0.100000,700,750,800,840,1200,1900,2500,2800,4000,4000,4000,129149,2,420.0,455.9508582157008,32.33849999924132,19812.114199999996,2859.517053945443
1746384041,2000,,Aggregated,975.100000,0.400000,700,750,810,840,1200,1800,2400,2800,4000,4700,4700,1423486,55,420.0,449.2316761714077,26.804099999935715,21022.02749999924,2905.1302169462856
1746384042,2000,GET,GET /pastes/:slug,879.300000,0.300000,690,740,790,830,1200,1800,2400,2800,4000,4700,4700,1295324,53,420.0,448.4630411626154,26.804099999935715,21022.02749999924,2909.6678529850446
1746384042,2000,POST,POST /pastes,81.100000,0.100000,690,740,780,830,1200,1800,2500,2800,4000,4000,4000,129235,2,420.0,455.8534939714437,32.33849999924132,19812.114199999996,2859.515247417495
1746384042,2000,,Aggregated,960.400000,0.400000,690,740,790,830,1200,1800,2400,2800,4000,4700,4700,1424559,55,420.0,449.13349789256335,26.804099999935715,21022.02749999924,2905.118043548916
1746384043,2000,GET,GET /pastes/:slug,850.500000,0.300000,640,720,790,830,1200,1800,2300,2800,4000,4700,4700,1296563,53,420.0,448.435176205263,26.804099999935715,21022.02749999924,2909.6529462895364
1746384043,2000,POST,POST /pastes,79.800000,0.100000,660,720,780,830,1100,1800,2400,2800,4000,4000,4000,129359,2,420.0,455.830195347054,32.33849999924132,19812.114199999996,2859.593341012222
1746384043,2000,,Aggregated,930.300000,0.400000,650,720,790,830,1200,1800,2400,2800,4000,4400,4700,1425922,55,420.0,449.1060490027733,26.804099999935715,21022.02749999924,2905.1115615019617
1746384045,2000,GET,GET /pastes/:slug,870.900000,0.300000,530,700,770,810,1100,1800,2300,2800,4000,4700,4700,1297609,53,420.0,448.3713955338816,26.804099999935715,21022.02749999924,2909.6287371619646
1746384045,2000,POST,POST /pastes,81.500000,0.100000,550,700,760,810,1100,1800,2400,2800,4000,4000,4000,129486,2,420.0,455.74423397509804,32.33849999924132,19812.114199999996,2859.5962729561497
1746384045,2000,,Aggregated,952.400000,0.400000,530,700,770,810,1100,1800,2400,2800,4000,4400,4700,1427095,55,420.0,449.0403624620878,26.804099999935715,21022.02749999924,2905.089092877489
1746384046,2000,GET,GET /pastes/:slug,911.100000,0.300000,440,600,700,740,820,870,1800,2600,4000,4700,4700,1298744,53,420.0,448.2605200719493,26.804099999935715,21022.02749999924,2909.574852318856
1746384046,2000,POST,POST /pastes,84.800000,0.100000,440,610,700,740,830,1000,1900,2600,4000,4000,4000,129608,2,420.0,455.6066516025211,32.33849999924132,19812.114199999996,2859.441793716437
1746384046,2000,,Aggregated,995.900000,0.400000,440,600,700,740,820,880,1800,2600,4000,4400,4700,1428352,55,420.0,448.927104650137,26.804099999935715,21022.02749999924,2905.025801763151
1746384047,2000,GET,GET /pastes/:slug,960.500000,0.000000,390,480,620,700,800,840,900,1000,3700,4700,4700,1299985,53,420.0,448.11817809030305,26.804099999935715,21022.02749999924,2909.571925060674
1746384047,2000,POST,POST /pastes,92.500000,0.000000,390,480,630,690,800,860,1100,1800,4000,4000,4000,129751,2,420.0,455.4381493044335,32.33849999924132,19812.114199999996,2859.315866544381
1746384047,2000,,Aggregated,1053.000000,0.000000,390,480,620,700,800,840,910,1100,3700,4000,4700,1429736,55,420.0,448.78247806247487,26.804099999935715,21022.02749999924,2905.011101350179
1746384048,2000,GET,GET /pastes/:slug,1035.200000,0.000000,360,420,460,500,770,830,870,920,1100,1200,1200,1301066,53,420.0,448.0411397054605,26.804099999935715,21022.02749999924,2909.644270928608
1746384048,2000,POST,POST /pastes,101.300000,0.000000,360,420,460,500,750,840,910,1100,1800,1800,1800,129874,2,420.0,455.356225899715,32.33849999924132,19812.114199999996,2859.2018802839675
1746384048,2000,,Aggregated,1136.500000,0.000000,360,420,460,500,770,830,880,920,1100,1600,1800,1430940,55,420.0,448.705066567804,26.804099999935715,21022.02749999924,2905.066053083987
1746384049,2000,GET,GET /pastes/:slug,1033.400000,0.000000,340,400,450,480,750,830,870,910,1100,1200,1200,1302433,53,420.0,447.8392865746077,26.804099999935715,21022.02749999924,2909.6823567891784
1746384049,2000,POST,POST /pastes,105.300000,0.000000,350,400,450,480,740,840,900,1100,1600,1800,1800,129986,2,420.0,455.1916397927434,32.33849999924132,19812.114199999996,2859.1458541689103
1746384049,2000,,Aggregated,1138.700000,0.000000,340,400,450,480,750,830,870,920,1100,1600,1800,1432419,55,420.0,448.50648170775077,26.804099999935715,21022.02749999924,2905.0963817151264
1746384050,2000,GET,GET /pastes/:slug,1063.800000,0.000000,320,360,400,430,490,700,810,840,960,1100,1100,1303520,53,420.0,447.68688154798474,26.804099999935715,21022.02749999924,2909.684497360992
1746384050,2000,POST,POST /pastes,109.500000,0.000000,320,370,400,430,500,690,790,830,940,1000,1000,130107,2,420.0,455.0209673637818,32.33849999924132,19812.114199999996,2859.1045062909757
1746384050,2000,,Aggregated,1173.300000,0.000000,320,370,400,430,490,700,810,840,960,1100,1100,1433627,55,420.0,448.35247720379004,26.804099999935715,21022.02749999924,2905.0941744261236
1746384051,2000,GET,GET /pastes/:slug,1089.500000,0.000000,310,340,370,390,440,470,500,520,690,750,750,1304874,53,420.0,447.5037884948502,26.804099999935715,21022.02749999924,2909.67147939188
1746384051,2000,POST,POST /pastes,109.700000,0.000000,310,350,380,400,440,470,520,610,750,880,880,130235,2,420.0,454.8561379168392,32.33849999924132,19812.114199999996,2858.973547817407
1746384051,2000,,Aggregated,1199.200000,0.000000,310,340,370,390,440,470,500,520,710,750,880,1435109,55,420.0,448.171008355489,26.804099999935715,21022.02749999924,2905.070682435968
1746384052,2000,GET,GET /pastes/:slug,1127.600000,0.000000,300,340,360,380,430,470,500,510,670,750,750,1305949,53,410.0,447.3091054605733,26.804099999935715,21022.02749999924,2909.680142180131
1746384052,2000,POST,POST /pastes,115.400000,0.000000,300,350,370,390,440,470,510,610,750,880,880,130335,2,420.0,454.6663738581312,32.33849999924132,19812.114199999996,2859.0264625772047
1746384052,2000,,Aggregated,1243.000000,0.000000,300,340,360,380,430,470,500,510,690,750,880,1436284,55,420.0,447.97673775098684,26.804099999935715,21022.02749999924,2905.083594887919
1746384053,2000,GET,GET /pastes/:slug,1176.300000,0.000000,300,330,360,380,440,510,560,590,660,750,750,1307051,53,410.0,447.3206634072642,26.804099999935715,21022.02749999924,2909.7244598718794
1746384053,2000,POST,POST /pastes,119.200000,0.000000,300,340,370,390,440,510,560,590,690,750,750,130427,2,420.0,454.672675318757,32.33849999924132,19812.114199999996,2859.090840086792
1746384053,2000,,Aggregated,1295.500000,0.000000,300,330,360,380,440,510,560,590,670,750,750,1437478,55,420.0,447.9877350825103,26.804099999935715,21022.02749999924,2905.1303087768997
1746384054,2000,GET,GET /pastes/:slug,1128.900000,0.000000,290,320,350,370,410,500,560,590,630,660,720,1308433,53,410.0,447.1032282328786,26.804099999935715,21022.02749999924,2909.758742709791
1746384054,2000,POST,POST /pastes,115.700000,0.000000,290,330,360,380,420,490,560,570,610,660,660,130562,2,420.0,454.458398306548,32.33849999924132,19812.114199999996,2859.0915886705166
1746384054,2000,,Aggregated,1244.600000,0.000000,290,320,350,370,420,500,560,590,630,660,720,1438995,55,410.0,447.7705729527473,26.804099999935715,21022.02749999924,2905.161641979298
1746384055,2000,GET,GET /pastes/:slug,1132.300000,0.000000,280,310,340,360,410,500,560,590,630,660,720,1309470,53,410.0,446.928068007995,26.804099999935715,21022.02749999924,2909.7876278188887
1746384055,2000,POST,POST /pastes,115.800000,0.000000,280,320,350,370,420,480,550,570,610,660,660,130675,2,420.0,454.24973728562856,32.33849999924132,19812.114199999996,2859.1913755500286
1746384055,2000,,Aggregated,1248.100000,0.000000,280,320,340,360,410,500,560,590,630,660,720,1440145,55,410.0,447.5924171762136,26.804099999935715,21022.02749999924,2905.1966558922886
1746384056,2000,GET,GET /pastes/:slug,1158.900000,0.000000,280,330,360,380,460,520,560,590,630,740,740,1310893,53,410.0,446.8346405405533,26.804099999935715,21022.02749999924,2909.7290869659078
1746384056,2000,POST,POST /pastes,117.700000,0.000000,290,330,370,390,460,520,560,570,610,660,660,130811,2,420.0,454.15570862923994,32.33849999924132,19812.114199999996,2859.281337196413
1746384056,2000,,Aggregated,1276.600000,0.000000,280,330,360,380,460,520,560,590,630,740,740,1441704,55,410.0,447.498907434284,26.804099999935715,21022.02749999924,2905.1517808093754
1746384057,2000,GET,GET /pastes/:slug,1151.900000,0.000000,270,310,350,370,430,520,560,590,630,740,740,1311989,53,410.0,446.6596733062759,26.804099999935715,21022.02749999924,2909.746090096792
1746384057,2000,POST,POST /pastes,115.700000,0.000000,270,310,350,370,430,520,560,570,600,610,610,130913,2,420.0,453.9912311298308,32.33849999924132,19812.114199999996,2859.186490264527
1746384057,2000,,Aggregated,1267.600000,0.000000,270,310,350,370,430,520,560,580,630,740,740,1442902,55,410.0,447.3248579337587,26.804099999935715,21022.02749999924,2905.1588701103747
1746384058,2000,GET,GET /pastes/:slug,1164.200000,0.000000,280,340,380,410,520,560,670,720,780,790,790,1312713,53,410.0,446.73035341428726,26.804099999935715,21022.02749999924,2909.709112349767
1746384058,2000,POST,POST /pastes,115.200000,0.000000,280,330,380,410,510,550,670,710,780,780,780,130979,2,420.0,454.04756271233987,32.33849999924132,19812.114199999996,2859.0406248329887
1746384058,2000,,Aggregated,1279.400000,0.000000,280,340,380,410,510,560,670,720,780,790,790,1443692,55,410.0,447.394207447321,26.804099999935715,21022.02749999924,2905.1122123001305
1746384059,2000,GET,GET /pastes/:slug,1165.400000,0.000000,290,370,430,480,560,680,720,740,780,790,790,1314182,53,410.0,446.73054692662765,26.804099999935715,21022.02749999924,2909.692669660671
1746384059,2000,POST,POST /pastes,112.600000,0.000000,290,380,430,490,560,680,710,750,780,780,780,131141,2,420.0,454.0513731235811,32.33849999924132,19812.114199999996,2859.049831860364
1746384059,2000,,Aggregated,1278.000000,0.000000,290,370,430,480,560,680,720,750,780,790,790,1445323,55,410.0,447.39480015466296,26.804099999935715,21022.02749999924,2905.0976051719927
1746384060,2000,GET,GET /pastes/:slug,1142.000000,0.000000,320,400,470,510,590,690,720,750,780,790,790,1314772,53,410.0,446.7379057301414,26.804099999935715,21022.02749999924,2909.6431510558486
1746384060,2000,POST,POST /pastes,109.200000,0.000000,310,400,480,510,610,690,720,760,780,780,780,131197,2,420.0,454.04941950577773,32.33849999924132,19812.114199999996,2859.080916484371
1746384060,2000,,Aggregated,1251.200000,0.000000,320,400,470,510,590,690,720,750,780,790,790,1445969,55,410.0,447.40130077722165,26.804099999935715,21022.02749999924,2905.055491507771
1746384061,2000,GET,GET /pastes/:slug,1136.000000,0.000000,370,490,530,560,660,700,730,750,780,840,850,1316257,53,410.0,446.8922253304108,26.804099999935715,21022.02749999924,2909.6283552528116
1746384061,2000,POST,POST /pastes,111.300000,0.000000,380,500,540,560,660,700,730,750,780,780,780,131364,2,420.0,454.20050478745725,32.33849999924132,19812.114199999996,2858.922566304315
1746384061,2000,,Aggregated,1247.400000,0.000000,370,490,540,560,660,700,730,750,780,840,850,1447621,55,410.0,447.55541329369964,26.804099999935715,21022.02749999924,2905.0270713121736
1746384062,2000,GET,GET /pastes/:slug,1098.900000,0.000000,340,480,520,550,660,700,730,750,780,840,850,1317263,53,410.0,446.6891103019892,26.804099999935715,21022.02749999924,2909.655416572089
1746384062,2000,POST,POST /pastes,107.000000,0.000000,340,480,530,560,660,700,730,750,780,780,780,131462,2,420.0,453.99550145973365,32.33849999924132,19812.114199999996,2859.065874549299
1746384062,2000,,Aggregated,1205.900000,0.000000,340,480,520,550,660,700,730,750,780,840,850,1448725,55,410.0,447.35211590649516,26.804099999935715,21022.02749999924,2905.0647576317106
1746384063,2000,GET,GET /pastes/:slug,1084.000000,0.000000,370,500,540,560,660,710,730,760,790,850,890,1318394,53,410.0,446.68313625170384,26.804099999935715,21022.02749999924,2909.6055299098753
1746384063,2000,POST,POST /pastes,106.000000,0.000000,370,500,540,560,660,700,730,750,780,780,780,131574,2,420.0,453.98271580707024,32.33849999924132,19812.114199999996,2859.0134525058143
1746384063,2000,,Aggregated,1190.000000,0.000000,370,500,540,560,660,710,730,760,780,850,890,1449968,55,410.0,447.3455197528747,26.804099999935715,21022.02749999924,2905.014668599583
1746384064,2000,GET,GET /pastes/:slug,1113.500000,0.000000,380,490,530,560,660,710,730,750,790,850,890,1319597,53,410.0,446.6061015196527,26.804099999935715,21022.02749999924,2909.6062199292664
1746384064,2000,POST,POST /pastes,110.300000,0.000000,380,500,540,560,660,700,730,750,780,780,780,131694,2,420.0,453.8978908431628,32.33849999924132,19812.114199999996,2859.1960225978405
1746384064,2000,,Aggregated,1223.800000,0.000000,380,500,530,560,660,700,730,750,780,850,890,1451291,55,410.0,447.26777785002207,26.804099999935715,21022.02749999924,2905.031864732848
1746384065,2000,GET,GET /pastes/:slug,1109.100000,0.000000,390,510,550,590,670,710,730,760,790,850,890,1320413,53,410.0,446.6186310581079,26.804099999935715,21022.02749999924,2909.6118858266314
1746384065,2000,POST,POST /pastes,111.900000,0.000000,400,510,560,600,670,700,730,750,780,780,780,131768,2,420.0,453.91479660615215,32.33849999924132,19812.114199999996,2859.333290328456
1746384065,2000,,Aggregated,1221.100000,0.000000,390,510,550,590,670,710,730,760,780,850,890,1452181,55,410.0,447.2806705297321,26.804099999935715,21022.02749999924,2905.0497066137073
1746384066,2000,GET,GET /pastes/:slug,1081.400000,0.000000,450,530,560,600,660,710,730,750,790,850,890,1321950,53,410.0,446.6064813745855,26.804099999935715,21022.02749999924,2909.56683081811
1746384066,2000,POST,POST /pastes,109.400000,0.000000,450,530,570,610,670,700,730,750,780,780,780,131930,2,420.0,453.8871532373184,32.33849999924132,19812.114199999996,2859.289365572652
1746384066,2000,,Aggregated,1190.800000,0.000000,450,530,560,600,660,700,730,750,780,850,890,1453880,55,410.0,447.26715422162783,26.804099999935715,21022.02749999924,2905.004483176053
1746384067,2000,GET,GET /pastes/:slug,1085.200000,0.000000,410,520,560,590,660,700,730,750,790,850,890,1322904,53,410.0,446.40693727778597,26.804099999935715,21022.02749999924,2909.552170830234
1746384067,2000,POST,POST /pastes,108.100000,0.000000,420,530,570,610,670,700,730,750,780,780,780,132010,2,420.0,453.7099497560749,32.33849999924132,19812.114199999996,2859.13930762821
1746384067,2000,,Aggregated,1193.300000,0.000000,420,520,560,600,660,700,730,750,780,850,890,1454914,55,410.0,447.0695679743537,26.804099999935715,21022.02749999924,2904.9780158827257
1746384068,2000,GET,GET /pastes/:slug,1055.600000,0.000000,400,520,560,580,630,660,700,730,740,850,890,1323807,53,410.0,446.4713357711762,26.804099999935715,21022.02749999924,2909.5524868806406
1746384068,2000,POST,POST /pastes,105.200000,0.000000,400,510,560,580,630,660,700,730,750,750,750,132084,2,420.0,453.75229805653544,32.33849999924132,19812.114199999996,2859.1229899155082
1746384068,2000,,Aggregated,1160.800000,0.000000,400,520,560,580,630,660,700,730,740,850,890,1455891,55,410.0,447.131892517874,26.804099999935715,21022.02749999924,2904.9773300336356
1746384069,2000,GET,GET /pastes/:slug,1074.500000,0.000000,450,540,580,610,640,680,730,760,1200,1500,1600,1324504,53,410.0,446.5899207884097,26.804099999935715,21022.02749999924,2909.578895948974
1746384069,2000,POST,POST /pastes,109.200000,0.000000,460,540,580,600,650,690,740,770,1500,1500,1500,132150,2,420.0,453.8689338153568,32.33849999924132,19812.114199999996,2859.105402951192
1746384069,2000,,Aggregated,1183.700000,0.000000,450,540,580,610,640,680,730,770,1300,1500,1600,1456654,55,410.0,447.25028458895383,26.804099999935715,21022.02749999924,2904.9998592665106
1746384070,2000,GET,GET /pastes/:slug,1071.600000,0.000000,430,530,570,590,640,670,1100,1300,2100,2500,2500,1325171,53,410.0,446.7510300740303,26.804099999935715,21022.02749999924,2909.5107544611224
1746384070,2000,POST,POST /pastes,107.700000,0.000000,450,530,570,590,640,680,840,1300,2100,2100,2100,132226,2,420.0,454.01041679775096,32.33849999924132,19812.114199999996,2859.2650083947183
1746384070,2000,,Aggregated,1179.300000,0.000000,440,530,570,590,640,670,1000,1300,2100,2400,2500,1457397,55,410.0,447.4096561511644,26.804099999935715,21022.02749999924,2904.95208306316
1746384071,2000,GET,GET /pastes/:slug,1031.200000,0.000000,480,550,580,610,660,1100,1800,2100,3100,3500,3500,1326128,53,410.0,447.156634481689,26.804099999935715,21022.02749999924,2909.48626829386
1746384071,2000,POST,POST /pastes,100.800000,0.000000,490,550,570,600,660,1100,1700,1800,2900,2900,2900,132320,2,420.0,454.348422327686,32.33849999924132,19812.114199999996,2859.2986245465536
1746384071,2000,,Aggregated,1131.900000,0.000000,480,550,580,610,660,1100,1800,2100,3000,3300,3500,1458448,55,420.0,447.80912080124824,26.804099999935715,21022.02749999924,2904.932914989084
1746384072,2000,GET,GET /pastes/:slug,1037.600000,0.000000,520,570,610,630,780,1600,2100,2600,4100,4500,4500,1326885,53,410.0,447.53474113139737,26.804099999935715,21022.02749999924,2909.4783835826015
1746384072,2000,POST,POST /pastes,101.200000,0.000000,520,560,600,630,750,1500,2100,2600,3700,3700,3700,132391,2,420.0,454.6932095776859,32.33849999924132,19812.114199999996,2859.4268870240426
1746384072,2000,,Aggregated,1138.800000,0.000000,520,570,610,630,770,1600,2100,2600,4100,4500,4500,1459276,55,420.0,448.18418427723066,26.804099999935715,21022.02749999924,2904.937523813179
1746384073,2000,GET,GET /pastes/:slug,993.200000,0.000000,530,590,630,650,1200,1800,2500,3100,4900,5400,5400,1327806,53,420.0,447.9261609430397,26.804099999935715,21022.02749999924,2909.507675820112
1746384073,2000,POST,POST /pastes,98.200000,0.000000,540,590,620,650,1200,1800,2600,3000,4500,4500,4500,132498,2,420.0,455.1705216901341,32.33849999924132,19812.114199999996,2859.5844012739817
1746384073,2000,,Aggregated,1091.400000,0.000000,530,590,630,650,1200,1800,2500,3100,4800,5400,5400,1460304,55,420.0,448.58346470326705,26.804099999935715,21022.02749999924,2904.9779792426784
1746384074,2000,GET,GET /pastes/:slug,949.100000,0.000000,560,620,660,720,1400,1900,2700,3500,5400,6100,6100,1328907,53,420.0,448.2614652808906,26.804099999935715,21022.02749999924,2909.5628610579975
1746384074,2000,POST,POST /pastes,92.300000,0.000000,560,610,660,720,1400,2000,2600,3600,5500,5500,5500,132597,2,420.0,455.4904693922137,32.33849999924132,19812.114199999996,2859.542591461345
1746384074,2000,,Aggregated,1041.400000,0.000000,560,620,660,720,1400,1900,2700,3500,5400,6100,6100,1461504,55,420.0,448.9173268167847,26.804099999935715,21022.02749999924,2905.024701950867
1746384075,2000,GET,GET /pastes/:slug,933.000000,0.000000,550,620,680,760,1500,2000,2800,3900,6400,7200,7200,1329909,53,420.0,448.37618599696225,26.804099999935715,21022.02749999924,2909.598555991425
1746384075,2000,POST,POST /pastes,90.500000,0.000000,550,610,680,760,1500,2000,2600,3600,5500,5500,5500,132706,2,420.0,455.58486257365433,32.33849999924132,19812.114199999996,2859.5538257501544
1746384075,2000,,Aggregated,1023.400000,0.000000,550,620,680,760,1500,2000,2800,3900,6300,7200,7200,1462615,55,420.0,449.030243718094,26.804099999935715,21022.02749999924,2905.057896985878
1746384076,2000,GET,GET /pastes/:slug,891.200000,0.000000,560,630,690,790,1600,2000,3000,4100,7200,7800,7800,1330911,53,420.0,448.4654179981481,26.804099999935715,21022.02749999924,2909.6382898631086
1746384076,2000,POST,POST /pastes,87.500000,0.000000,560,630,720,800,1600,2100,2800,3900,7500,7500,7500,132803,2,420.0,455.6748228473709,32.33849999924132,19812.114199999996,2859.571839491578
1746384076,2000,,Aggregated,978.700000,0.000000,560,630,700,790,1600,2000,2900,4100,7200,7800,7800,1463714,55,420.0,449.1195284269602,26.804099999935715,21022.02749999924,2905.095752995462
1746384077,2000,GET,GET /pastes/:slug,922.700000,0.000000,570,630,690,770,1500,2000,2900,4100,7300,9000,9000,1332264,53,420.0,448.52133627196565,26.804099999935715,21022.02749999924,2909.6135495667527
1746384077,2000,POST,POST /pastes,89.900000,0.000000,560,640,710,800,1500,2100,2700,3700,7500,7500,7500,132933,2,420.0,455.72290209729255,32.33849999924132,19812.114199999996,2859.75823159035
1746384077,2000,,Aggregated,1012.600000,0.000000,560,630,690,770,1500,2000,2900,4100,7300,8400,9000,1465197,55,420.0,449.1747130874143,26.804099999935715,21022.02749999924,2905.0903236902614
1746384078,2000,GET,GET /pastes/:slug,927.400000,0.000000,530,600,680,770,1500,2000,2900,4100,7600,9300,9300,1333194,53,420.0,448.3922783856174,26.804099999935715,21022.02749999924,2909.6359637082073
1746384078,2000,POST,POST /pastes,92.700000,0.000000,550,610,710,790,1500,2100,2700,3700,7500,7500,7500,133015,2,420.0,455.58987577340446,32.33849999924132,19812.114199999996,2859.6960568356953
1746384078,2000,,Aggregated,1020.100000,0.000000,540,600,690,770,1500,2000,2900,4100,7500,9000,9300,1466209,55,420.0,449.0452469709575,26.804099999935715,21022.02749999924,2905.1053976615885
1746384079,2000,GET,GET /pastes/:slug,869.300000,0.000000,510,580,650,720,1400,2000,2900,4100,7600,9300,9300,1334351,53,420.0,448.3801840402076,26.804099999935715,21022.02749999924,2909.666820049597
1746384079,2000,POST,POST /pastes,85.100000,0.000000,530,590,670,760,1400,2000,2700,3700,7500,7500,7500,133120,2,420.0,455.5743103530603,32.33849999924132,19812.114199999996,2859.6677734375
1746384079,2000,,Aggregated,954.400000,0.000000,510,580,650,730,1400,2000,2900,4100,7500,9000,9300,1467471,55,420.0,449.03279120912134,26.804099999935715,21022.02749999924,2905.1312121329825
1746384080,2000,GET,GET /pastes/:slug,942.200000,0.000000,480,550,600,670,1100,1900,2800,4100,7300,9000,9300,1335526,53,420.0,448.32372882799365,26.804099999935715,21022.02749999924,2909.6904740154814
1746384080,2000,POST,POST /pastes,93.000000,0.000000,500,560,640,710,1300,1900,2600,3700,7500,7500,7500,133213,2,420.0,455.52551582427657,32.33849999924132,19812.114199999996,2859.7761254532215
1746384080,2000,,Aggregated,1035.200000,0.000000,480,550,600,670,1100,1900,2800,4000,7500,9000,9300,1468739,55,420.0,448.9769229292887,26.804099999935715,21022.02749999924,2905.163297903848
1746384082,2000,GET,GET /pastes/:slug,920.200000,0.000000,390,490,530,570,720,1100,2000,3300,7600,9300,9300,1336775,53,410.0,448.18232894535976,26.804099999935715,21022.02749999924,2909.730101924408
1746384082,2000,POST,POST /pastes,92.500000,0.000000,400,500,550,590,780,1200,2100,2600,7500,7500,7500,133335,2,420.0,455.3885472359049,32.33849999924132,19812.114199999996,2859.7721003487454
1746384082,2000,,Aggregated,1012.700000,0.000000,390,490,530,570,730,1100,2000,3200,7500,9000,9300,1470110,55,420.0,448.83591344976793,26.804099999935715,21022.02749999924,2905.1990463298666
1746384083,2000,GET,GET /pastes/:slug,1006.700000,0.000000,370,450,500,530,660,830,1800,2300,7600,9300,9300,1337793,53,410.0,448.12562263872877,26.804099999935715,21022.02749999924,2909.7055000287787
1746384083,2000,POST,POST /pastes,95.800000,0.000000,370,460,510,540,700,990,1800,2300,7500,7500,7500,133459,2,420.0,455.3167381263113,32.33849999924132,19812.114199999996,2859.7070560996262
1746384083,2000,,Aggregated,1102.500000,0.000000,370,450,500,530,660,840,1800,2300,7500,9000,9300,1471252,55,420.0,448.77793718570166,26.804099999935715,21022.02749999924,2905.17008235163
1746384084,2000,GET,GET /pastes/:slug,1044.100000,0.000000,370,430,470,490,550,610,740,1000,7600,9300,9300,1339116,53,410.0,448.0781104541582,26.804099999935715,21022.02749999924,2909.710084861954
1746384084,2000,POST,POST /pastes,99.400000,0.000000,370,440,480,500,580,680,1000,1300,7500,7500,7500,133597,2,420.0,455.26682225573484,32.33849999924132,19812.114199999996,2859.6426341908873
1746384084,2000,,Aggregated,1143.500000,0.000000,370,430,480,490,560,610,780,1100,7500,9000,9300,1472713,55,420.0,448.7302336652395,26.804099999935715,21022.02749999924,2905.168221506838
1746384085,2000,GET,GET /pastes/:slug,1064.700000,0.000000,360,420,470,490,540,590,680,780,7600,9300,9300,1340126,53,410.0,447.92203693326724,26.804099999935715,21022.02749999924,2909.7809183614077
1746384085,2000,POST,POST /pastes,103.900000,0.000000,360,420,470,490,550,620,770,940,7500,7500,7500,133727,2,420.0,455.0627080342745,32.33849999924132,19812.114199999996,2859.537198920188
1746384085,2000,,Aggregated,1168.600000,0.000000,360,420,470,490,540,590,680,800,7500,9000,9300,1473853,55,410.0,448.56993093920323,26.804099999935715,21022.02749999924,2905.222158519201
1746384086,2000,GET,GET /pastes/:slug,1113.900000,0.000000,350,390,430,460,520,580,650,750,1000,9000,9300,1341271,53,410.0,447.85240188368397,26.804099999935715,21022.02749999924,2909.8329837892566
1746384086,2000,POST,POST /pastes,108.000000,0.000000,350,400,430,470,520,590,700,880,1000,1000,1000,133842,2,420.0,454.9812476061285,32.33849999924132,19812.114199999996,2859.501987418
1746384086,2000,,Aggregated,1221.900000,0.000000,350,390,430,460,520,580,670,770,1000,9000,9300,1475113,55,410.0,448.49922620777926,26.804099999935715,21022.02749999924,2905.2662819729744
1746384087,2000,GET,GET /pastes/:slug,1080.200000,0.000000,360,410,440,470,510,540,560,580,790,9300,9300,1342381,53,410.0,447.87521549316534,26.804099999935715,21022.02749999924,2909.8560632190115
1746384087,2000,POST,POST /pastes,109.000000,0.000000,360,410,440,470,510,550,570,610,820,820,820,133949,2,420.0,454.9998446438529,32.33849999924132,19812.114199999996,2859.4808247915253
1746384087,2000,,Aggregated,1189.200000,0.000000,360,410,440,470,510,540,560,580,790,9000,9300,1476330,55,410.0,448.5216407165984,26.804099999935715,21022.02749999924,2905.2854639545358
1746384088,2000,GET,GET /pastes/:slug,1089.700000,0.000000,360,410,450,470,510,540,560,580,790,820,830,1343675,53,410.0,447.7459416071079,26.804099999935715,21022.02749999924,2909.760424209723
1746384088,2000,POST,POST /pastes,107.800000,0.000000,360,410,450,470,510,550,570,590,780,820,820,134074,2,420.0,454.8845519906874,32.33849999924132,19812.114199999996,2859.332659576055
1746384088,2000,,Aggregated,1197.500000,0.000000,360,410,450,470,510,540,560,580,790,820,830,1477749,55,410.0,448.39361726012703,26.804099999935715,21022.02749999924,2905.185187064921
1746384089,2000,GET,GET /pastes/:slug,1112.500000,0.000000,340,400,440,460,500,530,560,570,780,820,830,1344715,53,410.0,447.6509639200354,26.804099999935715,21022.02749999924,2909.7741283468986
1746384089,2000,POST,POST /pastes,111.000000,0.000000,340,400,440,460,500,540,560,580,780,780,780,134176,2,420.0,454.7928424442481,32.33849999924132,19812.114199999996,2859.29842147627
1746384089,2000,,Aggregated,1223.500000,0.000000,340,400,440,460,500,530,560,570,780,820,830,1478891,55,410.0,448.2989283020419,26.804099999935715,21022.02749999924,2905.1945964915603
1746384090,2000,GET,GET /pastes/:slug,1093.100000,0.000000,360,420,450,470,510,550,650,670,730,780,780,1345678,53,410.0,447.69968797864755,26.804099999935715,21022.02749999924,2909.816320100351
1746384090,2000,POST,POST /pastes,109.700000,0.000000,360,420,460,470,510,560,660,690,780,820,820,134271,2,420.0,454.83365996528977,32.33849999924132,19812.114199999996,2859.328015729383
1746384090,2000,,Aggregated,1202.800000,0.000000,360,420,450,470,510,560,650,670,730,780,820,1479949,55,410.0,448.34693025025535,26.804099999935715,21022.02749999924,2905.2356790673193
1746384091,2000,GET,GET /pastes/:slug,1115.800000,0.000000,370,430,460,470,520,570,660,670,730,780,780,1347067,53,410.0,447.580883775143,26.804099999935715,21022.02749999924,2909.8507527836405
1746384091,2000,POST,POST /pastes,111.800000,0.000000,370,430,470,480,530,580,660,690,780,820,820,134405,2,420.0,454.71471777165607,32.33849999924132,19812.114199999996,2859.433912428853
1746384091,2000,,Aggregated,1227.600000,0.000000,370,430,460,480,520,570,660,670,730,780,820,1481472,55,410.0,448.22809341414217,26.804099999935715,21022.02749999924,2905.2767375961207
1746384092,2000,GET,GET /pastes/:slug,1102.700000,0.000000,340,420,450,470,510,570,660,670,720,730,740,1348152,53,410.0,447.36837626182336,26.804099999935715,21022.02749999924,2909.8741744254357
1746384092,2000,POST,POST /pastes,112.700000,0.000000,340,420,460,470,530,580,660,690,780,820,820,134509,2,420.0,454.5049010519698,32.33849999924132,19812.114199999996,2859.557657851891
1746384092,2000,,Aggregated,1215.400000,0.000000,340,420,450,470,510,570,660,670,720,780,820,1482661,55,410.0,448.01581138893874,26.804099999935715,21022.02749999924,2905.30939236953
1746384093,2000,GET,GET /pastes/:slug,1116.100000,0.000000,340,430,470,480,540,590,660,670,720,730,740,1349217,53,410.0,447.39551738588284,26.804099999935715,21022.02749999924,2909.894957593923
1746384093,2000,POST,POST /pastes,115.200000,0.000000,340,430,470,490,550,590,670,690,780,820,820,134608,2,420.0,454.5369929491515,32.33849999924132,19812.114199999996,2859.496775823131
1746384093,2000,,Aggregated,1231.300000,0.000000,340,430,470,490,540,590,660,670,720,780,820,1483825,55,410.0,448.04336989047533,26.804099999935715,21022.02749999924,2905.3229909187403
1746384094,2000,GET,GET /pastes/:slug,1100.400000,0.000000,370,450,480,500,550,610,660,670,720,730,740,1350647,53,410.0,447.29929447466895,26.804099999935715,21022.02749999924,2909.914831188312
1746384094,2000,POST,POST /pastes,113.800000,0.000000,370,460,490,510,560,620,670,690,780,820,820,134752,2,420.0,454.4309859616136,32.33849999924132,19812.114199999996,2859.512504452624
1746384094,2000,,Aggregated,1214.200000,0.000000,370,450,480,500,550,610,660,670,720,780,820,1485399,55,410.0,447.9462652153625,26.804099999935715,21022.02749999924,2905.3424473828245
1746384095,2000,GET,GET /pastes/:slug,1090.300000,0.000000,350,450,480,500,550,610,660,670,720,730,740,1351359,53,410.0,447.1899675418063,26.804099999935715,21022.02749999924,2909.862153580211
1746384095,2000,POST,POST /pastes,109.400000,0.000000,360,460,490,510,560,620,670,680,780,820,820,134819,2,420.0,454.3291586119119,32.33849999924132,19812.114199999996,2859.549573873119
1746384095,2000,,Aggregated,1199.700000,0.000000,350,450,480,500,560,610,660,670,720,780,820,1486178,55,410.0,447.83760100219075,26.804099999935715,21022.02749999924,2905.29803563234
1746384096,2000,GET,GET /pastes/:slug,1090.400000,0.000000,360,460,500,530,620,660,680,700,720,900,940,1352603,53,410.0,447.3138084016745,26.804099999935715,21022.02749999924,2909.838776788163
1746384096,2000,POST,POST /pastes,109.500000,0.000000,370,480,510,540,630,670,690,710,820,1000,1000,134953,2,420.0,454.46557714981793,32.33849999924132,19812.114199999996,2859.62152008477
1746384096,2000,,Aggregated,1199.900000,0.000000,360,460,510,530,620,660,680,700,720,940,1000,1487556,55,410.0,447.9626260918153,26.804099999935715,21022.02749999924,2905.2830024550335
1746384097,2000,GET,GET /pastes/:slug,1101.700000,0.000000,340,460,510,540,620,660,680,700,720,900,940,1353941,53,410.0,447.1466413038914,26.804099999935715,21022.02749999924,2909.8286616625096
1746384097,2000,POST,POST /pastes,107.200000,0.000000,340,480,520,540,630,670,690,710,820,1000,1000,135087,2,420.0,454.2861616691422,32.33849999924132,19812.114199999996,2859.575621636427
1746384097,2000,,Aggregated,1208.900000,0.000000,340,460,510,540,620,660,680,700,720,940,1000,1489028,55,410.0,447.7943500021749,26.804099999935715,21022.02749999924,2905.2696255543883
1746384098,2000,GET,GET /pastes/:slug,1080.700000,0.000000,390,480,530,550,620,660,680,700,720,900,940,1354815,53,410.0,447.1141550883572,26.804099999935715,21022.02749999924,2909.8662319209634
1746384098,2000,POST,POST /pastes,106.400000,0.000000,380,490,540,550,630,670,690,710,820,1000,1000,135177,2,420.0,454.24828654356435,32.33849999924132,19812.114199999996,2859.7461624388766
1746384098,2000,,Aggregated,1187.100000,0.000000,390,480,530,550,620,660,680,700,720,940,1000,1489992,55,410.0,447.7613870786818,26.804099999935715,21022.02749999924,2905.3191735257637
1746384099,2000,GET,GET /pastes/:slug,1105.400000,0.000000,380,480,530,550,620,660,680,700,720,900,940,1356079,53,410.0,447.1219724143154,26.804099999935715,21022.02749999924,2909.8514673555155
1746384099,2000,POST,POST /pastes,108.800000,0.000000,400,490,540,550,630,670,690,710,820,1000,1000,135321,2,420.0,454.2570483406078,32.33849999924132,19812.114199999996,2859.7723487115823
1746384099,2000,,Aggregated,1214.200000,0.000000,380,480,530,550,620,660,680,700,720,940,1000,1491400,55,410.0,447.7693678879844,26.804099999935715,21022.02749999924,2905.307578114523
1746384100,2000,GET,GET /pastes/:slug,1080.000000,0.000000,350,460,510,540,580,640,670,690,720,900,940,1357100,53,410.0,447.0095503500356,26.804099999935715,21022.02749999924,2909.8615216269986
1746384100,2000,POST,POST /pastes,106.400000,0.000000,370,470,520,540,600,650,690,690,720,1000,1000,135422,2,420.0,454.1458312127972,32.33849999924132,19812.114199999996,2859.775959592976
1746384100,2000,,Aggregated,1186.400000,0.000000,350,460,510,540,580,640,670,690,720,940,1000,1492522,55,410.0,447.6570513094885,26.804099999935715,21022.02749999924,2905.3170747231866
1746384101,2000,GET,GET /pastes/:slug,1078.600000,0.000000,420,490,530,550,600,650,670,690,720,900,940,1358303,53,410.0,447.0602899795078,26.804099999935715,21022.02749999924,2909.8778998500334
1746384101,2000,POST,POST /pastes,107.800000,0.000000,420,490,540,550,610,650,690,690,720,1000,1000,135533,2,420.0,454.17852638692733,32.33849999924132,19812.114199999996,2859.7292762648212
1746384101,2000,,Aggregated,1186.400000,0.000000,420,490,530,550,610,650,680,690,720,940,1000,1493836,55,410.0,447.706114511126,26.804099999935715,21022.02749999924,2905.3280072243538
1746384102,2000,GET,GET /pastes/:slug,1115.600000,0.000000,410,470,530,540,600,650,670,690,720,900,940,1359413,53,410.0,446.9691278328478,26.804099999935715,21022.02749999924,2909.895652020394
1746384102,2000,POST,POST /pastes,112.700000,0.000000,420,480,520,550,610,650,690,690,720,1000,1000,135644,2,420.0,454.08602584190527,32.33849999924132,19812.114199999996,2859.65935094807
1746384102,2000,,Aggregated,1228.300000,0.000000,410,470,530,550,600,650,670,690,720,940,1000,1495057,55,410.0,447.6148319856311,26.804099999935715,21022.02749999924,2905.3377971542222
1746384103,2000,GET,GET /pastes/:slug,1066.900000,0.000000,380,440,480,530,590,640,670,690,720,900,940,1360521,53,410.0,446.89918191077925,26.804099999935715,21022.02749999924,2909.9021977610046
1746384103,2000,POST,POST /pastes,108.100000,0.000000,380,440,480,520,600,640,690,690,720,1000,1000,135766,2,420.0,453.9988807146074,32.33849999924132,19812.114199999996,2859.838317399054
1746384103,2000,,Aggregated,1175.000000,0.000000,380,440,480,530,590,640,680,690,720,940,1000,1496287,55,410.0,447.54337497521675,26.804099999935715,21022.02749999924,2905.359638224485
1746384104,2000,GET,GET /pastes/:slug,1089.200000,0.000000,390,450,490,520,580,640,670,690,720,900,940,1361772,53,410.0,446.83284680154406,26.804099999935715,21022.02749999924,2909.9756302817214
1746384104,2000,POST,POST /pastes,109.700000,0.000000,400,440,490,530,590,640,690,690,720,1000,1000,135885,2,420.0,453.93468692496873,32.33849999924132,19812.114199999996,2859.820016926077
1746384104,2000,,Aggregated,1198.900000,0.000000,390,450,490,520,580,640,670,690,720,940,1000,1497657,55,410.0,447.47720899207195,26.804099999935715,21022.02749999924,2905.424925066287
1746384105,2000,GET,GET /pastes/:slug,1105.600000,0.000000,380,440,460,490,550,580,620,660,700,730,740,1362838,53,410.0,446.7722726340423,26.804099999935715,21022.02749999924,2909.9460486132616
1746384105,2000,POST,POST /pastes,112.800000,0.000000,380,430,460,480,550,590,620,630,700,1000,1000,135997,2,420.0,453.85250119855124,32.33849999924132,19812.114199999996,2859.975403869203
1746384105,2000,,Aggregated,1218.400000,0.000000,380,430,460,490,550,580,620,660,700,740,1000,1498835,55,410.0,447.41469814725446,26.804099999935715,21022.02749999924,2905.4119552852717
1746384107,2000,GET,GET /pastes/:slug,1074.600000,0.000000,380,430,450,470,530,570,620,660,690,740,740,1364045,53,410.0,446.69706489099195,26.804099999935715,21022.02749999924,2909.9718257095624
1746384107,2000,POST,POST /pastes,110.000000,0.000000,380,430,450,460,530,570,610,630,690,690,690,136114,2,420.0,453.7763342382069,32.33849999924132,19812.114199999996,2859.846819577707
1746384107,2000,,Aggregated,1184.600000,0.000000,380,430,450,460,530,570,620,650,690,730,740,1500159,55,410.0,447.3393885833041,26.804099999935715,21022.02749999924,2905.423831073906
1746384108,2000,GET,GET /pastes/:slug,1094.000000,0.000000,370,410,430,450,480,530,610,650,690,730,740,1365254,53,410.0,446.5900103843203,26.804099999935715,21022.02749999924,2909.957875237868
1746384108,2000,POST,POST /pastes,111.700000,0.000000,370,410,430,440,480,520,610,620,640,650,650,136232,2,420.0,453.6624481714963,32.33849999924132,19812.114199999996,2859.7601297786127
1746384108,2000,,Aggregated,1205.700000,0.000000,370,410,430,450,480,530,610,650,690,730,740,1501486,55,410.0,447.23170291067817,26.804099999935715,21022.02749999924,2905.4033610702995
1746384109,2000,GET,GET /pastes/:slug,1071.100000,0.000000,360,410,430,440,480,530,610,660,690,740,740,1366427,53,410.0,446.515338636851,26.804099999935715,21022.02749999924,2909.938770969836
1746384109,2000,POST,POST /pastes,108.700000,0.000000,350,400,430,440,470,520,610,620,650,650,650,136339,2,420.0,453.5899900351278,32.33849999924132,19812.114199999996,2859.6353501199214
1746384109,2000,,Aggregated,1179.800000,0.000000,360,410,430,440,470,530,610,650,690,730,740,1502766,55,410.0,447.1571889961209,26.804099999935715,21022.02749999924,2905.3749745469354
1746384110,2000,GET,GET /pastes/:slug,1091.600000,0.000000,350,400,430,440,470,530,610,650,690,730,740,1367614,53,410.0,446.43873818748233,26.804099999935715,21022.02749999924,2909.963595722185
1746384110,2000,POST,POST /pastes,110.500000,0.000000,350,400,430,440,470,510,610,620,640,650,650,136474,2,420.0,453.49224157494723,32.33849999924132,19812.114199999996,2859.6277312894763
1746384110,2000,,Aggregated,1202.100000,0.000000,350,400,430,440,470,530,610,650,690,730,740,1504088,55,410.0,447.07874051534463,26.804099999935715,21022.02749999924,2905.3963518092028
1746384111,2000,GET,GET /pastes/:slug,1108.400000,0.000000,340,380,410,430,450,470,490,510,540,540,540,1368744,53,410.0,446.342155054878,26.804099999935715,21022.02749999924,2909.989195934375
1746384111,2000,POST,POST /pastes,110.800000,0.000000,340,380,410,420,450,470,490,510,530,540,540,136572,2,420.0,453.402230426437,32.33849999924132,19812.114199999996,2859.606881351961
1746384111,2000,,Aggregated,1219.200000,0.000000,340,380,410,430,450,470,490,510,540,540,540,1505316,55,410.0,446.9826907388495,26.804099999935715,21022.02749999924,2905.418186613309
1746384112,2000,GET,GET /pastes/:slug,1089.100000,0.000000,340,380,410,420,450,470,490,510,540,540,540,1369848,53,410.0,446.24814420690126,26.804099999935715,21022.02749999924,2910.0029784326434
1746384112,2000,POST,POST /pastes,108.000000,0.000000,340,380,410,420,450,470,490,510,540,540,540,136675,2,420.0,453.3122431300485,32.33849999924132,19812.114199999996,2859.6401536491676
1746384112,2000,,Aggregated,1197.100000,0.000000,340,380,410,420,450,470,490,510,540,540,540,1506523,55,410.0,446.88901442284197,26.804099999935715,21022.02749999924,2905.433954874901
1746384113,2000,GET,GET /pastes/:slug,1123.000000,0.000000,340,390,420,440,470,490,530,610,890,890,890,1370533,53,410.0,446.2871128227019,26.804099999935715,21022.02749999924,2910.0189320505233
1746384113,2000,POST,POST /pastes,110.900000,0.000000,340,380,420,440,470,490,530,610,880,880,880,136744,2,420.0,453.34059481073666,32.33849999924132,19812.114199999996,2859.7761437430527
1746384113,2000,,Aggregated,1233.900000,0.000000,340,390,420,440,470,490,530,610,890,890,890,1507277,55,410.0,446.9270226342231,26.804099999935715,21022.02749999924,2905.460778609373
1746384114,2000,GET,GET /pastes/:slug,1112.400000,0.000000,350,410,440,450,500,1200,1300,1500,1500,1500,1500,1371159,53,410.0,446.6706805971709,26.804099999935715,21022.02749999924,2910.0368214043738
1746384114,2000,POST,POST /pastes,110.200000,0.000000,340,400,430,450,490,1200,1300,1300,1500,1500,1500,136801,2,420.0,453.66916708868644,32.33849999924132,19812.114199999996,2859.7825015899007
1746384114,2000,,Aggregated,1222.600000,0.000000,350,400,440,450,500,1200,1300,1500,1500,1500,1500,1507960,55,410.0,447.30557804175453,26.804099999935715,21022.02749999924,2905.47778720921
1746384115,2000,GET,GET /pastes/:slug,1074.900000,0.000000,370,440,470,630,1300,1400,1500,1500,1500,1500,1500,1372804,53,410.0,447.3509074816474,26.804099999935715,21022.02749999924,2910.053915198382
1746384115,2000,POST,POST /pastes,105.900000,0.000000,370,440,470,600,1300,1400,1500,1500,1500,1500,1500,136976,2,420.0,454.3208034998789,32.33849999924132,19812.114199999996,2859.4610369699803
1746384115,2000,,Aggregated,1180.800000,0.000000,370,440,470,620,1300,1400,1500,1500,1500,1500,1500,1509780,55,410.0,447.9832568815613,26.804099999935715,21022.02749999924,2905.463835790645
1746384116,2000,GET,GET /pastes/:slug,1016.700000,0.000000,350,430,470,630,1300,1400,1500,1500,1500,1500,1500,1373864,53,410.0,447.13374798447035,26.804099999935715,21022.02749999924,2910.0562333680773
1746384116,2000,POST,POST /pastes,100.000000,0.000000,350,420,470,600,1300,1400,1500,1500,1500,1500,1500,137083,2,420.0,454.0964123895696,32.33849999924132,19812.114199999996,2859.364596631238
1746384116,2000,,Aggregated,1116.700000,0.000000,350,430,470,630,1300,1400,1500,1500,1500,1500,1500,1510947,55,410.0,447.76544646539213,26.804099999935715,21022.02749999924,2905.4571563396994
1746384117,2000,GET,GET /pastes/:slug,976.900000,0.000000,360,440,500,730,1300,1400,1500,1500,1500,1500,1500,1374505,53,410.0,447.1214030561079,26.804099999935715,21022.02749999924,2910.0620943539675
1746384117,2000,POST,POST /pastes,96.100000,0.000000,360,440,490,700,1300,1400,1500,1500,1500,1500,1500,137156,2,420.0,454.0838200530738,32.33849999924132,19812.114199999996,2859.4119980168566
1746384117,2000,,Aggregated,1073.000000,0.000000,360,440,500,730,1300,1400,1500,1500,1500,1500,1500,1511661,55,410.0,447.7531169560133,26.804099999935715,21022.02749999924,2905.4665106793123
1746384118,2000,GET,GET /pastes/:slug,1019.100000,0.000000,410,510,680,740,1300,1400,1500,1500,1500,1500,1500,1375785,53,410.0,447.2583759563714,26.804099999935715,21022.02749999924,2910.076470524101
1746384118,2000,POST,POST /pastes,100.100000,0.000000,410,510,670,730,1300,1400,1500,1500,1500,1500,1500,137304,2,420.0,454.22745483525165,32.33849999924132,19812.114199999996,2859.5433854803937
1746384118,2000,,Aggregated,1119.200000,0.000000,410,510,680,730,1300,1400,1500,1500,1500,1500,1500,1513089,55,410.0,447.8907792098446,26.804099999935715,21022.02749999924,2905.490887845989
1746384119,2000,GET,GET /pastes/:slug,1011.300000,0.000000,410,510,680,730,1300,1400,1500,1500,1500,1500,1500,1376922,53,410.0,447.11288162069974,26.804099999935715,21022.02749999924,2910.0610695449705
1746384119,2000,POST,POST /pastes,99.500000,0.000000,410,520,680,730,1300,1400,1500,1500,1500,1500,1500,137415,2,420.0,454.0853684372113,32.33849999924132,19812.114199999996,2859.5276789287923
1746384119,2000,,Aggregated,1110.800000,0.000000,410,510,680,730,1300,1400,1500,1500,1500,1500,1500,1514337,55,410.0,447.7455837708156,26.804099999935715,21022.02749999924,2905.475534177663
1746384120,2000,GET,GET /pastes/:slug,977.500000,0.000000,440,570,690,740,1300,1400,1500,1500,1500,1500,1500,1377953,53,410.0,447.11778214636786,26.804099999935715,21022.02749999924,2910.0891830127734
1746384120,2000,POST,POST /pastes,97.400000,0.000000,440,560,680,730,1300,1400,1500,1500,1500,1500,1500,137506,2,420.0,454.0772892266477,32.33849999924132,19812.114199999996,2859.660611173331
1746384120,2000,,Aggregated,1074.900000,0.000000,440,570,690,740,1300,1400,1500,1500,1500,1500,1500,1515459,55,410.0,447.74925682208686,26.804099999935715,21022.02749999924,2905.513519006453
1746384121,2000,GET,GET /pastes/:slug,989.400000,0.000000,510,610,690,740,1300,1400,1500,1500,1500,1500,1500,1379242,53,410.0,447.21824042135574,26.804099999935715,21022.02749999924,2910.0929271295395
1746384121,2000,POST,POST /pastes,101.500000,0.000000,500,600,680,730,1300,1400,1500,1500,1500,1500,1500,137644,2,420.0,454.17287276161255,32.33849999924132,19812.114199999996,2859.832277469414
1746384121,2000,,Aggregated,1090.900000,0.000000,510,610,690,740,1300,1400,1500,1500,1500,1500,1500,1516886,55,410.0,447.8493118491703,26.804099999935715,21022.02749999924,2905.532217318902
1746384122,2000,GET,GET /pastes/:slug,983.900000,0.000000,480,610,680,730,1300,1400,1500,1500,1500,1500,1500,1380135,53,410.0,447.0399043939411,26.804099999935715,21022.02749999924,2910.099541711499
1746384122,2000,POST,POST /pastes,99.100000,0.000000,470,600,680,720,1300,1400,1500,1500,1500,1500,1500,137730,2,420.0,453.99546552747705,32.33849999924132,19812.114199999996,2859.9256806795906
1746384122,2000,,Aggregated,1083.000000,0.000000,480,610,680,730,1300,1400,1500,1500,1500,1500,1500,1517865,55,410.0,447.67104710750993,26.804099999935715,21022.02749999924,2905.546800934207
1746384123,2000,GET,GET /pastes/:slug,952.800000,0.000000,460,590,670,710,1300,1400,1500,1500,1500,1500,1500,1381178,53,410.0,447.1330188863648,26.804099999935715,21022.02749999924,2910.124532102307
1746384123,2000,POST,POST /pastes,97.500000,0.000000,450,590,670,710,1300,1400,1500,1500,1500,1500,1500,137857,2,420.0,454.090904730985,32.33849999924132,19812.114199999996,2859.989503616066
1746384123,2000,,Aggregated,1050.300000,0.000000,460,590,670,710,1300,1400,1500,1500,1500,1500,1500,1519035,55,410.0,447.7644679766699,26.804099999935715,21022.02749999924,2905.5746273127347
1746384124,2000,GET,GET /pastes/:slug,977.600000,0.000000,470,580,630,670,830,1200,1400,1500,1500,1500,1600,1382113,53,410.0,447.2723225401473,26.804099999935715,21022.02749999924,2910.0270252866444
1746384124,2000,POST,POST /pastes,100.100000,0.000000,450,570,620,670,750,1100,1400,1400,1500,1500,1500,137925,2,420.0,454.164490225843,32.33849999924132,19812.114199999996,2859.962740619902
1746384124,2000,,Aggregated,1077.700000,0.000000,460,580,630,670,820,1200,1400,1500,1500,1500,1600,1520038,55,410.0,447.8977031083036,26.804099999935715,21022.02749999924,2905.484299076734
1746384125,2000,GET,GET /pastes/:slug,980.600000,0.000000,460,560,600,630,700,880,1000,1100,1800,2200,2300,1383060,53,410.0,447.3859869287149,26.804099999935715,21022.02749999924,2909.971372897777
1746384125,2000,POST,POST /pastes,99.900000,0.000000,460,560,600,620,710,790,970,1200,1500,2000,2000,138034,2,420.0,454.31432556905787,32.33849999924132,19812.114199999996,2859.9318211455147
1746384125,2000,,Aggregated,1080.500000,0.000000,460,560,600,630,700,850,1000,1100,1800,2200,2300,1521094,55,410.0,448.01470960850384,26.804099999935715,21022.02749999924,2905.430457289293
1746384127,2000,GET,GET /pastes/:slug,1058.200000,0.000000,480,560,600,620,690,950,1100,1400,1900,2300,2300,1383918,53,410.0,447.49257546345183,26.804099999935715,21022.02749999924,2909.9240778716658
1746384127,2000,POST,POST /pastes,108.500000,0.000000,480,560,600,620,710,850,1100,1200,2000,2000,2000,138105,2,420.0,454.3798567995317,32.33849999924132,19812.114199999996,2859.911357300605
1746384127,2000,,Aggregated,1166.700000,0.000000,480,560,600,620,700,950,1100,1400,1900,2300,2300,1522023,55,410.0,448.11751213584705,26.804099999935715,21022.02749999924,2905.3860342452117
1746384128,2000,GET,GET /pastes/:slug,1003.800000,0.000000,510,590,630,650,880,1100,1500,1700,2400,2900,2900,1385027,53,410.0,447.7738779120041,26.804099999935715,21022.02749999924,2909.9578968496644
1746384128,2000,POST,POST /pastes,103.900000,0.000000,510,590,620,660,770,960,1300,1500,2000,2000,2000,138213,2,420.0,454.5961426718131,32.33849999924132,19812.114199999996,2859.96412783168
1746384128,2000,,Aggregated,1107.700000,0.000000,510,590,630,650,850,1100,1400,1700,2400,2900,2900,1523240,55,410.0,448.39290425011046,26.804099999935715,21022.02749999924,2905.421652530133
1746384129,2000,GET,GET /pastes/:slug,1003.800000,0.000000,540,610,650,670,910,1100,1500,1700,2500,3600,3600,1386187,53,410.0,447.8991284613326,26.804099999935715,21022.02749999924,2909.8735185079645
1746384129,2000,POST,POST /pastes,103.900000,0.000000,530,600,650,670,830,1100,1300,1600,2800,2800,2800,138319,2,420.0,454.7364966555518,32.33849999924132,19812.114199999996,2859.8792429095065
1746384129,2000,,Aggregated,1107.700000,0.000000,540,610,650,670,900,1100,1500,1700,2500,3600,3600,1524506,55,410.0,448.51948543681544,26.804099999935715,21022.02749999924,2905.3375191701443
1746384130,2000,GET,GET /pastes/:slug,984.900000,0.000000,530,610,640,670,910,1100,1500,1700,2500,3600,3600,1387083,53,410.0,447.960067656752,26.804099999935715,21022.02749999924,2909.8651573121438
1746384130,2000,POST,POST /pastes,100.700000,0.000000,520,600,640,670,830,1100,1300,1600,2800,2800,2800,138422,2,420.0,454.81015100706037,32.33849999924132,19812.114199999996,2859.968155351028
1746384130,2000,,Aggregated,1085.600000,0.000000,530,610,640,670,900,1100,1500,1700,2500,3600,3600,1525505,55,410.0,448.58163378569003,26.804099999935715,21022.02749999924,2905.337579358966
1746384131,2000,GET,GET /pastes/:slug,998.700000,0.000000,510,600,640,670,920,1100,1500,1800,2500,5800,5800,1388361,53,410.0,447.94685652710814,26.804099999935715,21022.02749999924,2909.8620330015033
1746384131,2000,POST,POST /pastes,97.200000,0.000000,510,600,640,670,840,1100,1300,1600,2800,2800,2800,138552,2,420.0,454.7989290208682,32.33849999924132,19812.114199999996,2859.8514420578554
1746384131,2000,,Aggregated,1095.900000,0.000000,510,600,640,670,910,1100,1500,1700,2500,5800,5800,1526913,55,410.0,448.5686132009753,26.804099999935715,21022.02749999924,2905.3240747835666
1746384132,2000,GET,GET /pastes/:slug,981.900000,0.000000,510,590,640,660,900,1100,1500,1700,2500,6400,6400,1389414,53,410.0,447.93626268270884,26.804099999935715,21022.02749999924,2909.834494254412
1746384132,2000,POST,POST /pastes,97.700000,0.000000,510,590,630,670,830,1000,1300,1500,2800,2800,2800,138644,2,420.0,454.7769553352422,32.33849999924132,19812.114199999996,2859.809389515594
1746384132,2000,,Aggregated,1079.600000,0.000000,510,590,640,660,900,1100,1500,1700,2500,5800,6400,1528058,55,410.0,448.55693348978997,26.804099999935715,21022.02749999924,2905.295608543655
1746384133,2000,GET,GET /pastes/:slug,1010.700000,0.000000,490,560,610,640,730,1100,1500,1700,2500,6400,6400,1390581,53,410.0,447.8848181390592,26.804099999935715,21022.02749999924,2909.837835408365
1746384133,2000,POST,POST /pastes,100.100000,0.000000,490,560,610,630,740,1100,1300,1600,2800,2800,2800,138757,2,420.0,454.7363691604702,32.33849999924132,19812.114199999996,2859.8682733123374
1746384133,2000,,Aggregated,1110.800000,0.000000,490,560,610,640,730,1100,1500,1700,2500,5800,6400,1529338,55,410.0,448.5064600946546,26.804099999935715,21022.02749999924,2905.3040917050384
1746384134,2000,GET,GET /pastes/:slug,950.700000,0.000000,460,510,570,610,700,990,1400,1700,2500,6400,6400,1391724,53,410.0,447.77786168639295,26.804099999935715,21022.02749999924,2909.822119184551
1746384134,2000,POST,POST /pastes,95.100000,0.000000,470,520,570,610,700,1000,1300,1500,2800,2800,2800,138875,2,420.0,454.6244095783935,32.33849999924132,19812.114199999996,2859.8696309630964
1746384134,2000,,Aggregated,1045.800000,0.000000,460,510,570,610,700,990,1400,1700,2500,5800,6400,1530599,55,410.0,448.3990657630389,26.804099999935715,21022.02749999924,2905.2898074544673
1746384135,2000,GET,GET /pastes/:slug,1003.200000,0.000000,450,500,540,600,670,890,1400,1700,2500,6400,6400,1392819,53,410.0,447.74078727784007,26.804099999935715,21022.02749999924,2909.8354179545227
1746384135,2000,POST,POST /pastes,98.700000,0.000000,450,500,540,580,670,860,1300,1500,2800,2800,2800,138980,2,420.0,454.5764896690125,32.33849999924132,19812.114199999996,2860.0348179594184
1746384135,2000,,Aggregated,1101.900000,0.000000,450,500,540,600,670,890,1400,1700,2500,5800,6400,1531799,55,410.0,448.36099000570056,26.804099999935715,21022.02749999924,2905.3170135246205
1746384136,2000,GET,GET /pastes/:slug,997.800000,0.000000,440,510,570,620,740,810,1300,1700,2500,6400,6400,1393559,53,410.0,447.85368066880096,26.804099999935715,21022.02749999924,2909.8116936563147
1746384136,2000,POST,POST /pastes,97.900000,0.000000,450,510,560,610,730,820,1200,1500,2800,2800,2800,139055,2,420.0,454.6764762460849,32.33849999924132,19812.114199999996,2859.9837474380643
1746384136,2000,,Aggregated,1095.700000,0.000000,440,510,570,620,740,810,1200,1700,2500,5800,6400,1532614,55,410.0,448.4727170595738,26.804099999935715,21022.02749999924,2905.2907738021445
1746384137,2000,GET,GET /pastes/:slug,1023.200000,0.000000,440,520,610,640,780,810,850,980,2400,6400,6400,1394656,53,410.0,448.075971495289,26.804099999935715,21022.02749999924,2909.762352149921
1746384137,2000,POST,POST /pastes,100.400000,0.000000,450,520,610,640,790,830,900,1000,2800,2800,2800,139170,2,420.0,454.9093164554095,32.33849999924132,19812.114199999996,2860.175044909104
1746384137,2000,,Aggregated,1123.600000,0.000000,440,520,610,640,780,810,860,990,2400,5800,6400,1533826,55,410.0,448.69598746718475,26.804099999935715,21022.02749999924,2905.263102855213
1746384138,2000,GET,GET /pastes/:slug,1008.600000,0.000000,440,520,590,620,750,800,840,850,920,6400,6400,1395677,53,410.0,448.12953891576103,26.804099999935715,21022.02749999924,2909.764229116049
1746384138,2000,POST,POST /pastes,98.500000,0.000000,450,540,600,620,760,810,850,860,1000,1000,1000,139273,2,420.0,454.9726579703127,32.33849999924132,19812.114199999996,2860.089457396624
1746384138,2000,,Aggregated,1107.100000,0.000000,440,520,590,620,750,800,840,850,930,5800,6400,1534950,55,410.0,448.75044625482326,26.804099999935715,21022.02749999924,2905.257010977556
1746384139,2000,GET,GET /pastes/:slug,1026.800000,0.000000,420,500,560,600,750,800,840,850,920,6400,6400,1396723,53,410.0,448.1063146411514,26.804099999935715,21022.02749999924,2909.7601106303828
1746384139,2000,POST,POST /pastes,101.600000,0.000000,420,510,560,610,760,810,850,860,940,940,940,139366,2,420.0,454.94260584647157,32.33849999924132,19812.114199999996,2859.9578735129085
1746384139,2000,,Aggregated,1128.400000,0.000000,420,500,560,600,750,800,840,850,920,5800,6400,1536089,55,410.0,448.72655641108105,26.804099999935715,21022.02749999924,2905.241662429716
1746384140,2000,GET,GET /pastes/:slug,1027.600000,0.000000,450,550,610,670,800,820,850,860,890,6400,6400,1397722,53,410.0,448.3065534786122,26.804099999935715,21022.02749999924,2909.782006006917
1746384140,2000,POST,POST /pastes,102.000000,0.000000,460,570,630,710,810,840,860,880,900,900,900,139491,2,420.0,455.2033814088316,32.33849999924132,19812.114199999996,2859.8390075345364
1746384140,2000,,Aggregated,1129.600000,0.000000,450,550,610,680,800,830,850,860,890,900,6400,1537213,55,410.0,448.93239090310914,26.804099999935715,21022.02749999924,2905.250038869044
1746384141,2000,GET,GET /pastes/:slug,1015.400000,0.000000,450,550,600,660,790,820,850,860,890,890,890,1399010,53,410.0,448.2602056143508,26.804099999935715,21022.02749999924,2909.722352949586
1746384141,2000,POST,POST /pastes,102.100000,0.000000,470,570,620,700,810,840,860,880,900,900,900,139612,2,420.0,455.1554878183775,32.33849999924132,19812.114199999996,2859.847470131507
1746384141,2000,,Aggregated,1117.500000,0.000000,450,550,610,660,790,820,850,860,890,890,900,1538622,55,410.0,448.88587204774234,26.804099999935715,21022.02749999924,2905.1967890748997
1746384142,2000,GET,GET /pastes/:slug,988.800000,0.000000,460,550,610,670,790,820,850,860,890,890,890,1399802,53,410.0,448.20831251414944,26.804099999935715,21022.02749999924,2909.724391021016
1746384142,2000,POST,POST /pastes,96.500000,0.000000,470,570,620,700,810,840,860,880,900,900,900,139707,2,420.0,455.1119714702861,32.33849999924132,19812.114199999996,2859.9070912695856
1746384142,2000,,Aggregated,1085.300000,0.000000,460,550,620,670,800,830,850,860,890,890,900,1539509,55,410.0,448.83480413049887,26.804099999935715,21022.02749999924,2905.203582440895
1746384143,2000,GET,GET /pastes/:slug,1007.700000,0.000000,510,590,690,760,800,830,850,860,890,890,890,1400970,53,410.0,448.3976107848358,26.804099999935715,21022.02749999924,2909.7266022827043
1746384143,2000,POST,POST /pastes,101.300000,0.000000,530,620,730,770,810,840,860,880,1000,1000,1000,139830,2,420.0,455.3105138689784,32.33849999924132,19812.114199999996,2859.9774440391902
1746384143,2000,,Aggregated,1109.000000,0.000000,520,600,690,760,800,830,850,860,890,900,1000,1540800,55,420.0,449.02496750749003,26.804099999935715,21022.02749999924,2905.211788681205
1746384144,2000,GET,GET /pastes/:slug,1030.300000,0.000000,500,590,690,760,800,830,850,860,890,890,890,1402114,53,410.0,448.3077523790745,26.804099999935715,21022.02749999924,2909.7532426036682
1746384144,2000,POST,POST /pastes,101.900000,0.000000,520,620,720,770,810,840,860,880,900,1000,1000,139952,2,420.0,455.21499447667225,32.33849999924132,19812.114199999996,2859.926846347319
1746384144,2000,,Aggregated,1132.200000,0.000000,510,590,690,760,800,830,850,860,890,900,1000,1542066,55,410.0,448.9346271989936,26.804099999935715,21022.02749999924,2905.2311898453113
1746384145,2000,GET,GET /pastes/:slug,974.700000,0.000000,500,590,670,750,800,830,850,860,890,890,890,1402998,53,410.0,448.26763956059307,26.804099999935715,21022.02749999924,2909.7338492285803
1746384145,2000,POST,POST /pastes,100.700000,0.000000,510,600,710,770,810,840,860,880,900,1000,1000,140032,2,420.0,455.1678376599581,32.33849999924132,19812.114199999996,2859.7467436014626
1746384145,2000,,Aggregated,1075.400000,0.000000,500,590,680,750,800,830,850,860,890,900,1000,1543030,55,420.0,448.8938416047922,26.804099999935715,21022.02749999924,2905.1974537112046
1746384146,2000,GET,GET /pastes/:slug,998.200000,0.000000,490,570,620,690,780,810,850,860,880,890,890,1404225,53,410.0,448.4022256791698,26.804099999935715,21022.02749999924,2909.7397632145844
1746384146,2000,POST,POST /pastes,103.100000,0.000000,500,580,650,710,800,830,860,870,890,1000,1000,140152,2,420.0,455.28586334407834,32.33849999924132,19812.114199999996,2859.6892730749473
1746384146,2000,,Aggregated,1101.300000,0.000000,490,570,620,690,790,820,850,860,880,890,1000,1544377,55,420.0,449.0269148489921,26.804099999935715,21022.02749999924,2905.1976881292585
1746384147,2000,GET,GET /pastes/:slug,998.400000,0.000000,460,530,580,620,760,800,850,860,880,890,890,1405410,53,410.0,448.2819344592898,26.804099999935715,21022.02749999924,2909.6711600173617
1746384147,2000,POST,POST /pastes,103.900000,0.000000,460,540,590,650,770,820,860,870,890,1000,1000,140269,2,420.0,455.1645194540437,32.33849999924132,19812.114199999996,2859.6575508487263
1746384147,2000,,Aggregated,1102.300000,0.000000,460,530,580,620,760,810,850,860,880,890,1000,1545679,55,420.0,448.9065229505872,26.804099999935715,21022.02749999924,2905.1324692901953
1746384148,2000,GET,GET /pastes/:slug,1002.100000,0.000000,450,520,580,620,760,810,850,860,880,890,890,1406238,53,410.0,448.25663555801503,26.804099999935715,21022.02749999924,2909.634500703295
1746384148,2000,POST,POST /pastes,102.900000,0.000000,450,520,590,660,770,820,860,870,890,1000,1000,140358,2,420.0,455.13580198563153,32.33849999924132,19812.114199999996,2859.623298992576
1746384148,2000,,Aggregated,1105.000000,0.000000,450,520,580,620,760,810,850,860,880,890,1000,1546596,55,420.0,448.8809395400881,26.804099999935715,21022.02749999924,2905.0958414479283
1746384149,2000,GET,GET /pastes/:slug,1030.700000,0.000000,460,520,580,620,750,800,850,860,880,890,890,1407414,53,410.0,448.3254013913679,26.804099999935715,21022.02749999924,2909.633376533131
1746384149,2000,POST,POST /pastes,105.800000,0.000000,460,530,590,640,770,820,860,870,890,1000,1000,140484,2,420.0,455.20412733050966,32.33849999924132,19812.114199999996,2859.7833276387346
1746384149,2000,,Aggregated,1136.500000,0.000000,460,520,580,620,750,800,850,860,880,890,1000,1547898,55,420.0,448.94970023718713,26.804099999935715,21022.02749999924,2905.109089875431
1746384150,2000,GET,GET /pastes/:slug,1025.300000,0.000000,430,480,530,570,670,750,800,810,880,890,890,1408581,53,410.0,448.20912808076474,26.804099999935715,21022.02749999924,2909.6812451680094
1746384150,2000,POST,POST /pastes,105.000000,0.000000,440,490,530,570,670,760,800,810,850,1000,1000,140575,2,420.0,455.11476736190144,32.33849999924132,19812.114199999996,2859.8553583496355
1746384150,2000,,Aggregated,1130.300000,0.000000,430,480,530,570,670,750,800,810,880,890,1000,1549156,55,420.0,448.8357662256368,26.804099999935715,21022.02749999924,2905.1598967437753
1746384151,2000,GET,GET /pastes/:slug,1008.400000,0.000000,440,500,560,590,690,750,800,820,880,890,890,1409470,53,410.0,448.2305572626116,26.804099999935715,21022.02749999924,2909.6630570356233
1746384151,2000,POST,POST /pastes,103.700000,0.000000,450,500,560,600,690,760,800,810,850,1000,1000,140672,2,420.0,455.12782202996533,32.33849999924132,19812.114199999996,2859.813786681074
1746384151,2000,,Aggregated,1112.100000,0.000000,450,500,560,590,690,750,800,810,880,890,1000,1550142,55,420.0,448.856468972226,26.804099999935715,21022.02749999924,2905.1393446535867
1746384152,2000,GET,GET /pastes/:slug,1074.900000,0.000000,460,540,590,620,680,740,800,810,880,890,890,1410684,53,420.0,448.35620056315497,26.804099999935715,21022.02749999924,2909.614955581831
1746384152,2000,POST,POST /pastes,112.300000,0.000000,460,530,590,630,680,750,800,810,850,1000,1000,140778,2,420.0,455.229234540193,32.33849999924132,19812.114199999996,2859.7782039807357
1746384152,2000,,Aggregated,1187.200000,0.000000,460,540,590,620,680,740,800,810,880,890,1000,1551462,55,420.0,448.979852304049,26.804099999935715,21022.02749999924,2905.0928221251957
1746384153,2000,GET,GET /pastes/:slug,1043.300000,0.000000,420,490,540,580,650,680,710,730,770,780,780,1411943,53,410.0,448.1743169892393,26.804099999935715,21022.02749999924,2909.635915189211
1746384153,2000,POST,POST /pastes,104.900000,0.000000,430,480,550,580,650,670,700,730,750,780,780,140890,2,420.0,455.0486906622134,32.33849999924132,19812.114199999996,2859.951167577543
1746384153,2000,,Aggregated,1148.200000,0.000000,420,490,540,580,650,680,710,730,770,780,780,1552833,55,420.0,448.79803538445424,26.804099999935715,21022.02749999924,2905.1279712628466
1746384154,2000,GET,GET /pastes/:slug,1026.500000,0.000000,440,520,580,620,670,700,720,740,770,780,780,1412725,53,410.0,448.23486070058675,26.804099999935715,21022.02749999924,2909.6309175529564
1746384154,2000,POST,POST /pastes,104.700000,0.000000,450,520,580,620,670,700,720,730,780,780,780,140969,2,420.0,455.1060044108935,32.33849999924132,19812.114199999996,2859.9128177116954
1746384154,2000,,Aggregated,1131.200000,0.000000,440,520,580,620,670,700,720,730,770,780,780,1553694,55,420.0,448.8582899329258,26.804099999935715,21022.02749999924,2905.1199193663615
1746384155,2000,GET,GET /pastes/:slug,1075.100000,0.000000,470,560,620,650,690,740,780,810,830,860,860,1413848,53,420.0,448.4189976318089,26.804099999935715,21022.02749999924,2909.642993447669
1746384155,2000,POST,POST /pastes,105.900000,0.000000,470,560,620,650,700,750,800,820,830,860,860,141091,2,420.0,455.31408390116457,32.33849999924132,19812.114199999996,2859.8765761104537
1746384155,2000,,Aggregated,1181.000000,0.000000,470,560,620,650,700,740,780,810,830,860,860,1554939,55,420.0,449.04463929160426,26.804099999935715,21022.02749999924,2905.1273220364274
1746384157,2000,GET,GET /pastes/:slug,1032.500000,0.000000,440,550,610,640,690,740,790,810,830,860,860,1415077,53,410.0,448.28560969165557,26.804099999935715,21022.02749999924,2909.6714701744145
1746384157,2000,POST,POST /pastes,98.700000,0.000000,450,560,620,640,700,750,810,820,860,860,860,141220,2,420.0,455.16501903695826,32.33849999924132,19812.114199999996,2859.7694306755416
1746384157,2000,,Aggregated,1131.200000,0.000000,440,550,610,640,690,740,790,820,830,860,860,1556297,55,420.0,448.90985441342383,26.804099999935715,21022.02749999924,2905.143307479228
1746384158,2000,GET,GET /pastes/:slug,1065.200000,0.000000,420,530,590,630,680,740,790,810,830,860,860,1416243,53,410.0,448.20844201400354,26.804099999935715,21022.02749999924,2909.6425754619795
1746384158,2000,POST,POST /pastes,103.900000,0.000000,440,540,600,640,700,750,810,820,860,860,860,141340,2,420.0,455.08469099971137,32.33849999924132,19812.114199999996,2859.7391325880853
1746384158,2000,,Aggregated,1169.100000,0.000000,420,530,590,630,690,740,790,820,830,860,860,1557583,55,420.0,448.83241456098824,26.804099999935715,21022.02749999924,2905.1141794690875
1746384159,2000,GET,GET /pastes/:slug,1052.400000,0.000000,380,510,580,620,690,740,790,810,830,860,860,1417446,53,410.0,448.1730860245365,26.804099999935715,21022.02749999924,2909.646352665287
1746384159,2000,POST,POST /pastes,104.000000,0.000000,400,520,590,630,700,750,810,820,860,860,860,141455,2,420.0,455.0394367996835,32.33849999924132,19812.114199999996,2859.829415715245
1746384159,2000,,Aggregated,1156.400000,0.000000,390,510,580,620,690,740,790,820,830,860,860,1558901,55,420.0,448.79614011771406,26.804099999935715,21022.02749999924,2905.125953476199
1746384160,2000,GET,GET /pastes/:slug,1066.800000,0.000000,410,520,580,630,690,740,790,810,830,860,860,1418301,53,410.0,448.14186651587715,26.804099999935715,21022.02749999924,2909.6561322314515
1746384160,2000,POST,POST /pastes,105.400000,0.000000,420,510,580,630,700,750,810,820,860,860,860,141564,2,420.0,455.001552118471,32.33849999924132,19812.114199999996,2859.851515922127
1746384160,2000,,Aggregated,1172.200000,0.000000,410,520,580,630,690,740,790,820,830,860,860,1559865,55,420.0,448.76441047490965,26.804099999935715,21022.02749999924,2905.1361637064747
1746384161,2000,GET,GET /pastes/:slug,1092.300000,0.000000,390,500,550,580,680,740,790,810,830,860,860,1419588,53,410.0,448.0786424172615,26.804099999935715,21022.02749999924,2909.673713781745
1746384161,2000,POST,POST /pastes,106.800000,0.000000,400,480,540,580,680,750,800,820,830,860,860,141694,2,420.0,454.9219233291403,32.33849999924132,19812.114199999996,2860.0322031984415
1746384161,2000,,Aggregated,1199.100000,0.000000,390,500,550,580,680,740,790,820,830,860,860,1561282,55,410.0,448.6997037281187,26.804099999935715,21022.02749999924,2905.168503191608
1746384162,2000,GET,GET /pastes/:slug,1057.500000,0.000000,360,440,510,540,670,740,790,810,830,860,860,1420513,53,410.0,448.0291567175633,26.804099999935715,21022.02749999924,2909.6794277841877
1746384162,2000,POST,POST /pastes,105.300000,0.000000,370,450,510,540,680,750,810,820,860,860,860,141777,2,420.0,454.87367950654334,32.33849999924132,19812.114199999996,2859.7896767458756
1746384162,2000,,Aggregated,1162.800000,0.000000,370,440,510,540,670,740,790,820,830,860,860,1562290,55,410.0,448.6502935791338,26.804099999935715,21022.02749999924,2905.1519589832874
1746384163,2000,GET,GET /pastes/:slug,1074.200000,0.000000,380,450,510,530,670,740,790,810,830,860,860,1421942,53,410.0,447.97326020142617,26.804099999935715,21022.02749999924,2909.6515279807472
1746384163,2000,POST,POST /pastes,109.000000,0.000000,390,460,510,540,680,750,800,820,830,860,860,141915,2,420.0,454.8189585744929,32.33849999924132,19812.114199999996,2859.495712222105
1746384163,2000,,Aggregated,1183.200000,0.000000,380,450,510,530,670,740,790,820,830,860,860,1563857,55,410.0,448.59448534197566,26.804099999935715,21022.02749999924,2905.100048789627
1746384164,2000,GET,GET /pastes/:slug,1067.900000,0.000000,360,430,470,510,580,730,790,810,830,860,860,1422946,53,410.0,447.7991155492457,26.804099999935715,21022.02749999924,2909.664579681871
1746384164,2000,POST,POST /pastes,107.200000,0.000000,370,440,470,510,600,750,800,820,830,860,860,141999,2,420.0,454.67207050682873,32.33849999924132,19812.114199999996,2859.5243276361102
1746384164,2000,,Aggregated,1175.100000,0.000000,360,430,470,510,580,740,790,810,830,860,860,1564945,55,410.0,448.4227494348022,26.804099999935715,21022.02749999924,2905.1149848716727
1746384165,2000,GET,GET /pastes/:slug,1074.100000,0.000000,360,410,440,460,530,560,590,600,610,620,620,1424141,53,410.0,447.80567425643693,26.804099999935715,21022.02749999924,2909.7308805799425
1746384165,2000,POST,POST /pastes,108.500000,0.000000,360,420,440,460,520,570,600,610,620,620,620,142117,2,420.0,454.67980163948823,32.33849999924132,19812.114199999996,2859.4330375676377
1746384165,2000,,Aggregated,1182.600000,0.000000,360,410,440,460,530,570,590,600,620,620,620,1566258,55,410.0,448.42940952949397,26.804099999935715,21022.02749999924,2905.167022929811
1746384166,2000,GET,GET /pastes/:slug,1069.500000,0.000000,360,410,440,470,530,560,590,600,610,620,620,1425288,53,410.0,447.72827065121993,26.804099999935715,21022.02749999924,2909.728902509528
1746384166,2000,POST,POST /pastes,108.400000,0.000000,370,420,440,460,530,570,600,610,620,620,620,142195,2,420.0,454.62211781145027,32.33849999924132,19812.114199999996,2859.5079292520836
1746384166,2000,,Aggregated,1177.900000,0.000000,360,410,440,470,530,570,590,600,620,620,620,1567483,55,410.0,448.3536494253183,26.804099999935715,21022.02749999924,2905.1730819409204
1746384167,2000,GET,GET /pastes/:slug,1092.300000,0.000000,370,420,450,470,530,570,590,600,610,620,620,1426326,53,410.0,447.69427978676435,26.804099999935715,21022.02749999924,2909.7153056173693
1746384167,2000,POST,POST /pastes,109.600000,0.000000,380,420,450,470,530,570,600,610,620,620,620,142320,2,420.0,454.5864385202304,32.33849999924132,19812.114199999996,2859.5210652051715
1746384167,2000,,Aggregated,1201.900000,0.000000,370,420,450,470,530,570,590,600,620,620,620,1568646,55,410.0,448.31959106219415,26.804099999935715,21022.02749999924,2905.1612862302904
1746384168,2000,GET,GET /pastes/:slug,1108.300000,0.000000,380,420,450,470,530,570,590,600,610,620,620,1427584,53,410.0,447.6732871868397,26.804099999935715,21022.02749999924,2909.7253275464
1746384168,2000,POST,POST /pastes,107.400000,0.000000,390,430,450,470,530,570,590,600,620,620,620,142440,2,420.0,454.5636101172366,32.33849999924132,19812.114199999996,2859.534288121314
1746384168,2000,,Aggregated,1215.700000,0.000000,380,420,450,470,530,570,590,600,620,620,620,1570024,55,410.0,448.2984098589876,26.804099999935715,21022.02749999924,2905.1717591578217
1746384169,2000,GET,GET /pastes/:slug,1082.500000,0.000000,360,410,440,470,530,570,590,600,610,620,620,1428824,53,410.0,447.4631461087833,26.804099999935715,21022.02749999924,2909.739143519426
1746384169,2000,POST,POST /pastes,104.800000,0.000000,380,420,450,470,530,570,590,600,620,620,620,142547,2,420.0,454.3894288683676,32.33849999924132,19812.114199999996,2859.441987554982
1746384169,2000,,Aggregated,1187.300000,0.000000,360,410,440,470,530,570,590,600,620,620,620,1571371,55,410.0,448.0914642007808,26.804099999935715,21022.02749999924,2905.1764344639173
1746384170,2000,GET,GET /pastes/:slug,1087.900000,0.000000,360,410,440,470,520,570,600,610,650,660,660,1429711,53,410.0,447.42639002570183,26.804099999935715,21022.02749999924,2909.7601606198737
1746384170,2000,POST,POST /pastes,106.000000,0.000000,380,420,450,470,530,570,600,600,620,620,620,142641,2,420.0,454.34018483394823,32.33849999924132,19812.114199999996,2859.443526054921
1746384170,2000,,Aggregated,1193.900000,0.000000,360,410,440,470,520,570,600,610,650,660,660,1572352,55,410.0,448.0535972956086,26.804099999935715,21022.02749999924,2905.1955242846384
1746384171,2000,GET,GET /pastes/:slug,1107.900000,0.000000,380,430,470,490,550,580,600,610,650,660,660,1431134,53,410.0,447.44652981260737,26.804099999935715,21022.02749999924,2909.8056918499597
1746384171,2000,POST,POST /pastes,106.600000,0.000000,400,440,470,490,540,580,600,610,650,650,650,142789,2,420.0,454.3534281170066,32.33849999924132,19812.114199999996,2859.639411999524
1746384171,2000,,Aggregated,1214.500000,0.000000,380,430,470,490,550,580,600,610,650,660,660,1573923,55,410.0,448.0731354991599,26.804099999935715,21022.02749999924,2905.2545207103526
1746384172,2000,GET,GET /pastes/:slug,1098.200000,0.000000,350,410,450,470,550,580,600,610,650,660,660,1432180,53,410.0,447.24447077723323,26.804099999935715,21022.02749999924,2909.8001382507787
1746384172,2000,POST,POST /pastes,103.000000,0.000000,380,420,460,480,540,590,600,610,650,650,650,142872,2,420.0,454.1936863087186,32.33849999924132,19812.114199999996,2859.5184080855593
1746384172,2000,,Aggregated,1201.200000,0.000000,350,410,450,470,550,580,600,610,650,660,660,1575052,55,410.0,447.8748298519956,26.804099999935715,21022.02749999924,2905.2391133753044
1746384173,2000,GET,GET /pastes/:slug,1090.300000,0.000000,370,430,470,500,550,580,600,610,650,660,660,1433235,53,410.0,447.24478053838953,26.804099999935715,21022.02749999924,2909.7586969338595
1746384173,2000,POST,POST /pastes,103.900000,0.000000,400,450,470,500,550,590,600,610,650,650,650,142985,2,420.0,454.1846098234027,32.33849999924132,19812.114199999996,2859.5996573067105
1746384173,2000,,Aggregated,1194.200000,0.000000,380,430,470,500,550,580,600,610,650,660,660,1576220,55,410.0,447.8743192387777,26.804099999935715,21022.02749999924,2905.2085768484094
1746384174,2000,GET,GET /pastes/:slug,1145.100000,0.000000,370,430,460,490,540,570,600,600,650,660,660,1434671,53,410.0,447.1139037910009,26.804099999935715,21022.02749999924,2909.7338992702857
1746384174,2000,POST,POST /pastes,107.600000,0.000000,390,440,470,480,530,570,590,600,650,650,650,143136,2,420.0,454.051761484876,32.33849999924132,19812.114199999996,2859.5031578359044
1746384174,2000,,Aggregated,1252.700000,0.000000,380,430,460,490,540,570,600,600,650,660,660,1577807,55,410.0,447.74329458396824,26.804099999935715,21022.02749999924,2905.1770508053264
1746384175,2000,GET,GET /pastes/:slug,1100.800000,0.000000,360,420,460,480,540,570,590,600,650,660,660,1435493,53,410.0,447.00375785568997,26.804099999935715,21022.02749999924,2909.748522632991
1746384175,2000,POST,POST /pastes,104.200000,0.000000,380,440,470,480,530,560,590,600,650,650,650,143221,2,420.0,453.93764817170126,32.33849999924132,19812.114199999996,2859.4070213167065
1746384175,2000,,Aggregated,1205.000000,0.000000,360,420,460,480,540,570,590,600,650,660,660,1578714,55,410.0,447.63280067469265,26.804099999935715,21022.02749999924,2905.181539531543
1746384176,2000,GET,GET /pastes/:slug,1100.000000,0.000000,380,440,490,510,580,920,1000,1000,1100,1100,1100,1436193,53,410.0,447.2459613107282,26.804099999935715,21022.02749999924,2909.779854100389
1746384176,2000,POST,POST /pastes,106.000000,0.000000,390,450,490,510,580,920,1000,1100,1100,1100,1100,143289,2,420.0,454.1770741913143,32.33849999924132,19812.114199999996,2859.440054714598
1746384176,2000,,Aggregated,1206.000000,0.000000,380,440,490,510,580,920,1000,1100,1100,1100,1100,1579482,55,410.0,447.8747448192173,26.804099999935715,21022.02749999924,2905.2130787182127
1746384177,2000,GET,GET /pastes/:slug,1137.100000,0.000000,370,460,520,550,930,1000,1000,1100,1100,1100,1100,1437816,53,410.0,447.4474598587996,26.804099999935715,21022.02749999924,2909.766616868918
1746384177,2000,POST,POST /pastes,110.600000,0.000000,380,470,510,550,980,1000,1000,1100,1100,1100,1100,143438,2,420.0,454.4133775178075,32.33849999924132,19812.114199999996,2859.5958881189085
1746384177,2000,,Aggregated,1247.700000,0.000000,370,460,520,550,930,1000,1000,1100,1100,1100,1100,1581254,55,410.0,448.0793490411716,26.804099999935715,21022.02749999924,2905.2155523401048
1746384179,2000,GET,GET /pastes/:slug,1061.500000,0.000000,400,490,540,570,970,1000,1000,1100,1100,1100,1100,1438619,53,410.0,447.347464685257,26.804099999935715,21022.02749999924,2909.7409508702444
1746384179,2000,POST,POST /pastes,105.900000,0.000000,400,480,520,570,990,1000,1000,1100,1100,1100,1100,143545,2,420.0,454.27361859973706,32.33849999924132,19812.114199999996,2859.3913894597513
1746384179,2000,,Aggregated,1167.400000,0.000000,400,490,540,570,970,1000,1000,1100,1100,1100,1100,1582164,55,410.0,447.97585388110747,26.804099999935715,21022.02749999924,2905.1728859966474
1746384180,2000,GET,GET /pastes/:slug,1085.500000,0.000000,420,510,550,590,970,1000,1000,1100,1100,1100,1100,1439675,53,410.0,447.41997431937165,26.804099999935715,21022.02749999924,2909.731047632278
1746384180,2000,POST,POST /pastes,106.100000,0.000000,400,500,550,600,990,1000,1000,1100,1100,1100,1100,143643,2,420.0,454.33700489685725,32.33849999924132,19812.114199999996,2859.3256684975945
1746384180,2000,,Aggregated,1191.600000,0.000000,420,510,550,590,970,1000,1000,1100,1100,1100,1100,1583318,55,410.0,448.0475065164737,26.804099999935715,21022.02749999924,2905.1581318471717
1746384181,2000,GET,GET /pastes/:slug,1085.500000,0.000000,420,510,570,620,970,1000,1000,1100,1100,1100,1100,1440868,53,410.0,447.39081772039003,26.804099999935715,21022.02749999924,2909.686683998812
1746384181,2000,POST,POST /pastes,106.100000,0.000000,420,510,580,610,990,1000,1000,1100,1100,1100,1100,143760,2,420.0,454.3074554229221,32.33849999924132,19812.114199999996,2859.440532832499
1746384181,2000,,Aggregated,1191.600000,0.000000,420,510,570,620,970,1000,1000,1100,1100,1100,1100,1584628,55,410.0,448.01830621366736,26.804099999935715,21022.02749999924,2905.128272376861
1746384182,2000,GET,GET /pastes/:slug,1035.900000,0.000000,440,510,560,610,960,1000,1000,1100,1100,1100,1100,1442061,53,410.0,447.3564175944318,26.804099999935715,21022.02749999924,2909.7242633980118
1746384182,2000,POST,POST /pastes,104.800000,0.000000,440,500,570,600,980,1000,1000,1100,1100,1100,1100,143878,2,420.0,454.2687322495398,32.33849999924132,19812.114199999996,2859.1642085655903
1746384182,2000,,Aggregated,1140.700000,0.000000,440,510,560,610,970,1000,1000,1100,1100,1100,1100,1585939,55,410.0,447.9835098142185,26.804099999935715,21022.02749999924,2905.1374037715195
1746384183,2000,GET,GET /pastes/:slug,1044.300000,0.000000,420,510,570,610,970,1000,1000,1100,1100,1100,1100,1443048,53,410.0,447.3465835314169,26.804099999935715,21022.02749999924,2909.7746415919637
1746384183,2000,POST,POST /pastes,103.400000,0.000000,410,500,580,610,990,1000,1000,1100,1100,1100,1100,143987,2,420.0,454.2454451908804,32.33849999924132,19812.114199999996,2859.1138922263817
1746384183,2000,,Aggregated,1147.700000,0.000000,420,500,570,610,970,1000,1000,1100,1100,1100,1100,1587035,55,410.0,447.97249688163896,26.804099999935715,21022.02749999924,2905.1783413724334
1746384184,2000,GET,GET /pastes/:slug,1014.700000,0.000000,460,560,620,720,980,1000,1000,1100,1100,1300,1300,1443822,53,410.0,447.4514730664474,26.804099999935715,21022.02749999924,2909.758850467717
1746384184,2000,POST,POST /pastes,103.100000,0.000000,460,570,620,700,990,1000,1000,1100,1100,1100,1100,144078,2,420.0,454.3485462929753,32.33849999924132,19812.114199999996,2859.0656311164785
1746384184,2000,,Aggregated,1117.800000,0.000000,460,560,620,720,980,1000,1000,1100,1100,1300,1300,1587900,55,410.0,448.0772785430768,26.804099999935715,21022.02749999924,2905.159204609862
1746384185,2000,GET,GET /pastes/:slug,1033.700000,0.000000,490,590,660,760,990,1000,1100,1300,1800,2200,2200,1444559,53,410.0,447.62637702623766,26.804099999935715,21022.02749999924,2909.717805918623
1746384185,2000,POST,POST /pastes,105.200000,0.000000,500,590,650,770,1000,1000,1100,1200,1800,1800,1800,144182,2,420.0,454.5778972250303,32.33849999924132,19812.114199999996,2858.951075723738
1746384185,2000,,Aggregated,1138.900000,0.000000,490,590,660,760,990,1000,1100,1300,1800,2200,2200,1588741,55,410.0,448.2572439109659,26.804099999935715,21022.02749999924,2905.1106051898955
1746384186,2000,GET,GET /pastes/:slug,996.800000,0.000000,490,560,610,690,990,1100,1600,1900,2600,3300,3300,1445472,53,410.0,447.9518716656881,26.804099999935715,21022.02749999924,2909.6848420446745
1746384186,2000,POST,POST /pastes,102.000000,0.000000,500,580,620,670,1000,1100,1700,1900,2600,2600,2600,144269,2,420.0,454.896309867673,32.33849999924132,19812.114199999996,2858.969515280483
1746384186,2000,,Aggregated,1098.800000,0.000000,500,570,620,690,990,1100,1600,1900,2600,3000,3300,1589741,55,410.0,448.5820794510882,26.804099999935715,21022.02749999924,2905.0824260052423
1746384187,2000,GET,GET /pastes/:slug,931.900000,0.000000,500,560,610,650,890,1500,2100,2400,3500,3900,3900,1446306,53,410.0,448.2689139300009,26.804099999935715,21022.02749999924,2909.691910287311
1746384187,2000,POST,POST /pastes,98.300000,0.000000,500,570,610,640,820,1400,1900,2200,3200,3200,3200,144340,2,420.0,455.1282900665048,32.33849999924132,19812.114199999996,2858.8273659415268
1746384187,2000,,Aggregated,1030.200000,0.000000,500,560,610,640,870,1500,2100,2400,3500,3900,3900,1590646,55,410.0,448.89135434197834,26.804099999935715,21022.02749999924,2905.0763086192655
1746384188,2000,GET,GET /pastes/:slug,966.300000,0.000000,520,590,630,690,1100,1600,2200,2700,3900,4300,4300,1447245,53,410.0,448.5195888480824,26.804099999935715,21022.02749999924,2909.6810415651807
1746384188,2000,POST,POST /pastes,102.800000,0.000000,530,590,630,670,980,1500,2000,2300,3700,3700,3700,144428,2,420.0,455.30472211620526,32.33849999924132,19812.114199999996,2858.773001080123
1746384188,2000,,Aggregated,1069.100000,0.000000,530,590,630,690,1100,1600,2200,2700,3900,4300,4300,1591673,55,420.0,449.1352701014904,26.804099999935715,21022.02749999924,2905.061659021671
1746384189,2000,GET,GET /pastes/:slug,987.200000,0.000000,530,600,690,740,1200,1700,2300,2800,4300,6200,6200,1448457,53,420.0,448.79499520748146,26.804099999935715,21022.02749999924,2909.6944375980784
1746384189,2000,POST,POST /pastes,103.100000,0.000000,530,600,650,710,1100,1600,2100,2300,3700,3700,3700,144552,2,420.0,455.540756906852,32.33849999924132,19812.114199999996,2858.8028114450162
1746384189,2000,,Aggregated,1090.300000,0.000000,530,600,680,730,1200,1700,2300,2800,4100,6200,6200,1593009,55,420.0,449.407115631895,26.804099999935715,21022.02749999924,2905.076455939671
1746384190,2000,GET,GET /pastes/:slug,916.900000,0.000000,540,630,710,760,1300,1700,2300,2900,4800,6300,6300,1449489,53,420.0,448.9246143051409,26.804099999935715,21022.02749999924,2909.6847985738423
1746384190,2000,POST,POST /pastes,96.200000,0.000000,540,630,690,740,1200,1600,2100,2600,6300,6300,6300,144654,2,420.0,455.71485268917064,32.33849999924132,19812.114199999996,2859.0577792525614
1746384190,2000,,Aggregated,1013.100000,0.000000,540,630,710,760,1300,1700,2300,2900,4800,6300,6300,1594143,55,420.0,449.54076677277453,26.804099999935715,21022.02749999924,2905.0908563409935
1746384191,2000,GET,GET /pastes/:slug,934.500000,0.000000,540,630,710,760,1300,1700,2300,2900,4800,6300,6300,1450683,53,420.0,448.88074200555604,26.804099999935715,21022.02749999924,2909.696692523453
1746384191,2000,POST,POST /pastes,94.800000,0.000000,540,630,690,760,1200,1600,2100,2600,7400,7400,7400,144764,2,420.0,455.72509525641254,32.33849999924132,19812.114199999996,2858.929989500152
1746384191,2000,,Aggregated,1029.300000,0.000000,540,630,710,760,1300,1700,2300,2900,4800,7400,7400,1595447,55,420.0,449.501769187289,26.804099999935715,21022.02749999924,2905.0903401993296
1746384192,2000,GET,GET /pastes/:slug,924.500000,0.000000,540,630,710,760,1300,1700,2300,3000,4800,8400,8400,1451612,53,420.0,448.8525847804682,26.804099999935715,21022.02749999924,2909.7389715709155
1746384192,2000,POST,POST /pastes,95.300000,0.000000,550,640,700,760,1200,1600,2100,2600,7400,7400,7400,144858,2,420.0,455.70374058663856,32.33849999924132,19812.114199999996,2858.8952077206645
1746384192,2000,,Aggregated,1019.800000,0.000000,540,630,710,760,1300,1700,2300,2900,4900,8400,8400,1596470,55,420.0,449.4742342494703,26.804099999935715,21022.02749999924,2905.1255895820154
1746384193,2000,GET,GET /pastes/:slug,915.500000,0.000000,530,640,700,750,1300,1700,2300,2800,4800,8400,8400,1452814,53,420.0,448.94020385503114,26.804099999935715,21022.02749999924,2909.7523826174584
1746384193,2000,POST,POST /pastes,94.800000,0.000000,540,650,700,750,1200,1600,2100,2600,7400,7400,7400,144980,2,420.0,455.7900678038305,32.33849999924132,19812.114199999996,2858.940226238102
1746384193,2000,,Aggregated,1010.300000,0.000000,540,640,700,750,1200,1700,2300,2800,4800,7400,8400,1597794,55,420.0,449.56174410071037,26.804099999935715,21022.02749999924,2905.1418092695303
1746384194,2000,GET,GET /pastes/:slug,915.300000,0.000000,500,570,660,700,1200,1600,2300,2800,4800,8400,8400,1454117,53,410.0,448.72743535365004,26.804099999935715,21022.02749999924,2909.761821779128
1746384194,2000,POST,POST /pastes,92.900000,0.000000,500,590,660,690,1100,1600,2100,2600,7400,7400,7400,145090,2,420.0,455.59402199530865,32.33849999924132,19812.114199999996,2858.7933834171895
1746384194,2000,,Aggregated,1008.200000,0.000000,500,570,660,700,1100,1600,2300,2800,4800,7400,8400,1599207,55,420.0,449.3504147777305,26.804099999935715,21022.02749999924,2905.1376482219
1746384195,2000,GET,GET /pastes/:slug,907.400000,0.000000,480,550,640,670,800,1400,2200,2800,4800,8400,8400,1454995,54,410.0,448.7104472050711,26.804099999935715,21022.02749999924,2909.736644455823
1746384195,2000,POST,POST /pastes,92.900000,0.000000,480,560,640,670,820,1400,2000,2600,7400,7400,7400,145177,2,420.0,455.5809117222379,32.33849999924132,19812.114199999996,2858.7421010215116
1746384195,2000,,Aggregated,1000.300000,0.000000,480,550,640,670,800,1400,2200,2800,4800,7400,8400,1600172,56,420.0,449.33377608922564,26.804099999935715,21022.02749999924,2905.110120037096
1746384196,2000,GET,GET /pastes/:slug,977.100000,0.000000,460,540,600,650,720,1000,1600,2200,4700,6300,8400,1456297,54,420.0,448.7396097024465,26.804099999935715,21022.02749999924,2909.790254323122
1746384196,2000,POST,POST /pastes,96.800000,0.000000,470,540,610,650,720,1000,1500,1900,7400,7400,7400,145291,2,420.0,455.6042176817513,32.33849999924132,19812.114199999996,2858.638050533068
1746384196,2000,,Aggregated,1073.900000,0.000000,470,540,600,650,720,1000,1600,2100,4800,7400,8400,1601588,56,420.0,449.3623452361339,26.804099999935715,21022.02749999924,2905.1498881110497
1746384197,2000,GET,GET /pastes/:slug,1001.200000,0.000000,430,490,550,590,680,770,1300,1700,4700,6300,8400,1457482,54,410.0,448.5555065132504,26.804099999935715,21022.02749999924,2909.792184740532
1746384197,2000,POST,POST /pastes,95.800000,0.000000,440,490,560,600,680,900,1400,1600,6300,7400,7400,145423,2,420.0,455.39772939218227,32.33849999924132,19812.114199999996,2858.555476093878
1746384197,2000,,Aggregated,1097.000000,0.000000,430,490,550,590,680,770,1400,1700,4800,7400,8400,1602905,56,420.0,449.17626481004845,26.804099999935715,21022.02749999924,2905.1437521250477
1746384198,2000,GET,GET /pastes/:slug,1012.700000,0.100000,410,480,530,550,650,700,870,1400,2800,6300,8400,1458486,54,410.0,448.55656076043596,26.804099999935715,21022.02749999924,2909.8024396531746
1746384198,2000,POST,POST /pastes,96.100000,0.000000,430,480,530,560,650,720,1000,1400,6300,7400,7400,145511,2,420.0,455.38988524440987,32.33849999924132,19812.114199999996,2858.4585426531326
1746384198,2000,,Aggregated,1108.800000,0.100000,410,480,530,550,650,700,900,1400,3200,7400,8400,1603997,56,420.0,449.17646458755894,26.804099999935715,21022.02749999924,2905.1446368041834
1746384199,2000,GET,GET /pastes/:slug,1054.300000,0.100000,410,490,540,580,650,700,730,770,1800,5700,8400,1459771,54,420.0,448.6788052875712,26.804099999935715,21022.02749999924,2909.8020867656637
1746384199,2000,POST,POST /pastes,101.100000,0.000000,430,490,550,590,660,710,770,1000,2600,7400,7400,145641,2,420.0,455.508835882748,32.33849999924132,19812.114199999996,2858.4993992076406
1746384199,2000,,Aggregated,1155.400000,0.100000,410,490,540,580,650,700,730,770,1900,7400,8400,1605412,56,420.0,449.2984172537943,26.804099999935715,21022.02749999924,2905.1479701160824
1746384200,2000,GET,GET /pastes/:slug,1064.600000,0.100000,380,470,530,560,640,690,720,760,1500,4700,8400,1460821,54,410.0,448.51108219011184,26.804099999935715,21022.02749999924,2909.8173417550815
1746384200,2000,POST,POST /pastes,103.300000,0.000000,380,470,530,570,650,700,720,740,850,7400,7400,145753,2,420.0,455.3289554129195,32.33849999924132,19812.114199999996,2858.452875755559
1746384200,2000,,Aggregated,1167.900000,0.100000,380,470,530,560,640,690,720,760,1500,7400,8400,1606574,56,420.0,449.12961919858435,26.804099999935715,21022.02749999924,2905.157410116185
1746384201,2000,GET,GET /pastes/:slug,1062.500000,0.100000,400,480,530,560,640,690,720,750,780,4700,8400,1461826,54,410.0,448.48045786717637,26.804099999935715,21022.02749999924,2909.7605672631353
1746384201,2000,POST,POST /pastes,102.400000,0.000000,410,480,530,560,650,690,720,730,830,850,850,145864,2,420.0,455.2999970163939,32.33849999924132,19812.114199999996,2858.459290846268
1746384201,2000,,Aggregated,1164.900000,0.100000,400,480,530,560,640,690,720,750,780,4700,8400,1607690,56,420.0,449.09918738497345,26.804099999935715,21022.02749999924,2905.106057137881
1746384202,2000,GET,GET /pastes/:slug,1106.400000,0.100000,400,480,530,560,650,690,720,750,770,790,890,1462979,54,410.0,448.5379196487045,26.804099999935715,21022.02749999924,2909.747690841769
1746384202,2000,POST,POST /pastes,106.200000,0.000000,410,480,530,550,640,700,720,740,770,840,840,145976,2,420.0,455.35291887501535,32.33849999924132,19812.114199999996,2858.4351879761057
1746384202,2000,,Aggregated,1212.600000,0.100000,400,480,530,560,650,690,720,750,770,840,890,1608955,56,420.0,449.1562255224336,26.804099999935715,21022.02749999924,2905.092250560146
1746384203,2000,GET,GET /pastes/:slug,1090.200000,0.100000,370,470,520,550,640,690,720,750,770,790,890,1464225,54,410.0,448.4474187095858,26.804099999935715,21022.02749999924,2909.774364595605
1746384203,2000,POST,POST /pastes,105.300000,0.000000,370,470,520,540,640,700,720,740,770,840,840,146087,2,420.0,455.278037601561,32.33849999924132,19812.114199999996,2858.37368828164
1746384203,2000,,Aggregated,1195.500000,0.100000,370,470,520,550,640,690,720,750,770,840,890,1610312,56,420.0,449.0670903148882,26.804099999935715,21022.02749999924,2905.11131134836
1746384205,2000,GET,GET /pastes/:slug,1108.800000,0.100000,390,460,500,530,640,690,720,760,780,890,890,1465066,54,410.0,448.4095540494728,26.804099999935715,21022.02749999924,2909.7833415013383
1746384205,2000,POST,POST /pastes,108.000000,0.000000,380,460,500,530,640,700,720,740,840,840,840,146167,2,420.0,455.23751441159243,32.33849999924132,19812.114199999996,2858.482831282027
1746384205,2000,,Aggregated,1216.800000,0.100000,390,460,500,530,640,690,720,760,780,840,890,1611233,56,420.0,449.02896941786224,26.804099999935715,21022.02749999924,2905.1294884104286
1746384206,2000,GET,GET /pastes/:slug,1108.800000,0.100000,400,470,530,550,640,690,720,760,780,890,890,1466104,54,410.0,448.44884695672675,26.804099999935715,21022.02749999924,2909.7888178464827
1746384206,2000,POST,POST /pastes,108.000000,0.000000,410,470,530,550,640,700,720,740,840,840,840,146286,2,420.0,455.2810705795445,32.33849999924132,19812.114199999996,2858.5497108404084
1746384206,2000,,Aggregated,1216.800000,0.100000,400,470,530,550,640,690,720,760,780,840,890,1612390,56,420.0,449.0687085689257,26.804099999935715,21022.02749999924,2905.1400889362994
1746384207,2000,GET,GET /pastes/:slug,1071.000000,0.100000,450,490,540,560,640,690,720,760,780,890,890,1467224,54,420.0,448.48501250030336,26.804099999935715,21022.02749999924,2909.8248263387186
1746384207,2000,POST,POST /pastes,105.500000,0.000000,450,490,540,570,640,700,720,740,840,840,840,146400,2,420.0,455.31277151092365,32.33849999924132,19812.114199999996,2858.5229576502734
1746384207,2000,,Aggregated,1176.500000,0.100000,450,490,540,560,640,690,720,760,780,840,890,1613624,56,420.0,449.10447770357325,26.804099999935715,21022.02749999924,2905.170338319212
1746384208,2000,GET,GET /pastes/:slug,1076.800000,0.000000,440,480,530,550,640,690,720,760,780,890,890,1468332,54,420.0,448.4929516741758,26.804099999935715,21022.02749999924,2909.8816187347275
1746384208,2000,POST,POST /pastes,107.300000,0.000000,450,480,530,560,630,700,720,740,770,840,840,146528,2,420.0,455.32033955625724,32.33849999924132,19812.114199999996,2858.4997406639004
1746384208,2000,,Aggregated,1184.100000,0.000000,440,480,530,550,640,690,720,760,780,840,890,1614860,56,420.0,449.11245026327407,26.804099999935715,21022.02749999924,2905.219367003951
1746384209,2000,GET,GET /pastes/:slug,1047.800000,0.000000,420,470,500,520,570,620,670,690,720,890,890,1469338,54,420.0,448.47729269190995,26.804099999935715,21022.02749999924,2909.852020433692
1746384209,2000,POST,POST /pastes,106.000000,0.000000,440,470,510,530,580,610,690,710,840,840,840,146625,2,420.0,455.3100924548969,32.33849999924132,19812.114199999996,2858.5267860187555
1746384209,2000,,Aggregated,1153.800000,0.000000,420,470,500,520,570,620,670,700,720,840,890,1615963,56,420.0,449.0972693035364,26.804099999935715,21022.02749999924,2905.195006321308
1746384210,2000,GET,GET /pastes/:slug,1051.300000,0.000000,450,500,540,560,640,680,830,850,900,900,900,1470106,54,420.0,448.60920499762955,26.804099999935715,21022.02749999924,2909.8313461750377
1746384210,2000,POST,POST /pastes,106.400000,0.000000,460,500,540,560,630,690,830,850,900,900,900,146698,2,420.0,455.43382010729033,32.33849999924132,19812.114199999996,2858.5045263057436
1746384210,2000,,Aggregated,1157.700000,0.000000,450,500,540,560,640,680,830,850,900,900,900,1616804,56,420.0,449.2284250065872,26.804099999935715,21022.02749999924,2905.1742932352963
1746384211,2000,GET,GET /pastes/:slug,1058.100000,0.000000,470,550,600,640,710,820,860,870,900,920,920,1471193,54,420.0,448.8306117570196,26.804099999935715,21022.02749999924,2909.8447158190666
1746384211,2000,POST,POST /pastes,108.900000,0.000000,480,560,600,640,710,820,860,870,900,900,900,146820,2,420.0,455.66987492916013,32.33849999924132,19812.114199999996,2858.5390886800164
1746384211,2000,,Aggregated,1167.000000,0.000000,470,550,600,640,710,820,860,870,900,900,920,1618013,56,420.0,449.4512128392971,26.804099999935715,21022.02749999924,2905.189195636871
1746384212,2000,GET,GET /pastes/:slug,992.400000,0.000000,460,540,580,620,710,820,860,870,900,920,920,1472534,54,420.0,448.74946170848574,26.804099999935715,21022.02749999924,2909.8724708563605
1746384212,2000,POST,POST /pastes,101.900000,0.000000,470,540,590,620,710,820,860,870,900,900,900,146949,2,420.0,455.58845160905713,32.33849999924132,19812.114199999996,2858.4846783577977
1746384212,2000,,Aggregated,1094.300000,0.000000,460,540,580,620,710,820,860,870,900,900,920,1619483,56,420.0,449.37001945864716,26.804099999935715,21022.02749999924,2905.2096341857246
1746384213,2000,GET,GET /pastes/:slug,1009.500000,0.000000,470,550,600,630,720,830,860,870,900,920,920,1473375,54,420.0,448.7394500078679,26.804099999935715,21022.02749999924,2909.873380503945
1746384213,2000,POST,POST /pastes,104.300000,0.000000,480,560,600,630,710,820,860,870,900,900,900,147037,2,420.0,455.58206755374016,32.33849999924132,19812.114199999996,2858.5539422050233
1746384213,2000,,Aggregated,1113.800000,0.000000,470,560,600,630,720,830,860,870,900,900,920,1620412,56,420.0,449.36035256604345,26.804099999935715,21022.02749999924,2905.216628857352
1746384214,2000,GET,GET /pastes/:slug,1048.200000,0.000000,500,560,600,630,710,820,860,870,900,920,920,1474806,54,420.0,448.78711494395895,26.804099999935715,21022.02749999924,2909.8482342762372
1746384214,2000,POST,POST /pastes,106.400000,0.000000,510,570,600,630,700,820,860,870,900,900,900,147167,2,420.0,455.6222863243751,32.33849999924132,19812.114199999996,2858.505867483879
1746384214,2000,,Aggregated,1154.600000,0.000000,500,560,600,630,710,820,860,870,900,900,920,1621973,56,420.0,449.4072927561342,26.804099999935715,21022.02749999924,2905.189770729846
1746384215,2000,GET,GET /pastes/:slug,1004.900000,0.000000,500,570,620,640,740,830,860,870,900,920,920,1475264,54,420.0,448.79671552951896,26.804099999935715,21022.02749999924,2909.845334801093
1746384215,2000,POST,POST /pastes,102.600000,0.000000,500,580,620,640,740,820,860,870,900,900,900,147224,2,420.0,455.62723934208645,32.33849999924132,19812.114199999996,2858.5286230505894
1746384215,2000,,Aggregated,1107.500000,0.000000,500,570,620,640,740,830,860,870,900,900,920,1622488,56,420.0,449.41651489801177,26.804099999935715,21022.02749999924,2905.1888741241846
1746384216,2000,GET,GET /pastes/:slug,991.000000,0.000000,520,620,670,710,860,1200,1200,1200,1300,1300,1300,1475998,54,420.0,449.12884944514786,26.804099999935715,21022.02749999924,2909.8384327079034
1746384216,2000,POST,POST /pastes,101.900000,0.000000,540,630,680,750,910,1200,1200,1200,1300,1300,1300,147325,2,420.0,456.0817300926475,32.33849999924132,19812.114199999996,2858.5771254030205
1746384216,2000,,Aggregated,1092.900000,0.000000,520,620,670,720,860,1200,1200,1200,1300,1300,1300,1623323,56,420.0,449.75985950377367,26.804099999935715,21022.02749999924,2905.186202622645
1746384217,2000,GET,GET /pastes/:slug,1008.700000,0.000000,580,670,780,830,1000,1200,1200,1200,1300,1300,1300,1477260,54,420.0,449.473265882133,26.804099999935715,21022.02749999924,2909.8293421604862
1746384217,2000,POST,POST /pastes,104.300000,0.000000,590,690,780,850,1100,1200,1200,1200,1300,1300,1300,147459,2,420.0,456.4133937663975,32.33849999924132,19812.114199999996,2858.580005289606
1746384217,2000,,Aggregated,1113.000000,0.000000,580,680,780,830,1100,1200,1200,1200,1300,1300,1300,1624719,56,420.0,450.1031497683258,26.804099999935715,21022.02749999924,2905.1779680055442
1746384218,2000,GET,GET /pastes/:slug,942.600000,0.000000,570,670,770,830,1000,1200,1200,1200,1300,1300,1300,1478391,54,420.0,449.3017756745948,26.804099999935715,21022.02749999924,2909.78829957704
1746384218,2000,POST,POST /pastes,97.100000,0.000000,590,680,780,840,1100,1200,1200,1200,1300,1300,1300,147566,2,420.0,456.24556331742576,32.33849999924132,19812.114199999996,2858.774067197051
1746384218,2000,,Aggregated,1039.700000,0.000000,570,670,770,830,1000,1200,1200,1200,1300,1300,1300,1625957,56,420.0,449.9319688268781,26.804099999935715,21022.02749999924,2905.15843161904
1746384219,2000,GET,GET /pastes/:slug,950.600000,0.000000,560,710,820,860,1000,1200,1200,1200,1300,1300,1300,1479067,54,420.0,449.4255834107847,26.804099999935715,21022.02749999924,2909.7523276497955
1746384219,2000,POST,POST /pastes,99.400000,0.000000,580,720,820,870,1100,1200,1200,1200,1300,1300,1300,147641,2,420.0,456.38158542612996,32.33849999924132,19812.114199999996,2858.766548587452
1746384219,2000,,Aggregated,1050.000000,0.000000,560,710,820,860,1000,1200,1200,1200,1300,1300,1300,1626708,56,420.0,450.0569143525106,26.804099999935715,21022.02749999924,2905.124827565857
1746384220,2000,GET,GET /pastes/:slug,971.400000,0.000000,540,660,780,840,1000,1200,1200,1200,1300,1300,1300,1480474,54,420.0,449.61257518770157,26.804099999935715,21022.02749999924,2909.6822355542886
1746384220,2000,POST,POST /pastes,100.800000,0.000000,560,670,810,870,1100,1200,1200,1200,1300,1300,1300,147792,2,420.0,456.56712666720273,32.33849999924132,19812.114199999996,2858.6886367327056
1746384220,2000,,Aggregated,1072.200000,0.000000,550,660,780,840,1000,1200,1200,1200,1300,1300,1300,1628266,56,420.0,450.2438154594163,26.804099999935715,21022.02749999924,2905.0537252512795
1746384221,2000,GET,GET /pastes/:slug,940.500000,0.000000,520,640,800,850,1000,1200,1200,1200,1300,1300,1300,1481452,54,420.0,449.4748598028412,26.804099999935715,21022.02749999924,2909.669373020523
1746384221,2000,POST,POST /pastes,98.000000,0.000000,540,650,820,880,1100,1200,1200,1200,1300,1300,1300,147896,2,420.0,456.4120172472494,32.33849999924132,19812.114199999996,2858.601077784389
1746384221,2000,,Aggregated,1038.500000,0.000000,520,640,800,850,1000,1200,1200,1200,1300,1300,1300,1629348,56,420.0,450.10454593336965,26.804099999935715,21022.02749999924,2905.0339012905774
1746384222,2000,GET,GET /pastes/:slug,961.600000,0.000000,540,630,770,840,1000,1200,1200,1200,1300,1300,1300,1482508,54,420.0,449.4755355157866,26.804099999935715,21022.02749999924,2909.60407970817
1746384222,2000,POST,POST /pastes,101.000000,0.000000,540,640,790,870,1100,1200,1200,1200,1300,1300,1300,148014,2,420.0,456.40343951179784,32.33849999924132,19812.114199999996,2858.5952139662463
1746384222,2000,,Aggregated,1062.600000,0.000000,540,630,770,840,1000,1200,1200,1200,1300,1300,1300,1630522,56,420.0,450.1044303004456,26.804099999935715,21022.02749999924,2904.9736446365027
1746384223,2000,GET,GET /pastes/:slug,973.100000,0.000000,510,610,760,830,1000,1200,1200,1200,1300,1300,1300,1483841,54,420.0,449.48987018193907,26.804099999935715,21022.02749999924,2909.5610661789233
1746384223,2000,POST,POST /pastes,102.100000,0.000000,520,620,770,850,1100,1200,1200,1200,1300,1300,1300,148149,2,420.0,456.41379578261945,32.33849999924132,19812.114199999996,2858.5567907984528
1746384223,2000,,Aggregated,1075.200000,0.000000,510,610,760,840,1000,1200,1200,1200,1300,1300,1300,1631990,56,420.0,450.1184111986251,26.804099999935715,21022.02749999924,2904.9309934497146
1746384224,2000,GET,GET /pastes/:slug,939.100000,0.000000,480,600,760,830,1000,1200,1200,1200,1300,1300,1300,1484904,54,420.0,449.34177015634623,26.804099999935715,21022.02749999924,2909.551402649599
1746384224,2000,POST,POST /pastes,99.900000,0.000000,490,610,770,850,1100,1200,1200,1200,1300,1300,1300,148257,2,420.0,456.2500875189659,32.33849999924132,19812.114199999996,2858.2964514323103
1746384224,2000,,Aggregated,1039.000000,0.000000,480,600,760,840,1000,1200,1200,1200,1300,1300,1300,1633161,56,420.0,449.9689014723869,26.804099999935715,21022.02749999924,2904.898520721472
1746384225,2000,GET,GET /pastes/:slug,975.300000,0.000000,490,600,650,760,1000,1200,1200,1200,1300,1300,1300,1485834,54,420.0,449.423176078444,26.804099999935715,21022.02749999924,2909.532194040519
1746384225,2000,POST,POST /pastes,103.400000,0.000000,500,600,660,790,1000,1200,1200,1200,1300,1300,1300,148352,2,420.0,456.3229057532041,32.33849999924132,19812.114199999996,2858.437560666523
1746384225,2000,,Aggregated,1078.700000,0.000000,490,600,650,760,1000,1200,1200,1200,1300,1300,1300,1634186,56,420.0,450.04953605014646,26.804099999935715,21022.02749999924,2904.8938046219955
1746384226,2000,GET,GET /pastes/:slug,996.800000,0.000000,480,580,620,660,820,860,890,890,920,970,970,1486888,54,420.0,449.5839851952788,26.804099999935715,21022.02749999924,2909.5486028537457
1746384226,2000,POST,POST /pastes,106.700000,0.000000,480,580,620,650,820,870,890,900,910,910,910,148445,2,420.0,456.470075833469,32.33849999924132,19812.114199999996,2858.3589612314327
1746384226,2000,,Aggregated,1103.500000,0.000000,480,580,620,650,820,860,890,890,920,970,970,1635333,56,420.0,450.2090601645927,26.804099999935715,21022.02749999924,2904.9019367920782
1746384227,2000,GET,GET /pastes/:slug,986.500000,0.000000,460,560,600,630,810,850,890,890,920,970,970,1488064,54,420.0,449.4934553116254,26.804099999935715,21022.02749999924,2909.5790664917636
1746384227,2000,POST,POST /pastes,105.900000,0.000000,460,560,600,630,820,870,890,900,910,910,910,148564,2,420.0,456.3711143924457,32.33849999924132,19812.114199999996,2858.1761059206806
1746384227,2000,,Aggregated,1092.400000,0.000000,460,560,600,630,810,850,890,890,920,970,970,1636628,56,420.0,450.1177710044341,26.804099999935715,21022.02749999924,2904.912991223418
1746384229,2000,GET,GET /pastes/:slug,1036.700000,0.000000,410,520,570,590,650,750,830,850,900,970,970,1489017,54,420.0,449.44946466517024,26.804099999935715,21022.02749999924,2909.5650633941723
1746384229,2000,POST,POST /pastes,107.000000,0.000000,400,510,570,590,640,730,830,870,890,890,890,148661,2,420.0,456.3229494063626,32.33849999924132,19812.114199999996,2858.205783628524
1746384229,2000,,Aggregated,1143.700000,0.000000,410,520,570,590,650,750,830,850,900,970,970,1637678,56,420.0,450.073408514399,26.804099999935715,21022.02749999924,2904.9029003259493
1746384230,2000,GET,GET /pastes/:slug,1020.900000,0.000000,410,500,570,590,640,750,830,840,900,970,970,1490277,54,420.0,449.46860231657433,26.804099999935715,21022.02749999924,2909.531413958613
1746384230,2000,POST,POST /pastes,105.000000,0.000000,400,490,560,580,640,730,830,850,890,890,890,148788,2,420.0,456.3303220743565,32.33849999924132,19812.114199999996,2858.126596230879
1746384230,2000,,Aggregated,1125.900000,0.000000,400,500,570,590,640,750,830,840,900,970,970,1639065,56,420.0,450.0914827754505,26.804099999935715,21022.02749999924,2904.8650828368613
1746384231,2000,GET,GET /pastes/:slug,1039.200000,0.000000,410,500,570,590,640,750,830,840,900,970,970,1491330,54,420.0,449.36214198590295,26.804099999935715,21022.02749999924,2909.5717989982095
1746384231,2000,POST,POST /pastes,107.100000,0.000000,400,480,560,580,630,730,830,850,890,890,890,148915,2,420.0,456.1980047463278,32.33849999924132,19812.114199999996,2858.1197058724774
1746384231,2000,,Aggregated,1146.300000,0.000000,410,490,570,590,640,740,830,840,900,970,970,1640245,56,420.0,449.9827581151858,26.804099999935715,21022.02749999924,2904.90055266134
1746384232,2000,GET,GET /pastes/:slug,1076.600000,0.000000,390,460,530,580,640,740,820,840,900,970,970,1492621,54,420.0,449.31458873125575,26.804099999935715,21022.02749999924,2909.560376009717
1746384232,2000,POST,POST /pastes,110.100000,0.000000,390,450,520,580,630,730,830,850,890,890,890,149028,2,420.0,456.1572130498928,32.33849999924132,19812.114199999996,2858.24470569289
1746384232,2000,,Aggregated,1186.700000,0.000000,390,460,530,580,640,740,820,840,900,970,970,1641649,56,420.0,449.9357584313346,26.804099999935715,21022.02749999924,2904.9019674729493
1746384233,2000,GET,GET /pastes/:slug,1046.300000,0.000000,370,440,490,560,630,740,830,840,900,970,970,1493796,54,420.0,449.1521032944499,26.804099999935715,21022.02749999924,2909.5389537794986
1746384233,2000,POST,POST /pastes,107.600000,0.000000,370,430,470,550,630,730,830,850,890,890,890,149150,2,420.0,455.98862458799465,32.33849999924132,19812.114199999996,2858.3491317465637
1746384233,2000,,Aggregated,1153.900000,0.000000,370,440,490,560,630,740,830,840,900,970,970,1642946,56,420.0,449.77273668771977,26.804099999935715,21022.02749999924,2904.8918369806433
1746384234,2000,GET,GET /pastes/:slug,1058.000000,0.000000,370,440,480,560,630,740,820,840,900,970,970,1494927,54,420.0,449.0361998719233,26.804099999935715,21022.02749999924,2909.5397628111605
1746384234,2000,POST,POST /pastes,108.300000,0.000000,370,430,470,540,630,730,830,850,890,890,890,149259,2,420.0,455.8813629791125,32.33849999924132,19812.114199999996,2858.2518374101396
1746384234,2000,,Aggregated,1166.300000,0.000000,370,440,480,550,630,730,820,840,900,970,970,1644186,56,420.0,449.6576029249983,26.804099999935715,21022.02749999924,2904.8838513404203
1746384235,2000,GET,GET /pastes/:slug,1076.700000,0.000000,350,400,440,450,580,730,820,840,900,970,970,1496156,54,420.0,448.9525032663924,26.804099999935715,21022.02749999924,2909.49757779269
1746384235,2000,POST,POST /pastes,108.900000,0.000000,360,400,430,450,570,730,820,840,890,890,890,149376,2,420.0,455.8010652547893,32.33849999924132,19812.114199999996,2858.2961653813195
1746384235,2000,,Aggregated,1185.600000,0.000000,350,400,440,450,580,730,820,840,900,970,970,1645532,56,420.0,449.57419327034626,26.804099999935715,21022.02749999924,2904.8496814404098
1746384236,2000,GET,GET /pastes/:slug,1053.100000,0.000000,350,390,420,440,480,550,630,650,670,680,680,1497153,54,420.0,448.9431386714873,26.804099999935715,21022.02749999924,2909.4545741150037
1746384236,2000,POST,POST /pastes,105.600000,0.000000,360,390,420,430,470,540,620,640,670,670,670,149464,2,420.0,455.7888638146937,32.33849999924132,19812.114199999996,2858.401120002141
1746384236,2000,,Aggregated,1158.700000,0.000000,350,390,420,440,480,550,630,650,670,680,680,1646617,56,420.0,449.5645275328992,26.804099999935715,21022.02749999924,2904.8204342600616
1746384237,2000,GET,GET /pastes/:slug,1079.000000,0.000000,350,400,430,450,500,570,630,650,670,680,680,1498422,54,420.0,448.8581879452747,26.804099999935715,21022.02749999924,2909.5039454839825
1746384237,2000,POST,POST /pastes,106.400000,0.000000,360,400,430,440,490,570,620,640,670,670,670,149586,2,420.0,455.70403190739336,32.33849999924132,19812.114199999996,2858.376285213857
1746384237,2000,,Aggregated,1185.400000,0.000000,350,400,430,450,500,570,630,650,670,680,680,1648008,56,420.0,449.47956988937034,26.804099999935715,21022.02749999924,2904.863202120378
1746384238,2000,GET,GET /pastes/:slug,1089.500000,0.000000,350,410,450,470,540,600,660,880,910,920,920,1498903,54,420.0,448.91036581422134,26.804099999935715,21022.02749999924,2909.5152448157087
1746384238,2000,POST,POST /pastes,107.100000,0.000000,360,420,450,460,550,610,660,880,910,910,910,149641,2,420.0,455.77284141377925,32.33849999924132,19812.114199999996,2858.349095501901
1746384238,2000,,Aggregated,1196.600000,0.000000,350,410,450,470,540,610,660,880,910,920,920,1648544,56,420.0,449.5332838019738,26.804099999935715,21022.02749999924,2904.870810848846
1746384239,2000,GET,GET /pastes/:slug,1118.400000,0.000000,360,440,480,520,870,970,1000,1100,1100,1100,1100,1500338,54,420.0,449.336102574776,26.804099999935715,21022.02749999924,2909.4666195217346
1746384239,2000,POST,POST /pastes,110.500000,0.000000,370,440,490,550,880,970,1000,1000,1100,1100,1100,149788,2,420.0,456.1829960357255,32.33849999924132,19812.114199999996,2858.528907522632
1746384239,2000,,Aggregated,1228.900000,0.000000,360,440,480,520,870,970,1000,1100,1100,1100,1100,1650126,56,420.0,449.9576202514484,26.804099999935715,21022.02749999924,2904.8428162455475
1746384240,2000,GET,GET /pastes/:slug,1061.600000,0.000000,360,440,490,520,860,970,1000,1100,1100,1100,1100,1501451,54,420.0,449.13215109586287,26.804099999935715,21022.02749999924,2909.455368173853
1746384240,2000,POST,POST /pastes,104.600000,0.000000,370,450,490,560,880,970,1000,1100,1100,1100,1100,149874,2,420.0,456.0261231234189,32.33849999924132,19812.114199999996,2858.5359635427094
1746384240,2000,,Aggregated,1166.200000,0.000000,360,440,490,530,860,970,1000,1100,1100,1100,1100,1651325,56,420.0,449.757846924162,26.804099999935715,21022.02749999924,2904.8339309342496
1746384241,2000,GET,GET /pastes/:slug,1051.400000,0.000000,360,450,510,570,870,980,1000,1100,1100,1100,1100,1502396,54,420.0,449.1463872100526,26.804099999935715,21022.02749999924,2909.462475272831
1746384241,2000,POST,POST /pastes,103.800000,0.000000,370,460,550,600,880,970,1000,1100,1100,1100,1100,149960,2,420.0,456.03941546478586,32.33849999924132,19812.114199999996,2858.611623099493
1746384241,2000,,Aggregated,1155.200000,0.000000,360,450,520,570,880,970,1000,1100,1100,1100,1100,1652356,56,420.0,449.77196578820855,26.804099999935715,21022.02749999924,2904.8474929131494
1746384242,2000,GET,GET /pastes/:slug,1076.200000,0.000000,380,470,540,620,860,970,1000,1100,1100,1100,1100,1503870,54,420.0,449.08693426934053,26.804099999935715,21022.02749999924,2909.5280795547487
1746384242,2000,POST,POST /pastes,105.400000,0.000000,390,470,560,630,880,970,1000,1100,1100,1100,1100,150111,2,420.0,455.9636812165619,32.33849999924132,19812.114199999996,2858.7074231735182
1746384242,2000,,Aggregated,1181.600000,0.000000,380,470,540,620,860,970,1000,1100,1100,1100,1100,1653981,56,420.0,449.7110498794972,26.804099999935715,21022.02749999924,2904.915729382623
1746384243,2000,GET,GET /pastes/:slug,1058.000000,0.000000,370,480,540,620,870,970,1000,1100,1100,1100,1100,1504765,54,420.0,448.94816825759034,26.804099999935715,21022.02749999924,2909.5663847843352
1746384243,2000,POST,POST /pastes,100.400000,0.000000,380,470,560,630,880,970,1000,1100,1100,1100,1100,150210,2,420.0,455.79888304107084,32.33849999924132,19812.114199999996,2858.647979495373
1746384243,2000,,Aggregated,1158.400000,0.000000,370,470,550,620,870,970,1000,1100,1100,1100,1100,1654975,56,420.0,449.56995763062304,26.804099999935715,21022.02749999924,2904.9448928231545
1746384244,2000,GET,GET /pastes/:slug,1067.900000,0.000000,430,510,600,650,860,970,1000,1100,1100,1100,1100,1505984,54,420.0,449.02053708926167,26.804099999935715,21022.02749999924,2909.598271296375
1746384244,2000,POST,POST /pastes,100.700000,0.000000,440,510,600,640,860,970,1000,1000,1100,1100,1100,150357,2,420.0,455.8582841271055,32.33849999924132,19812.114199999996,2858.5726038694575
1746384244,2000,,Aggregated,1168.600000,0.000000,430,510,600,650,860,970,1000,1100,1100,1100,1100,1656341,56,420.0,449.64124449877283,26.804099999935715,21022.02749999924,2904.966334830811
1746384245,2000,GET,GET /pastes/:slug,1070.000000,0.000000,430,510,590,650,850,970,1000,1100,1100,1100,1100,1507147,54,420.0,448.9929158321881,26.804099999935715,21022.02749999924,2909.5934119233225
1746384245,2000,POST,POST /pastes,103.400000,0.000000,430,510,590,640,840,970,1000,1000,1100,1100,1100,150482,2,420.0,455.8210138554722,32.33849999924132,19812.114199999996,2858.496139073112
1746384245,2000,,Aggregated,1173.400000,0.000000,430,510,590,650,850,970,1000,1100,1100,1100,1100,1657629,56,420.0,449.61278061902965,26.804099999935715,21022.02749999924,2904.954726298828
1746384246,2000,GET,GET /pastes/:slug,1043.400000,0.000000,390,500,600,650,870,970,1000,1100,1100,1100,1100,1508282,54,420.0,448.871929966967,26.804099999935715,21022.02749999924,2909.57888975669
1746384246,2000,POST,POST /pastes,102.800000,0.000000,400,490,600,640,860,970,1000,1000,1100,1100,1100,150602,2,420.0,455.6842309438072,32.33849999924132,19812.114199999996,2858.380406634706
1746384246,2000,,Aggregated,1146.200000,0.000000,390,500,600,650,870,970,1000,1100,1100,1100,1100,1658884,56,420.0,449.49038559841665,26.804099999935715,21022.02749999924,2904.9308287981557
1746384247,2000,GET,GET /pastes/:slug,1045.700000,0.000000,380,480,580,640,830,970,1000,1100,1100,1100,1100,1509337,54,410.0,448.8155884664837,26.804099999935715,21022.02749999924,2909.563819743371
1746384247,2000,POST,POST /pastes,106.000000,0.000000,390,470,580,630,790,970,1000,1000,1100,1100,1100,150708,2,420.0,455.6257996191263,32.33849999924132,19812.114199999996,2858.375832736152
1746384247,2000,,Aggregated,1151.700000,0.000000,380,480,580,640,830,970,1000,1100,1100,1100,1100,1660045,56,420.0,449.4338568281242,26.804099999935715,21022.02749999924,2904.9166932221715
1746384248,2000,GET,GET /pastes/:slug,1058.100000,0.000000,370,450,490,540,680,770,920,950,1000,1000,1000,1510307,54,410.0,448.78868421376444,26.804099999935715,21022.02749999924,2909.605951637647
1746384248,2000,POST,POST /pastes,108.300000,0.000000,370,450,490,530,650,750,890,930,970,1000,1000,150808,2,420.0,455.5874422318399,32.33849999924132,19812.114199999996,2858.412438332184
1746384248,2000,,Aggregated,1166.400000,0.000000,370,450,490,540,670,770,920,950,1000,1000,1000,1661115,56,420.0,449.4059245006783,26.804099999935715,21022.02749999924,2904.9582352817233
1746384249,2000,GET,GET /pastes/:slug,1014.100000,0.000000,380,450,490,510,610,650,710,730,790,800,800,1511368,54,420.0,448.83916582648095,26.804099999935715,21022.02749999924,2909.6264900408105
1746384249,2000,POST,POST /pastes,104.500000,0.000000,380,440,480,500,600,640,660,700,730,730,730,150916,2,420.0,455.62866669471344,32.33849999924132,19812.114199999996,2858.447812027883
1746384249,2000,,Aggregated,1118.600000,0.000000,380,450,480,510,610,650,700,720,790,800,800,1662284,56,420.0,449.45557331944656,26.804099999935715,21022.02749999924,2904.9800629735955
1746384251,2000,GET,GET /pastes/:slug,1089.500000,0.000000,380,440,480,500,580,630,700,730,790,800,800,1512601,54,420.0,448.83639545507265,26.804099999935715,21022.02749999924,2909.636299989224
1746384251,2000,POST,POST /pastes,111.900000,0.000000,390,440,480,500,580,630,640,670,730,730,730,151033,2,420.0,455.6399423635852,32.33849999924132,19812.114199999996,2858.293247171148
1746384251,2000,,Aggregated,1201.400000,0.000000,380,440,480,500,580,630,690,730,790,800,800,1663634,56,420.0,449.454055409269,26.804099999935715,21022.02749999924,2904.9751213307736
1746384252,2000,GET,GET /pastes/:slug,1035.500000,0.000000,410,460,500,520,580,630,700,730,790,800,800,1513663,54,420.0,448.82491458933686,26.804099999935715,21022.02749999924,2909.6834163218628
1746384252,2000,POST,POST /pastes,107.600000,0.000000,410,450,500,520,580,630,650,680,730,730,730,151139,2,420.0,455.62175307564087,32.33849999924132,19812.114199999996,2858.4981970239314
1746384252,2000,,Aggregated,1143.100000,0.000000,410,460,500,520,580,630,690,730,790,800,800,1664802,56,420.0,449.4419653689421,26.804099999935715,21022.02749999924,2905.036567711956
1746384253,2000,GET,GET /pastes/:slug,1077.300000,0.000000,410,450,490,520,580,630,700,730,790,800,800,1514906,54,420.0,448.7653571483894,26.804099999935715,21022.02749999924,2909.640528191188
1746384253,2000,POST,POST /pastes,112.400000,0.000000,410,450,500,520,580,630,640,670,730,730,730,151266,2,420.0,455.5611238414403,32.33849999924132,19812.114199999996,2858.608854600505
1746384253,2000,,Aggregated,1189.700000,0.000000,410,450,490,520,580,630,690,730,790,800,800,1666172,56,420.0,449.3823213301167,26.804099999935715,21022.02749999924,2905.007538837527
1746384254,2000,GET,GET /pastes/:slug,1054.700000,0.000000,380,430,450,480,540,590,620,640,670,690,690,1516106,54,410.0,448.66071133425953,26.804099999935715,21022.02749999924,2909.607033413231
1746384254,2000,POST,POST /pastes,111.000000,0.000000,380,420,450,480,540,590,620,640,670,670,670,151379,2,420.0,455.44720832479595,32.33849999924132,19812.114199999996,2858.625073491039
1746384254,2000,,Aggregated,1165.700000,0.000000,380,430,450,480,540,590,620,640,670,690,690,1667485,56,420.0,449.2768087072114,26.804099999935715,21022.02749999924,2904.9787470352057
1746384255,2000,GET,GET /pastes/:slug,1047.000000,0.000000,380,430,450,480,530,580,620,640,670,690,690,1517119,54,410.0,448.61802985134204,26.804099999935715,21022.02749999924,2909.622127202942
1746384255,2000,POST,POST /pastes,109.200000,0.000000,390,430,450,480,540,580,620,640,670,670,670,151472,2,420.0,455.40025521878187,32.33849999924132,19812.114199999996,2858.5195085560367
1746384255,2000,,Aggregated,1156.200000,0.000000,390,430,450,480,530,580,620,640,670,690,690,1668591,56,420.0,449.233709332331,26.804099999935715,21022.02749999924,2904.9831138966947
1746384256,2000,GET,GET /pastes/:slug,1080.800000,0.000000,410,440,470,500,560,600,630,640,670,690,690,1518366,54,420.0,448.6419134018005,26.804099999935715,21022.02749999924,2909.5901930101177
1746384256,2000,POST,POST /pastes,110.900000,0.000000,410,440,480,500,560,600,630,640,670,670,670,151584,2,420.0,455.4197775253279,32.33849999924132,19812.114199999996,2858.5736489339242
1746384256,2000,,Aggregated,1191.700000,0.000000,410,440,470,500,560,600,630,640,670,690,690,1669950,56,420.0,449.25715083723657,26.804099999935715,21022.02749999924,2904.9593406988233
1746384257,2000,GET,GET /pastes/:slug,1065.600000,0.000000,410,440,470,500,560,600,630,640,810,810,810,1519505,54,410.0,448.5663543053402,26.804099999935715,21022.02749999924,2909.6388126396423
1746384257,2000,POST,POST /pastes,106.500000,0.000000,410,440,470,500,560,600,630,650,810,810,810,151693,2,420.0,455.34494944987097,32.33849999924132,19812.114199999996,2858.485533281035
1746384257,2000,,Aggregated,1172.100000,0.000000,410,440,470,500,560,600,630,640,810,810,810,1671198,56,420.0,449.1816407245829,26.804099999935715,21022.02749999924,2904.9956797459067
1746384258,2000,GET,GET /pastes/:slug,1062.700000,0.000000,400,430,460,490,550,600,630,640,810,810,810,1520635,54,410.0,448.4813680076,26.804099999935715,21022.02749999924,2909.6842989935126
1746384258,2000,POST,POST /pastes,104.200000,0.000000,400,440,460,500,560,600,620,650,810,810,810,151802,2,420.0,455.2526747302366,32.33849999924132,19812.114199999996,2858.439309100012
1746384258,2000,,Aggregated,1166.900000,0.000000,400,430,460,490,550,600,630,640,810,810,810,1672437,56,420.0,449.09597884383186,26.804099999935715,21022.02749999924,2905.032947728375
1746384259,2000,GET,GET /pastes/:slug,1091.400000,0.000000,370,420,440,450,530,570,620,640,810,810,810,1521701,54,410.0,448.41161770343666,26.804099999935715,21022.02749999924,2909.6590085700145
1746384259,2000,POST,POST /pastes,105.700000,0.000000,370,420,440,450,540,580,620,640,670,810,810,151919,2,420.0,455.1719776097752,32.33849999924132,19812.114199999996,2858.470066285323
1746384259,2000,,Aggregated,1197.100000,0.000000,370,420,440,450,530,570,620,640,810,810,810,1673620,56,420.0,449.02527380017057,26.804099999935715,21022.02749999924,2905.0124502575254
1746384260,2000,GET,GET /pastes/:slug,1096.500000,0.000000,370,420,430,450,510,560,600,620,810,810,810,1522694,54,410.0,448.38957479108575,26.804099999935715,21022.02749999924,2909.5843170065687
1746384260,2000,POST,POST /pastes,105.500000,0.000000,370,420,430,440,510,550,600,620,810,810,810,151998,2,420.0,455.14968327872384,32.33849999924132,19812.114199999996,2858.442926880617
1746384260,2000,,Aggregated,1202.000000,0.000000,370,420,430,450,510,560,600,620,810,810,810,1674692,56,410.0,449.0031341619483,26.804099999935715,21022.02749999924,2904.942634227667
1746384261,2000,GET,GET /pastes/:slug,1111.600000,0.000000,360,420,430,440,530,570,600,620,810,810,810,1524080,54,410.0,448.3220308440759,26.804099999935715,21022.02749999924,2909.6547819012126
1746384261,2000,POST,POST /pastes,108.200000,0.000000,350,410,430,440,530,570,600,620,670,810,810,152155,2,420.0,455.05496382635744,32.33849999924132,19812.114199999996,2858.452531957543
1746384261,2000,,Aggregated,1219.800000,0.000000,360,420,430,440,530,570,600,620,810,810,810,1676235,56,410.0,448.93319181966905,26.804099999935715,21022.02749999924,2905.00705748299
1746384262,2000,GET,GET /pastes/:slug,1110.300000,0.000000,340,410,430,440,500,570,600,620,810,810,810,1525091,54,410.0,448.2309091459054,26.804099999935715,21022.02749999924,2909.6760429377655
1746384262,2000,POST,POST /pastes,106.600000,0.000000,330,400,420,440,490,570,600,620,670,810,810,152254,2,420.0,454.9592110361587,32.33849999924132,19812.114199999996,2858.502765116187
1746384262,2000,,Aggregated,1216.900000,0.000000,340,410,430,440,500,570,600,620,810,810,810,1677345,56,410.0,448.8416427016154,26.804099999935715,21022.02749999924,2905.0310019703757
1746384263,2000,GET,GET /pastes/:slug,1121.100000,0.000000,380,420,440,460,570,610,660,680,810,810,810,1526048,54,410.0,448.29228788218785,26.804099999935715,21022.02749999924,2909.639062467236
1746384263,2000,POST,POST /pastes,108.800000,0.000000,370,420,440,460,590,630,670,680,810,810,810,152339,2,420.0,455.02244027333325,32.33849999924132,19812.114199999996,2858.4816560434297
1746384263,2000,,Aggregated,1229.900000,0.000000,370,420,440,460,570,620,660,680,810,810,810,1678387,56,410.0,448.90315098176984,26.804099999935715,21022.02749999924,2904.9957542569146
1746384264,2000,GET,GET /pastes/:slug,1116.800000,0.000000,390,430,450,480,570,610,660,670,810,810,810,1527479,54,410.0,448.2508728159512,26.804099999935715,21022.02749999924,2909.607163175402
1746384264,2000,POST,POST /pastes,109.400000,0.000000,390,430,450,480,580,620,670,680,690,810,810,152476,2,420.0,454.98760350940006,32.33849999924132,19812.114199999996,2858.4793082189985
1746384264,2000,,Aggregated,1226.200000,0.000000,390,430,450,480,580,610,660,670,810,810,810,1679955,56,410.0,448.86231166355003,26.804099999935715,21022.02749999924,2904.9666991080117
1746384265,2000,GET,GET /pastes/:slug,1079.600000,0.000000,360,420,440,450,540,600,660,670,810,810,810,1528241,54,410.0,448.1377276373524,26.804099999935715,21022.02749999924,2909.603165338451
1746384265,2000,POST,POST /pastes,103.400000,0.000000,350,420,440,450,560,600,670,680,690,810,810,152563,2,420.0,454.87345449748176,32.33849999924132,19812.114199999996,2858.322096445403
1746384265,2000,,Aggregated,1183.000000,0.000000,360,420,440,450,550,600,660,680,810,810,810,1680804,56,410.0,448.74911522148807,26.804099999935715,21022.02749999924,2904.9484919122037
1746384266,2000,GET,GET /pastes/:slug,1082.200000,0.000000,390,440,490,520,630,680,720,750,780,810,810,1529440,54,410.0,448.2703551667505,26.804099999935715,21022.02749999924,2909.623339915263
1746384266,2000,POST,POST /pastes,104.300000,0.000000,390,450,510,550,660,690,720,740,790,790,790,152713,2,420.0,455.0472430061574,32.33849999924132,19812.114199999996,2858.2184031483894
1746384266,2000,,Aggregated,1186.500000,0.000000,390,440,490,520,640,680,720,750,780,810,810,1682153,56,420.0,448.8855898526695,26.804099999935715,21022.02749999924,2904.9565812384485
1746384267,2000,GET,GET /pastes/:slug,1103.800000,0.000000,410,460,510,530,640,680,720,750,780,810,810,1530389,54,410.0,448.2619462823734,26.804099999935715,21022.02749999924,2909.59039368422
1746384267,2000,POST,POST /pastes,106.000000,0.000000,410,460,520,570,660,690,720,740,790,790,790,152807,2,420.0,455.03232011425735,32.33849999924132,19812.114199999996,2858.161825047282
1746384267,2000,,Aggregated,1209.800000,0.000000,410,460,510,540,640,680,720,750,780,810,810,1683196,56,420.0,448.87658683174004,26.804099999935715,21022.02749999924,2904.9215106262136
1746384268,2000,GET,GET /pastes/:slug,1055.500000,0.000000,440,500,540,580,660,700,720,750,790,830,830,1531484,54,410.0,448.3512641812345,26.804099999935715,21022.02749999924,2909.622447247245
1746384268,2000,POST,POST /pastes,105.400000,0.000000,440,510,570,600,670,700,720,740,790,790,790,152907,2,420.0,455.1116044072498,32.33849999924132,19812.114199999996,2858.1627721425443
1746384268,2000,,Aggregated,1160.900000,0.000000,440,500,540,580,660,700,720,750,790,830,830,1684391,56,420.0,448.96495977978725,26.804099999935715,21022.02749999924,2904.9509995007097
1746384269,2000,GET,GET /pastes/:slug,1059.900000,0.000000,440,510,540,580,660,690,720,750,790,830,830,1532719,54,410.0,448.26994555703544,26.804099999935715,21022.02749999924,2909.66139781656
1746384269,2000,POST,POST /pastes,109.200000,0.000000,440,510,570,600,670,700,720,740,790,790,790,153030,2,420.0,455.0298723884165,32.33849999924132,19812.114199999996,2857.9791609488334
1746384269,2000,,Aggregated,1169.100000,0.000000,440,510,540,580,660,690,720,750,790,830,830,1685749,56,420.0,448.8836025148678,26.804099999935715,21022.02749999924,2904.969754690645
1746384270,2000,GET,GET /pastes/:slug,1035.100000,0.000000,450,510,540,580,670,700,720,750,790,830,830,1533285,54,410.0,448.2695709022356,26.804099999935715,21022.02749999924,2909.654932383738
1746384270,2000,POST,POST /pastes,105.900000,0.000000,450,520,560,610,680,700,720,750,790,790,790,153095,2,420.0,455.0283615428291,32.33849999924132,19812.114199999996,2858.0302753192464
1746384270,2000,,Aggregated,1141.000000,0.000000,450,510,540,580,670,700,720,750,790,830,830,1686380,56,420.0,448.88315565367026,26.804099999935715,21022.02749999924,2904.9682799843454
1746384271,2000,GET,GET /pastes/:slug,1050.700000,0.000000,490,550,610,650,720,800,840,850,870,900,900,1534804,54,420.0,448.48848433209406,26.804099999935715,21022.02749999924,2909.584754144503
1746384271,2000,POST,POST /pastes,106.300000,0.000000,500,570,630,670,730,800,840,850,870,900,900,153245,2,420.0,455.25705259486097,32.33849999924132,19812.114199999996,2857.893164540442
1746384271,2000,,Aggregated,1157.000000,0.000000,490,550,610,650,720,800,840,850,870,900,900,1688049,56,420.0,449.10295064404977,26.804099999935715,21022.02749999924,2904.8920718533645
1746384272,2000,GET,GET /pastes/:slug,1043.600000,0.000000,480,540,600,650,720,800,840,850,870,900,900,1535856,54,420.0,448.3671939159237,26.804099999935715,21022.02749999924,2909.58853889948
1746384272,2000,POST,POST /pastes,106.600000,0.000000,490,560,620,660,720,800,840,850,870,900,900,153353,2,420.0,455.1337274177846,32.33849999924132,19812.114199999996,2857.9646567070745
1746384272,2000,,Aggregated,1150.200000,0.000000,490,540,600,650,720,800,840,850,870,900,900,1689209,56,420.0,448.98148629307394,26.804099999935715,21022.02749999924,2904.901920958271
1746384273,2000,GET,GET /pastes/:slug,980.900000,0.000000,450,530,580,620,720,800,840,850,870,900,900,1536982,54,410.0,448.33931063398035,26.804099999935715,21022.02749999924,2909.6120169266783
1746384273,2000,POST,POST /pastes,101.000000,0.000000,470,540,600,640,720,800,840,850,870,900,900,153460,2,420.0,455.11104351622305,32.33849999924132,19812.114199999996,2857.947693209957
1746384273,2000,,Aggregated,1081.900000,0.000000,450,530,580,620,720,800,840,850,870,900,900,1690442,56,420.0,448.95405525586705,26.804099999935715,21022.02749999924,2904.9218784199634
1746384274,2000,GET,GET /pastes/:slug,1018.400000,0.000000,470,530,580,620,720,800,840,850,870,900,900,1538179,54,410.0,448.3271628767102,26.804099999935715,21022.02749999924,2909.662929997094
1746384274,2000,POST,POST /pastes,103.300000,0.000000,480,540,600,640,720,800,840,850,870,900,900,153583,2,420.0,455.09752618909374,32.33849999924132,19812.114199999996,2858.0311167251584
1746384274,2000,,Aggregated,1121.700000,0.000000,470,530,580,620,720,800,840,850,880,900,900,1691762,56,420.0,448.9417958502655,26.804099999935715,21022.02749999924,2904.9756461015204
1746384276,2000,GET,GET /pastes/:slug,1028.400000,0.000000,440,510,560,590,710,810,840,850,880,900,900,1539026,54,410.0,448.3268666700476,26.804099999935715,21022.02749999924,2909.640046366988
1746384276,2000,POST,POST /pastes,105.100000,0.000000,440,520,560,590,710,810,840,850,900,900,900,153664,2,420.0,455.09246050603684,32.33849999924132,19812.114199999996,2858.034894314869
1746384276,2000,,Aggregated,1133.500000,0.000000,440,510,560,590,710,810,840,850,880,900,900,1692690,56,420.0,448.9410536807909,26.804099999935715,21022.02749999924,2904.9552818295138
1746384277,2000,GET,GET /pastes/:slug,1022.600000,0.000000,460,550,600,640,770,810,840,850,880,900,900,1540154,54,420.0,448.50164536801867,26.804099999935715,21022.02749999924,2909.6193263790506
1746384277,2000,POST,POST /pastes,106.500000,0.000000,480,560,600,640,790,810,840,850,900,900,900,153777,2,420.0,455.2663547090892,32.33849999924132,19812.114199999996,2858.0742373696976
1746384277,2000,,Aggregated,1129.100000,0.000000,460,550,600,640,770,810,840,850,880,900,900,1693931,56,420.0,449.1157534446423,26.804099999935715,21022.02749999924,2904.9400040497517
1746384278,2000,GET,GET /pastes/:slug,1042.600000,0.000000,420,530,580,620,770,810,840,850,880,900,900,1541301,54,420.0,448.4192626899845,26.804099999935715,21022.02749999924,2909.6316300320314
1746384278,2000,POST,POST /pastes,105.200000,0.000000,430,540,580,630,790,810,840,850,900,900,900,153903,2,420.0,455.16539247122904,32.33849999924132,19812.114199999996,2858.0472505409252
1746384278,2000,,Aggregated,1147.800000,0.000000,420,530,580,620,780,810,840,850,880,900,900,1695204,56,420.0,449.03172562171653,26.804099999935715,21022.02749999924,2904.9484233166036
1746384279,2000,GET,GET /pastes/:slug,1022.100000,0.000000,450,540,590,620,770,810,840,850,880,900,900,1542329,54,420.0,448.418482068376,26.804099999935715,21022.02749999924,2909.631790623142
1746384279,2000,POST,POST /pastes,100.900000,0.000000,460,550,590,620,790,810,840,850,900,900,900,154002,2,420.0,455.1553442189036,32.33849999924132,19812.114199999996,2857.9713899819485
1746384279,2000,,Aggregated,1123.000000,0.000000,450,540,590,620,770,810,840,850,880,900,900,1696331,56,420.0,449.03009044251183,26.804099999935715,21022.02749999924,2904.941783177929
1746384280,2000,GET,GET /pastes/:slug,1056.800000,0.000000,450,540,580,620,770,820,880,1100,1100,1100,1100,1542854,54,420.0,448.518337205552,26.804099999935715,21022.02749999924,2909.6245367351676
1746384280,2000,POST,POST /pastes,106.600000,0.000000,460,550,590,620,780,820,1000,1100,1100,1100,1100,154067,2,420.0,455.27374178052133,32.33849999924132,19812.114199999996,2857.994080497446
1746384280,2000,,Aggregated,1163.400000,0.000000,450,540,580,620,770,820,890,1100,1100,1100,1100,1696921,56,420.0,449.13167448916886,26.804099999935715,21022.02749999924,2904.936899832108
1746384281,2000,GET,GET /pastes/:slug,1010.900000,0.000000,450,550,610,700,1000,1100,1200,1200,1200,1200,1200,1543780,54,420.0,448.8788941299496,26.804099999935715,21022.02749999924,2909.589435023125
1746384281,2000,POST,POST /pastes,102.400000,0.000000,460,560,630,720,1000,1100,1200,1200,1200,1200,1200,154164,2,420.0,455.6562047189975,32.33849999924132,19812.114199999996,2858.064308139384
1746384281,2000,,Aggregated,1113.300000,0.000000,450,550,610,700,1000,1100,1200,1200,1200,1200,1200,1697944,56,420.0,449.4942367499951,26.804099999935715,21022.02749999924,2904.9112361774005
1746384282,2000,GET,GET /pastes/:slug,983.000000,0.000000,490,590,660,760,1000,1100,1200,1200,1200,1200,1200,1545086,54,420.0,448.964772644652,26.804099999935715,21022.02749999924,2909.5833642916964
1746384282,2000,POST,POST /pastes,100.400000,0.000000,500,600,710,770,1100,1100,1200,1200,1200,1200,1200,154302,2,420.0,455.7810592338371,32.33849999924132,19812.114199999996,2857.9865004990215
1746384282,2000,,Aggregated,1083.400000,0.000000,490,590,670,760,1000,1100,1200,1200,1200,1200,1200,1699388,56,420.0,449.58368171855653,26.804099999935715,21022.02749999924,2904.8984428511912
1746384283,2000,GET,GET /pastes/:slug,989.000000,0.000000,490,600,710,770,1000,1100,1200,1200,1200,1200,1200,1545704,54,420.0,448.9748741133714,26.804099999935715,21022.02749999924,2909.5765017105473
1746384283,2000,POST,POST /pastes,99.900000,0.000000,490,620,730,800,1100,1100,1200,1200,1200,1200,1200,154365,2,420.0,455.7869619693555,32.33849999924132,19812.114199999996,2857.9776374178086
1746384283,2000,,Aggregated,1088.900000,0.000000,490,600,710,770,1100,1100,1200,1200,1200,1200,1200,1700069,56,420.0,449.59340662110463,26.804099999935715,21022.02749999924,2904.891363232904
1746384284,2000,GET,GET /pastes/:slug,1010.100000,0.000000,580,740,820,870,1000,1100,1200,1200,1200,1200,1200,1547179,54,420.0,449.3327265155721,26.804099999935715,21022.02749999924,2909.5641629055203
1746384284,2000,POST,POST /pastes,104.200000,0.000000,580,760,830,920,1100,1100,1200,1200,1200,1200,1200,154510,2,420.0,456.13744008025105,32.33849999924132,19812.114199999996,2857.9448579379978
1746384284,2000,,Aggregated,1114.300000,0.000000,580,740,820,870,1000,1100,1200,1200,1200,1200,1200,1701689,56,420.0,449.95058106647934,26.804099999935715,21022.02749999924,2904.877231973645
1746384285,2000,GET,GET /pastes/:slug,952.000000,0.000000,570,740,820,870,1000,1100,1200,1200,1200,1200,1200,1547933,54,420.0,449.21392112716603,26.804099999935715,21022.02749999924,2909.5606812439555
1746384285,2000,POST,POST /pastes,98.500000,0.000000,580,760,840,920,1100,1100,1200,1200,1200,1200,1200,154582,2,420.0,456.02226704531915,32.33849999924132,19812.114199999996,2857.924150289167
1746384285,2000,,Aggregated,1050.500000,0.000000,570,750,830,880,1100,1100,1200,1200,1200,1200,1200,1702515,56,420.0,449.83209349493967,26.804099999935715,21022.02749999924,2904.872277189922
1746384286,2000,GET,GET /pastes/:slug,928.300000,0.000000,570,800,910,960,1100,1100,1200,1200,1200,1200,1200,1548599,54,420.0,449.406246619775,26.804099999935715,21022.02749999924,2909.53179874196
1746384286,2000,POST,POST /pastes,97.100000,0.000000,580,810,920,960,1100,1100,1200,1200,1200,1200,1200,154650,2,420.0,456.21097372906274,32.33849999924132,19812.114199999996,2857.989860976398
1746384286,2000,,Aggregated,1025.400000,0.000000,570,800,910,960,1100,1100,1200,1200,1200,1200,1200,1703249,56,420.0,450.02409582881705,26.804099999935715,21022.02749999924,2904.851942376012
1746384287,2000,GET,GET /pastes/:slug,964.000000,0.000000,710,860,940,980,1100,1100,1200,1200,1200,1200,1200,1549789,54,420.0,449.6833841143138,26.804099999935715,21022.02749999924,2909.566762959345
1746384287,2000,POST,POST /pastes,98.500000,0.000000,720,870,940,980,1100,1100,1200,1200,1200,1200,1200,154771,2,420.0,456.483624478097,32.33849999924132,19812.114199999996,2857.942708905415
1746384287,2000,,Aggregated,1062.500000,0.000000,710,860,940,980,1100,1100,1200,1200,1200,1200,1200,1704560,56,420.0,450.3008337795315,26.804099999935715,21022.02749999924,2904.879391162529
1746384288,2000,GET,GET /pastes/:slug,904.400000,0.000000,720,860,940,980,1100,1100,1200,1200,1200,1400,1400,1550484,54,420.0,449.75085078003934,26.804099999935715,21022.02749999924,2909.555017659002
1746384288,2000,POST,POST /pastes,93.000000,0.000000,740,880,950,980,1100,1100,1200,1200,1200,1200,1200,154839,2,420.0,456.5503192328778,32.33849999924132,19812.114199999996,2857.9124768307724
1746384288,2000,,Aggregated,997.400000,0.000000,720,860,940,980,1100,1100,1200,1200,1200,1400,1400,1705323,56,420.0,450.36822525734897,26.804099999935715,21022.02749999924,2904.8660060293564
1746384289,2000,GET,GET /pastes/:slug,937.000000,0.000000,730,870,940,980,1100,1100,1200,1200,1700,1900,1900,1551301,54,420.0,449.92121819133683,26.804099999935715,21022.02749999924,2909.4832808075284
1746384289,2000,POST,POST /pastes,97.100000,0.000000,750,890,950,990,1100,1100,1200,1200,2000,2000,2000,154924,2,420.0,456.72317817187513,32.33849999924132,19812.114199999996,2857.8816516485504
1746384289,2000,,Aggregated,1034.100000,0.000000,730,870,950,980,1100,1100,1200,1200,1700,2000,2000,1706225,56,420.0,450.53883125410687,26.804099999935715,21022.02749999924,2904.7978900789753
1746384290,2000,GET,GET /pastes/:slug,889.900000,0.000000,710,850,930,960,1100,1200,1700,1900,2500,2800,2800,1552025,54,420.0,450.2305520631041,26.804099999935715,21022.02749999924,2909.4674377023566
1746384290,2000,POST,POST /pastes,91.500000,0.000000,730,870,930,960,1100,1200,1600,1800,2600,2600,2600,154973,2,420.0,456.94578352293354,32.33849999924132,19812.114199999996,2857.916843579204
1746384290,2000,,Aggregated,981.400000,0.000000,710,850,930,960,1100,1200,1700,1900,2500,2800,2800,1706998,56,420.0,450.84020688696677,26.804099999935715,21022.02749999924,2904.787320781864
1746384291,2000,GET,GET /pastes/:slug,879.400000,0.000000,720,850,920,950,1000,1600,2100,2400,3400,3800,3800,1552752,54,420.0,450.5506395716379,26.804099999935715,21022.02749999924,2909.485700227725
1746384291,2000,POST,POST /pastes,89.400000,0.000000,730,850,920,950,1000,1500,1800,2200,3500,3500,3500,155041,2,420.0,457.23595444946574,32.33849999924132,19812.114199999996,2857.9441567069357
1746384291,2000,,Aggregated,968.800000,0.000000,720,850,920,950,1000,1600,2100,2400,3500,3800,3800,1707793,56,420.0,451.15756201714083,26.804099999935715,21022.02749999924,2904.8065310022935
1746384292,2000,GET,GET /pastes/:slug,867.500000,0.000000,720,850,920,960,1200,1800,2500,3100,4000,5000,5000,1554236,54,420.0,450.87732416611055,26.804099999935715,21022.02749999924,2909.5855725900055
1746384292,2000,POST,POST /pastes,87.900000,0.000000,740,860,930,960,1100,1700,2400,3500,4600,4600,4600,155191,2,420.0,457.6025286434112,32.33849999924132,19812.114199999996,2858.0172819300087
1746384292,2000,,Aggregated,955.400000,0.000000,720,850,920,960,1200,1800,2500,3100,4000,5000,5000,1709427,56,420.0,451.4878744897196,26.804099999935715,21022.02749999924,2904.903925116428
1746384293,2000,GET,GET /pastes/:slug,887.200000,0.000000,670,800,860,930,1200,1900,2900,3500,5400,5700,5700,1555256,54,420.0,450.9536225075085,26.804099999935715,21022.02749999924,2909.605066304197
1746384293,2000,POST,POST /pastes,87.800000,0.000000,680,800,870,930,1100,1800,3200,3900,5100,5100,5100,155296,2,420.0,457.6918225749513,32.33849999924132,19812.114199999996,2857.922451318772
1746384293,2000,,Aggregated,975.000000,0.000000,670,800,860,930,1200,1900,2900,3600,5400,5700,5700,1710552,56,420.0,451.5653639323073,26.804099999935715,21022.02749999924,2904.912953245502
1746384294,2000,GET,GET /pastes/:slug,834.000000,0.000000,630,750,870,940,1300,2000,3000,3600,5800,6600,6600,1556329,54,420.0,451.01717309215377,26.804099999935715,21022.02749999924,2909.6328205668597
1746384294,2000,POST,POST /pastes,79.800000,0.000000,650,780,870,930,1200,1800,3500,4200,5300,5300,5300,155414,2,420.0,457.7823605749778,32.33849999924132,19812.114199999996,2857.8560618734477
1746384294,2000,,Aggregated,913.800000,0.000000,630,750,870,940,1300,2000,3000,3700,5700,6600,6600,1711743,56,420.0,451.63140364396816,26.804099999935715,21022.02749999924,2904.931861850757
1746384295,2000,GET,GET /pastes/:slug,877.800000,0.000000,580,720,840,920,1200,1900,2900,3600,6400,7500,7500,1557512,54,420.0,450.99770379640165,26.804099999935715,21022.02749999924,2909.6162617045647
1746384295,2000,POST,POST /pastes,84.900000,0.000000,590,730,840,920,1100,1700,3500,4000,5300,5300,5300,155538,2,420.0,457.74015082937694,32.33849999924132,19812.114199999996,2857.9758001260143
1746384295,2000,,Aggregated,962.700000,0.000000,580,720,840,920,1200,1900,2900,3600,6300,7300,7500,1713050,56,420.0,451.60989067163206,26.804099999935715,21022.02749999924,2904.9275170018386
1746384296,2000,GET,GET /pastes/:slug,899.600000,0.000000,510,600,690,750,1200,1900,3000,3600,6400,7500,7500,1558581,54,420.0,450.9720068547233,26.804099999935715,21022.02749999924,2909.6841254962046
1746384296,2000,POST,POST /pastes,86.500000,0.000000,520,610,710,770,1200,1800,3500,4000,5300,5300,5300,155643,2,420.0,457.71875193808654,32.33849999924132,19812.114199999996,2858.0947938551685
1746384296,2000,,Aggregated,986.100000,0.000000,510,600,690,760,1200,1900,3000,3700,6300,7300,7500,1714224,56,420.0,451.58457770019515,26.804099999935715,21022.02749999924,2905.0000711692287
1746384297,2000,GET,GET /pastes/:slug,866.000000,0.000000,500,580,660,710,1200,1900,2900,3600,6400,7500,7500,1559500,54,420.0,451.02098916706746,26.804099999935715,21022.02749999924,2909.707604360372
1746384297,2000,POST,POST /pastes,86.500000,0.000000,500,590,670,750,1200,1800,3500,4000,5300,5300,5300,155712,2,420.0,457.75544829299963,32.33849999924132,19812.114199999996,2858.1036336313196
1746384297,2000,,Aggregated,952.500000,0.000000,500,580,660,710,1200,1900,2900,3700,6300,7300,7500,1715212,56,420.0,451.6323632126171,26.804099999935715,21022.02749999924,2905.0228438233876
1746384299,2000,GET,GET /pastes/:slug,958.800000,0.000000,470,520,600,650,970,1900,3000,3600,6400,7500,7500,1560564,54,420.0,451.04902483201,26.804099999935715,21022.02749999924,2909.6912404745976
1746384299,2000,POST,POST /pastes,95.400000,0.000000,470,540,610,670,970,1700,3500,4000,5300,5300,5300,155845,2,420.0,457.7921288408329,32.33849999924132,19812.114199999996,2858.067817382656
1746384299,2000,,Aggregated,1054.200000,0.000000,470,520,600,650,970,1900,3000,3700,6300,7300,7500,1716409,56,420.0,451.6612792796699,26.804099999935715,21022.02749999924,2905.0039821511073
1746384300,2000,GET,GET /pastes/:slug,938.300000,0.000000,470,510,540,580,760,1400,2900,3600,6400,7500,7500,1561252,54,420.0,451.1120977761072,26.804099999935715,21022.02749999924,2909.6691725615083
1746384300,2000,POST,POST /pastes,91.200000,0.000000,470,520,570,600,800,1200,3500,4000,5300,5300,5300,155905,2,420.0,457.8385681709986,32.33849999924132,19812.114199999996,2858.1177704371253
1746384300,2000,,Aggregated,1029.500000,0.000000,470,510,540,580,760,1400,3000,3700,6400,7500,7500,1717157,56,420.0,451.7228109298338,26.804099999935715,21022.02749999924,2904.9886911913122
1746384301,2000,GET,GET /pastes/:slug,966.200000,0.000000,470,520,570,660,940,1000,1000,3400,6400,7500,7500,1562496,54,420.0,451.49517233506083,26.804099999935715,21022.02749999924,2909.664676901573
1746384301,2000,POST,POST /pastes,96.800000,0.000000,480,540,630,720,980,1000,1200,4000,5300,5300,5300,156050,2,420.0,458.29274411342277,32.33849999924132,19812.114199999996,2858.2439218199297
1746384301,2000,,Aggregated,1063.000000,0.000000,480,520,580,660,940,1000,1100,3500,6300,7300,7500,1718546,56,420.0,452.1124156768226,26.804099999935715,21022.02749999924,2904.995492119501
1746384302,2000,GET,GET /pastes/:slug,978.000000,0.000000,470,520,560,640,910,1000,1000,1000,6400,7500,7500,1563717,54,420.0,451.33999288000524,26.804099999935715,21022.02749999924,2909.64152081227
1746384302,2000,POST,POST /pastes,97.300000,0.000000,470,530,600,670,940,1000,1100,1200,5300,5300,5300,156165,2,420.0,458.12348556846695,32.33849999924132,19812.114199999996,2858.169327314059
1746384302,2000,,Aggregated,1075.300000,0.000000,470,520,570,650,910,1000,1000,1100,6300,7300,7500,1719882,56,420.0,451.95593288966364,26.804099999935715,21022.02749999924,2904.9678541899966
1746384303,2000,GET,GET /pastes/:slug,990.500000,0.000000,480,530,600,670,910,990,1000,1000,6400,7500,7500,1564403,54,420.0,451.36256792306284,26.804099999935715,21022.02749999924,2909.65620431564
1746384303,2000,POST,POST /pastes,102.400000,0.000000,480,540,620,680,930,1000,1000,1100,5300,5300,5300,156236,2,420.0,458.1127383893571,32.33849999924132,19812.114199999996,2858.2026357561635
1746384303,2000,,Aggregated,1092.900000,0.000000,480,530,600,670,910,990,1000,1000,6300,7300,7500,1720639,56,420.0,451.97549116435283,26.804099999935715,21022.02749999924,2904.984161116887
1746384304,2000,GET,GET /pastes/:slug,1032.800000,0.000000,510,630,700,760,910,990,1000,1000,1100,7500,7500,1565684,54,420.0,451.58005929098385,26.804099999935715,21022.02749999924,2909.6628655590785
1746384304,2000,POST,POST /pastes,106.700000,0.000000,510,620,700,770,930,1000,1000,1000,1100,1100,1100,156343,2,420.0,458.28332113685696,32.33849999924132,19812.114199999996,2858.1877090755584
1746384304,2000,,Aggregated,1139.500000,0.000000,510,630,700,760,910,990,1000,1000,1100,1100,7500,1722027,56,420.0,452.1886490905438,26.804099999935715,21022.02749999924,2904.989431060024
1746384305,2000,GET,GET /pastes/:slug,986.900000,0.000000,510,630,710,770,910,990,1000,1000,1100,1100,1100,1566753,54,420.0,451.46766109823614,26.804099999935715,21022.02749999924,2909.6407142670223
1746384305,2000,POST,POST /pastes,102.300000,0.000000,510,620,700,760,930,1000,1000,1000,1100,1100,1100,156462,2,420.0,458.159106124808,32.33849999924132,19812.114199999996,2858.0800833429203
1746384305,2000,,Aggregated,1089.200000,0.000000,510,630,700,770,910,990,1000,1000,1100,1100,1100,1723215,56,420.0,452.0752213108299,26.804099999935715,21022.02749999924,2904.959186172358
1746384306,2000,GET,GET /pastes/:slug,1005.600000,0.000000,530,650,710,770,910,990,1000,1000,1100,1100,1100,1567705,54,420.0,451.5260218073192,26.804099999935715,21022.02749999924,2909.6348401006567
1746384306,2000,POST,POST /pastes,101.100000,0.000000,520,640,700,770,930,1000,1000,1000,1100,1100,1100,156555,2,420.0,458.19385088818456,32.33849999924132,19812.114199999996,2858.051892306218
1746384306,2000,,Aggregated,1106.700000,0.000000,530,650,710,770,910,990,1000,1000,1100,1100,1100,1724260,56,420.0,452.1314304938007,26.804099999935715,21022.02749999924,2904.9513420249846
1746384307,2000,GET,GET /pastes/:slug,1011.300000,0.000000,550,640,700,760,900,980,1000,1000,1100,1100,1100,1569005,54,420.0,451.5799772774733,26.804099999935715,21022.02749999924,2909.652716211867
1746384307,2000,POST,POST /pastes,101.100000,0.000000,520,630,680,740,910,1000,1000,1000,1100,1100,1100,156704,2,420.0,458.24569172835237,32.33849999924132,19812.114199999996,2858.132574790688
1746384307,2000,,Aggregated,1112.400000,0.000000,540,640,700,760,900,990,1000,1000,1100,1100,1100,1725709,56,420.0,452.18526131858766,26.804099999935715,21022.02749999924,2904.9744000871524
1746384308,2000,GET,GET /pastes/:slug,955.300000,0.000000,530,640,700,760,900,980,1000,1000,1100,1100,1100,1570046,54,420.0,451.42501155255326,26.804099999935715,21022.02749999924,2909.636343775915
1746384308,2000,POST,POST /pastes,96.900000,0.000000,490,620,680,750,920,1000,1000,1000,1100,1100,1100,156825,2,420.0,458.06459322046715,32.33849999924132,19812.114199999996,2857.9090514905147
1746384308,2000,,Aggregated,1052.200000,0.000000,530,640,700,760,900,990,1000,1000,1100,1100,1100,1726871,56,420.0,452.02798212480093,26.804099999935715,21022.02749999924,2904.9387533869062
1746384309,2000,GET,GET /pastes/:slug,979.000000,0.000000,530,630,680,740,880,980,1000,1000,1100,1100,1100,1571087,54,420.0,451.47413112128044,26.804099999935715,21022.02749999924,2909.6493612384293
1746384309,2000,POST,POST /pastes,98.300000,0.000000,480,620,670,720,900,1000,1000,1000,1100,1100,1100,156927,2,420.0,458.08483787620884,32.33849999924132,19812.114199999996,2857.91127084568
1746384309,2000,,Aggregated,1077.300000,0.000000,520,630,680,740,880,980,1000,1000,1100,1100,1100,1728014,56,420.0,452.07447254150514,26.804099999935715,21022.02749999924,2904.9508441482535
1746384310,2000,GET,GET /pastes/:slug,1008.800000,0.000000,460,580,630,650,730,800,850,870,920,1000,1000,1572256,54,420.0,451.46268721858263,26.804099999935715,21022.02749999924,2909.660729550404
1746384310,2000,POST,POST /pastes,105.000000,0.000000,420,540,600,630,700,770,830,840,880,880,880,157040,2,420.0,458.0687801369064,32.33849999924132,19812.114199999996,2857.869230769231
1746384310,2000,,Aggregated,1113.800000,0.000000,460,570,630,640,730,800,850,870,920,1000,1000,1729296,56,420.0,452.06259656428796,26.804099999935715,21022.02749999924,2904.9574647717914
1746384311,2000,GET,GET /pastes/:slug,991.200000,0.000000,490,560,620,640,710,780,850,870,920,1000,1000,1573148,54,420.0,451.47462525613685,26.804099999935715,21022.02749999924,2909.6466041338767
1746384311,2000,POST,POST /pastes,101.100000,0.000000,450,540,580,620,670,750,790,840,880,880,880,157124,2,420.0,458.0795868021428,32.33849999924132,19812.114199999996,2857.7416308138795
1746384311,2000,,Aggregated,1092.300000,0.000000,480,560,620,640,710,780,850,870,920,1000,1000,1730272,56,420.0,452.0744141783129,26.804099999935715,21022.02749999924,2904.933173512604
1746384312,2000,GET,GET /pastes/:slug,1040.200000,0.000000,490,580,620,640,700,770,850,870,920,1000,1000,1574535,54,420.0,451.4772677218606,26.804099999935715,21022.02749999924,2909.67330735741
1746384312,2000,POST,POST /pastes,107.700000,0.000000,450,560,610,630,680,750,790,840,870,880,880,157270,2,420.0,458.0751245297888,32.33849999924132,19812.114199999996,2857.7594646149932
1746384312,2000,,Aggregated,1147.900000,0.000000,490,580,620,640,700,770,840,860,920,1000,1000,1731805,56,420.0,452.0764373397908,26.804099999935715,21022.02749999924,2904.9588677709094
1746384313,2000,GET,GET /pastes/:slug,1034.400000,0.000000,420,520,570,600,650,680,720,750,820,1000,1000,1575627,54,420.0,451.3115190457771,26.804099999935715,21022.02749999924,2909.648069625616
1746384313,2000,POST,POST /pastes,104.500000,0.000000,410,510,560,590,640,670,710,750,790,850,850,157362,2,420.0,457.93113325580424,32.33849999924132,19812.114199999996,2857.7263125786403
1746384313,2000,,Aggregated,1138.900000,0.000000,420,520,570,600,650,680,720,750,820,1000,1000,1732989,56,420.0,451.9126052219242,26.804099999935715,21022.02749999924,2904.9333763803465
1746384314,2000,GET,GET /pastes/:slug,1006.400000,0.000000,430,520,560,600,650,670,690,710,730,1000,1000,1576468,54,420.0,451.3178308195531,26.804099999935715,21022.02749999924,2909.6409898583415
1746384314,2000,POST,POST /pastes,102.300000,0.000000,420,510,560,580,640,670,690,710,850,850,850,157435,2,420.0,457.9364330866699,32.33849999924132,19812.114199999996,2857.7523358846506
1746384314,2000,,Aggregated,1108.700000,0.000000,430,520,560,600,640,670,690,710,730,1000,1000,1733903,56,420.0,451.9187869560384,26.804099999935715,21022.02749999924,2904.929601598244
1746384315,2000,GET,GET /pastes/:slug,1077.500000,0.000000,470,540,580,610,660,680,700,710,770,1000,1000,1577721,54,420.0,451.4115807985938,26.804099999935715,21022.02749999924,2909.642473542534
1746384315,2000,POST,POST /pastes,108.600000,0.000000,450,540,570,610,660,680,690,710,760,850,850,157552,2,420.0,458.02413771770557,32.33849999924132,19812.114199999996,2857.8155783487355
1746384315,2000,,Aggregated,1186.100000,0.000000,470,540,580,610,660,680,700,710,770,1000,1000,1735273,56,420.0,452.01195985578914,26.804099999935715,21022.02749999924,2904.9369136729492
1746384316,2000,GET,GET /pastes/:slug,1064.600000,0.000000,410,490,540,560,630,670,690,700,770,1000,1000,1578965,54,420.0,451.2402794623299,26.804099999935715,21022.02749999924,2909.585912290646
1746384316,2000,POST,POST /pastes,108.600000,0.000000,400,480,530,560,630,670,690,700,760,850,850,157685,2,420.0,457.8382004692894,32.33849999924132,19812.114199999996,2857.5774804198245
1746384316,2000,,Aggregated,1173.200000,0.000000,410,490,540,560,630,670,690,700,770,1000,1000,1736650,56,420.0,451.8393599759508,26.804099999935715,21022.02749999924,2904.8636311288974
1746384317,2000,GET,GET /pastes/:slug,1036.800000,0.000000,420,510,540,560,630,670,690,700,770,1000,1000,1579920,54,420.0,451.2021223486865,26.804099999935715,21022.02749999924,2909.540772950529
1746384317,2000,POST,POST /pastes,103.900000,0.000000,420,500,530,560,630,680,690,700,760,850,850,157774,2,420.0,457.799153695792,32.33849999924132,19812.114199999996,2857.4944794452826
1746384317,2000,,Aggregated,1140.700000,0.000000,420,500,540,560,630,670,690,700,770,1000,1000,1737694,56,420.0,451.80110008800983,26.804099999935715,21022.02749999924,2904.8152275371845
1746384318,2000,GET,GET /pastes/:slug,1116.100000,0.000000,430,510,540,550,620,660,690,700,760,770,770,1581142,54,420.0,451.21976336188504,26.804099999935715,21022.02749999924,2909.53593984601
1746384318,2000,POST,POST /pastes,111.000000,0.000000,430,500,530,560,620,670,690,700,760,850,850,157889,2,420.0,457.8013555960186,32.33849999924132,19812.114199999996,2857.450449366327
1746384318,2000,,Aggregated,1227.100000,0.000000,430,510,540,550,620,670,690,700,760,770,850,1739031,56,420.0,451.8173151112514,26.804099999935715,21022.02749999924,2904.8070270167696
1746384319,2000,GET,GET /pastes/:slug,1088.700000,0.000000,380,470,520,540,610,660,690,700,760,770,770,1582333,54,420.0,451.1145787290907,26.804099999935715,21022.02749999924,2909.503326417385
1746384319,2000,POST,POST /pastes,108.600000,0.000000,390,450,510,540,620,670,690,700,760,850,850,158011,2,420.0,457.69370313648926,32.33849999924132,19812.114199999996,2857.5653593737143
1746384319,2000,,Aggregated,1197.300000,0.000000,380,470,520,540,610,660,690,700,760,770,850,1740344,56,420.0,451.7119169718376,26.804099999935715,21022.02749999924,2904.7877241510873
1746384320,2000,GET,GET /pastes/:slug,1074.600000,0.000000,410,490,530,560,610,660,690,700,760,770,770,1583175,54,420.0,451.13975165830556,26.804099999935715,21022.02749999924,2909.5093536722093
1746384320,2000,POST,POST /pastes,104.600000,0.000000,400,490,530,560,620,670,690,700,760,850,850,158095,2,420.0,457.7132835636784,32.33849999924132,19812.114199999996,2857.675176318037
1746384320,2000,,Aggregated,1179.200000,0.000000,410,490,530,560,620,670,690,700,760,770,850,1741270,56,420.0,451.73658186073084,26.804099999935715,21022.02749999924,2904.803176991506
1746384321,2000,GET,GET /pastes/:slug,1107.900000,0.000000,390,470,530,550,600,650,680,700,760,770,770,1584453,54,420.0,451.17866619694,26.804099999935715,21022.02749999924,2909.520746276475
1746384321,2000,POST,POST /pastes,108.300000,0.000000,390,450,510,550,600,650,690,690,700,760,760,158209,2,420.0,457.73774977023885,32.33849999924132,19812.114199999996,2857.8132533547396
1746384321,2000,,Aggregated,1216.200000,0.000000,390,470,530,550,600,650,680,700,760,770,770,1742662,56,420.0,451.77413798265934,26.804099999935715,21022.02749999924,2904.8264390914587
1746384322,2000,GET,GET /pastes/:slug,1092.000000,0.000000,390,480,530,550,600,650,680,700,760,770,770,1585310,54,420.0,451.09839043407374,26.804099999935715,21022.02749999924,2909.5123288189693
1746384322,2000,POST,POST /pastes,104.900000,0.000000,390,460,520,550,600,660,690,690,760,760,760,158306,2,420.0,457.64745924601505,32.33849999924132,19812.114199999996,2857.7301997397444
1746384322,2000,,Aggregated,1196.900000,0.000000,390,470,530,550,600,650,680,700,760,770,770,1743616,56,420.0,451.6929920478125,26.804099999935715,21022.02749999924,2904.8109371558876
1746384323,2000,GET,GET /pastes/:slug,1085.300000,0.000000,440,520,560,570,640,680,700,710,760,770,770,1586491,54,420.0,451.20144886402807,26.804099999935715,21022.02749999924,2909.5088809202193
1746384323,2000,POST,POST /pastes,105.100000,0.000000,430,510,550,570,640,680,700,710,730,760,760,158433,2,420.0,457.7459583931363,32.33849999924132,19812.114199999996,2857.7486445374384
1746384323,2000,,Aggregated,1190.400000,0.000000,440,520,560,570,640,680,700,710,760,770,770,1744924,56,420.0,451.795667453619,26.804099999935715,21022.02749999924,2904.8092323791752
1746384324,2000,GET,GET /pastes/:slug,1107.900000,0.000000,420,510,550,560,600,650,690,710,720,760,760,1587636,54,420.0,451.1592330070875,26.804099999935715,21022.02749999924,2909.5052367167286
1746384324,2000,POST,POST /pastes,105.600000,0.000000,410,500,540,560,590,630,680,710,720,730,730,158547,2,420.0,457.70560770686166,32.33849999924132,19812.114199999996,2857.780941928892
1746384324,2000,,Aggregated,1213.500000,0.000000,420,510,550,560,600,650,690,710,720,760,760,1746183,56,420.0,451.75361977498216,26.804099999935715,21022.02749999924,2904.808860812412
1746384325,2000,GET,GET /pastes/:slug,1045.500000,0.000000,420,520,550,580,620,670,700,710,730,760,760,1588313,54,420.0,451.20647681133363,26.804099999935715,21022.02749999924,2909.5490227681826
1746384325,2000,POST,POST /pastes,100.900000,0.000000,420,510,550,570,610,660,690,710,730,730,730,158606,2,420.0,457.7425275096765,32.33849999924132,19812.114199999996,2857.794635764095
1746384325,2000,,Aggregated,1146.400000,0.000000,420,520,550,580,620,670,700,710,730,760,760,1746919,56,420.0,451.79989691670716,26.804099999935715,21022.02749999924,2904.8501464578494
1746384327,2000,GET,GET /pastes/:slug,1060.800000,0.000000,450,550,590,610,690,740,790,810,850,850,850,1589880,54,420.0,451.28185527174367,26.804099999935715,21022.02749999924,2909.55607907515
1746384327,2000,POST,POST /pastes,104.900000,0.000000,450,530,580,600,670,720,790,800,850,850,850,158751,2,420.0,457.78790406926413,32.33849999924132,19812.114199999996,2857.796341440369
1746384327,2000,,Aggregated,1165.700000,0.000000,450,550,590,610,680,740,790,810,850,850,850,1748631,56,420.0,451.87251262178046,26.804099999935715,21022.02749999924,2904.8570258676646
1746384328,2000,GET,GET /pastes/:slug,999.000000,0.000000,440,550,590,610,690,760,800,810,850,850,850,1590651,54,420.0,451.21106606976576,26.804099999935715,21022.02749999924,2909.537396323895
1746384328,2000,POST,POST /pastes,98.300000,0.000000,430,530,580,600,670,730,790,800,850,850,850,158834,2,420.0,457.7030335261953,32.33849999924132,19812.114199999996,2857.875486356825
1746384328,2000,,Aggregated,1097.300000,0.000000,440,550,590,610,690,760,800,810,850,850,850,1749485,56,420.0,451.8004653266737,26.804099999935715,21022.02749999924,2904.847062992824
1746384329,2000,GET,GET /pastes/:slug,1059.700000,0.000000,520,580,610,640,700,760,800,810,850,850,850,1591788,54,420.0,451.3176195410062,26.804099999935715,21022.02749999924,2909.5660006231988
1746384329,2000,POST,POST /pastes,103.700000,0.000000,510,570,600,630,690,740,790,800,850,850,850,158948,2,420.0,457.80547759707383,32.33849999924132,19812.114199999996,2857.767313838488
1746384329,2000,,Aggregated,1163.400000,0.000000,510,580,610,640,700,760,790,810,850,850,850,1750736,56,420.0,451.90664727693735,26.804099999935715,21022.02749999924,2904.863236947204
1746384330,2000,GET,GET /pastes/:slug,1021.500000,0.000000,470,560,600,640,700,760,790,810,850,850,850,1592977,54,420.0,451.26008609907063,26.804099999935715,21022.02749999924,2909.554599972253
1746384330,2000,POST,POST /pastes,101.600000,0.000000,450,560,600,620,680,740,790,800,850,850,850,159062,2,420.0,457.7372048094437,32.33849999924132,19812.114199999996,2857.651638983541
1746384330,2000,,Aggregated,1123.100000,0.000000,470,560,600,640,700,760,790,810,850,850,850,1752039,56,420.0,451.84812292719306,26.804099999935715,21022.02749999924,2904.8424966567527
1746384331,2000,GET,GET /pastes/:slug,996.800000,0.000000,480,560,600,650,710,760,800,810,850,850,850,1593878,54,420.0,451.24479017072866,26.804099999935715,21022.02749999924,2909.5010791290174
1746384331,2000,POST,POST /pastes,97.900000,0.000000,460,550,600,620,690,740,790,800,850,850,850,159161,2,420.0,457.72251570610723,32.33849999924132,19812.114199999996,2857.75994747457
1746384331,2000,,Aggregated,1094.700000,0.000000,480,560,600,640,710,760,800,810,850,850,850,1753039,56,420.0,451.8329124395054,26.804099999935715,21022.02749999924,2904.803425365893
1746384332,2000,GET,GET /pastes/:slug,1031.000000,0.000000,520,580,620,650,710,760,790,810,850,850,850,1595145,54,420.0,451.332007085524,26.804099999935715,21022.02749999924,2909.4595738945363
1746384332,2000,POST,POST /pastes,101.200000,0.000000,510,580,610,630,700,740,790,800,850,850,850,159271,2,420.0,457.800092001053,32.33849999924132,19812.114199999996,2857.8040195641393
1746384332,2000,,Aggregated,1132.200000,0.000000,510,580,620,650,710,760,790,810,850,850,850,1754416,56,420.0,451.9191986937737,26.804099999935715,21022.02749999924,2904.770132055339
1746384333,2000,GET,GET /pastes/:slug,1025.100000,0.000000,460,550,590,620,700,760,790,810,850,850,850,1596189,54,420.0,451.2869859432294,26.804099999935715,21022.02749999924,2909.4764723976923
1746384333,2000,POST,POST /pastes,101.600000,0.000000,450,540,590,610,680,740,790,800,850,850,850,159375,2,420.0,457.7578293408607,32.33849999924132,19812.114199999996,2857.8484580392155
1746384333,2000,,Aggregated,1126.700000,0.000000,460,550,590,620,700,760,790,810,850,850,850,1755564,56,420.0,451.874427168098,26.804099999935715,21022.02749999924,2904.7895371515933
1746384334,2000,GET,GET /pastes/:slug,993.500000,0.000000,480,560,600,630,700,760,790,810,850,850,850,1597262,54,420.0,451.32514635009045,26.804099999935715,21022.02749999924,2909.4640171743895
1746384334,2000,POST,POST /pastes,99.700000,0.000000,470,550,600,620,680,740,790,800,850,850,850,159475,2,420.0,457.78809079479333,32.33849999924132,19812.114199999996,2857.870801065998
1746384334,2000,,Aggregated,1093.200000,0.000000,480,560,600,630,700,760,790,810,850,850,850,1756737,56,420.0,451.91184661616103,26.804099999935715,21022.02749999924,2904.780431561469
1746384335,2000,GET,GET /pastes/:slug,1041.800000,0.000000,480,560,610,630,700,760,800,810,1100,1300,1300,1598007,54,420.0,451.3961457224146,26.804099999935715,21022.02749999924,2909.473710690879
1746384335,2000,POST,POST /pastes,102.200000,0.000000,470,560,600,620,690,740,790,820,1000,1000,1000,159554,2,420.0,457.8602573003473,32.33849999924132,19812.114199999996,2857.7300099026033
1746384335,2000,,Aggregated,1144.000000,0.000000,480,560,610,630,700,760,800,810,1100,1200,1300,1757561,56,420.0,451.98296737964466,26.804099999935715,21022.02749999924,2904.7763406220324
1746384336,2000,GET,GET /pastes/:slug,1020.600000,0.000000,490,570,610,630,700,750,910,1000,1500,1800,1800,1598595,54,420.0,451.53166582689107,26.804099999935715,21022.02749999924,2909.422111917027
1746384336,2000,POST,POST /pastes,98.100000,0.000000,480,570,610,630,680,740,890,1000,1800,1800,1800,159605,2,420.0,457.9788814648641,32.33849999924132,19812.114199999996,2857.6507189624385
1746384336,2000,,Aggregated,1118.700000,0.000000,490,570,610,630,700,750,910,1000,1500,1800,1800,1758200,56,420.0,452.11692794263206,26.804099999935715,21022.02749999924,2904.7224343078146
1746384337,2000,GET,GET /pastes/:slug,1006.900000,0.000000,530,590,630,660,750,1000,1500,1800,2300,2600,2600,1599634,54,420.0,451.8375321231221,26.804099999935715,21022.02749999924,2909.3950103586194
1746384337,2000,POST,POST /pastes,96.300000,0.000000,530,600,630,650,740,1000,1600,1900,2600,2600,2600,159695,2,420.0,458.303346227494,32.33849999924132,19812.114199999996,2857.6192178840915
1746384337,2000,,Aggregated,1103.200000,0.000000,530,600,630,660,750,1000,1500,1800,2300,2600,2600,1759329,56,420.0,452.4244366664991,26.804099999935715,21022.02749999924,2904.6953008789146
1746384338,2000,GET,GET /pastes/:slug,996.000000,0.000000,510,600,640,670,850,1400,2000,2300,3200,3500,3500,1600875,54,420.0,452.11879279902365,26.804099999935715,21022.02749999924,2909.4994912157413
1746384338,2000,POST,POST /pastes,96.800000,0.000000,510,610,640,670,930,1500,2000,2300,3600,3600,3600,159823,2,420.0,458.6117186074577,32.33849999924132,19812.114199999996,2857.6246535229598
1746384338,2000,,Aggregated,1092.800000,0.000000,510,600,640,670,860,1400,2000,2300,3200,3500,3600,1760698,56,420.0,452.70817205740804,26.804099999935715,21022.02749999924,2904.7906813093446
1746384339,2000,GET,GET /pastes/:slug,947.600000,0.000000,530,610,640,670,890,1500,2000,2300,3300,3600,3600,1601821,54,420.0,452.1957363220592,26.804099999935715,21022.02749999924,2909.490772689333
1746384339,2000,POST,POST /pastes,91.200000,0.000000,540,620,650,680,990,1500,2000,2400,3600,3600,3600,159923,2,420.0,458.73631223838754,32.33849999924132,19812.114199999996,2857.7118300682205
1746384339,2000,,Aggregated,1038.800000,0.000000,530,610,640,670,900,1500,2000,2300,3300,3600,3600,1761744,56,420.0,452.78945965658727,26.804099999935715,21022.02749999924,2904.7905189403227
1746384340,2000,GET,GET /pastes/:slug,992.300000,0.000000,570,630,670,700,890,1400,2000,2300,3200,3600,3600,1602995,54,420.0,452.333220066461,26.804099999935715,21022.02749999924,2909.514852510457
1746384340,2000,POST,POST /pastes,95.600000,0.000000,590,640,690,730,1000,1500,2000,2400,3600,3600,3600,160026,2,420.0,458.9029532663422,32.33849999924132,19812.114199999996,2857.756633297089
1746384340,2000,,Aggregated,1087.900000,0.000000,570,630,670,700,900,1400,2000,2300,3300,3600,3600,1763021,56,420.0,452.92954201897436,26.804099999935715,21022.02749999924,2904.8168592433103
1746384341,2000,GET,GET /pastes/:slug,980.600000,0.000000,570,630,680,710,920,1500,2000,2300,3200,3600,3600,1603790,54,420.0,452.4107798770034,26.804099999935715,21022.02749999924,2909.478508408208
1746384341,2000,POST,POST /pastes,95.200000,0.000000,590,650,720,790,1100,1500,2000,2400,3600,3600,3600,160102,2,420.0,459.01190820789077,32.33849999924132,19812.114199999996,2857.7695406678245
1746384341,2000,,Aggregated,1075.800000,0.000000,570,630,680,710,940,1500,2000,2300,3300,3600,3600,1763892,56,420.0,453.00994005689506,26.804099999935715,21022.02749999924,2904.7850752767176
1746384342,2000,GET,GET /pastes/:slug,941.300000,0.000000,580,650,710,760,940,1500,2000,2300,3200,3600,3600,1605306,54,420.0,452.52310577543386,26.804099999935715,21022.02749999924,2909.501098232985
1746384342,2000,POST,POST /pastes,91.600000,0.000000,600,680,810,870,1200,1500,2000,2300,3600,3600,3600,160290,2,420.0,459.25435088339697,32.33849999924132,19812.114199999996,2857.8485120718697
1746384342,2000,,Aggregated,1032.900000,0.000000,580,650,710,770,980,1500,2000,2300,3300,3600,3600,1765596,56,420.0,453.1342032622615,26.804099999935715,21022.02749999924,2904.811807457652
1746384343,2000,GET,GET /pastes/:slug,952.100000,0.000000,560,640,710,750,940,1500,2000,2300,3200,3600,3600,1606275,54,420.0,452.40426536436115,26.804099999935715,21022.02749999924,2909.464930351279
1746384343,2000,POST,POST /pastes,91.100000,0.000000,600,680,810,870,1200,1500,2000,2300,3600,3600,3600,160376,2,420.0,459.1708619706172,32.33849999924132,19812.114199999996,2857.8923404998254
1746384343,2000,,Aggregated,1043.200000,0.000000,570,650,710,770,970,1500,2000,2300,3300,3600,3600,1766651,56,420.0,453.0185347912726,26.804099999935715,21022.02749999924,2904.7831875112856
1746384345,2000,GET,GET /pastes/:slug,921.400000,0.000000,550,640,710,750,970,1500,2000,2300,3300,3600,3600,1607256,54,420.0,452.45575585018116,26.804099999935715,21022.02749999924,2909.4560219405
1746384345,2000,POST,POST /pastes,87.800000,0.000000,590,700,820,880,1200,1500,2100,2300,3600,3600,3600,160475,2,420.0,459.23245424957054,32.33849999924132,19812.114199999996,2857.8543636080385
1746384345,2000,,Aggregated,1009.200000,0.000000,550,650,710,760,990,1500,2000,2300,3300,3600,3600,1767731,56,420.0,453.07094598693794,26.804099999935715,21022.02749999924,2904.7716123097916
1746384346,2000,GET,GET /pastes/:slug,949.800000,0.000000,550,620,680,710,820,1200,2000,2300,3200,3600,3600,1608426,54,420.0,452.54545670645535,26.804099999935715,21022.02749999924,2909.45394938903
1746384346,2000,POST,POST /pastes,95.300000,0.000000,580,670,740,830,1000,1400,2100,2300,3600,3600,3600,160585,2,420.0,459.3211822872613,32.33849999924132,19812.114199999996,2858.055422361989
1746384346,2000,,Aggregated,1045.100000,0.000000,550,620,680,710,840,1200,2000,2300,3300,3600,3600,1769011,56,420.0,453.1605347881579,26.804099999935715,21022.02749999924,2904.7881601640693
1746384347,2000,GET,GET /pastes/:slug,949.900000,0.000000,500,590,630,670,740,840,900,1100,2000,3600,3600,1609495,54,420.0,452.501346321757,26.804099999935715,21022.02749999924,2909.4187530871486
1746384347,2000,POST,POST /pastes,95.800000,0.000000,520,610,680,720,880,1000,1300,1500,3600,3600,3600,160705,2,420.0,459.2725798998155,32.33849999924132,19812.114199999996,2858.0769608910737
1746384347,2000,,Aggregated,1045.700000,0.000000,510,590,630,680,750,850,940,1200,2100,3600,3600,1770200,56,420.0,453.11606279004235,26.804099999935715,21022.02749999924,2904.757764094453
1746384348,2000,GET,GET /pastes/:slug,1008.600000,0.000000,500,590,630,670,730,830,890,1000,1700,2000,2000,1610470,54,420.0,452.53055805816746,26.804099999935715,21022.02749999924,2909.441229578943
1746384348,2000,POST,POST /pastes,100.500000,0.000000,520,610,680,720,870,1000,1300,1400,2300,2300,2300,160805,2,420.0,459.31957983706934,32.33849999924132,19812.114199999996,2857.979689686266
1746384348,2000,,Aggregated,1109.100000,0.000000,500,590,640,670,740,850,930,1200,1800,2100,2300,1771275,56,420.0,453.1468986304406,26.804099999935715,21022.02749999924,2904.7692995158855
1746384349,2000,GET,GET /pastes/:slug,1005.300000,0.000000,480,550,600,630,710,810,890,1000,1700,2000,2000,1611777,54,420.0,452.5144096491854,26.804099999935715,21022.02749999924,2909.5202909583645
1746384349,2000,POST,POST /pastes,103.400000,0.000000,490,590,640,680,850,980,1300,1400,2300,2300,2300,160916,2,420.0,459.3155272129554,32.33849999924132,19812.114199999996,2857.925141067389
1746384349,2000,,Aggregated,1108.700000,0.000000,480,550,600,630,710,830,920,1100,1800,2100,2300,1772693,56,420.0,453.13178030157064,26.804099999935715,21022.02749999924,2904.8367472540367
1746384350,2000,GET,GET /pastes/:slug,983.000000,0.000000,430,490,560,600,700,800,880,970,1700,2000,2000,1612761,54,420.0,452.4129485475129,26.804099999935715,21022.02749999924,2909.517858504763
1746384350,2000,POST,POST /pastes,100.000000,0.000000,460,520,600,660,820,900,1200,1300,2300,2300,2300,160999,2,420.0,459.23897261535757,32.33849999924132,19812.114199999996,2857.9107758433283
1746384350,2000,,Aggregated,1083.000000,0.000000,440,500,570,610,710,820,890,1100,1800,2100,2300,1773760,56,420.0,453.03252675927564,26.804099999935715,21022.02749999924,2904.8336347645677
1746384351,2000,GET,GET /pastes/:slug,1023.000000,0.000000,430,490,560,600,680,720,820,870,1600,2000,2000,1613892,54,420.0,452.48297842819403,26.804099999935715,21022.02749999924,2909.484838514597
1746384351,2000,POST,POST /pastes,103.000000,0.000000,460,530,600,640,720,870,1000,1300,2000,2300,2300,161120,2,420.0,459.32318874503454,32.33849999924132,19812.114199999996,2857.8781032770607
1746384351,2000,,Aggregated,1126.000000,0.000000,440,500,570,610,680,720,840,910,1700,2000,2300,1775012,56,420.0,453.1038726453863,26.804099999935715,21022.02749999924,2904.800432335105
1746384352,2000,GET,GET /pastes/:slug,1037.500000,0.000000,430,490,550,590,650,700,720,720,770,1800,1800,1615209,54,420.0,452.40936979470365,26.804099999935715,21022.02749999924,2909.4592656430223
1746384352,2000,POST,POST /pastes,102.900000,0.000000,450,510,580,610,680,710,770,860,2300,2300,2300,161254,2,420.0,459.2449130570408,32.33849999924132,19812.114199999996,2857.8679040519924
1746384352,2000,,Aggregated,1140.400000,0.000000,430,490,550,590,650,700,720,730,880,1800,2300,1776463,56,420.0,453.02984919293647,26.804099999935715,21022.02749999924,2904.7761884148445
1746384353,2000,GET,GET /pastes/:slug,1036.800000,0.000000,430,490,550,590,650,700,720,720,760,910,910,1616045,54,420.0,452.31881342569903,26.804099999935715,21022.02749999924,2909.4737318577145
1746384353,2000,POST,POST /pastes,104.100000,0.000000,450,520,580,610,680,710,770,860,980,980,980,161322,2,420.0,459.1771568440764,32.33849999924132,19812.114199999996,2857.9243624552137
1746384353,2000,,Aggregated,1140.900000,0.000000,430,500,560,590,650,700,720,730,860,920,980,1777367,56,420.0,452.9413082041761,26.804099999935715,21022.02749999924,2904.7948741030973
1746384354,2000,GET,GET /pastes/:slug,1095.700000,0.000000,440,510,580,610,680,760,800,840,970,970,970,1616783,54,420.0,452.45881459301125,26.804099999935715,21022.02749999924,2909.4658528695563
1746384354,2000,POST,POST /pastes,110.400000,0.000000,460,540,600,630,710,770,810,920,980,980,980,161394,2,420.0,459.3100387158138,32.33849999924132,19812.114199999996,2857.9250901520504
1746384354,2000,,Aggregated,1206.100000,0.000000,440,510,580,610,680,760,800,850,970,970,980,1778177,56,420.0,453.0806573376162,26.804099999935715,21022.02749999924,2904.787820335096
1746384355,2000,GET,GET /pastes/:slug,1050.600000,0.000000,440,520,600,640,780,910,1000,1000,1100,1100,1100,1618388,54,420.0,452.6760440862958,26.804099999935715,21022.02749999924,2909.5150792022678
1746384355,2000,POST,POST /pastes,101.200000,0.000000,460,550,630,660,790,930,1000,1000,1100,1100,1100,161553,2,420.0,459.5182088014461,32.33849999924132,19812.114199999996,2858.0900818926298
1746384355,2000,,Aggregated,1151.800000,0.000000,440,520,600,640,780,910,1000,1000,1100,1100,1100,1779941,56,420.0,453.29706030886933,26.804099999935715,21022.02749999924,2904.84758595931
1746384356,2000,GET,GET /pastes/:slug,1027.900000,0.000000,450,530,610,650,780,910,1000,1000,1100,1100,1100,1618970,54,420.0,452.6685033141629,26.804099999935715,21022.02749999924,2909.5198947478953
1746384356,2000,POST,POST /pastes,99.700000,0.000000,470,560,640,680,790,950,1000,1000,1100,1100,1100,161621,2,420.0,459.50982732008856,32.33849999924132,19812.114199999996,2858.182661906559
1746384356,2000,,Aggregated,1127.600000,0.000000,450,530,610,650,780,910,1000,1000,1100,1100,1100,1780591,56,420.0,453.28947782608543,26.804099999935715,21022.02749999924,2904.860107683348
1746384357,2000,GET,GET /pastes/:slug,1041.000000,0.000000,480,550,620,670,780,910,1000,1000,1100,1100,1100,1620395,54,420.0,452.7922689514159,26.804099999935715,21022.02749999924,2909.4809753177465
1746384357,2000,POST,POST /pastes,100.700000,0.000000,500,570,650,700,790,930,1000,1000,1100,1100,1100,161750,2,420.0,459.62660706707885,32.33849999924132,19812.114199999996,2858.2057496136013
1746384357,2000,,Aggregated,1141.700000,0.000000,490,550,630,670,780,910,1000,1000,1100,1100,1100,1782145,56,420.0,453.41256314195925,26.804099999935715,21022.02749999924,2904.8271633340723
1746384358,2000,GET,GET /pastes/:slug,1023.700000,0.000000,460,550,620,670,780,910,1000,1000,1100,1100,1100,1621438,54,420.0,452.62801308969574,26.804099999935715,21022.02749999924,2909.4961268947686
1746384358,2000,POST,POST /pastes,99.900000,0.000000,460,560,640,690,780,930,1000,1000,1100,1100,1100,161874,2,420.0,459.4280866303424,32.33849999924132,19812.114199999996,2858.2399335285468
1746384358,2000,,Aggregated,1123.600000,0.000000,460,550,620,680,780,910,1000,1000,1100,1100,1100,1783312,56,420.0,453.2452663265468,26.804099999935715,21022.02749999924,2904.8435226141023
1746384359,2000,GET,GET /pastes/:slug,1011.800000,0.000000,490,570,650,690,780,910,1000,1000,1100,1100,1100,1622427,54,420.0,452.64923757674757,26.804099999935715,21022.02749999924,2909.507641946294
1746384359,2000,POST,POST /pastes,97.800000,0.000000,490,590,660,690,780,930,1000,1000,1100,1100,1100,161975,2,420.0,459.4506838487426,32.33849999924132,19812.114199999996,2858.199166538046
1746384359,2000,,Aggregated,1109.600000,0.000000,490,570,650,690,780,910,1000,1000,1100,1100,1100,1784402,56,420.0,453.26662326668924,26.804099999935715,21022.02749999924,2904.850232739035
1746384360,2000,GET,GET /pastes/:slug,1057.500000,0.000000,490,560,630,660,780,910,1000,1000,1100,1100,1100,1623766,54,420.0,452.66003065308007,26.804099999935715,21022.02749999924,2909.5040276739383
1746384360,2000,POST,POST /pastes,102.200000,0.000000,480,560,630,690,770,930,1000,1000,1100,1100,1100,162110,2,420.0,459.46122031213406,32.33849999924132,19812.114199999996,2858.3030164702977
1746384360,2000,,Aggregated,1159.700000,0.000000,480,560,630,670,780,910,1000,1000,1100,1100,1100,1785876,56,420.0,453.2773976234777,26.804099999935715,21022.02749999924,2904.8563388499538
1746384361,2000,GET,GET /pastes/:slug,1021.800000,0.000000,470,560,650,690,790,920,1000,1000,1100,1100,1100,1624351,54,420.0,452.62503727946057,26.804099999935715,21022.02749999924,2909.5019924880767
1746384361,2000,POST,POST /pastes,100.400000,0.000000,460,560,650,690,790,940,1000,1000,1100,1100,1100,162171,2,420.0,459.3987697479824,32.33849999924132,19812.114199999996,2858.2762886089376
1746384361,2000,,Aggregated,1122.200000,0.000000,470,560,650,690,790,920,1000,1000,1100,1100,1100,1786522,56,420.0,453.23992081750237,26.804099999935715,21022.02749999924,2904.851994545827
1746384362,2000,GET,GET /pastes/:slug,1014.900000,0.000000,540,660,730,770,910,990,1000,1000,1100,1100,1100,1625391,54,420.0,452.89957134771356,26.804099999935715,21022.02749999924,2909.528323338815
1746384362,2000,POST,POST /pastes,101.300000,0.000000,540,670,740,780,930,1000,1000,1000,1100,1100,1100,162296,2,420.0,459.7257950935334,32.33849999924132,19812.114199999996,2858.2867353477595
1746384362,2000,,Aggregated,1116.200000,0.000000,540,660,730,770,920,990,1000,1000,1100,1100,1100,1787687,56,420.0,453.51929326158813,26.804099999935715,21022.02749999924,2904.8763318187134
1746384363,2000,GET,GET /pastes/:slug,1036.300000,0.000000,510,640,710,760,920,990,1000,1000,1100,1100,1100,1626564,54,420.0,452.866010980773,26.804099999935715,21022.02749999924,2909.5225469148463
1746384363,2000,POST,POST /pastes,104.100000,0.000000,510,630,710,760,930,1000,1000,1000,1100,1100,1100,162405,2,420.0,459.6746885317575,32.33849999924132,19812.114199999996,2858.2214586989317
1746384363,2000,,Aggregated,1140.400000,0.000000,510,640,710,760,920,990,1000,1000,1100,1100,1100,1788969,56,420.0,453.4841118409134,26.804099999935715,21022.02749999924,2904.8653654702794
1746384364,2000,GET,GET /pastes/:slug,955.300000,0.000000,480,570,640,660,780,940,990,1000,1100,1100,1100,1627487,54,420.0,452.8742479998483,26.804099999935715,21022.02749999924,2909.517510738949
1746384364,2000,POST,POST /pastes,96.700000,0.000000,460,560,630,670,810,930,1000,1000,1100,1100,1100,162502,2,420.0,459.6602804267027,32.33849999924132,19812.114199999996,2858.260907558061
1746384364,2000,,Aggregated,1052.000000,0.000000,480,570,640,660,780,940,990,1000,1100,1100,1100,1789989,56,420.0,453.4903097976726,26.804099999935715,21022.02749999924,2904.8642416238313
1746384365,2000,GET,GET /pastes/:slug,997.700000,0.000000,520,610,660,690,800,940,1000,1000,1200,1400,1400,1628417,54,420.0,452.99578281277513,26.804099999935715,21022.02749999924,2909.4424425684574
1746384365,2000,POST,POST /pastes,103.500000,0.000000,510,600,670,700,820,940,1000,1000,1200,1200,1200,162581,2,420.0,459.7629116827921,32.33849999924132,19812.114199999996,2858.302778307428
1746384365,2000,,Aggregated,1101.200000,0.000000,520,610,660,690,810,940,1000,1000,1200,1300,1400,1790998,56,420.0,453.6100808626967,26.804099999935715,21022.02749999924,2904.800149413902
1746384366,2000,GET,GET /pastes/:slug,1011.800000,0.000000,520,600,650,690,850,960,1000,1100,1900,2300,2300,1629170,54,420.0,453.122507215104,26.804099999935715,21022.02749999924,2909.36575127212
1746384366,2000,POST,POST /pastes,104.900000,0.000000,520,590,660,690,870,990,1000,1200,1800,1800,1800,162655,2,420.0,459.89991487627196,32.33849999924132,19812.114199999996,2858.2799053210783
1746384366,2000,,Aggregated,1116.700000,0.000000,520,600,650,690,850,960,1000,1200,1900,2000,2300,1791825,56,420.0,453.7377342842232,26.804099999935715,21022.02749999924,2904.7283741436804
1746384368,2000,GET,GET /pastes/:slug,984.900000,0.000000,580,660,720,770,950,1100,1600,1900,2500,3000,3000,1630296,54,420.0,453.4023574889045,26.804099999935715,21022.02749999924,2909.388165093946
1746384368,2000,POST,POST /pastes,100.800000,0.000000,570,660,740,800,950,1000,1600,2000,2800,2800,2800,162764,2,420.0,460.17463653694983,32.33849999924132,19812.114199999996,2858.31054778698
1746384368,2000,,Aggregated,1085.700000,0.000000,570,660,720,780,950,1000,1600,1900,2600,3000,3000,1793060,56,420.0,454.0171072613452,26.804099999935715,21022.02749999924,2904.7516234816458
1746384369,2000,GET,GET /pastes/:slug,964.300000,0.000000,590,690,760,810,980,1200,1800,2200,3700,4000,4000,1631123,54,420.0,453.64650404790615,26.804099999935715,21022.02749999924,2909.3738344686453
1746384369,2000,POST,POST /pastes,98.000000,0.000000,590,700,770,840,1000,1200,2000,2800,3700,3700,3700,162853,2,420.0,460.4669979687206,32.33849999924132,19812.114199999996,2858.2079544128756
1746384369,2000,,Aggregated,1062.300000,0.000000,590,690,760,810,980,1200,1800,2300,3700,4000,4000,1793976,56,420.0,454.2656527413575,26.804099999935715,21022.02749999924,2904.729113990377
1746384370,2000,GET,GET /pastes/:slug,936.000000,0.000000,640,740,800,870,1000,1400,1900,2300,3800,4700,4700,1632090,54,420.0,453.8709218676875,26.804099999935715,21022.02749999924,2909.324848507129
1746384370,2000,POST,POST /pastes,95.100000,0.000000,630,760,820,880,1000,1500,2200,2800,3800,3800,3800,162959,2,420.0,460.713938357501,32.33849999924132,19812.114199999996,2858.207585957204
1746384370,2000,,Aggregated,1031.100000,0.000000,640,740,810,870,1000,1400,1900,2400,3800,4700,4700,1795049,56,420.0,454.49214787553495,26.804099999935715,21022.02749999924,2904.68429664037
1746384371,2000,GET,GET /pastes/:slug,923.200000,0.000000,650,740,820,900,1100,1600,2000,2400,3900,6000,6000,1633164,54,420.0,454.13993013263445,26.804099999935715,21022.02749999924,2909.3661812285845
1746384371,2000,POST,POST /pastes,93.100000,0.000000,640,760,840,920,1100,1600,2400,2900,5900,5900,5900,163079,2,420.0,461.0341272174834,32.33849999924132,19812.114199999996,2858.2021045014994
1746384371,2000,,Aggregated,1016.300000,0.000000,650,740,830,900,1100,1600,2000,2400,3900,6000,6000,1796243,56,420.0,454.7658469859763,26.804099999935715,21022.02749999924,2904.7210488781307
1746384372,2000,GET,GET /pastes/:slug,914.200000,0.000000,620,710,760,800,1100,1600,2000,2400,4000,6400,6400,1634128,54,420.0,454.2645159629686,26.804099999935715,21022.02749999924,2909.410577996338
1746384372,2000,POST,POST /pastes,93.700000,0.000000,610,700,760,800,1100,1700,2400,2900,5900,5900,5900,163194,2,420.0,461.15477629998617,32.33849999924132,19812.114199999996,2858.281732171526
1746384372,2000,,Aggregated,1007.900000,0.000000,620,710,760,800,1100,1600,2000,2500,4000,6400,6400,1797322,56,420.0,454.8901407232711,26.804099999935715,21022.02749999924,2904.7681595173262
1746384373,2000,GET,GET /pastes/:slug,885.100000,0.000000,610,710,760,800,1100,1600,2000,2400,4000,6400,6400,1635138,54,420.0,454.21104678494044,26.804099999935715,21022.02749999924,2909.403312136346
1746384373,2000,POST,POST /pastes,90.300000,0.000000,610,690,760,800,1100,1600,2400,2900,5900,5900,5900,163305,2,420.0,461.08426371023484,32.33849999924132,19812.114199999996,2858.461198371146
1746384373,2000,,Aggregated,975.400000,0.000000,610,700,760,800,1100,1600,2000,2500,4000,6400,6400,1798443,56,420.0,454.8351592477664,26.804099999935715,21022.02749999924,2904.7775876132855
1746384374,2000,GET,GET /pastes/:slug,920.400000,0.000000,610,700,760,800,1100,1600,2000,2400,4000,9400,9400,1636163,54,420.0,454.26802417022805,26.804099999935715,21022.02749999924,2909.4324599688416
1746384374,2000,POST,POST /pastes,95.400000,0.000000,610,690,760,800,1100,1600,2400,2900,5900,5900,5900,163393,2,420.0,461.12619883593476,32.33849999924132,19812.114199999996,2858.39888489715
1746384374,2000,,Aggregated,1015.800000,0.000000,610,700,760,800,1100,1600,2000,2500,4000,9400,9400,1799556,56,420.0,454.8907209538519,26.804099999935715,21022.02749999924,2904.798800926451
1746384375,2000,GET,GET /pastes/:slug,897.200000,0.000000,580,670,740,780,1100,1600,2000,2400,4000,9400,9400,1637344,54,420.0,454.2795474061853,26.804099999935715,21022.02749999924,2909.430576592335
1746384375,2000,POST,POST /pastes,91.700000,0.000000,570,660,730,780,1100,1600,2400,2800,5900,5900,5900,163521,2,420.0,461.1318879287668,32.33849999924132,19812.114199999996,2858.32305942356
1746384375,2000,,Aggregated,988.900000,0.000000,580,670,740,780,1100,1600,2000,2500,4000,9400,9400,1800865,56,420.0,454.901749278391,26.804099999935715,21022.02749999924,2904.789944276778
1746384376,2000,GET,GET /pastes/:slug,901.300000,0.000000,560,640,710,760,970,1500,2000,2400,4000,9400,9400,1638306,54,420.0,454.2750001601242,26.804099999935715,21022.02749999924,2909.3925597537946
1746384376,2000,POST,POST /pastes,93.400000,0.000000,560,630,700,760,980,1600,2400,2800,5900,5900,5900,163622,2,420.0,461.12613077520086,32.33849999924132,19812.114199999996,2858.221590006234
1746384376,2000,,Aggregated,994.700000,0.000000,560,640,710,760,970,1500,2000,2400,4000,9400,9400,1801928,56,420.0,454.8971091974979,26.804099999935715,21022.02749999924,2904.7460386874504
1746384377,2000,GET,GET /pastes/:slug,932.700000,0.000000,530,610,660,710,820,1200,1800,2200,4000,9400,9400,1639687,54,420.0,454.2355116932273,26.804099999935715,21022.02749999924,2909.4659175806114
1746384377,2000,POST,POST /pastes,95.800000,0.000000,530,610,650,690,820,1200,2100,2800,5900,5900,5900,163756,2,420.0,461.073457963066,32.33849999924132,19812.114199999996,2858.292813698429
1746384377,2000,,Aggregated,1028.500000,0.000000,530,610,660,710,820,1200,1800,2200,4000,9400,9400,1803443,56,420.0,454.85641001347363,26.804099999935715,21022.02749999924,2904.819303964694
1746384378,2000,GET,GET /pastes/:slug,941.200000,0.000000,490,560,610,640,790,1000,1700,1900,3900,9400,9400,1640657,54,420.0,454.1309192865012,26.804099999935715,21022.02749999924,2909.4485818790886
1746384378,2000,POST,POST /pastes,99.400000,0.000000,500,570,610,640,780,1000,1600,2100,3800,5900,5900,163845,2,420.0,460.975807599255,32.33849999924132,19812.114199999996,2858.322066587323
1746384378,2000,,Aggregated,1040.600000,0.000000,490,560,610,640,790,1000,1700,1900,3900,9400,9400,1804502,56,420.0,454.75242080082444,26.804099999935715,21022.02749999924,2904.8064014337474
1746384379,2000,GET,GET /pastes/:slug,991.500000,0.000000,460,530,570,600,700,820,1300,1800,3000,9400,9400,1641733,54,420.0,454.112792405607,26.804099999935715,21022.02749999924,2909.4555698155546
1746384379,2000,POST,POST /pastes,103.500000,0.000000,460,530,580,610,690,820,1400,2000,2900,5900,5900,163952,2,420.0,460.9579573576409,32.33849999924132,19812.114199999996,2858.3387332877915
1746384379,2000,,Aggregated,1095.000000,0.000000,460,530,570,600,700,820,1300,1800,3000,9400,9400,1805685,56,420.0,454.73431746906624,26.804099999935715,21022.02749999924,2904.814279899318
1746384380,2000,GET,GET /pastes/:slug,991.000000,0.000000,440,510,540,560,620,680,800,900,1900,9400,9400,1642720,54,420.0,454.140493096775,26.804099999935715,21022.02749999924,2909.4584640109088
1746384380,2000,POST,POST /pastes,103.600000,0.000000,440,510,550,570,620,680,840,950,2200,5900,5900,164050,2,420.0,460.98114716488874,32.33849999924132,19812.114199999996,2858.4227430661385
1746384380,2000,,Aggregated,1094.600000,0.000000,440,510,540,560,620,680,810,900,2000,9400,9400,1806770,56,420.0,454.76160663080003,26.804099999935715,21022.02749999924,2904.8245537616854
1746384381,2000,GET,GET /pastes/:slug,1018.800000,0.000000,430,480,520,540,590,620,660,810,1200,9400,9400,1643921,54,420.0,454.13430782333,26.804099999935715,21022.02749999924,2909.4753032536237
1746384381,2000,POST,POST /pastes,107.000000,0.000000,430,480,520,530,600,630,670,850,1000,1400,1400,164193,2,420.0,460.9778575079324,32.33849999924132,19812.114199999996,2858.403050069126
1746384381,2000,,Aggregated,1125.800000,0.000000,430,480,520,540,590,620,660,810,1200,9400,9400,1808114,56,420.0,454.7557636349437,26.804099999935715,21022.02749999924,2904.8374836984835
1746384382,2000,GET,GET /pastes/:slug,1039.800000,0.000000,430,480,510,530,590,610,640,660,710,9400,9400,1645036,54,420.0,454.090264968509,26.804099999935715,21022.02749999924,2909.4350780165296
1746384382,2000,POST,POST /pastes,107.300000,0.000000,430,480,510,530,590,620,660,670,790,1000,1000,164305,2,420.0,460.9286886856761,32.33849999924132,19812.114199999996,2858.3256139496666
1746384382,2000,,Aggregated,1147.100000,0.000000,430,480,510,530,590,610,640,660,780,9400,9400,1809341,56,420.0,454.7112574784033,26.804099999935715,21022.02749999924,2904.793863069482
1746384383,2000,GET,GET /pastes/:slug,1057.800000,0.000000,430,480,510,520,570,600,620,640,670,670,690,1646100,54,420.0,454.06849005536384,26.804099999935715,21022.02749999924,2909.4351612903224
1746384383,2000,POST,POST /pastes,108.400000,0.000000,430,480,510,520,570,600,620,650,690,790,790,164426,2,420.0,460.8980315011008,32.33849999924132,19812.114199999996,2858.403038448907
1746384383,2000,,Aggregated,1166.200000,0.000000,430,480,510,520,570,600,620,640,670,690,790,1810526,56,420.0,454.68872648486115,26.804099999935715,21022.02749999924,2904.800592203592
1746384384,2000,GET,GET /pastes/:slug,1071.000000,0.000000,390,450,470,490,540,590,610,630,670,690,840,1647183,54,420.0,453.9912812078775,26.804099999935715,21022.02749999924,2909.4338212572616
1746384384,2000,POST,POST /pastes,110.700000,0.000000,390,450,480,500,540,590,620,640,670,690,690,164535,2,420.0,460.8130490807425,32.33849999924132,19812.114199999996,2858.3879478530403
1746384384,2000,,Aggregated,1181.700000,0.000000,390,450,470,490,540,590,610,630,670,690,840,1811718,56,420.0,454.6108144779323,26.804099999935715,21022.02749999924,2904.7979823570777
1746384385,2000,GET,GET /pastes/:slug,1075.300000,0.000000,410,460,490,510,590,640,700,720,760,790,840,1648080,54,420.0,454.06305709864523,26.804099999935715,21022.02749999924,2909.3771522013494
1746384385,2000,POST,POST /pastes,110.500000,0.000000,410,470,500,520,600,660,720,740,790,790,790,164640,2,420.0,460.9022004184885,32.33849999924132,19812.114199999996,2858.279804421769
1746384385,2000,,Aggregated,1185.800000,0.000000,410,460,490,510,590,640,700,730,760,790,840,1812720,56,420.0,454.6842211814458,26.804099999935715,21022.02749999924,2904.7362438766054
1746384386,2000,GET,GET /pastes/:slug,1103.000000,0.000000,400,460,500,530,620,650,700,720,760,790,840,1649462,54,420.0,454.10440627612763,26.804099999935715,21022.02749999924,2909.3854311284526
1746384386,2000,POST,POST /pastes,113.600000,0.000000,410,470,510,530,620,670,720,740,790,790,790,164765,2,420.0,460.94195128941203,32.33849999924132,19812.114199999996,2858.3900524990136
1746384386,2000,,Aggregated,1216.600000,0.000000,400,460,500,530,620,660,700,730,760,790,840,1814227,56,420.0,454.72538044535213,26.804099999935715,21022.02749999924,2904.7541178694837
1746384387,2000,GET,GET /pastes/:slug,1061.100000,0.000000,410,460,500,530,620,650,700,730,760,790,840,1650389,54,420.0,453.97867798333186,26.804099999935715,21022.02749999924,2909.38246437658
1746384387,2000,POST,POST /pastes,110.300000,0.000000,410,470,510,530,620,670,720,740,790,790,790,164858,2,420.0,460.8212136814715,32.33849999924132,19812.114199999996,2858.39621977702
1746384387,2000,,Aggregated,1171.400000,0.000000,410,460,500,530,620,660,700,730,760,790,840,1815247,56,420.0,454.6001067751822,26.804099999935715,21022.02749999924,2904.7519703930097
1746384388,2000,GET,GET /pastes/:slug,1053.200000,0.000000,420,490,540,580,620,660,700,730,760,900,950,1651282,54,420.0,454.02760864233517,26.804099999935715,21022.02749999924,2909.3595448869423
1746384388,2000,POST,POST /pastes,108.800000,0.000000,430,500,550,580,630,670,720,740,790,790,790,164961,2,420.0,460.8691525948558,32.33849999924132,19812.114199999996,2858.298076515055
1746384388,2000,,Aggregated,1162.000000,0.000000,420,490,540,580,620,660,710,730,770,900,950,1816243,56,420.0,454.64899461984356,26.804099999935715,21022.02749999924,2904.7218665123555
1746384389,2000,GET,GET /pastes/:slug,1074.000000,0.000000,440,520,570,590,640,670,740,940,1500,1600,1600,1652235,54,420.0,454.1240761437282,26.804099999935715,21022.02749999924,2909.2939164223008
1746384389,2000,POST,POST /pastes,111.300000,0.000000,440,520,570,590,640,700,750,850,1200,1200,1200,165064,2,420.0,460.953660558329,32.33849999924132,19812.114199999996,2858.2948613870985
1746384389,2000,,Aggregated,1185.300000,0.000000,440,520,570,590,640,670,740,940,1400,1600,1600,1817299,56,420.0,454.7444025301993,26.804099999935715,21022.02749999924,2904.661707842243
1746384390,2000,GET,GET /pastes/:slug,1041.500000,0.000000,450,530,580,600,650,720,1100,1500,2100,2300,2300,1653111,54,420.0,454.28498834206147,26.804099999935715,21022.02749999924,2909.2927438024426
1746384390,2000,POST,POST /pastes,108.600000,0.000000,450,530,580,590,650,720,970,1200,1600,1700,1700,165145,2,420.0,461.0685624324079,32.33849999924132,19812.114199999996,2858.255296860335
1746384390,2000,,Aggregated,1150.100000,0.000000,450,530,580,600,650,720,1100,1500,2100,2300,2300,1818256,56,420.0,454.9011135428834,26.804099999935715,21022.02749999924,2904.657214385653
1746384391,2000,GET,GET /pastes/:slug,1036.300000,0.000000,490,560,590,610,670,860,1400,1600,2300,3700,3700,1653811,54,420.0,454.41033251957657,26.804099999935715,21022.02749999924,2909.284949126593
1746384391,2000,POST,POST /pastes,108.600000,0.000000,500,560,590,610,690,760,1400,1600,2500,2500,2500,165227,2,420.0,461.24017327494914,32.33849999924132,19812.114199999996,2858.230888414121
1746384391,2000,,Aggregated,1144.900000,0.000000,490,560,590,610,670,850,1400,1600,2400,3200,3700,1819038,56,420.0,455.03070114215785,26.804099999935715,21022.02749999924,2904.647602743868
1746384392,2000,GET,GET /pastes/:slug,1023.900000,0.000000,530,590,620,640,740,1200,1700,1900,3000,3800,3800,1655057,54,420.0,454.68634108120347,26.804099999935715,21022.02749999924,2909.238662475069
1746384392,2000,POST,POST /pastes,107.100000,0.000000,530,590,620,640,760,1300,1700,2200,3900,3900,3900,165358,2,420.0,461.562597240533,32.33849999924132,19812.114199999996,2858.073053617001
1746384392,2000,,Aggregated,1131.000000,0.000000,530,590,620,640,740,1200,1700,1900,3000,3800,3900,1820415,56,420.0,455.3109480889406,26.804099999935715,21022.02749999924,2904.5910174328383
1746384394,2000,GET,GET /pastes/:slug,993.800000,0.000000,560,600,640,660,960,1500,1800,2200,3500,5400,5400,1656237,54,420.0,454.79337517283767,26.804099999935715,21022.02749999924,2909.27244168558
1746384394,2000,POST,POST /pastes,105.700000,0.000000,560,600,640,670,1000,1400,2100,2400,3900,3900,3900,165479,2,420.0,461.6933930722328,32.33849999924132,19812.114199999996,2858.1054091455712
1746384394,2000,,Aggregated,1099.500000,0.000000,560,600,640,660,970,1500,1800,2200,3500,5400,5400,1821716,56,420.0,455.4201512795247,26.804099999935715,21022.02749999924,2904.6245880257957
1746384395,2000,GET,GET /pastes/:slug,953.600000,0.000000,530,580,610,630,980,1500,1900,2300,3700,5800,5800,1657107,54,420.0,454.843902902127,26.804099999935715,21022.02749999924,2909.3005671933074
1746384395,2000,POST,POST /pastes,99.600000,0.000000,530,580,610,620,1000,1500,2200,2400,3900,3900,3900,165575,2,420.0,461.7341337248986,32.33849999924132,19812.114199999996,2858.1744587045146
1746384395,2000,,Aggregated,1053.200000,0.000000,530,580,610,630,980,1500,1900,2300,3700,5800,5800,1822682,56,420.0,455.4698211744728,26.804099999935715,21022.02749999924,2904.6561994906406
1746384396,2000,GET,GET /pastes/:slug,952.200000,0.000000,540,590,620,660,1000,1500,1900,2300,3700,5800,5800,1658322,54,420.0,454.9143379859493,26.804099999935715,21022.02749999924,2909.274712028183
1746384396,2000,POST,POST /pastes,98.700000,0.000000,540,580,610,650,1000,1500,2200,2400,3900,3900,3900,165699,2,420.0,461.79268606207677,32.33849999924132,19812.114199999996,2858.3198510552265
1746384396,2000,,Aggregated,1050.900000,0.000000,540,590,620,660,1000,1500,1900,2300,3700,5800,5800,1824021,56,420.0,455.53918572501686,26.804099999935715,21022.02749999924,2904.645834669667
1746384397,2000,GET,GET /pastes/:slug,960.800000,0.000000,530,580,620,650,970,1500,1800,2300,3700,5800,5800,1659408,54,420.0,454.85711406624205,26.804099999935715,21022.02749999924,2909.273311325485
1746384397,2000,POST,POST /pastes,100.900000,0.000000,530,580,610,640,1000,1500,2200,2400,3900,3900,3900,165802,2,420.0,461.7459392226877,32.33849999924132,19812.114199999996,2858.4391684056886
1746384397,2000,,Aggregated,1061.700000,0.000000,530,580,620,650,980,1500,1900,2300,3700,5800,5800,1825210,56,420.0,455.4828946550971,26.804099999935715,21022.02749999924,2904.655539910476
1746384398,2000,GET,GET /pastes/:slug,990.200000,0.000000,510,570,620,660,1000,1500,1900,2300,3700,5800,5800,1660063,54,420.0,454.8667497929509,26.804099999935715,21022.02749999924,2909.2726986867365
1746384398,2000,POST,POST /pastes,102.800000,0.000000,510,560,610,660,1100,1500,2200,2400,3900,3900,3900,165875,2,420.0,461.7473345259988,32.33849999924132,19812.114199999996,2858.449639788998
1746384398,2000,,Aggregated,1093.000000,0.000000,510,570,620,660,1000,1500,1900,2300,3700,5800,5800,1825938,56,420.0,455.4918077043309,26.804099999935715,21022.02749999924,2904.655742966081
1746384399,2000,GET,GET /pastes/:slug,949.900000,0.000000,520,600,670,730,1400,1600,1900,2300,3700,5800,5800,1660697,54,420.0,455.23893935289476,26.804099999935715,21022.02749999924,2909.2443600488227
1746384399,2000,POST,POST /pastes,98.800000,0.000000,520,580,660,700,1400,1600,2200,2400,3900,3900,3900,165926,2,420.0,462.0462862981091,32.33849999924132,19812.114199999996,2858.3659221580706
1746384399,2000,,Aggregated,1048.700000,0.000000,520,600,670,730,1400,1600,2000,2300,3700,5800,5800,1826623,56,420.0,455.85730222756933,26.804099999935715,21022.02749999924,2904.6226862357476
1746384400,2000,GET,GET /pastes/:slug,940.200000,0.000000,520,630,820,1100,1400,1500,1700,2200,3700,5800,5800,1662332,54,420.0,455.5152745603972,26.804099999935715,21022.02749999924,2909.2199506476445
1746384400,2000,POST,POST /pastes,98.600000,0.000000,510,610,730,1000,1300,1500,2100,2400,3900,3900,3900,166075,2,420.0,462.319318307994,32.33849999924132,19812.114199999996,2858.223597772091
1746384400,2000,,Aggregated,1038.800000,0.000000,520,630,820,1100,1400,1500,1700,2300,3700,5800,5800,1828407,56,420.0,456.1332888019623,26.804099999935715,21022.02749999924,2904.587929820877
1746384401,2000,GET,GET /pastes/:slug,880.700000,0.000000,490,580,710,980,1200,1500,1700,2100,3600,5800,5800,1663101,54,420.0,455.4321392792948,26.804099999935715,21022.02749999924,2909.221371401977
1746384401,2000,POST,POST /pastes,90.700000,0.000000,490,570,690,890,1200,1500,1900,2300,3900,3900,3900,166169,2,420.0,462.2190301777109,32.33849999924132,19812.114199999996,2858.2071926773347
1746384401,2000,,Aggregated,971.400000,0.000000,490,580,710,970,1200,1500,1700,2100,3700,5800,5800,1829270,56,420.0,456.0486534481676,26.804099999935715,21022.02749999924,2904.5872960251904
1746384402,2000,GET,GET /pastes/:slug,949.900000,0.000000,500,590,730,810,1200,1400,1600,1600,3500,5800,5800,1664358,54,420.0,455.5722896244886,26.804099999935715,21022.02749999924,2909.19522001877
1746384402,2000,POST,POST /pastes,97.600000,0.000000,500,580,700,750,1200,1400,1600,2100,3500,3500,3500,166299,2,420.0,462.3500846397154,32.33849999924132,19812.114199999996,2858.255136831851
1746384402,2000,,Aggregated,1047.500000,0.000000,500,590,730,810,1200,1400,1600,1600,3500,5400,5800,1830657,56,420.0,456.18799236576245,26.804099999935715,21022.02749999924,2904.567763923007
1746384403,2000,GET,GET /pastes/:slug,941.100000,0.000000,490,570,700,780,1200,1400,1500,1600,3400,5800,5800,1665512,54,420.0,455.41102994972954,26.804099999935715,21022.02749999924,2909.175972313619
1746384403,2000,POST,POST /pastes,94.900000,0.000000,490,560,660,720,1100,1300,1500,1600,3400,3400,3400,166418,2,420.0,462.188809675636,32.33849999924132,19812.114199999996,2858.1273720390823
1746384403,2000,,Aggregated,1036.000000,0.000000,490,570,700,770,1200,1400,1500,1600,3400,4800,5800,1831930,56,420.0,456.0267437305076,26.804099999935715,21022.02749999924,2904.5385647923226
1746384404,2000,GET,GET /pastes/:slug,954.200000,0.000000,470,590,700,770,1200,1400,1500,1600,1600,4800,4800,1666499,54,420.0,455.4190261738135,26.804099999935715,21022.02749999924,2909.1806025686183
1746384404,2000,POST,POST /pastes,96.600000,0.000000,470,570,670,720,1100,1200,1500,1500,1600,1600,1600,166525,2,420.0,462.186125063504,32.33849999924132,19812.114199999996,2858.047842666266
1746384404,2000,,Aggregated,1050.800000,0.000000,470,590,700,760,1200,1400,1500,1600,1600,1600,4800,1833024,56,420.0,456.0337977985168,26.804099999935715,21022.02749999924,2904.5353372350824
1746384405,2000,GET,GET /pastes/:slug,1001.600000,0.000000,480,600,680,760,1200,1400,1500,1600,1600,1600,1600,1667799,54,420.0,455.4998091062123,26.804099999935715,21022.02749999924,2909.180709426016
1746384405,2000,POST,POST /pastes,101.600000,0.000000,480,580,650,730,1100,1200,1500,1500,1600,1600,1600,166645,2,420.0,462.2554189294608,32.33849999924132,19812.114199999996,2858.110600378049
1746384405,2000,,Aggregated,1103.200000,0.000000,480,590,680,760,1200,1400,1500,1600,1600,1600,1600,1834444,56,420.0,456.1135038273324,26.804099999935715,21022.02749999924,2904.5413863819226
1746384406,2000,GET,GET /pastes/:slug,964.500000,0.000000,480,590,680,760,1200,1400,1500,1600,1600,1600,1600,1668943,54,420.0,455.3232073476041,26.804099999935715,21022.02749999924,2909.201392138617
1746384406,2000,POST,POST /pastes,98.500000,0.000000,470,580,640,720,1100,1200,1500,1500,1600,1600,1600,166760,2,420.0,462.072585721996,32.33849999924132,19812.114199999996,2858.2750659630606
1746384406,2000,,Aggregated,1063.000000,0.000000,470,590,670,760,1200,1400,1500,1600,1600,1600,1600,1835703,56,420.0,455.9363383049041,26.804099999935715,21022.02749999924,2904.575113185521
1746384407,2000,GET,GET /pastes/:slug,980.300000,0.000000,480,590,660,750,1200,1400,1500,1600,1600,1600,1600,1669896,54,420.0,455.28844384131287,26.804099999935715,21022.02749999924,2909.1570636734264
1746384407,2000,POST,POST /pastes,97.600000,0.000000,470,570,640,710,1100,1200,1500,1500,1600,1600,1600,166864,2,420.0,462.0270655527858,32.33849999924132,19812.114199999996,2858.3426802665645
1746384407,2000,,Aggregated,1078.000000,0.000000,480,580,660,750,1200,1400,1500,1600,1600,1600,1600,1836760,56,420.0,455.9006269100089,26.804099999935715,21022.02749999924,2904.540733138788
1746384408,2000,GET,GET /pastes/:slug,1001.100000,0.000000,490,580,630,670,980,1200,1500,1600,1600,1600,1600,1671002,54,420.0,455.3636240791646,26.804099999935715,21022.02749999924,2909.1835844601023
1746384408,2000,POST,POST /pastes,99.400000,0.000000,480,570,630,660,880,1200,1500,1500,1600,1600,1600,166975,2,420.0,462.1013297691275,32.33849999924132,19812.114199999996,2858.2573678694416
1746384408,2000,,Aggregated,1100.500000,0.000000,490,580,630,670,980,1200,1500,1600,1600,1600,1600,1837977,56,420.0,455.9757255404869,26.804099999935715,21022.02749999924,2904.557082052713
1746384409,2000,GET,GET /pastes/:slug,996.400000,0.000000,430,520,560,600,650,720,770,800,840,980,980,1672265,54,420.0,455.29999229023747,26.804099999935715,21022.02749999924,2909.158997527306
1746384409,2000,POST,POST /pastes,100.800000,0.000000,430,510,560,590,650,710,760,800,880,900,900,167105,2,420.0,462.0322537548254,32.33849999924132,19812.114199999996,2858.2174022321296
1746384409,2000,,Aggregated,1097.200000,0.000000,430,520,560,600,650,720,770,800,840,980,980,1839370,56,420.0,455.9116117860622,26.804099999935715,21022.02749999924,2904.5310024627997
1746384410,2000,GET,GET /pastes/:slug,1024.500000,0.000000,440,510,560,590,650,710,770,800,840,980,980,1673200,54,420.0,455.2390197494233,26.804099999935715,21022.02749999924,2909.1983546497727
1746384410,2000,POST,POST /pastes,102.200000,0.000000,450,510,550,590,650,710,760,800,880,900,900,167191,2,420.0,461.9826621456902,32.33849999924132,19812.114199999996,2858.3124749537956
1746384410,2000,,Aggregated,1126.700000,0.000000,440,510,560,590,650,710,770,800,840,980,980,1840391,56,420.0,455.8516484331483,26.804099999935715,21022.02749999924,2904.5756081180575
1746384411,2000,GET,GET /pastes/:slug,1095.900000,0.000000,440,510,560,590,640,660,690,700,740,870,880,1674448,54,420.0,455.2920120344952,26.804099999935715,21022.02749999924,2909.1720543128245
1746384411,2000,POST,POST /pastes,110.700000,0.000000,440,500,550,580,630,660,700,710,740,880,880,167310,2,420.0,462.01037643954345,32.33849999924132,19812.114199999996,2858.238383838384
1746384411,2000,,Aggregated,1206.600000,0.000000,440,510,560,590,640,660,690,700,740,880,880,1841758,56,420.0,455.90232541367106,26.804099999935715,21022.02749999924,2904.545109618093
1746384412,2000,GET,GET /pastes/:slug,1046.400000,0.000000,410,480,530,580,630,660,690,700,740,740,760,1675653,54,420.0,455.13730593675325,26.804099999935715,21022.02749999924,2909.19467694087
1746384412,2000,POST,POST /pastes,106.600000,0.000000,390,470,520,550,630,660,690,710,740,880,880,167443,2,420.0,461.83126461482414,32.33849999924132,19812.114199999996,2858.2559497858974
1746384412,2000,,Aggregated,1153.000000,0.000000,400,480,530,580,630,660,690,700,740,760,880,1843096,56,420.0,455.745443832407,26.804099999935715,21022.02749999924,2904.566956360385
1746384413,2000,GET,GET /pastes/:slug,1053.800000,0.000000,420,480,540,580,630,660,690,700,740,740,760,1676339,54,420.0,455.116479419639,26.804099999935715,21022.02749999924,2909.1978221588834
1746384413,2000,POST,POST /pastes,106.800000,0.000000,420,470,520,560,630,660,690,710,740,880,880,167521,2,420.0,461.8010796061387,32.33849999924132,19812.114199999996,2858.246810847595
1746384413,2000,,Aggregated,1160.600000,0.000000,420,480,540,580,630,660,690,700,740,760,880,1843860,56,420.0,455.72379825503776,26.804099999935715,21022.02749999924,2904.568748169601
1746384415,2000,GET,GET /pastes/:slug,1057.700000,0.000000,430,490,530,570,640,680,700,740,750,840,840,1677572,54,420.0,455.21768015431746,26.804099999935715,21022.02749999924,2909.2047965750503
1746384415,2000,POST,POST /pastes,106.900000,0.000000,420,470,510,540,640,680,700,740,750,750,750,167634,2,420.0,461.8826285807172,32.33849999924132,19812.114199999996,2858.1152570480926
1746384415,2000,,Aggregated,1164.600000,0.000000,430,480,520,560,640,680,700,740,750,830,840,1845206,56,420.0,455.82318000880866,26.804099999935715,21022.02749999924,2904.5633940058724
1746384416,2000,GET,GET /pastes/:slug,1045.700000,0.000000,430,500,530,570,640,680,700,740,750,840,840,1678766,54,420.0,455.1558238532561,26.804099999935715,21022.02749999924,2909.18561074027
1746384416,2000,POST,POST /pastes,105.700000,0.000000,440,490,520,560,640,680,700,740,750,750,750,167749,2,420.0,461.839940856279,32.33849999924132,19812.114199999996,2858.2571818609945
1746384416,2000,,Aggregated,1151.400000,0.000000,430,490,530,570,640,680,700,740,750,830,840,1846515,56,420.0,455.7630509503203,26.804099999935715,21022.02749999924,2904.5589529464964
1746384417,2000,GET,GET /pastes/:slug,1065.700000,0.000000,420,490,550,580,640,680,700,740,750,840,840,1679807,54,420.0,455.1587617803344,26.804099999935715,21022.02749999924,2909.205417646194
1746384417,2000,POST,POST /pastes,108.300000,0.000000,420,490,540,570,640,670,700,740,750,750,750,167854,2,420.0,461.85281030180954,32.33849999924132,19812.114199999996,2858.315351436367
1746384417,2000,,Aggregated,1173.900000,0.000000,420,490,550,580,640,680,700,740,750,830,840,1847661,56,420.0,455.7668943438941,26.804099999935715,21022.02749999924,2904.5822204397887
1746384418,2000,GET,GET /pastes/:slug,1037.600000,0.000000,420,490,540,570,630,670,700,730,750,840,840,1680902,54,420.0,455.19551143727466,26.804099999935715,21022.02749999924,2909.16505245398
1746384418,2000,POST,POST /pastes,105.100000,0.000000,430,490,540,560,610,660,700,740,750,750,750,167969,2,420.0,461.89169120551963,32.33849999924132,19812.114199999996,2858.36787740595
1746384418,2000,,Aggregated,1142.700000,0.000000,420,490,540,570,630,670,700,730,750,830,840,1848871,56,420.0,455.8038559997066,26.804099999935715,21022.02749999924,2904.550154661953
1746384419,2000,GET,GET /pastes/:slug,1032.300000,0.000000,410,490,540,570,630,670,700,730,750,840,840,1682084,57,420.0,455.1088849867418,26.804099999935715,21022.02749999924,2909.148960456196
1746384419,2000,POST,POST /pastes,103.300000,0.000000,420,490,530,560,610,660,700,740,750,750,750,168097,2,420.0,461.78941777366646,32.33849999924132,19812.114199999996,2858.293955275823
1746384419,2000,,Aggregated,1135.600000,0.000000,410,490,540,570,630,670,700,730,750,830,840,1850181,59,420.0,455.71584047913933,26.804099999935715,21022.02749999924,2904.52856180017
1746384420,2000,GET,GET /pastes/:slug,1044.700000,0.000000,410,510,560,580,630,670,700,730,750,840,840,1682887,57,420.0,455.1118356340259,26.804099999935715,21022.02749999924,2909.123314280757
1746384420,2000,POST,POST /pastes,105.600000,0.000000,410,510,550,570,620,660,700,740,750,750,750,168173,2,420.0,461.7829260255807,32.33849999924132,19812.114199999996,2858.3468154816765
1746384420,2000,,Aggregated,1150.300000,0.000000,410,510,560,580,630,670,700,730,750,830,840,1851060,59,420.0,455.71791932899794,26.804099999935715,21022.02749999924,2904.510154181928
1746384421,2000,GET,GET /pastes/:slug,1052.900000,0.300000,430,540,580,600,700,770,820,830,880,880,880,1684059,57,420.0,455.2922189400947,26.804099999935715,21022.02749999924,2909.0907830426368
1746384421,2000,POST,POST /pastes,106.300000,0.000000,440,540,570,590,680,760,810,860,880,880,880,168288,2,420.0,461.95648334165236,32.33849999924132,19812.114199999996,2858.312404924891
1746384421,2000,,Aggregated,1159.200000,0.300000,430,540,580,600,700,770,820,840,880,880,880,1852347,59,420.0,455.89767554601434,26.804099999935715,21022.02749999924,2904.4775050247067
1746384422,2000,GET,GET /pastes/:slug,1019.300000,0.300000,450,540,580,600,700,770,820,830,880,880,880,1685254,57,420.0,455.17144745951356,26.804099999935715,21022.02749999924,2909.103123920786
1746384422,2000,POST,POST /pastes,102.900000,0.000000,450,540,570,590,680,760,810,860,880,880,880,168410,2,420.0,461.8286592161985,32.33849999924132,19812.114199999996,2858.199435900481
1746384422,2000,,Aggregated,1122.200000,0.300000,450,540,580,600,700,770,820,840,880,880,880,1853664,59,420.0,455.7762717598934,26.804099999935715,21022.02749999924,2904.4783968399884
1746384423,2000,GET,GET /pastes/:slug,1026.100000,0.300000,460,560,590,610,700,770,820,830,880,880,880,1685923,57,420.0,455.1813920644268,26.804099999935715,21022.02749999924,2909.1168985772183
1746384423,2000,POST,POST /pastes,104.800000,0.000000,480,560,580,600,680,760,810,860,880,880,880,168485,2,420.0,461.83680583434705,32.33849999924132,19812.114199999996,2858.259904442532
1746384423,2000,,Aggregated,1130.900000,0.300000,460,560,590,610,700,770,820,840,880,880,880,1854408,59,420.0,455.7860795922098,26.804099999935715,21022.02749999924,2904.496210650515
1746384424,2000,GET,GET /pastes/:slug,1040.800000,0.300000,470,570,610,650,820,970,1100,1100,1200,1200,1200,1686954,57,420.0,455.4717321899906,26.804099999935715,21022.02749999924,2909.099232699884
1746384424,2000,POST,POST /pastes,106.000000,0.000000,500,570,610,650,810,940,990,1000,1100,1100,1100,168591,2,420.0,462.0986921425222,32.33849999924132,19812.114199999996,2858.1126453962547
1746384424,2000,,Aggregated,1146.800000,0.300000,470,570,610,650,820,970,1100,1100,1200,1200,1200,1855545,59,420.0,456.07384413303316,26.804099999935715,21022.02749999924,2904.466696307554
1746384425,2000,GET,GET /pastes/:slug,998.900000,0.300000,500,580,630,670,820,970,1100,1100,1200,1200,1200,1688208,57,420.0,455.49102374780335,26.804099999935715,21022.02749999924,2909.124775501597
1746384425,2000,POST,POST /pastes,101.000000,0.000000,510,580,620,660,810,930,990,1000,1100,1100,1100,168723,2,420.0,462.1078004984499,32.33849999924132,19812.114199999996,2858.129727423054
1746384425,2000,,Aggregated,1099.900000,0.300000,500,580,630,670,820,970,1100,1100,1200,1200,1200,1856931,59,420.0,456.0922320984072,26.804099999935715,21022.02749999924,2904.4913036617945
1746384426,2000,GET,GET /pastes/:slug,995.600000,0.300000,500,590,630,670,830,980,1100,1100,1200,1200,1200,1688910,57,420.0,455.4339603535005,26.804099999935715,21022.02749999924,2909.123660230563
1746384426,2000,POST,POST /pastes,101.500000,0.000000,500,580,630,660,810,940,990,1000,1100,1100,1100,168786,2,420.0,462.0417376328603,32.33849999924132,19812.114199999996,2858.0795030393515
1746384426,2000,,Aggregated,1097.100000,0.300000,500,590,630,670,820,970,1100,1100,1200,1200,1200,1857696,59,420.0,456.0343278495117,26.804099999935715,21022.02749999924,2904.4859051211824
1746384427,2000,GET,GET /pastes/:slug,1014.000000,0.300000,530,620,710,750,830,970,1100,1100,1200,1200,1200,1690261,57,420.0,455.6128939646773,26.804099999935715,21022.02749999924,2909.069119502846
1746384427,2000,POST,POST /pastes,104.200000,0.000000,540,620,710,740,820,930,990,1000,1100,1100,1100,168935,2,420.0,462.2472926249737,32.33849999924132,19812.114199999996,2858.142664338355
1746384427,2000,,Aggregated,1118.200000,0.300000,530,620,710,750,830,970,1100,1100,1200,1200,1200,1859196,59,420.0,456.21572558526634,26.804099999935715,21022.02749999924,2904.441710287673
1746384428,2000,GET,GET /pastes/:slug,996.200000,0.300000,530,620,710,750,830,970,1100,1100,1200,1200,1200,1691392,57,420.0,455.45831684365703,26.804099999935715,21022.02749999924,2909.0528410918346
1746384428,2000,POST,POST /pastes,102.700000,0.000000,530,630,710,750,820,930,990,1000,1100,1100,1100,169050,2,420.0,462.09731769180667,32.33849999924132,19812.114199999996,2858.1464714581484
1746384428,2000,,Aggregated,1098.900000,0.300000,530,620,710,750,830,970,1100,1100,1200,1200,1200,1860442,59,420.0,456.06157300180377,26.804099999935715,21022.02749999924,2904.427208158061
1746384429,2000,GET,GET /pastes/:slug,980.700000,0.300000,520,630,710,750,830,970,1100,1100,1200,1200,1200,1692183,57,420.0,455.4351947514109,26.804099999935715,21022.02749999924,2909.000572042149
1746384429,2000,POST,POST /pastes,101.600000,0.000000,530,630,710,740,820,930,990,1000,1100,1100,1100,169146,2,420.0,462.05526784020833,32.33849999924132,19812.114199999996,2858.164023979284
1746384429,2000,,Aggregated,1082.300000,0.300000,520,630,710,750,830,970,1100,1100,1200,1200,1200,1861329,59,420.0,456.0367858095594,26.804099999935715,21022.02749999924,2904.3808628136135
1746384430,2000,GET,GET /pastes/:slug,1024.300000,0.300000,530,650,730,760,820,960,1100,1100,1200,1200,1200,1693511,57,420.0,455.61415966281146,26.804099999935715,21022.02749999924,2909.000890457753
1746384430,2000,POST,POST /pastes,105.200000,0.000000,530,640,720,760,800,930,990,1000,1100,1100,1100,169276,2,420.0,462.21790413289415,32.33849999924132,19812.114199999996,2858.0726683050166
1746384430,2000,,Aggregated,1129.500000,0.300000,530,650,730,760,820,960,1100,1100,1200,1200,1200,1862787,59,420.0,456.21425803633053,26.804099999935715,21022.02749999924,2904.3729186428723
1746384431,2000,GET,GET /pastes/:slug,987.700000,0.000000,510,630,700,750,810,970,1100,1100,1200,1200,1200,1694792,57,420.0,455.492161264525,26.804099999935715,21022.02749999924,2908.9845007528947
1746384431,2000,POST,POST /pastes,102.000000,0.000000,510,620,700,740,800,930,990,1000,1100,1100,1100,169400,2,420.0,462.0815667054298,32.33849999924132,19812.114199999996,2858.170484061393
1746384431,2000,,Aggregated,1089.700000,0.000000,510,620,700,750,810,960,1100,1100,1200,1200,1200,1864192,59,420.0,456.09094362261055,26.804099999935715,21022.02749999924,2904.367007261055
1746384432,2000,GET,GET /pastes/:slug,989.400000,0.000000,520,620,700,740,810,960,1100,1100,1200,1200,1200,1695645,57,420.0,455.46203989793094,26.804099999935715,21022.02749999924,2908.978139881874
1746384432,2000,POST,POST /pastes,102.700000,0.000000,520,620,690,740,800,930,990,1000,1100,1100,1100,169482,2,420.0,462.0713448973922,32.33849999924132,19812.114199999996,2858.206865625848
1746384432,2000,,Aggregated,1092.100000,0.000000,520,620,700,740,810,960,1100,1100,1200,1200,1200,1865127,59,420.0,456.06262003532265,26.804099999935715,21022.02749999924,2904.364611096188
1746384433,2000,GET,GET /pastes/:slug,1026.600000,0.000000,510,590,650,710,790,860,1000,1100,1200,1200,1200,1696824,57,420.0,455.53283917514665,26.804099999935715,21022.02749999924,2908.9779770913187
1746384433,2000,POST,POST /pastes,105.600000,0.000000,510,590,640,690,780,810,970,990,1100,1100,1100,169615,2,420.0,462.13823606284757,32.33849999924132,19812.114199999996,2858.2930460159773
1746384433,2000,,Aggregated,1132.200000,0.000000,510,590,650,710,780,850,990,1100,1200,1200,1200,1866439,59,420.0,456.1331129548425,26.804099999935715,21022.02749999924,2904.371920003815
1746384434,2000,GET,GET /pastes/:slug,998.700000,0.000000,430,540,590,620,760,790,810,820,860,870,870,1697962,57,420.0,455.45414098738803,26.804099999935715,21022.02749999924,2908.969526408718
1746384434,2000,POST,POST /pastes,103.000000,0.000000,440,550,600,630,760,790,810,820,850,870,870,169725,2,420.0,462.0629638002648,32.33849999924132,19812.114199999996,2858.346048018854
1746384434,2000,,Aggregated,1101.700000,0.000000,430,540,590,620,760,790,810,820,860,870,870,1867687,59,420.0,456.05471402339975,26.804099999935715,21022.02749999924,2904.369146436207
1746384435,2000,GET,GET /pastes/:slug,1023.200000,0.000000,460,540,590,620,760,790,810,820,860,870,870,1699080,57,420.0,455.4335154462572,26.804099999935715,21022.02749999924,2908.9415666125196
1746384435,2000,POST,POST /pastes,105.100000,0.000000,460,550,590,630,760,780,810,820,850,870,870,169830,2,420.0,462.0424488623916,32.33849999924132,19812.114199999996,2858.3999470058293
1746384435,2000,,Aggregated,1128.300000,0.000000,460,540,590,620,760,790,810,820,860,870,870,1868910,59,420.0,456.0340768227048,26.804099999935715,21022.02749999924,2904.348791541594
1746384436,2000,GET,GET /pastes/:slug,1069.400000,0.000000,410,510,560,590,700,770,800,810,840,850,860,1700220,57,420.0,455.37300887204447,26.804099999935715,21022.02749999924,2908.9203161943747
1746384436,2000,POST,POST /pastes,109.900000,0.000000,420,510,560,590,700,770,790,810,830,840,840,169936,2,420.0,461.9755636986864,32.33849999924132,19812.114199999996,2858.2291156670744
1746384436,2000,,Aggregated,1179.300000,0.000000,410,510,560,590,700,770,800,810,840,850,860,1870156,59,420.0,455.97296510939293,26.804099999935715,21022.02749999924,2904.3141443815384
1746384437,2000,GET,GET /pastes/:slug,1042.200000,0.000000,410,510,560,590,640,760,790,810,830,840,840,1701157,57,420.0,455.4115148680738,26.804099999935715,21022.02749999924,2908.913103258547
1746384437,2000,POST,POST /pastes,106.200000,0.000000,420,510,560,590,640,760,780,800,820,840,840,170036,2,420.0,462.01666991107703,32.33849999924132,19812.114199999996,2858.2382436660473
1746384437,2000,,Aggregated,1148.400000,0.000000,410,510,560,590,640,760,790,810,830,840,840,1871193,59,420.0,456.01172774984855,26.804099999935715,21022.02749999924,2904.308260024487
1746384438,2000,GET,GET /pastes/:slug,1061.200000,0.000000,470,540,590,610,670,760,790,810,830,840,840,1702313,57,420.0,455.4890042142228,26.804099999935715,21022.02749999924,2908.881835479139
1746384438,2000,POST,POST /pastes,107.300000,0.000000,470,540,590,610,660,750,780,800,820,840,840,170150,2,420.0,462.08981935351073,32.33849999924132,19812.114199999996,2858.4606112253896
1746384438,2000,,Aggregated,1168.500000,0.000000,470,540,590,610,660,760,790,810,830,840,840,1872463,59,420.0,456.08881777312587,26.804099999935715,21022.02749999924,2904.300078025574
1746384440,2000,GET,GET /pastes/:slug,1082.700000,0.000000,390,490,530,560,620,640,670,680,720,730,730,1703487,57,420.0,455.3613556044905,26.804099999935715,21022.02749999924,2908.9101073269126
1746384440,2000,POST,POST /pastes,109.300000,0.000000,390,500,540,570,620,640,670,680,720,720,720,170262,2,420.0,461.972900751782,32.33849999924132,19812.114199999996,2858.6130786669955
1746384440,2000,,Aggregated,1192.000000,0.000000,390,490,530,560,620,640,670,680,720,730,730,1873749,59,420.0,455.9621270524607,26.804099999935715,21022.02749999924,2904.339765891803
1746384441,2000,GET,GET /pastes/:slug,1058.100000,0.000000,440,530,580,600,630,660,690,700,740,750,750,1704334,57,420.0,455.4313906059649,26.804099999935715,21022.02749999924,2908.9287739375027
1746384441,2000,POST,POST /pastes,106.200000,0.000000,460,540,580,600,630,650,670,690,750,750,750,170352,2,420.0,462.04070404397896,32.33849999924132,19812.114199999996,2858.5487226448763
1746384441,2000,,Aggregated,1164.300000,0.000000,440,530,580,600,630,650,680,700,740,750,750,1874686,59,420.0,456.03197639088427,26.804099999935715,21022.02749999924,2904.350757940263
1746384442,2000,GET,GET /pastes/:slug,1089.700000,0.000000,440,520,590,610,660,700,760,790,830,840,840,1705848,57,420.0,455.47056601205236,26.804099999935715,21022.02749999924,2908.963286295145
1746384442,2000,POST,POST /pastes,108.300000,0.000000,450,540,590,610,660,700,760,770,810,810,810,170501,2,420.0,462.063597242831,32.33849999924132,19812.114199999996,2858.4236983947308
1746384442,2000,,Aggregated,1198.000000,0.000000,440,520,590,610,660,700,760,780,830,830,840,1876349,59,420.0,456.06966480330806,26.804099999935715,21022.02749999924,2904.370830266651
1746384443,2000,GET,GET /pastes/:slug,1089.700000,0.000000,400,500,570,600,660,710,770,790,830,840,840,1706424,57,420.0,455.4280924786735,26.804099999935715,21022.02749999924,2908.9754662381683
1746384443,2000,POST,POST /pastes,108.300000,0.000000,410,510,580,610,660,700,760,770,810,810,810,170563,2,420.0,462.0081522000662,32.33849999924132,19812.114199999996,2858.502764374454
1746384443,2000,,Aggregated,1198.000000,0.000000,400,500,570,600,660,710,770,790,830,830,840,1876987,59,420.0,456.0260266818698,26.804099999935715,21022.02749999924,2904.3889797851557
1746384444,2000,GET,GET /pastes/:slug,1058.400000,0.000000,460,550,600,620,670,710,760,790,830,930,930,1707773,57,420.0,455.4998304769002,26.804099999935715,21022.02749999924,2908.9814337151365
1746384444,2000,POST,POST /pastes,105.700000,0.000000,470,550,600,620,670,710,760,780,900,900,900,170702,2,420.0,462.07544912127486,32.33849999924132,19812.114199999996,2858.6030450727
1746384444,2000,,Aggregated,1164.100000,0.000000,460,550,600,620,670,710,760,790,830,900,930,1878475,59,420.0,456.09737436427,26.804099999935715,21022.02749999924,2904.4034160688857
1746384445,2000,GET,GET /pastes/:slug,1055.000000,0.000000,440,550,600,620,670,710,770,790,830,930,930,1708821,57,420.0,455.4148405777004,26.804099999935715,21022.02749999924,2908.958596599644
1746384445,2000,POST,POST /pastes,105.900000,0.000000,440,550,590,620,670,710,760,780,900,900,900,170816,2,420.0,461.974554435181,32.33849999924132,19812.114199999996,2858.619368209067
1746384445,2000,,Aggregated,1160.900000,0.000000,440,550,600,620,670,710,760,790,830,900,930,1879637,59,420.0,456.01096849084246,26.804099999935715,21022.02749999924,2904.3839124256438
1746384446,2000,GET,GET /pastes/:slug,1061.700000,0.000000,490,590,620,640,680,720,770,790,830,930,930,1709865,57,420.0,455.46638433316554,26.804099999935715,21022.02749999924,2908.9777052574327
1746384446,2000,POST,POST /pastes,105.700000,0.000000,480,580,620,630,680,710,760,780,900,900,900,170926,2,420.0,462.0180183254731,32.33849999924132,19812.114199999996,2858.5780513204545
1746384446,2000,,Aggregated,1167.400000,0.000000,490,590,620,640,680,720,760,790,830,900,930,1880791,59,420.0,456.06179583383994,26.804099999935715,21022.02749999924,2904.397392373741
1746384447,2000,GET,GET /pastes/:slug,1058.400000,0.000000,460,560,620,640,680,720,760,790,830,930,930,1711110,57,420.0,455.461376319189,26.804099999935715,21022.02749999924,2908.9865520042545
1746384447,2000,POST,POST /pastes,106.100000,0.000000,450,550,600,630,680,710,760,770,810,900,900,171059,2,420.0,462.02370063486796,32.33849999924132,19812.114199999996,2858.4470679707
1746384447,2000,,Aggregated,1164.500000,0.000000,460,560,620,640,680,720,760,780,830,900,930,1882169,59,420.0,456.0577864370429,26.804099999935715,21022.02749999924,2904.393322810013
1746384448,2000,GET,GET /pastes/:slug,1007.300000,0.000000,420,510,590,620,670,720,760,790,830,930,930,1712067,57,420.0,455.39464595686195,26.804099999935715,21022.02749999924,2908.91051284792
1746384448,2000,POST,POST /pastes,103.400000,0.000000,420,500,580,610,670,710,760,770,810,900,900,171156,2,420.0,461.9505538678155,32.33849999924132,19812.114199999996,2858.472674051742
1746384448,2000,,Aggregated,1110.700000,0.000000,420,510,590,620,670,720,760,780,830,900,930,1883223,59,420.0,455.99047713267186,26.804099999935715,21022.02749999924,2904.326489215563
1746384449,2000,GET,GET /pastes/:slug,1042.700000,0.000000,450,550,610,630,680,720,760,790,830,930,930,1713221,57,420.0,455.4340068521389,26.804099999935715,21022.02749999924,2908.9308670626847
1746384449,2000,POST,POST /pastes,107.900000,0.000000,450,530,590,620,670,710,760,770,810,900,900,171269,2,420.0,461.97947030227175,32.33849999924132,19812.114199999996,2858.6446408865586
1746384449,2000,,Aggregated,1150.600000,0.000000,450,550,610,630,680,720,760,780,830,900,930,1884490,59,420.0,456.02888131665514,26.804099999935715,21022.02749999924,2904.360680077899
1746384450,2000,GET,GET /pastes/:slug,1052.400000,0.000000,440,500,570,620,670,720,760,790,830,930,930,1714184,57,420.0,455.40459094060395,26.804099999935715,21022.02749999924,2908.9780175290402
1746384450,2000,POST,POST /pastes,107.900000,0.000000,440,490,540,590,670,710,760,770,810,900,900,171372,2,420.0,461.945159117007,32.33849999924132,19812.114199999996,2858.6990115071308
1746384450,2000,,Aggregated,1160.300000,0.000000,440,500,570,610,670,720,760,780,830,900,930,1885556,59,420.0,455.999041728341,26.804099999935715,21022.02749999924,2904.408323592617
1746384451,2000,GET,GET /pastes/:slug,1020.100000,0.000000,440,490,550,590,640,660,690,720,740,930,930,1715264,57,420.0,455.4477193043346,26.804099999935715,21022.02749999924,2909.0428826116563
1746384451,2000,POST,POST /pastes,105.800000,0.000000,440,490,530,580,630,660,680,720,760,900,900,171492,2,420.0,461.9878300317202,32.33849999924132,19812.114199999996,2858.706872623796
1746384451,2000,,Aggregated,1125.900000,0.000000,440,490,540,590,640,660,690,720,750,900,930,1886756,59,420.0,456.04216642354703,26.804099999935715,21022.02749999924,2904.4677160162732
1746384452,2000,GET,GET /pastes/:slug,1025.200000,0.000000,450,490,550,580,640,660,690,720,740,760,930,1716559,57,420.0,455.39053780250543,26.804099999935715,21022.02749999924,2909.071081157129
1746384452,2000,POST,POST /pastes,106.800000,0.000000,450,490,530,580,630,660,680,720,760,900,900,171618,2,420.0,461.9281190586057,32.33849999924132,19812.114199999996,2858.58455989465
1746384452,2000,,Aggregated,1132.000000,0.000000,450,490,540,580,630,660,690,720,750,900,930,1888177,59,420.0,455.9847440766021,26.804099999935715,21022.02749999924,2904.482318659744
1746384453,2000,GET,GET /pastes/:slug,1037.400000,0.000000,440,480,500,540,620,650,680,710,730,740,740,1717431,57,420.0,455.3725423126927,26.804099999935715,21022.02749999924,2909.0500480077512
1746384453,2000,POST,POST /pastes,107.400000,0.000000,440,470,500,520,620,650,680,690,730,740,740,171714,2,420.0,461.906545367878,32.33849999924132,19812.114199999996,2858.585368694457
1746384453,2000,,Aggregated,1144.800000,0.000000,440,480,500,540,620,650,680,710,730,740,740,1889145,59,420.0,455.9664510918565,26.804099999935715,21022.02749999924,2904.463056567918
1746384454,2000,GET,GET /pastes/:slug,1024.600000,0.000000,440,480,520,580,630,650,680,710,730,740,740,1718742,57,420.0,455.392597476077,26.804099999935715,21022.02749999924,2909.0842121737874
1746384454,2000,POST,POST /pastes,107.800000,0.000000,450,480,510,540,630,650,680,690,730,740,740,171844,2,420.0,461.92285039454254,32.33849999924132,19812.114199999996,2858.39052861898
1746384454,2000,,Aggregated,1132.400000,0.000000,440,480,520,570,630,650,680,710,730,740,740,1890586,59,420.0,455.9861620018463,26.804099999935715,21022.02749999924,2904.476431646061
1746384455,2000,GET,GET /pastes/:slug,1033.100000,0.000000,450,480,510,570,630,650,680,710,730,740,740,1719673,57,420.0,455.37633765136064,26.804099999935715,21022.02749999924,2909.1020746386084
1746384455,2000,POST,POST /pastes,107.700000,0.000000,450,480,510,540,630,650,680,690,730,740,740,171922,2,420.0,461.9038741016262,32.33849999924132,19812.114199999996,2858.336094275311
1746384455,2000,,Aggregated,1140.800000,0.000000,450,480,510,570,630,650,680,710,730,740,740,1891595,59,420.0,455.9696079452651,26.804099999935715,21022.02749999924,2904.4880907382394
1746384456,2000,GET,GET /pastes/:slug,1019.400000,0.000000,450,480,510,550,620,640,660,680,760,780,780,1720577,57,420.0,455.43830907563495,26.804099999935715,21022.02749999924,2909.1813996118744
1746384456,2000,POST,POST /pastes,105.300000,0.000000,450,480,500,520,610,640,650,680,710,710,710,171987,2,430.0,461.9436222923814,32.33849999924132,19812.114199999996,2858.403978207655
1746384456,2000,,Aggregated,1124.700000,0.000000,450,480,510,540,620,640,660,680,740,780,780,1892564,59,420.0,456.0294802614992,26.804099999935715,21022.02749999924,2904.56699482818
1746384457,2000,GET,GET /pastes/:slug,1028.400000,0.000000,450,490,540,580,630,670,710,730,800,830,840,1721921,57,420.0,455.4621922029102,26.804099999935715,21022.02749999924,2909.190407690016
1746384457,2000,POST,POST /pastes,106.600000,0.000000,450,490,520,570,630,660,690,710,770,770,770,172113,2,430.0,461.95828140523855,32.33849999924132,19812.114199999996,2858.326924752924
1746384457,2000,,Aggregated,1135.000000,0.000000,450,490,540,580,630,670,710,730,800,830,840,1894034,59,420.0,456.0524991355608,26.804099999935715,21022.02749999924,2904.568385783993
1746384458,2000,GET,GET /pastes/:slug,1051.900000,0.000000,450,490,550,580,630,670,710,730,800,830,840,1722929,57,420.0,455.4158078050972,26.804099999935715,21022.02749999924,2909.1624936372887
1746384458,2000,POST,POST /pastes,106.200000,0.000000,450,490,530,580,630,660,690,700,770,770,770,172222,2,430.0,461.9169282629386,32.33849999924132,19812.114199999996,2858.3755095167867
1746384458,2000,,Aggregated,1158.100000,0.000000,450,490,550,580,630,670,710,730,800,830,840,1895151,59,420.0,456.0065976511231,26.804099999935715,21022.02749999924,2904.5472223585352
1746384459,2000,GET,GET /pastes/:slug,1019.600000,0.000000,460,510,560,590,650,700,740,760,810,830,840,1723941,57,420.0,455.508300731596,26.804099999935715,21022.02749999924,2909.161205052841
1746384459,2000,POST,POST /pastes,98.900000,0.000000,460,510,560,590,650,690,720,750,770,770,770,172310,2,430.0,461.9952854459975,32.33849999924132,19812.114199999996,2858.4295165689746
1746384459,2000,,Aggregated,1118.500000,0.000000,460,510,560,590,650,700,740,760,810,830,840,1896251,59,420.0,456.0977650673478,26.804099999935715,21022.02749999924,2904.551278812773
1746384460,2000,GET,GET /pastes/:slug,1034.000000,0.000000,480,540,590,610,680,720,750,770,1000,1200,1200,1724910,57,420.0,455.6038223717337,26.804099999935715,21022.02749999924,2909.1655622612193
1746384460,2000,POST,POST /pastes,101.500000,0.000000,480,540,590,610,680,710,750,750,1200,1200,1200,172420,2,430.0,462.0931393840608,32.33849999924132,19812.114199999996,2858.346119939682
1746384460,2000,,Aggregated,1135.500000,0.000000,480,540,590,610,680,720,750,770,1100,1200,1200,1897330,59,420.0,456.1935395212336,26.804099999935715,21022.02749999924,2904.5473417908324
1746384462,2000,GET,GET /pastes/:slug,1023.900000,0.000000,490,550,600,620,690,730,770,800,1400,1600,1600,1725841,57,420.0,455.6396512162636,26.804099999935715,21022.02749999924,2909.163516801374
1746384462,2000,POST,POST /pastes,98.700000,0.000000,490,550,590,610,690,730,750,770,1300,1300,1300,172496,2,430.0,462.11502042076216,32.33849999924132,19812.114199999996,2858.340865875151
1746384462,2000,,Aggregated,1122.600000,0.000000,490,550,600,620,690,730,760,790,1400,1600,1600,1898337,59,420.0,456.2280479478736,26.804099999935715,21022.02749999924,2904.545420017626
1746384463,2000,GET,GET /pastes/:slug,1029.600000,0.000000,510,570,610,650,710,740,810,1100,1500,2600,2600,1726848,57,420.0,455.746768870524,26.804099999935715,21022.02749999924,2909.1204043436364
1746384463,2000,POST,POST /pastes,100.000000,0.000000,510,570,600,640,690,730,760,1100,1800,1800,1800,172588,2,430.0,462.2009832045086,32.33849999924132,19812.114199999996,2858.2684775303032
1746384463,2000,,Aggregated,1129.600000,0.000000,510,570,610,640,710,740,800,1100,1500,2600,2600,1899436,59,420.0,456.33321660736266,26.804099999935715,21022.02749999924,2904.4998578525415
1746384464,2000,GET,GET /pastes/:slug,999.900000,0.000000,540,600,650,680,720,770,1200,1400,2100,2600,2600,1727872,57,420.0,455.91950873023336,26.804099999935715,21022.02749999924,2909.130904372546
1746384464,2000,POST,POST /pastes,94.800000,0.000000,540,590,640,670,710,750,1300,1600,2000,2000,2000,172702,2,430.0,462.3726967591563,32.33849999924132,19812.114199999996,2858.1475894894097
1746384464,2000,,Aggregated,1094.700000,0.000000,540,600,650,680,720,770,1200,1500,2100,2600,2600,1900574,59,420.0,456.5058991990956,26.804099999935715,21022.02749999924,2904.4981353001776
1746384465,2000,GET,GET /pastes/:slug,1001.900000,0.000000,550,620,670,690,740,950,1400,1800,2600,3100,3100,1728700,57,420.0,456.0810821674239,26.804099999935715,21022.02749999924,2909.160307745705
1746384465,2000,POST,POST /pastes,93.800000,0.000000,560,610,670,690,740,920,1500,1700,2000,2000,2000,172789,2,430.0,462.5314161173446,32.33849999924132,19812.114199999996,2858.0428210129116
1746384465,2000,,Aggregated,1095.700000,0.000000,550,620,670,690,740,940,1400,1700,2500,3100,3100,1901489,59,420.0,456.66722636960907,26.804099999935715,21022.02749999924,2904.515243054259
1746384466,2000,GET,GET /pastes/:slug,995.000000,0.000000,560,620,670,690,750,1100,1600,1800,2600,3100,3100,1729633,57,420.0,456.23591409867106,26.804099999935715,21022.02749999924,2909.142510578834
1746384466,2000,POST,POST /pastes,94.000000,0.000000,560,610,660,680,740,1100,1600,1700,2500,2500,2500,172895,2,430.0,462.6755400647783,32.33849999924132,19812.114199999996,2858.0522802857226
1746384466,2000,,Aggregated,1089.000000,0.000000,560,620,670,690,750,1100,1600,1800,2600,3100,3100,1902528,59,420.0,456.8211244773913,26.804099999935715,21022.02749999924,2904.4996115694485
1746384467,2000,GET,GET /pastes/:slug,960.100000,0.000000,550,620,670,700,810,1200,1700,1900,2800,4500,4500,1730923,57,420.0,456.3026252457952,26.804099999935715,21022.02749999924,2909.098709185793
1746384467,2000,POST,POST /pastes,90.900000,0.000000,560,610,660,690,770,1300,1700,1800,2600,2600,2600,173016,2,430.0,462.7332125225408,32.33849999924132,19812.114199999996,2857.9071068571693
1746384467,2000,,Aggregated,1051.000000,0.000000,550,620,670,700,810,1200,1700,1900,2700,4500,4500,1903939,59,420.0,456.88698981223877,26.804099999935715,21022.02749999924,2904.4467921503788
1746384468,2000,GET,GET /pastes/:slug,961.000000,0.000000,550,620,670,700,810,1200,1700,1900,2700,4500,4500,1732036,57,420.0,456.16068164283394,26.804099999935715,21022.02749999924,2909.0922446184723
1746384468,2000,POST,POST /pastes,93.900000,0.000000,550,600,660,680,750,1300,1600,1800,2600,2600,2600,173136,2,430.0,462.57713212214645,32.33849999924132,19812.114199999996,2857.934635200074
1746384468,2000,,Aggregated,1054.900000,0.000000,550,610,670,700,800,1200,1700,1900,2700,4500,4500,1905172,59,420.0,456.74378834930593,26.804099999935715,21022.02749999924,2904.443203028388
1746384469,2000,GET,GET /pastes/:slug,976.500000,0.000000,520,580,640,670,780,1200,1700,1900,2700,4500,4500,1733130,57,420.0,456.1200850779377,26.804099999935715,21022.02749999924,2909.1203746978013
1746384469,2000,POST,POST /pastes,97.900000,0.000000,520,570,630,660,750,1200,1600,1800,2600,2600,2600,173242,2,430.0,462.5340802755685,32.33849999924132,19812.114199999996,2857.9067778021495
1746384469,2000,,Aggregated,1074.400000,0.000000,520,580,640,670,780,1200,1700,1900,2700,3800,4500,1906372,59,420.0,456.7029583870421,26.804099999935715,21022.02749999924,2904.46632713867
1746384470,2000,GET,GET /pastes/:slug,976.500000,0.000000,490,560,610,640,750,1200,1700,1900,2700,4500,4500,1734315,57,420.0,456.11665973068733,26.804099999935715,21022.02749999924,2909.102398929837
1746384470,2000,POST,POST /pastes,96.900000,0.000000,500,560,610,640,720,1300,1600,1800,2600,2600,2600,173340,2,430.0,462.5275079595019,32.33849999924132,19812.114199999996,2857.8905388254298
1746384470,2000,,Aggregated,1073.400000,0.000000,490,560,610,640,750,1200,1700,1900,2700,3800,4500,1907655,59,420.0,456.6991845750529,26.804099999935715,21022.02749999924,2904.4490083374612
1746384471,2000,GET,GET /pastes/:slug,976.500000,0.000000,510,560,600,640,740,1200,1700,1900,2700,4500,4500,1735282,57,420.0,456.1400296616508,26.804099999935715,21022.02749999924,2909.078454107171
1746384471,2000,POST,POST /pastes,98.100000,0.000000,500,560,610,640,720,1200,1600,1800,2600,2600,2600,173418,2,430.0,462.54041334059957,32.33849999924132,19812.114199999996,2857.7504065321937
1746384471,2000,,Aggregated,1074.600000,0.000000,510,560,600,640,740,1200,1700,1900,2700,3800,4500,1908700,59,420.0,456.72154678683063,26.804099999935715,21022.02749999924,2904.414962016032
1746384472,2000,GET,GET /pastes/:slug,1000.100000,0.000000,480,540,570,600,710,1100,1600,1900,2700,4500,4500,1736665,57,420.0,456.08735912650474,26.804099999935715,21022.02749999924,2909.103709120642
1746384472,2000,POST,POST /pastes,99.600000,0.000000,490,550,580,610,700,1100,1600,1700,2600,2600,2600,173534,2,430.0,462.51032907902885,32.33849999924132,19812.114199999996,2857.680322011825
1746384472,2000,,Aggregated,1099.700000,0.000000,480,540,570,600,710,1100,1600,1900,2700,3800,4500,1910199,59,420.0,456.6708604620914,26.804099999935715,21022.02749999924,2904.4320984358174
1746384473,2000,GET,GET /pastes/:slug,999.700000,0.000000,430,520,550,570,650,1000,1600,1900,2700,4500,4500,1737419,57,420.0,456.0402717082253,26.804099999935715,21022.02749999924,2909.078491716736
1746384473,2000,POST,POST /pastes,96.800000,0.000000,450,520,550,570,660,870,1500,1700,2600,2600,2600,173613,2,430.0,462.4565050912099,32.33849999924132,19812.114199999996,2857.6665226682335
1746384473,2000,,Aggregated,1096.500000,0.000000,430,520,550,570,660,990,1600,1800,2700,3800,4500,1911032,59,420.0,456.623172217644,26.804099999935715,21022.02749999924,2904.407828858962
1746384474,2000,GET,GET /pastes/:slug,1033.800000,0.000000,440,520,560,580,660,730,1200,1600,2600,4500,4500,1738322,57,420.0,456.14875873579984,26.804099999935715,21022.02749999924,2909.109986527237
1746384474,2000,POST,POST /pastes,100.300000,0.000000,450,530,570,590,680,740,1200,1600,2600,2600,2600,173720,2,430.0,462.5840918149913,32.33849999924132,19812.114199999996,2857.787485609026
1746384474,2000,,Aggregated,1134.100000,0.000000,440,520,560,580,670,730,1200,1600,2600,3800,4500,1912042,59,420.0,456.7334457157475,26.804099999935715,21022.02749999924,2904.4470424812844
1746384475,2000,GET,GET /pastes/:slug,1036.600000,0.000000,430,510,560,570,660,710,860,1200,2500,3800,4500,1739467,57,420.0,456.21133773893644,26.804099999935715,21022.02749999924,2909.1021916483614
1746384475,2000,POST,POST /pastes,100.300000,0.000000,440,510,560,580,670,720,790,1200,2600,2600,2600,173828,2,430.0,462.63453030984823,32.33849999924132,19812.114199999996,2857.74131325218
1746384475,2000,,Aggregated,1136.900000,0.000000,430,510,560,570,660,710,860,1200,2500,3800,4500,1913295,59,420.0,456.7949020707371,26.804099999935715,21022.02749999924,2904.4359176185585
1746384476,2000,GET,GET /pastes/:slug,1026.500000,0.000000,440,540,580,600,670,710,740,760,880,3000,3000,1740179,57,420.0,456.29510862459256,26.804099999935715,21022.02749999924,2909.1090186699184
1746384476,2000,POST,POST /pastes,100.400000,0.000000,450,550,590,640,690,710,750,760,870,870,870,173913,2,430.0,462.7369904877742,32.33849999924132,19812.114199999996,2857.7298074324517
1746384476,2000,,Aggregated,1126.900000,0.000000,440,540,580,600,670,710,740,760,870,1000,3000,1914092,59,420.0,456.8804133019368,26.804099999935715,21022.02749999924,2904.440741092905
1746384477,2000,GET,GET /pastes/:slug,1058.700000,0.000000,510,590,650,680,770,850,920,970,1300,1700,1700,1741264,57,420.0,456.53360317030376,26.804099999935715,21022.02749999924,2909.0741122540867
1746384477,2000,POST,POST /pastes,102.500000,0.000000,520,610,660,690,770,850,940,970,980,980,980,174016,2,430.0,462.9580857898137,32.33849999924132,19812.114199999996,2857.82734346267
1746384477,2000,,Aggregated,1161.200000,0.000000,510,590,650,680,770,850,920,970,1300,1700,1700,1915280,59,420.0,457.1173103919695,26.804099999935715,21022.02749999924,2904.418000501232
1746384478,2000,GET,GET /pastes/:slug,1039.800000,0.000000,560,630,690,710,830,920,1100,1300,1800,2000,2000,1742295,57,420.0,456.73625392900533,26.804099999935715,21022.02749999924,2909.110572549425
1746384478,2000,POST,POST /pastes,100.000000,0.000000,560,650,690,710,830,920,1200,1500,1800,1800,1800,174116,2,430.0,463.1648402059556,32.33849999924132,19812.114199999996,2857.910657262974
1746384478,2000,,Aggregated,1139.800000,0.000000,560,630,690,710,830,920,1100,1300,1800,2000,2000,1916411,59,420.0,457.3203247406388,26.804099999935715,21022.02749999924,2904.458791459661
1746384479,2000,GET,GET /pastes/:slug,1021.500000,0.000000,590,680,730,750,860,980,1200,1500,1900,2900,2900,1743053,57,420.0,456.9080063573713,26.804099999935715,21022.02749999924,2909.0808334571584
1746384479,2000,POST,POST /pastes,99.600000,0.000000,600,690,720,750,860,980,1500,1600,2400,2400,2400,174202,2,430.0,463.3758605027508,32.33849999924132,19812.114199999996,2857.8983823377457
1746384479,2000,,Aggregated,1121.100000,0.000000,590,680,730,750,860,980,1300,1500,1900,2900,2900,1917255,59,420.0,457.4956762958139,26.804099999935715,21022.02749999924,2904.430390323666
1746384480,2000,GET,GET /pastes/:slug,979.800000,0.000000,630,700,750,790,900,1100,1400,1700,2400,2900,2900,1743756,57,420.0,457.0712327639515,26.804099999935715,21022.02749999924,2909.0985057542453
1746384480,2000,POST,POST /pastes,93.900000,0.000000,640,700,750,780,920,1300,1700,2000,3400,3400,3400,174279,2,430.0,463.6095157867571,32.33849999924132,19812.114199999996,2857.923226550531
1746384480,2000,,Aggregated,1073.700000,0.000000,630,700,750,790,910,1100,1500,1700,2400,3400,3400,1918035,59,420.0,457.6653227711345,26.804099999935715,21022.02749999924,2904.4485507303048
1746384481,2000,GET,GET /pastes/:slug,955.700000,0.000000,680,740,800,830,980,1300,1800,2100,3200,3600,3600,1744662,57,420.0,457.37521526280585,26.804099999935715,21022.02749999924,2909.107576711134
1746384481,2000,POST,POST /pastes,91.400000,0.000000,670,740,790,840,1200,1600,2000,2300,3500,3500,3500,174376,2,430.0,463.9411733329144,32.33849999924132,19812.114199999996,2858.0062279212734
1746384481,2000,,Aggregated,1047.100000,0.000000,680,740,800,830,980,1400,1800,2200,3300,3600,3600,1919038,59,420.0,457.97183998020546,26.804099999935715,21022.02749999924,2904.4641830959054
1746384482,2000,GET,GET /pastes/:slug,931.100000,0.000000,690,750,810,840,1100,1500,2000,2400,3600,4300,4300,1745871,57,420.0,457.4724275419187,26.804099999935715,21022.02749999924,2909.1933659474266
1746384482,2000,POST,POST /pastes,90.900000,0.000000,680,750,810,840,1200,1600,2000,2300,3500,3500,3500,174497,2,430.0,464.00419417239374,32.33849999924132,19812.114199999996,2858.0010716516617
1746384482,2000,,Aggregated,1022.000000,0.000000,690,750,810,840,1100,1500,2000,2400,3600,4300,4300,1920368,59,420.0,458.0659459101244,26.804099999935715,21022.02749999924,2904.541704506636
1746384483,2000,GET,GET /pastes/:slug,891.200000,0.000000,700,780,830,860,1100,1500,2000,2400,3700,5200,5200,1746440,57,420.0,457.5700263894189,26.804099999935715,21022.02749999924,2909.1861357962484
1746384483,2000,POST,POST /pastes,89.700000,0.000000,690,770,830,860,1300,1700,2100,2400,3500,3500,3500,174550,2,430.0,464.0898892305941,32.33849999924132,19812.114199999996,2858.078837009453
1746384483,2000,,Aggregated,980.900000,0.000000,700,780,830,860,1100,1500,2000,2400,3600,5200,5200,1920990,59,420.0,458.16245115941956,26.804099999935715,21022.02749999924,2904.542291214426
1746384485,2000,GET,GET /pastes/:slug,873.100000,0.000000,760,840,900,960,1200,1600,2100,2500,4000,5800,5800,1747757,57,420.0,457.86679102657786,26.804099999935715,21022.02749999924,2909.140073820331
1746384485,2000,POST,POST /pastes,91.600000,0.000000,740,820,870,950,1300,1700,2300,2700,6100,6100,6100,174692,2,430.0,464.36759373755024,32.33849999924132,19812.114199999996,2858.07183500103
1746384485,2000,,Aggregated,964.700000,0.000000,760,840,900,960,1200,1600,2100,2500,4300,6100,6100,1922449,59,420.0,458.45751578816106,26.804099999935715,21022.02749999924,2904.499527945865
1746384486,2000,GET,GET /pastes/:slug,842.500000,0.000000,760,840,910,1000,1200,1600,2100,2500,4000,5800,5800,1748419,57,420.0,458.0376744809677,26.804099999935715,21022.02749999924,2909.1591580736654
1746384486,2000,POST,POST /pastes,86.100000,0.000000,740,820,870,970,1500,1700,2300,3100,6100,6100,6100,174744,2,430.0,464.48792161275986,32.33849999924132,19812.114199999996,2858.0760770040747
1746384486,2000,,Aggregated,928.600000,0.000000,760,840,910,1000,1300,1700,2100,2500,4300,6100,6100,1923163,59,420.0,458.6237620797795,26.804099999935715,21022.02749999924,2904.517605631972
1746384487,2000,GET,GET /pastes/:slug,852.900000,0.000000,740,840,900,960,1200,1500,2000,2400,4000,5800,5800,1750061,57,420.0,458.1453032074536,26.804099999935715,21022.02749999924,2909.151387865909
1746384487,2000,POST,POST /pastes,89.300000,0.000000,720,810,880,930,1300,1700,2200,2700,6100,6100,6100,174917,2,430.0,464.6196734148198,32.33849999924132,19812.114199999996,2858.1466181103037
1746384487,2000,,Aggregated,942.200000,0.000000,740,830,900,950,1200,1500,2100,2400,4000,6100,6100,1924978,59,420.0,458.73360988605344,26.804099999935715,21022.02749999924,2904.5167368146545
1746384488,2000,GET,GET /pastes/:slug,849.700000,0.000000,730,820,890,940,1200,1500,2000,2400,4000,5800,5800,1750792,57,420.0,458.12110054714674,26.804099999935715,21022.02749999924,2909.109290538225
1746384488,2000,POST,POST /pastes,86.400000,0.000000,690,790,860,900,1200,1600,2200,2700,6100,6100,6100,174992,2,430.0,464.5563805471107,32.33849999924132,19812.114199999996,2858.08174659413
1746384488,2000,,Aggregated,936.100000,0.000000,720,820,890,930,1200,1500,2100,2400,4000,6100,6100,1925784,59,420.0,458.7058611006406,26.804099999935715,21022.02749999924,2904.4725233982626
1746384489,2000,GET,GET /pastes/:slug,903.600000,0.000000,710,820,880,900,1100,1400,2000,2400,4000,5800,5800,1751809,57,420.0,458.2570677499322,26.804099999935715,21022.02749999924,2909.0932778630545
1746384489,2000,POST,POST /pastes,91.900000,0.000000,680,800,850,880,1100,1500,2100,2600,6100,6100,6100,175108,2,430.0,464.72449108378834,32.33849999924132,19812.114199999996,2857.9890638919983
1746384489,2000,,Aggregated,995.500000,0.000000,700,820,870,900,1100,1400,2000,2400,4000,6100,6100,1926917,59,420.0,458.8447928907353,26.804099999935715,21022.02749999924,2904.449197863738
1746384490,2000,GET,GET /pastes/:slug,887.800000,0.000000,700,820,870,900,1100,1300,1900,2400,4000,5800,5800,1752396,57,420.0,458.3572066809333,26.804099999935715,21022.02749999924,2909.0759280436614
1746384490,2000,POST,POST /pastes,93.200000,0.000000,680,800,840,880,1000,1300,1800,2300,6100,6100,6100,175176,2,430.0,464.85080442355076,32.33849999924132,19812.114199999996,2857.9539891309314
1746384490,2000,,Aggregated,981.000000,0.000000,700,820,870,900,1100,1300,1900,2300,4000,6100,6100,1927572,59,420.0,458.9473389707553,26.804099999935715,21022.02749999924,2904.4300124716483
1746384491,2000,GET,GET /pastes/:slug,910.700000,0.000000,700,830,890,930,1100,1200,1600,2000,3800,5800,5800,1753801,57,420.0,458.75248684009256,26.804099999935715,21022.02749999924,2909.0773069464553
1746384491,2000,POST,POST /pastes,94.500000,0.000000,700,820,870,910,1100,1200,1700,2000,6100,6100,6100,175323,2,430.0,465.3214442925336,32.33849999924132,19812.114199999996,2858.089138333248
1746384491,2000,,Aggregated,1005.200000,0.000000,700,830,880,920,1100,1200,1600,2000,3800,6100,6100,1929124,59,420.0,459.34948803204804,26.804099999935715,21022.02749999924,2904.443390886226
1746384492,2000,GET,GET /pastes/:slug,894.000000,0.000000,680,820,880,910,1100,1200,1500,2000,2600,5800,5800,1754961,57,420.0,458.7149280209325,26.804099999935715,21022.02749999924,2909.095243142155
1746384492,2000,POST,POST /pastes,93.200000,0.000000,680,800,850,890,1100,1200,1700,2000,6100,6100,6100,175440,2,430.0,465.2779090104876,32.33849999924132,19812.114199999996,2858.010493616051
1746384492,2000,,Aggregated,987.200000,0.000000,680,820,880,910,1100,1200,1600,2000,2600,5800,6100,1930401,59,420.0,459.3113892664473,26.804099999935715,21022.02749999924,2904.4525246308926
1746384493,2000,GET,GET /pastes/:slug,903.200000,0.000000,660,800,870,900,1100,1200,1500,1900,2500,5800,5800,1755715,57,420.0,458.76833455352636,26.804099999935715,21022.02749999924,2909.1078603304068
1746384493,2000,POST,POST /pastes,94.600000,0.000000,660,790,850,890,1000,1200,1700,1900,6100,6100,6100,175506,2,430.0,465.31619940856723,32.33849999924132,19812.114199999996,2858.000056978109
1746384493,2000,,Aggregated,997.800000,0.000000,660,800,870,900,1100,1200,1500,1900,2600,5800,6100,1931221,59,420.0,459.36339310417617,26.804099999935715,21022.02749999924,2904.4632721992975
1746384494,2000,GET,GET /pastes/:slug,903.500000,0.000000,610,730,810,850,980,1100,1400,1800,2400,2800,2800,1757202,57,420.0,458.7922864854733,26.804099999935715,21022.02749999924,2909.0745691161287
1746384494,2000,POST,POST /pastes,93.900000,0.000000,620,740,820,850,1000,1100,1600,1900,2400,2400,2400,175663,2,430.0,465.3449381383664,32.33849999924132,19812.114199999996,2858.08903980918
1746384494,2000,,Aggregated,997.400000,0.000000,610,730,810,850,990,1100,1500,1800,2400,2600,2800,1932865,59,420.0,459.3878058038417,26.804099999935715,21022.02749999924,2904.440892664516
1746384495,2000,GET,GET /pastes/:slug,913.900000,0.000000,560,680,770,810,920,1100,1300,1600,2400,2800,2800,1758024,57,420.0,458.747013170836,26.804099999935715,21022.02749999924,2909.044333296929
1746384495,2000,POST,POST /pastes,94.500000,0.000000,570,700,800,830,970,1100,1600,1900,2300,2400,2400,175743,2,430.0,465.29890967492213,32.33849999924132,19812.114199999996,2858.1063427846343
1746384495,2000,,Aggregated,1008.400000,0.000000,560,680,770,820,930,1100,1300,1700,2400,2600,2800,1933767,59,420.0,459.34245716554364,26.804099999935715,21022.02749999924,2904.4150293184234
1746384496,2000,GET,GET /pastes/:slug,948.600000,0.000000,570,670,730,770,850,1100,1300,1700,2400,2800,2800,1759264,57,420.0,458.8770564316357,26.804099999935715,21022.02749999924,2909.0657416965278
1746384496,2000,POST,POST /pastes,98.300000,0.000000,580,670,760,800,930,1100,1600,1900,2400,2400,2400,175857,2,430.0,465.4019401343126,32.33849999924132,19812.114199999996,2858.261775192344
1746384496,2000,,Aggregated,1046.900000,0.000000,580,670,730,780,860,1100,1300,1700,2400,2600,2800,1935121,59,420.0,459.470014946012,26.804099999935715,21022.02749999924,2904.448855652954
1746384497,2000,GET,GET /pastes/:slug,957.400000,0.000000,560,660,710,770,850,1100,1300,1600,2400,2800,2800,1760403,57,420.0,458.73430134806915,26.804099999935715,21022.02749999924,2909.091705706023
1746384497,2000,POST,POST /pastes,98.100000,0.000000,570,670,760,790,910,1100,1600,1900,2400,2400,2400,175972,2,430.0,465.26435406484995,32.33849999924132,19812.114199999996,2858.359665174005
1746384497,2000,,Aggregated,1055.500000,0.000000,560,660,720,770,850,1100,1300,1700,2400,2600,2800,1936375,59,420.0,459.32773311447477,26.804099999935715,21022.02749999924,2904.4813287715447
1746384499,2000,GET,GET /pastes/:slug,940.000000,0.000000,540,630,680,740,840,1100,1300,1700,2400,2800,2800,1761253,57,420.0,458.75541145613084,26.804099999935715,21022.02749999924,2909.059495711292
1746384499,2000,POST,POST /pastes,95.500000,0.000000,540,650,700,760,870,1100,1600,1900,2400,2400,2400,176055,2,430.0,465.29803556445285,32.33849999924132,19812.114199999996,2858.397881343898
1746384499,2000,,Aggregated,1035.500000,0.000000,540,640,690,740,840,1100,1400,1700,2400,2800,2800,1937308,59,420.0,459.34997963392556,26.804099999935715,21022.02749999924,2904.4555656612165
1746384500,2000,GET,GET /pastes/:slug,990.400000,0.000000,530,610,670,700,790,830,1000,1200,2200,2800,2800,1762560,57,420.0,458.85353368988547,26.804099999935715,21022.02749999924,2909.031715232389
1746384500,2000,POST,POST /pastes,99.600000,0.000000,520,610,670,710,790,840,1300,1700,2400,2400,2400,176198,2,430.0,465.3977097974987,32.33849999924132,19812.114199999996,2858.4252261660176
1746384500,2000,,Aggregated,1090.000000,0.000000,530,610,670,700,790,830,1000,1200,2200,2600,2800,1938758,59,420.0,459.44828081242787,26.804099999935715,21022.02749999924,2904.4325016324883
1746384501,2000,GET,GET /pastes/:slug,976.600000,0.000000,440,560,610,660,760,790,820,840,900,980,980,1763522,57,420.0,458.7963819151351,26.804099999935715,21022.02749999924,2909.024134657804
1746384501,2000,POST,POST /pastes,98.100000,0.000000,440,560,620,660,760,790,820,830,1000,1000,1000,176284,2,430.0,465.3423387454314,32.33849999924132,19812.114199999996,2858.3467926754556
1746384501,2000,,Aggregated,1074.700000,0.000000,440,560,610,660,760,790,820,840,900,980,1000,1939806,59,420.0,459.39125967810133,26.804099999935715,21022.02749999924,2904.4187233156304
1746384502,2000,GET,GET /pastes/:slug,1021.400000,0.000000,490,570,630,660,760,790,820,840,900,980,980,1764599,57,420.0,458.83519166527014,26.804099999935715,21022.02749999924,2908.9802391364838
1746384502,2000,POST,POST /pastes,102.800000,0.000000,490,590,630,660,760,790,820,830,1000,1000,1000,176392,2,430.0,465.3782645556464,32.33849999924132,19812.114199999996,2858.3120436300965
1746384502,2000,,Aggregated,1124.200000,0.000000,490,570,630,660,760,790,820,840,900,980,1000,1940991,59,430.0,459.42980839109543,26.804099999935715,21022.02749999924,2904.3756508917354
1746384503,2000,GET,GET /pastes/:slug,1047.600000,0.000000,440,550,600,630,700,760,800,800,840,850,850,1765949,57,420.0,458.7358914683509,26.804099999935715,21022.02749999924,2908.921363527486
1746384503,2000,POST,POST /pastes,103.800000,0.000000,440,560,600,630,710,760,800,810,960,1000,1000,176549,2,430.0,465.2581930999306,32.33849999924132,19812.114199999996,2858.1876419577566
1746384503,2000,,Aggregated,1151.400000,0.000000,440,550,600,630,700,760,800,800,840,960,1000,1942498,59,420.0,459.32868787316147,26.804099999935715,21022.02749999924,2904.3102968445783
1746384504,2000,GET,GET /pastes/:slug,1016.300000,0.000000,430,550,590,620,680,760,790,800,840,850,850,1766837,57,420.0,458.65729747466344,26.804099999935715,21022.02749999924,2908.9243359743996
1746384504,2000,POST,POST /pastes,101.700000,0.000000,430,550,600,620,700,760,790,810,1000,1000,1000,176638,2,430.0,465.1810347518635,32.33849999924132,19812.114199999996,2858.113344806893
1746384504,2000,,Aggregated,1118.000000,0.000000,430,550,600,620,680,760,790,800,840,960,1000,1943475,59,420.0,459.2502250426372,26.804099999935715,21022.02749999924,2904.3062411402257
1746384505,2000,GET,GET /pastes/:slug,1076.600000,0.000000,460,570,620,640,690,750,790,800,840,850,850,1767909,57,420.0,458.73057876120544,26.804099999935715,21022.02749999924,2908.9434840820427
1746384505,2000,POST,POST /pastes,108.600000,0.000000,450,570,610,630,700,760,790,810,1000,1000,1000,176737,2,430.0,465.2326272331183,32.33849999924132,19812.114199999996,2858.2254875889034
1746384505,2000,,Aggregated,1185.200000,0.000000,460,570,620,640,690,760,790,800,840,960,1000,1944646,59,430.0,459.3215102421941,26.804099999935715,21022.02749999924,2904.3340350891626
1746384506,2000,GET,GET /pastes/:slug,1066.100000,0.000000,420,510,580,620,670,700,750,790,820,830,830,1769147,57,420.0,458.69387285507884,26.804099999935715,21022.02749999924,2908.985284998929
1746384506,2000,POST,POST /pastes,108.100000,0.000000,420,510,590,620,670,710,790,810,1000,1000,1000,176855,2,430.0,465.18767870119393,32.33849999924132,19812.114199999996,2858.154499448701
1746384506,2000,,Aggregated,1174.200000,0.000000,420,510,580,620,670,700,760,790,820,960,1000,1946002,59,420.0,459.28403773307593,26.804099999935715,21022.02749999924,2904.3657221318376
1746384507,2000,GET,GET /pastes/:slug,1042.700000,0.000000,440,520,580,620,670,700,750,790,820,830,830,1770211,57,420.0,458.6489196288144,26.804099999935715,21022.02749999924,2908.97804668483
1746384507,2000,POST,POST /pastes,104.700000,0.000000,430,520,590,620,670,710,790,810,1000,1000,1000,176964,2,430.0,465.13402159252536,32.33849999924132,19812.114199999996,2858.051858005018
1746384507,2000,,Aggregated,1147.400000,0.000000,440,520,580,620,670,700,760,790,820,960,1000,1947175,59,420.0,459.2383014686097,26.804099999935715,21022.02749999924,2904.349750792815
1746384508,2000,GET,GET /pastes/:slug,1090.400000,0.000000,450,520,580,620,680,710,750,790,820,830,830,1771145,57,420.0,458.7049404687047,26.804099999935715,21022.02749999924,2908.967451563819
1746384508,2000,POST,POST /pastes,109.900000,0.000000,440,510,590,620,690,720,790,800,960,1000,1000,177061,2,430.0,465.1977052738864,32.33849999924132,19812.114199999996,2858.0966616024984
1746384508,2000,,Aggregated,1200.300000,0.000000,450,520,580,620,680,710,760,790,820,960,1000,1948206,59,430.0,459.2950297247523,26.804099999935715,21022.02749999924,2904.3441042682343
1746384509,2000,GET,GET /pastes/:slug,1059.100000,0.000000,450,510,560,600,650,680,700,710,730,760,760,1772277,57,420.0,458.76793966075553,26.804099999935715,21022.02749999924,2908.962342794044
1746384509,2000,POST,POST /pastes,107.400000,0.000000,450,510,550,600,640,680,710,720,790,790,790,177152,2,430.0,465.2395820628588,32.33849999924132,19812.114199999996,2858.0825279985547
1746384509,2000,,Aggregated,1166.500000,0.000000,450,510,560,600,650,680,700,710,740,760,790,1949429,59,430.0,459.3560423281596,26.804099999935715,21022.02749999924,2904.33870122995
1746384510,2000,GET,GET /pastes/:slug,1034.600000,0.000000,450,510,560,600,650,680,700,710,730,760,760,1773396,57,420.0,458.71256325380625,26.804099999935715,21022.02749999924,2908.979755790585
1746384510,2000,POST,POST /pastes,104.200000,0.000000,440,500,550,590,640,680,710,720,790,790,790,177263,2,430.0,465.1804019124103,32.33849999924132,19812.114199999996,2858.1522483541403
1746384510,2000,,Aggregated,1138.800000,0.000000,450,510,560,600,650,680,700,710,740,760,790,1950659,59,430.0,459.3003176917361,26.804099999935715,21022.02749999924,2904.3608877820266
1746384511,2000,GET,GET /pastes/:slug,1059.100000,0.000000,450,510,550,590,650,680,710,710,730,760,760,1774307,57,420.0,458.7351331319483,26.804099999935715,21022.02749999924,2909.0028535084402
1746384511,2000,POST,POST /pastes,106.100000,0.000000,440,500,550,580,640,680,710,720,750,750,750,177338,2,430.0,465.20228901306865,32.33849999924132,19812.114199999996,2858.1764258083435
1746384511,2000,,Aggregated,1165.200000,0.000000,450,510,550,590,640,680,710,710,730,750,760,1951645,59,430.0,459.3227771397691,26.804099999935715,21022.02749999924,2904.3844638753462
1746384512,2000,GET,GET /pastes/:slug,1062.700000,0.000000,460,520,580,600,650,680,710,710,730,760,760,1775671,57,420.0,458.7761588164401,26.804099999935715,21022.02749999924,2908.97484838126
1746384512,2000,POST,POST /pastes,105.400000,0.000000,460,520,580,600,640,680,710,720,750,750,750,177479,2,430.0,465.2437302362509,32.33849999924132,19812.114199999996,2858.2179525464985
1746384512,2000,,Aggregated,1168.100000,0.000000,460,520,580,600,650,680,710,710,730,750,760,1953150,59,430.0,459.36385464523653,26.804099999935715,21022.02749999924,2904.362666461869
1746384513,2000,GET,GET /pastes/:slug,1057.500000,0.000000,460,520,580,600,650,680,700,710,730,750,760,1776683,57,420.0,458.6704996907425,26.804099999935715,21022.02749999924,2908.993266103182
1746384513,2000,POST,POST /pastes,102.700000,0.000000,460,520,580,600,640,680,710,720,750,750,750,177569,2,430.0,465.14984543191395,32.33849999924132,19812.114199999996,2858.21712686336
1746384513,2000,,Aggregated,1160.200000,0.000000,460,520,580,600,650,680,710,710,730,750,760,1954252,59,430.0,459.2592318214561,26.804099999935715,21022.02749999924,2904.3795989462974
1746384514,2000,GET,GET /pastes/:slug,1050.600000,0.000000,460,530,580,600,650,680,710,710,730,760,760,1777665,57,420.0,458.71946919039726,26.804099999935715,21022.02749999924,2909.0014642803903
1746384514,2000,POST,POST /pastes,102.100000,0.000000,460,530,590,600,640,680,710,720,750,750,750,177669,2,430.0,465.1999674827887,32.33849999924132,19812.114199999996,2858.2797111482587
1746384514,2000,,Aggregated,1152.700000,0.000000,460,530,580,600,650,680,710,710,730,750,760,1955334,59,430.0,459.30831163424983,26.804099999935715,21022.02749999924,2904.392695058747
1746384515,2000,GET,GET /pastes/:slug,1036.100000,0.000000,480,540,590,600,650,690,720,750,800,850,850,1778755,57,430.0,458.80062203521425,26.804099999935715,21022.02749999924,2908.9843429814673
1746384515,2000,POST,POST /pastes,98.900000,0.000000,490,550,600,620,660,700,730,750,840,840,840,177775,2,430.0,465.2868501724065,32.33849999924132,19812.114199999996,2858.244927576993
1746384515,2000,,Aggregated,1135.000000,0.000000,480,540,590,610,660,690,720,750,810,840,850,1956530,59,430.0,459.389976252674,26.804099999935715,21022.02749999924,2904.3740382207275
1746384516,2000,GET,GET /pastes/:slug,1029.200000,0.000000,480,540,590,600,650,690,720,750,800,850,850,1779762,57,430.0,458.7946768626079,26.804099999935715,21022.02749999924,2908.96517118581
1746384516,2000,POST,POST /pastes,97.300000,0.000000,490,550,590,620,660,700,730,750,840,840,840,177869,2,430.0,465.2818037173402,32.33849999924132,19812.114199999996,2858.2920857485
1746384516,2000,,Aggregated,1126.500000,0.000000,480,540,590,600,650,690,720,750,810,840,850,1957631,59,430.0,459.3840927262316,26.804099999935715,21022.02749999924,2904.361049656447
1746384517,2000,GET,GET /pastes/:slug,1024.400000,0.000000,470,540,580,600,650,690,720,740,800,830,850,1781037,57,430.0,458.75438700692257,26.804099999935715,21022.02749999924,2908.949737147516
1746384517,2000,POST,POST /pastes,97.300000,0.000000,480,550,590,610,660,700,720,750,840,840,840,177996,2,430.0,465.2423614232887,32.33849999924132,19812.114199999996,2858.372064540776
1746384517,2000,,Aggregated,1121.700000,0.000000,470,540,590,600,650,690,720,750,810,840,850,1959033,59,430.0,459.34387860518154,26.804099999935715,21022.02749999924,2904.354294695393
1746384518,2000,GET,GET /pastes/:slug,1012.200000,0.000000,460,510,550,590,630,660,700,740,800,830,850,1781868,57,430.0,458.76025743733493,26.804099999935715,21022.02749999924,2908.9759589374744
1746384518,2000,POST,POST /pastes,95.600000,0.000000,470,530,570,590,630,660,710,750,840,840,840,178093,2,430.0,465.24494791934376,32.33849999924132,19812.114199999996,2858.320113648487
1746384518,2000,,Aggregated,1107.800000,0.000000,460,520,560,590,630,660,710,740,810,840,850,1959961,59,430.0,459.3494926221211,26.804099999935715,21022.02749999924,2904.3730859950783
1746384519,2000,GET,GET /pastes/:slug,1017.100000,0.000000,460,520,560,590,630,660,700,740,800,830,850,1783259,57,430.0,458.7159861691149,26.804099999935715,21022.02749999924,2909.0039921290177
1746384519,2000,POST,POST /pastes,97.100000,0.000000,470,530,580,590,630,660,710,750,810,840,840,178245,2,430.0,465.2009844736161,32.33849999924132,19812.114199999996,2858.4236416168756
1746384519,2000,,Aggregated,1114.200000,0.000000,460,520,560,590,630,660,710,740,810,840,850,1961504,59,430.0,459.3052883182728,26.804099999935715,21022.02749999924,2904.407674926995
1746384520,2000,GET,GET /pastes/:slug,1038.500000,0.000000,460,520,560,590,630,660,700,740,800,830,850,1784106,57,430.0,458.59973335269933,26.804099999935715,21022.02749999924,2909.0069261579747
1746384520,2000,POST,POST /pastes,99.500000,0.000000,470,530,580,590,630,660,710,750,810,840,840,178330,2,430.0,465.0817468339578,32.33849999924132,19812.114199999996,2858.3453653339316
1746384520,2000,,Aggregated,1138.000000,0.000000,460,520,560,590,630,660,710,740,810,840,850,1962436,59,430.0,459.18876528245863,26.804099999935715,21022.02749999924,2904.4032213025034
1746384522,2000,GET,GET /pastes/:slug,1030.300000,0.000000,470,520,590,620,710,800,910,940,960,960,960,1785039,57,430.0,458.7776994594239,26.804099999935715,21022.02749999924,2908.974694670537
1746384522,2000,POST,POST /pastes,102.200000,0.000000,470,540,590,630,720,790,850,910,950,950,950,178421,2,430.0,465.24465572998525,32.33849999924132,19812.114199999996,2858.3305496550292
1746384522,2000,,Aggregated,1132.500000,0.000000,470,530,590,620,710,800,910,940,960,960,960,1963460,59,430.0,459.3653563532472,26.804099999935715,21022.02749999924,2904.3726253654263
1746384523,2000,GET,GET /pastes/:slug,1020.400000,0.000000,480,550,610,640,750,860,910,940,960,960,960,1786445,57,430.0,458.8028240461083,26.804099999935715,21022.02749999924,2908.9974967043486
1746384523,2000,POST,POST /pastes,103.400000,0.000000,480,550,620,640,750,820,890,910,950,950,950,178554,2,430.0,465.2611503393914,32.33849999924132,19812.114199999996,2858.382108493789
1746384523,2000,,Aggregated,1123.800000,0.000000,480,550,610,640,750,860,910,940,960,960,960,1964999,59,430.0,459.38967421395427,26.804099999935715,21022.02749999924,2904.398216996548
1746384524,2000,GET,GET /pastes/:slug,1010.200000,0.000000,450,510,570,620,760,860,910,940,960,960,960,1787352,57,430.0,458.6910733000821,26.804099999935715,21022.02749999924,2909.0443930462493
1746384524,2000,POST,POST /pastes,102.800000,0.000000,460,520,600,640,750,830,890,910,950,950,950,178613,2,430.0,465.1858583748087,32.33849999924132,19812.114199999996,2858.405110490278
1746384524,2000,,Aggregated,1113.000000,0.000000,450,510,580,630,760,860,910,940,960,960,960,1965965,59,430.0,459.2811413056411,26.804099999935715,21022.02749999924,2904.4436833819523
1746384525,2000,GET,GET /pastes/:slug,1025.000000,0.000000,460,540,610,680,780,860,910,940,960,960,960,1788460,57,430.0,458.8204707945651,26.804099999935715,21022.02749999924,2909.066760229471
1746384525,2000,POST,POST /pastes,102.900000,0.000000,470,540,610,660,760,820,890,910,950,950,950,178711,2,430.0,465.29492028022725,32.33849999924132,19812.114199999996,2858.521338921499
1746384525,2000,,Aggregated,1127.900000,0.000000,460,540,610,680,780,860,910,940,960,960,960,1967171,59,430.0,459.40865318543445,26.804099999935715,21022.02749999924,2904.4748753412896
1746384526,2000,GET,GET /pastes/:slug,1038.400000,0.000000,440,530,600,660,780,860,910,940,960,960,960,1789835,57,430.0,458.7058663567578,26.804099999935715,21022.02749999924,2909.0709998407674
1746384526,2000,POST,POST /pastes,101.900000,0.000000,460,540,610,650,760,820,890,910,950,950,950,178849,2,430.0,465.1934729553965,32.33849999924132,19812.114199999996,2858.4864606455726
1746384526,2000,,Aggregated,1140.300000,0.000000,450,530,600,650,770,850,910,940,960,960,960,1968684,59,430.0,459.2952458369366,26.804099999935715,21022.02749999924,2904.475547116754
1746384527,2000,GET,GET /pastes/:slug,1034.100000,0.000000,410,530,600,660,780,860,910,940,960,960,960,1790867,57,430.0,458.5987209301117,26.804099999935715,21022.02749999924,2909.0662617603653
1746384527,2000,POST,POST /pastes,100.700000,0.000000,430,540,610,650,760,820,890,910,950,950,950,178944,2,430.0,465.07897339893833,32.33849999924132,19812.114199999996,2858.4573497854076
1746384527,2000,,Aggregated,1134.800000,0.000000,410,530,600,660,780,850,910,940,960,960,960,1969811,59,430.0,459.18740801622204,26.804099999935715,21022.02749999924,2904.4687845686717
1746384528,2000,GET,GET /pastes/:slug,1061.000000,0.000000,380,520,570,630,770,850,910,940,960,960,960,1792208,57,430.0,458.5646266343235,26.804099999935715,21022.02749999924,2909.120073116513
1746384528,2000,POST,POST /pastes,103.600000,0.000000,380,530,590,640,750,820,890,910,950,950,950,179073,2,430.0,465.04382805447847,32.33849999924132,19812.114199999996,2858.3877133906285
1746384528,2000,,Aggregated,1164.600000,0.000000,380,520,580,630,770,850,910,940,950,960,960,1971281,59,430.0,459.1532033191838,26.804099999935715,21022.02749999924,2904.5114983607104
1746384529,2000,GET,GET /pastes/:slug,1055.700000,0.000000,350,500,560,640,770,850,910,940,960,960,960,1793397,57,420.0,458.3591813545168,26.804099999935715,21022.02749999924,2909.1164828534897
1746384529,2000,POST,POST /pastes,102.000000,0.000000,360,520,570,660,760,820,890,910,950,950,950,179183,2,430.0,464.8507270734368,32.33849999924132,19812.114199999996,2858.392196804384
1746384529,2000,,Aggregated,1157.700000,0.000000,350,500,560,640,770,850,910,940,960,960,960,1972580,59,430.0,458.9488530720392,26.804099999935715,21022.02749999924,2904.508847296434
1746384530,2000,GET,GET /pastes/:slug,1073.100000,0.000000,370,510,570,640,770,850,910,940,960,960,960,1794165,57,420.0,458.3255267826796,26.804099999935715,21022.02749999924,2909.1399419785807
1746384530,2000,POST,POST /pastes,102.700000,0.000000,370,520,580,660,760,820,890,910,950,950,950,179258,2,430.0,464.8165318088988,32.33849999924132,19812.114199999996,2858.400277811869
1746384530,2000,,Aggregated,1175.800000,0.000000,370,510,570,650,770,850,910,940,960,960,960,1973423,59,430.0,458.91514420326666,26.804099999935715,21022.02749999924,2904.5309500294666
1746384531,2000,GET,GET /pastes/:slug,1117.500000,0.000000,370,480,530,560,700,780,860,890,910,920,920,1795633,57,420.0,458.34964814577813,26.804099999935715,21022.02749999924,2909.2368958467573
1746384531,2000,POST,POST /pastes,104.800000,0.000000,370,490,530,560,690,740,840,880,920,920,920,179418,2,430.0,464.8294039533361,32.33849999924132,19812.114199999996,2858.4927933652143
1746384531,2000,,Aggregated,1222.300000,0.000000,370,480,530,560,700,770,860,880,910,920,920,1975051,59,430.0,458.93828349113284,26.804099999935715,21022.02749999924,2904.627189373844
1746384532,2000,GET,GET /pastes/:slug,1064.200000,0.000000,340,420,510,530,640,710,770,780,800,840,850,1796580,57,420.0,458.20472293794234,26.804099999935715,21022.02749999924,2909.260505516036
1746384532,2000,POST,POST /pastes,98.800000,0.000000,340,430,510,530,660,700,750,770,790,790,790,179519,2,430.0,464.6741359839329,32.33849999924132,19812.114199999996,2858.4514508213615
1746384532,2000,,Aggregated,1163.000000,0.000000,340,420,510,530,640,710,770,780,800,840,850,1976099,59,430.0,458.792437703549,26.804099999935715,21022.02749999924,2904.644749579854
1746384533,2000,GET,GET /pastes/:slug,1106.700000,0.000000,370,470,530,560,640,710,770,780,800,840,850,1797702,57,420.0,458.2255554162756,26.804099999935715,21022.02749999924,2909.2426720335184
1746384533,2000,POST,POST /pastes,103.900000,0.000000,360,460,530,550,650,700,750,770,790,790,790,179623,2,430.0,464.6844550213484,32.33849999924132,19812.114199999996,2858.4575973010137
1746384533,2000,,Aggregated,1210.600000,0.000000,370,470,530,560,640,710,760,780,800,840,850,1977325,59,430.0,458.81229099275345,26.804099999935715,21022.02749999924,2904.6292840074343
1746384534,2000,GET,GET /pastes/:slug,1140.900000,0.000000,350,420,480,520,580,630,680,690,750,750,750,1798990,57,420.0,458.1687611872482,26.804099999935715,21022.02749999924,2909.2549791827637
1746384534,2000,POST,POST /pastes,107.600000,0.000000,350,420,490,520,580,640,680,690,710,720,720,179749,2,430.0,464.6244455958011,32.33849999924132,19812.114199999996,2858.490639725395
1746384534,2000,,Aggregated,1248.500000,0.000000,350,420,480,520,580,630,680,690,750,750,750,1978739,59,430.0,458.7551966983234,26.804099999935715,21022.02749999924,2904.643537626741
1746384535,2000,GET,GET /pastes/:slug,1072.300000,0.000000,350,400,460,490,570,630,670,680,710,710,710,1800032,57,420.0,458.0878573540074,26.804099999935715,21022.02749999924,2909.2740162397113
1746384535,2000,POST,POST /pastes,101.800000,0.000000,340,390,460,500,570,630,680,690,690,690,690,179858,2,430.0,464.53349210376865,32.33849999924132,19812.114199999996,2858.4118804834925
1746384535,2000,,Aggregated,1174.100000,0.000000,350,400,460,490,570,630,670,680,710,710,710,1979890,59,420.0,458.6733944165809,26.804099999935715,21022.02749999924,2904.653576713858
1746384536,2000,GET,GET /pastes/:slug,1108.700000,0.000000,370,460,500,530,600,630,670,680,710,710,710,1801067,57,420.0,458.1283331879645,26.804099999935715,21022.02749999924,2909.3203628737856
1746384536,2000,POST,POST /pastes,107.700000,0.000000,370,460,500,530,610,640,680,690,690,690,690,179969,2,430.0,464.5742322222141,32.33849999924132,19812.114199999996,2858.44228728281
1746384536,2000,,Aggregated,1216.400000,0.000000,370,460,500,530,610,630,670,680,710,710,710,1981036,59,430.0,458.71391669239904,26.804099999935715,21022.02749999924,2904.6982982641407
1746384537,2000,GET,GET /pastes/:slug,1120.100000,0.000000,370,460,500,530,610,630,670,680,710,710,710,1802301,57,420.0,458.11589759765224,26.804099999935715,21022.02749999924,2909.303678464363
1746384537,2000,POST,POST /pastes,110.300000,0.000000,370,440,500,520,610,640,680,690,690,690,690,180074,2,430.0,464.543655955883,32.33849999924132,19812.114199999996,2858.628236169575
1746384537,2000,,Aggregated,1230.400000,0.000000,370,460,500,530,610,630,670,680,710,710,710,1982375,59,420.0,458.69977913298044,26.804099999935715,21022.02749999924,2904.700447695315
1746384538,2000,GET,GET /pastes/:slug,1071.100000,0.000000,380,470,500,530,610,630,670,680,710,710,710,1803374,57,420.0,458.05048324326776,26.804099999935715,21022.02749999924,2909.256535250037
1746384538,2000,POST,POST /pastes,105.900000,0.000000,380,450,500,520,610,640,680,690,690,690,690,180189,2,430.0,464.4708301278085,32.33849999924132,19812.114199999996,2858.6821504087375
1746384538,2000,,Aggregated,1177.000000,0.000000,380,470,500,530,610,630,670,680,710,710,710,1983563,59,420.0,458.6337144715044,26.804099999935715,21022.02749999924,2904.6623036424858
1746384539,2000,GET,GET /pastes/:slug,1099.000000,0.000000,410,480,520,540,610,630,670,680,710,710,710,1804554,57,420.0,458.065896388496,26.804099999935715,21022.02749999924,2909.2345488137234
1746384539,2000,POST,POST /pastes,107.800000,0.000000,400,480,510,530,610,640,670,690,690,690,690,180322,2,430.0,464.48173369638613,32.33849999924132,19812.114199999996,2858.8671210390303
1746384539,2000,,Aggregated,1206.800000,0.000000,410,480,520,540,610,630,670,680,710,710,710,1984876,59,420.0,458.64876232824696,26.804099999935715,21022.02749999924,2904.6587691120253
1746384540,2000,GET,GET /pastes/:slug,1082.600000,0.000000,380,450,490,510,580,620,630,640,660,670,670,1805795,57,420.0,457.9594625961138,26.804099999935715,21022.02749999924,2909.224282379783
1746384540,2000,POST,POST /pastes,108.500000,0.000000,380,440,480,500,570,610,630,640,650,660,660,180462,2,430.0,464.35878442774487,32.33849999924132,19812.114199999996,2858.951762697964
1746384540,2000,,Aggregated,1191.100000,0.000000,380,450,490,510,580,620,630,640,660,670,670,1986257,59,420.0,458.54087497949394,26.804099999935715,21022.02749999924,2904.656756905073
1746384541,2000,GET,GET /pastes/:slug,1051.700000,0.000000,390,470,500,530,590,620,640,650,690,700,700,1806601,57,420.0,457.91781940907237,26.804099999935715,21022.02749999924,2909.240710040568
1746384541,2000,POST,POST /pastes,105.700000,0.000000,380,440,490,510,580,620,630,640,650,660,660,180542,2,430.0,464.30385748135984,32.33849999924132,19812.114199999996,2858.9664676363395
1746384541,2000,,Aggregated,1157.400000,0.000000,390,470,500,530,590,620,640,650,690,700,700,1987143,59,420.0,458.4980232925587,26.804099999935715,21022.02749999924,2904.6730406417655
1746384542,2000,GET,GET /pastes/:slug,1094.300000,0.000000,420,490,540,560,630,790,840,870,920,990,1000,1807646,57,420.0,458.07375544583977,26.804099999935715,21022.02749999924,2909.2680912081237
1746384542,2000,POST,POST /pastes,112.900000,0.000000,410,490,530,560,630,770,830,840,870,870,870,180660,2,430.0,464.4569746950053,32.33849999924132,19812.114199999996,2859.008015055906
1746384542,2000,,Aggregated,1207.200000,0.000000,420,490,540,560,630,780,840,870,920,990,1000,1988306,59,420.0,458.6537428268313,26.804099999935715,21022.02749999924,2904.7013970686603
1746384543,2000,GET,GET /pastes/:slug,1091.600000,0.000000,400,490,540,570,700,810,870,890,940,1000,1000,1808672,57,420.0,458.0934359669702,26.804099999935715,21022.02749999924,2909.2563682082764
1746384543,2000,POST,POST /pastes,112.600000,0.000000,400,480,530,560,630,770,830,840,870,870,870,180776,2,430.0,464.43863071314604,32.33849999924132,19812.114199999996,2859.1078129840243
1746384543,2000,,Aggregated,1204.200000,0.000000,400,490,540,570,690,810,870,890,930,1000,1000,1989448,59,420.0,458.6700074206752,26.804099999935715,21022.02749999924,2904.699498554373
1746384544,2000,GET,GET /pastes/:slug,1040.400000,0.000000,410,490,540,570,700,810,870,890,940,1000,1000,1809805,57,420.0,458.0476320541443,26.804099999935715,21022.02749999924,2909.2362663380864
1746384544,2000,POST,POST /pastes,107.000000,0.000000,410,490,540,560,630,780,830,840,870,870,870,180874,2,430.0,464.3934402810782,32.33849999924132,19812.114199999996,2859.037788736911
1746384544,2000,,Aggregated,1147.400000,0.000000,410,490,540,570,690,810,870,890,930,1000,1000,1990679,59,420.0,458.62421507794386,26.804099999935715,21022.02749999924,2904.6752098153443
1746384545,2000,GET,GET /pastes/:slug,1091.100000,0.000000,430,500,550,590,800,870,930,950,980,1000,1000,1810467,57,420.0,458.13390211290846,26.804099999935715,21022.02749999924,2909.2044941995628
1746384545,2000,POST,POST /pastes,114.900000,0.000000,430,500,550,580,750,840,930,940,950,960,960,180952,2,430.0,464.4885340675965,32.33849999924132,19812.114199999996,2859.0669846147043
1746384545,2000,,Aggregated,1206.000000,0.000000,430,500,550,590,790,870,930,950,980,1000,1000,1991419,59,420.0,458.711321210276,26.804099999935715,21022.02749999924,2904.64870627427
1746384546,2000,GET,GET /pastes/:slug,1069.000000,0.000000,430,530,660,740,880,920,940,960,980,1000,1000,1811558,57,420.0,458.3592151184503,26.804099999935715,21022.02749999924,2909.1851439479165
1746384546,2000,POST,POST /pastes,112.800000,0.000000,430,520,590,690,870,910,940,950,970,1000,1000,181055,2,430.0,464.7028443776737,32.33849999924132,19812.114199999996,2859.080892546464
1746384546,2000,,Aggregated,1181.800000,0.000000,430,530,650,740,870,920,940,950,980,1000,1000,1992613,59,430.0,458.9356169564012,26.804099999935715,21022.02749999924,2904.6325161985797
1746384548,2000,GET,GET /pastes/:slug,1019.900000,0.000000,500,680,810,850,900,930,960,980,1300,1300,1300,1812028,57,420.0,458.46686072618667,26.804099999935715,21022.02749999924,2909.1542034670547
1746384548,2000,POST,POST /pastes,106.700000,0.000000,490,600,760,820,890,930,950,1100,1300,1300,1300,181100,2,430.0,464.79981230756323,32.33849999924132,19812.114199999996,2859.1297680839316
1746384548,2000,,Aggregated,1126.600000,0.000000,500,670,800,850,900,930,960,980,1300,1300,1300,1993128,59,430.0,459.0422866553712,26.804099999935715,21022.02749999924,2904.60887308793
1746384549,2000,GET,GET /pastes/:slug,996.500000,0.000000,660,820,870,900,960,1200,1300,1300,1400,1400,1400,1813393,57,430.0,458.86127307404007,26.804099999935715,21022.02749999924,2909.1602173384367
1746384549,2000,POST,POST /pastes,105.400000,0.000000,590,810,870,890,960,1200,1300,1300,1400,1400,1400,181243,2,430.0,465.20767349745756,32.33849999924132,19812.114199999996,2859.0684660924835
1746384549,2000,,Aggregated,1101.900000,0.000000,650,820,870,900,960,1200,1300,1300,1400,1400,1400,1994636,59,430.0,459.4379400207602,26.804099999935715,21022.02749999924,2904.6086203196974
1746384550,2000,GET,GET /pastes/:slug,932.000000,0.000000,670,820,870,900,950,1200,1300,1300,1400,1400,1400,1814575,57,420.0,458.74038039345464,26.804099999935715,21022.02749999924,2909.1416590661725
1746384550,2000,POST,POST /pastes,97.600000,0.000000,610,810,870,890,960,1200,1300,1300,1400,1400,1400,181364,2,430.0,465.0682068370771,32.33849999924132,19812.114199999996,2859.0936790101673
1746384550,2000,,Aggregated,1029.600000,0.000000,660,820,870,900,950,1200,1300,1300,1400,1400,1400,1995939,59,430.0,459.31536786307043,26.804099999935715,21022.02749999924,2904.5939740643375
1746384551,2000,GET,GET /pastes/:slug,957.400000,0.000000,690,820,870,900,960,1200,1300,1300,1400,1400,1400,1815242,57,430.0,458.7819309454348,26.804099999935715,21022.02749999924,2909.1249877426812
1746384551,2000,POST,POST /pastes,101.300000,0.000000,640,810,870,900,960,1200,1300,1300,1400,1400,1400,181420,2,430.0,465.1076860616232,32.33849999924132,19812.114199999996,2859.0453863962075
1746384551,2000,,Aggregated,1058.700000,0.000000,690,820,870,900,960,1200,1300,1300,1400,1400,1400,1996662,59,430.0,459.35669948070785,26.804099999935715,21022.02749999924,2904.574672628617
1746384552,2000,GET,GET /pastes/:slug,957.400000,0.000000,630,790,860,900,950,1200,1300,1300,1400,1400,1400,1816762,57,430.0,458.8946509217799,26.804099999935715,21022.02749999924,2909.113527803862
1746384552,2000,POST,POST /pastes,98.100000,0.000000,610,780,870,890,950,1200,1300,1300,1400,1400,1400,181584,2,430.0,465.2282926684051,32.33849999924132,19812.114199999996,2859.2195953387964
1746384552,2000,,Aggregated,1055.500000,0.000000,630,790,860,890,950,1200,1300,1300,1400,1400,1400,1998346,59,430.0,459.4701708782416,26.804099999935715,21022.02749999924,2904.579808501631
1746384553,2000,GET,GET /pastes/:slug,896.900000,0.000000,630,790,870,900,960,1200,1300,1400,1400,1400,1400,1817276,57,430.0,458.8752029985293,26.804099999935715,21022.02749999924,2909.0924322997716
1746384553,2000,POST,POST /pastes,90.800000,0.000000,620,790,870,900,960,1200,1300,1300,1400,1400,1400,181630,2,430.0,465.2087217260347,32.33849999924132,19812.114199999996,2859.2660463579805
1746384553,2000,,Aggregated,987.700000,0.000000,630,790,870,900,960,1200,1300,1300,1400,1400,1400,1998906,59,430.0,459.4506962965999,26.804099999935715,21022.02749999924,2904.5649725399794
1746384554,2000,GET,GET /pastes/:slug,955.800000,0.000000,750,860,910,940,1100,1200,1300,1400,1400,1400,1400,1817992,57,430.0,459.09793873716467,26.804099999935715,21022.02749999924,2909.0973788663537
1746384554,2000,POST,POST /pastes,97.000000,0.000000,760,870,920,940,1100,1200,1300,1300,1400,1400,1400,181702,2,430.0,465.4348014716386,32.33849999924132,19812.114199999996,2859.241995134891
1746384554,2000,,Aggregated,1052.800000,0.000000,750,870,910,940,1100,1200,1300,1400,1400,1400,1400,1999694,59,430.0,459.67373715060967,26.804099999935715,21022.02749999924,2904.567274292967
1746384555,2000,GET,GET /pastes/:slug,920.700000,0.000000,740,860,930,960,1100,1200,1300,1300,1400,1400,1400,1819494,57,430.0,459.3454117586299,26.804099999935715,21022.02749999924,2909.1052353016826
1746384555,2000,POST,POST /pastes,91.500000,0.000000,740,870,930,970,1100,1200,1300,1300,1400,1400,1400,181849,2,430.0,465.6474508152349,32.33849999924132,19812.114199999996,2859.225615758129
1746384555,2000,,Aggregated,1012.200000,0.000000,740,860,930,960,1100,1200,1300,1300,1400,1400,1400,2001343,59,430.0,459.91803699098654,26.804099999935715,21022.02749999924,2904.572999231016
1746384556,2000,GET,GET /pastes/:slug,864.500000,0.000000,700,820,940,1000,1100,1200,1300,1400,1400,1400,1400,1819886,57,430.0,459.40261896555967,26.804099999935715,21022.02749999924,2909.0973060949973
1746384556,2000,POST,POST /pastes,85.500000,0.000000,690,820,940,1000,1100,1200,1300,1300,1400,1400,1400,181893,2,430.0,465.70580618990107,32.33849999924132,19812.114199999996,2859.2493773812075
1746384556,2000,,Aggregated,950.000000,0.000000,700,820,940,1000,1100,1200,1300,1300,1400,1400,1400,2001779,59,430.0,459.975362327236,26.804099999935715,21022.02749999924,2904.567840405959
1746384557,2000,GET,GET /pastes/:slug,913.200000,0.000000,760,920,990,1000,1100,1200,1300,1300,1400,1400,1400,1821188,57,430.0,459.772063163307,26.804099999935715,21022.02749999924,2909.0794607695634
1746384557,2000,POST,POST /pastes,90.700000,0.000000,750,880,990,1000,1100,1200,1300,1300,1400,1400,1400,182024,2,430.0,466.0456722003673,32.33849999924132,19812.114199999996,2859.351854700479
1746384557,2000,,Aggregated,1003.900000,0.000000,760,920,990,1000,1100,1200,1300,1300,1400,1400,1400,2003212,59,430.0,460.3421213555295,26.804099999935715,21022.02749999924,2904.560908680659
1746384558,2000,GET,GET /pastes/:slug,902.600000,0.000000,690,810,950,990,1100,1100,1200,1200,1300,1500,1500,1821798,57,430.0,459.86060459022235,26.804099999935715,21022.02749999924,2909.080587419681
1746384558,2000,POST,POST /pastes,90.000000,0.000000,690,790,930,1000,1100,1100,1200,1200,1500,1500,1500,182074,2,430.0,466.12958358798994,32.33849999924132,19812.114199999996,2859.3106484176765
1746384558,2000,,Aggregated,992.600000,0.000000,690,810,950,990,1100,1100,1200,1200,1300,1500,1500,2003872,59,430.0,460.430210873476,26.804099999935715,21022.02749999924,2904.5584363671933
1746384559,2000,GET,GET /pastes/:slug,871.000000,0.000000,750,900,980,1000,1100,1200,1200,1300,2000,2600,2600,1822271,57,430.0,459.9796062564552,26.804099999935715,21022.02749999924,2909.0226815879746
1746384559,2000,POST,POST /pastes,88.000000,0.000000,740,830,970,1000,1100,1100,1200,1200,2000,2000,2000,182115,2,430.0,466.2043793811586,32.33849999924132,19812.114199999996,2859.2486945062187
1746384559,2000,,Aggregated,959.000000,0.000000,750,900,970,1000,1100,1100,1200,1300,2000,2600,2600,2004386,59,430.0,460.5451782359051,26.804099999935715,21022.02749999924,2904.5003043325987
1746384560,2000,GET,GET /pastes/:slug,943.100000,0.000000,770,930,1000,1000,1100,1200,1400,1800,2400,3200,3200,1822635,57,430.0,460.10452113706594,26.804099999935715,21022.02749999924,2908.956415299827
1746384560,2000,POST,POST /pastes,94.600000,0.000000,760,900,1000,1000,1100,1100,1200,1800,2400,2400,2400,182156,2,430.0,466.3455165857815,32.33849999924132,19812.114199999996,2859.2935890116164
1746384560,2000,,Aggregated,1037.700000,0.000000,770,930,1000,1000,1100,1200,1400,1800,2400,3200,3200,2004791,59,430.0,460.67158013072293,26.804099999935715,21022.02749999924,2904.4440338169916
1746384561,2000,GET,GET /pastes/:slug,865.600000,0.000000,850,1000,1100,1100,1400,2100,2800,3300,4100,4600,4600,1823777,57,430.0,460.82700341053584,26.804099999935715,21022.02749999924,2908.9115275606614
1746384561,2000,POST,POST /pastes,85.500000,0.000000,830,1000,1100,1100,1400,2200,2800,3000,4000,4000,4000,182263,2,430.0,467.03605900594033,32.33849999924132,19812.114199999996,2859.2541382507693
1746384561,2000,,Aggregated,951.100000,0.000000,850,1000,1100,1100,1400,2100,2800,3300,4100,4600,4600,2006040,59,430.0,461.3911402672191,26.804099999935715,21022.02749999924,2904.3998006021816
1746384562,2000,GET,GET /pastes/:slug,788.300000,0.000000,930,1000,1100,1100,1900,2700,3400,3700,4600,5700,5700,1824464,57,430.0,461.2998913880776,26.804099999935715,21022.02749999924,2909.0199285927265
1746384562,2000,POST,POST /pastes,77.700000,0.000000,920,1000,1100,1100,1900,2500,3300,3600,4500,4500,4500,182305,2,430.0,467.3544212012817,32.33849999924132,19812.114199999996,2859.2977043964784
1746384562,2000,,Aggregated,866.000000,0.000000,930,1000,1100,1100,1900,2700,3400,3700,4600,5700,5700,2006769,59,430.0,461.849915360738,26.804099999935715,21022.02749999924,2904.5029113963787
1746384563,2000,GET,GET /pastes/:slug,774.100000,0.000000,840,1000,1100,1100,2000,2900,3600,4000,5400,5800,5800,1825634,57,430.0,461.58663039758085,26.804099999935715,21022.02749999924,2909.024474785198
1746384563,2000,POST,POST /pastes,77.500000,0.000000,860,1000,1100,1100,1900,2600,3500,3900,5800,5800,5800,182412,2,430.0,467.64907868780386,32.33849999924132,19812.114199999996,2859.277032212793
1746384563,2000,,Aggregated,851.600000,0.000000,840,1000,1100,1100,2000,2900,3600,4000,5600,5800,5800,2008046,59,430.0,462.13734652535453,26.804099999935715,21022.02749999924,2904.505389816767
1746384564,2000,GET,GET /pastes/:slug,754.600000,0.000000,760,910,1000,1100,2100,3100,3800,4300,5900,6900,6900,1826668,57,430.0,461.71057474530585,26.804099999935715,21022.02749999924,2909.013197253141
1746384564,2000,POST,POST /pastes,73.400000,0.000000,770,950,1100,1100,1900,2600,3500,3900,5800,5800,5800,182533,2,430.0,467.7867930987802,32.33849999924132,19812.114199999996,2859.2352560906793
1746384564,2000,,Aggregated,828.000000,0.000000,770,920,1000,1100,2000,3000,3700,4300,5900,6900,6900,2009201,59,430.0,462.26259037973483,26.804099999935715,21022.02749999924,2904.4909434148203
1746384565,2000,GET,GET /pastes/:slug,754.300000,0.000000,750,910,1000,1100,2000,3000,3700,4300,6100,7100,7100,1827487,57,430.0,461.78563710021416,26.804099999935715,21022.02749999924,2909.000746927338
1746384565,2000,POST,POST /pastes,70.300000,0.000000,800,960,1100,1100,1900,2600,3500,3900,7100,7100,7100,182617,2,430.0,467.9462578971267,32.33849999924132,19812.114199999996,2859.3557445363795
1746384565,2000,,Aggregated,824.600000,0.000000,760,910,1000,1100,2000,3000,3700,4300,6100,7100,7100,2010104,59,430.0,462.34532659292984,26.804099999935715,21022.02749999924,2904.4905218834447
1746384567,2000,GET,GET /pastes/:slug,806.000000,0.000000,670,760,860,1000,2100,3200,3800,4400,6100,7100,7100,1828557,57,430.0,461.89525021563935,26.804099999935715,21022.02749999924,2909.0217554060387
1746384567,2000,POST,POST /pastes,76.100000,0.000000,720,880,1100,1200,2000,2800,3600,4000,7100,7100,7100,182713,2,430.0,468.1059236359729,32.33849999924132,19812.114199999996,2859.336232233065
1746384567,2000,,Aggregated,882.100000,0.000000,670,770,880,1100,2100,3100,3800,4400,6100,7100,7100,2011270,59,430.0,462.45945630067314,26.804099999935715,21022.02749999924,2904.508094388123
1746384568,2000,GET,GET /pastes/:slug,757.600000,0.000000,640,740,840,940,2000,3100,3800,4300,6100,7100,7100,1829610,57,430.0,461.94273259255243,26.804099999935715,21022.02749999924,2908.976255595455
1746384568,2000,POST,POST /pastes,72.900000,0.000000,700,870,1000,1200,2000,2800,3500,3900,7100,7100,7100,182799,2,430.0,468.1722914556398,32.33849999924132,19812.114199999996,2859.3197391670633
1746384568,2000,,Aggregated,830.500000,0.000000,640,750,850,960,2000,3000,3700,4300,6100,7100,7100,2012409,59,430.0,462.50860023208793,26.804099999935715,21022.02749999924,2904.4656608075197
1746384569,2000,GET,GET /pastes/:slug,828.900000,0.000000,600,690,780,840,1900,3000,3700,4300,5900,7100,7100,1830709,57,430.0,461.9727408876345,26.804099999935715,21022.02749999924,2908.9805386874705
1746384569,2000,POST,POST /pastes,77.800000,0.000000,650,830,960,1100,1900,2600,3500,3900,7100,7100,7100,182879,2,430.0,468.20364754618925,32.33849999924132,19812.114199999996,2859.404617260593
1746384569,2000,,Aggregated,906.700000,0.000000,610,700,790,860,1900,3000,3700,4200,5900,7100,7100,2013588,59,430.0,462.5386471101617,26.804099999935715,21022.02749999924,2904.4779319304644
1746384570,2000,GET,GET /pastes/:slug,816.800000,0.000000,590,660,720,780,1800,2800,3700,4200,5900,7100,7100,1831702,57,430.0,462.0429515640423,26.804099999935715,21022.02749999924,2908.9795316050318
1746384570,2000,POST,POST /pastes,75.600000,0.000000,630,760,870,990,1600,2500,3500,3900,7100,7100,7100,182975,2,430.0,468.2710157759233,32.33849999924132,19812.114199999996,2859.42482306326
1746384570,2000,,Aggregated,892.400000,0.000000,600,670,720,800,1700,2800,3600,4200,5900,7100,7100,2014677,59,430.0,462.60859064622036,26.804099999935715,21022.02749999924,2904.4789229241214
1746384571,2000,GET,GET /pastes/:slug,875.200000,0.000000,600,670,720,750,890,1100,3500,4200,5900,7100,7100,1832493,57,430.0,462.1995895143175,26.804099999935715,21022.02749999924,2908.971161144954
1746384571,2000,POST,POST /pastes,79.100000,0.000000,640,760,850,920,1100,1400,3000,3600,7100,7100,7100,183074,2,430.0,468.4983058692091,32.33849999924132,19812.114199999996,2859.4609666036686
1746384571,2000,,Aggregated,954.300000,0.000000,600,670,720,770,910,1200,3500,4200,5900,7100,7100,2015567,59,430.0,462.771702075176,26.804099999935715,21022.02749999924,2904.4741489615576
1746384572,2000,GET,GET /pastes/:slug,912.100000,0.000000,600,660,700,730,890,950,1000,1100,5900,7100,7100,1833685,57,430.0,462.3977029038037,26.804099999935715,21022.02749999924,2908.9817913109396
1746384572,2000,POST,POST /pastes,83.700000,0.000000,640,750,840,900,1000,1200,1300,1500,7100,7100,7100,183176,2,430.0,468.675076482179,32.33849999924132,19812.114199999996,2859.4642966327465
1746384572,2000,,Aggregated,995.800000,0.000000,600,660,710,750,910,960,1100,1200,5900,7100,7100,2016861,59,430.0,462.967828550831,26.804099999935715,21022.02749999924,2904.484497444296
1746384573,2000,GET,GET /pastes/:slug,942.500000,0.000000,570,650,690,720,880,940,1000,1000,5700,7100,7100,1834968,57,430.0,462.2792438137136,26.804099999935715,21022.02749999924,2908.9521435796155
1746384573,2000,POST,POST /pastes,86.300000,0.000000,610,720,810,860,990,1100,1200,1400,7100,7100,7100,183310,2,430.0,468.56004502645595,32.33849999924132,19812.114199999996,2859.366510283127
1746384573,2000,,Aggregated,1028.800000,0.000000,580,650,700,730,890,950,1000,1100,5700,7100,7100,2018278,59,430.0,462.84969727468587,26.804099999935715,21022.02749999924,2904.4485308763215
1746384574,2000,GET,GET /pastes/:slug,965.000000,0.000000,570,650,690,720,870,940,1000,1000,1200,7100,7100,1835822,57,430.0,462.2810825376117,26.804099999935715,21022.02749999924,2908.969840757982
1746384574,2000,POST,POST /pastes,88.700000,0.000000,600,700,770,830,960,1100,1200,1400,7100,7100,7100,183400,2,430.0,468.5564252360941,32.33849999924132,19812.114199999996,2859.3585496183205
1746384574,2000,,Aggregated,1053.700000,0.000000,580,660,690,720,880,950,1000,1100,1400,7100,7100,2019222,59,430.0,462.85105347240636,26.804099999935715,21022.02749999924,2904.4637929856153
1746384575,2000,GET,GET /pastes/:slug,1006.000000,0.000000,610,670,720,760,850,930,980,1000,1200,2200,2200,1836831,58,430.0,462.4368262029354,26.804099999935715,21022.02749999924,2908.9647904461544
1746384575,2000,POST,POST /pastes,96.800000,0.000000,630,730,780,810,940,1000,1200,1200,2000,2000,2000,183508,3,430.0,468.72595824868483,32.33849999924132,19812.114199999996,2859.368349063801
1746384575,2000,,Aggregated,1102.800000,0.000000,610,680,730,760,870,940,1000,1000,1400,2100,2200,2020339,61,430.0,463.0080699612592,26.804099999935715,21022.02749999924,2904.4599307343965
1746384576,2000,GET,GET /pastes/:slug,974.300000,0.000000,590,670,720,760,830,920,960,1000,1100,2200,2200,1837909,58,430.0,462.50036518324004,26.804099999935715,21022.02749999924,2908.9444798409495
1746384576,2000,POST,POST /pastes,94.300000,0.000000,600,710,770,800,920,980,1100,1200,2000,2000,2000,183596,3,430.0,468.76883374038454,32.33849999924132,19812.114199999996,2859.4186910390204
1746384576,2000,,Aggregated,1068.600000,0.000000,590,670,730,770,840,930,970,1000,1200,2100,2200,2021505,61,430.0,463.069676539489,26.804099999935715,21022.02749999924,2904.446476263972
1746384577,2000,GET,GET /pastes/:slug,963.000000,0.000000,580,660,710,760,830,920,960,1000,1000,2200,2200,1838836,58,430.0,462.504504373126,26.804099999935715,21022.02749999924,2908.9165542767273
1746384577,2000,POST,POST /pastes,92.300000,0.000000,580,680,750,780,900,970,1100,1100,1300,1300,1300,183699,3,430.0,468.76869624657513,32.33849999924132,19812.114199999996,2859.2593971660162
1746384577,2000,,Aggregated,1055.300000,0.000000,580,660,720,760,830,930,970,1000,1100,2100,2200,2022535,61,430.0,463.07345659543995,26.804099999935715,21022.02749999924,2904.4063875285224
1746384578,2000,GET,GET /pastes/:slug,1005.700000,0.100000,610,670,710,750,820,920,960,1000,1000,1100,1100,1839952,58,430.0,462.59726720890717,26.804099999935715,21022.02749999924,2908.94900519144
1746384578,2000,POST,POST /pastes,95.500000,0.100000,610,680,750,770,890,960,1100,1100,1300,1300,1300,183814,3,430.0,468.8684502040086,32.33849999924132,19812.114199999996,2859.4522343238273
1746384578,2000,,Aggregated,1101.200000,0.200000,610,670,720,760,830,930,970,1000,1100,1200,1300,2023766,61,430.0,463.1668643021773,26.804099999935715,21022.02749999924,2904.4533276080338
1746384579,2000,GET,GET /pastes/:slug,998.800000,0.100000,630,690,750,780,850,940,990,1000,1100,1100,1100,1840460,58,430.0,462.6863875920493,26.804099999935715,21022.02749999924,2908.958986883714
1746384579,2000,POST,POST /pastes,95.700000,0.100000,640,710,760,790,910,980,1100,1100,1300,1300,1300,183867,3,430.0,468.9578887842821,32.33849999924132,19812.114199999996,2859.4286467936063
1746384579,2000,,Aggregated,1094.500000,0.200000,630,690,750,780,850,940,1000,1000,1100,1300,1300,2024327,61,430.0,463.25601992403426,26.804099999935715,21022.02749999924,2904.460210232833
1746384580,2000,GET,GET /pastes/:slug,975.700000,0.100000,640,710,790,830,1000,1300,1300,1400,1400,1500,1500,1841315,58,430.0,463.0600698507121,26.804099999935715,21022.02749999924,2908.939433502687
1746384580,2000,POST,POST /pastes,96.400000,0.100000,640,720,790,840,1100,1300,1300,1400,1400,1400,1400,183948,3,430.0,469.3122353023662,32.33849999924132,19812.114199999996,2859.554656750821
1746384580,2000,,Aggregated,1072.100000,0.200000,640,710,790,830,1000,1300,1300,1400,1400,1500,1500,2025263,61,430.0,463.62793354569817,26.804099999935715,21022.02749999924,2904.453976100882
1746384581,2000,GET,GET /pastes/:slug,951.300000,0.100000,610,680,770,810,1100,1300,1300,1400,1400,1500,1500,1842911,58,430.0,463.16280459217097,26.804099999935715,21022.02749999924,2908.9003641521485
1746384581,2000,POST,POST /pastes,96.400000,0.100000,600,700,770,810,1100,1300,1300,1400,1400,1400,1400,184095,3,430.0,469.43678987805043,32.33849999924132,19812.114199999996,2859.6126130530433
1746384581,2000,,Aggregated,1047.700000,0.200000,600,680,770,810,1100,1300,1300,1400,1400,1400,1500,2027006,61,430.0,463.7326151014648,26.804099999935715,21022.02749999924,2904.423994304901
1746384583,2000,GET,GET /pastes/:slug,903.900000,0.100000,650,750,810,870,1200,1300,1300,1400,1400,1500,1500,1843406,58,430.0,463.16111613267196,26.804099999935715,21022.02749999924,2908.893077271095
1746384583,2000,POST,POST /pastes,90.600000,0.100000,660,760,820,890,1200,1300,1400,1400,1400,1400,1400,184140,3,430.0,469.44474519713117,32.33849999924132,19812.114199999996,2859.606869772999
1746384583,2000,,Aggregated,994.500000,0.200000,650,750,810,870,1200,1300,1300,1400,1400,1500,1500,2027546,61,430.0,463.73178996987554,26.804099999935715,21022.02749999924,2904.416945904063
1746384584,2000,GET,GET /pastes/:slug,949.000000,0.100000,670,820,1100,1100,1300,1300,1400,1400,1400,1500,1500,1844299,58,430.0,463.5324350255375,26.804099999935715,21022.02749999924,2908.896557987615
1746384584,2000,POST,POST /pastes,94.900000,0.100000,690,850,1100,1100,1300,1300,1400,1400,1400,1400,1400,184229,3,430.0,469.8135289487524,32.33849999924132,19812.114199999996,2859.6036508910106
1746384584,2000,,Aggregated,1043.900000,0.200000,670,820,1100,1100,1300,1300,1400,1400,1400,1500,1500,2028528,61,430.0,464.10287805239096,26.804099999935715,21022.02749999924,2904.419822649724
1746384585,2000,GET,GET /pastes/:slug,857.500000,0.100000,680,1000,1100,1200,1300,1300,1400,1400,1400,1500,1500,1845449,58,430.0,463.7825198641425,26.804099999935715,21022.02749999924,2908.878289782053
1746384585,2000,POST,POST /pastes,84.100000,0.100000,700,1000,1100,1200,1300,1300,1400,1400,1400,1400,1400,184338,3,430.0,470.0491371193119,32.33849999924132,19812.114199999996,2859.600803957947
1746384585,2000,,Aggregated,941.600000,0.200000,680,1000,1100,1200,1300,1300,1400,1400,1400,1500,1500,2029787,61,430.0,464.3516316436445,26.804099999935715,21022.02749999924,2904.4030846586365
1746384586,2000,GET,GET /pastes/:slug,875.800000,0.100000,800,1100,1100,1200,1300,1300,1400,1400,1400,1500,1500,1845793,58,430.0,463.8681769785468,26.804099999935715,21022.02749999924,2908.8686743313037
1746384586,2000,POST,POST /pastes,85.300000,0.100000,830,1100,1200,1200,1300,1400,1400,1400,1400,1400,1400,184361,3,430.0,470.1191565206293,32.33849999924132,19812.114199999996,2859.565336486567
1746384586,2000,,Aggregated,961.100000,0.200000,800,1100,1100,1200,1300,1300,1400,1400,1400,1500,1500,2030154,61,430.0,464.43583679122827,26.804099999935715,21022.02749999924,2904.3913722801326
1746384587,2000,GET,GET /pastes/:slug,907.600000,0.100000,1000,1200,1300,1300,1400,1400,1500,1500,1600,1600,1600,1846783,58,430.0,464.36038380533216,26.804099999935715,21022.02749999924,2908.8964534544666
1746384587,2000,POST,POST /pastes,87.200000,0.100000,1100,1200,1300,1300,1400,1400,1500,1600,1600,1600,1600,184470,3,430.0,470.6643493906852,32.33849999924132,19812.114199999996,2859.6213964330245
1746384587,2000,,Aggregated,994.800000,0.200000,1000,1200,1300,1300,1400,1400,1500,1500,1600,1600,1600,2031253,61,430.0,464.93288389839125,26.804099999935715,21022.02749999924,2904.4214964851744
1746384588,2000,GET,GET /pastes/:slug,810.600000,0.000000,1100,1200,1300,1300,1400,1400,1500,1500,1600,1600,1600,1847638,58,430.0,464.5812640733526,26.804099999935715,21022.02749999924,2908.904257219217
1746384588,2000,POST,POST /pastes,77.500000,0.000000,1100,1200,1300,1300,1400,1400,1500,1600,1600,1600,1600,184548,3,430.0,470.87131473925285,32.33849999924132,19812.114199999996,2859.6085625419946
1746384588,2000,,Aggregated,888.100000,0.000000,1100,1200,1300,1300,1400,1400,1500,1500,1600,1600,1600,2032186,61,430.0,465.15247963643947,26.804099999935715,21022.02749999924,2904.4275893053095
1746384589,2000,GET,GET /pastes/:slug,774.400000,0.000000,1100,1200,1300,1300,1400,1400,1500,1500,1600,1600,1600,1848219,58,430.0,464.7000736635437,26.804099999935715,21022.02749999924,2908.9072285264897
1746384589,2000,POST,POST /pastes,74.800000,0.000000,1100,1200,1300,1300,1400,1400,1500,1600,1600,1600,1600,184614,3,430.0,470.9987926939435,32.33849999924132,19812.114199999996,2859.601839513796
1746384589,2000,,Aggregated,849.200000,0.000000,1100,1200,1300,1300,1400,1400,1500,1500,1600,1600,1600,2032833,61,430.0,465.27209886929114,26.804099999935715,21022.02749999924,2904.42950453874
1746384590,2000,GET,GET /pastes/:slug,821.600000,0.000000,1000,1100,1200,1300,1300,1400,1500,1500,1600,1600,1600,1849533,58,430.0,465.0775752852535,26.804099999935715,21022.02749999924,2908.8714264627883
1746384590,2000,POST,POST /pastes,78.300000,0.000000,1000,1100,1200,1300,1400,1400,1500,1600,1600,1600,1600,184749,3,430.0,471.3905272824195,32.33849999924132,19812.114199999996,2859.7046046257356
1746384590,2000,,Aggregated,899.900000,0.000000,1000,1100,1200,1300,1400,1400,1500,1500,1600,1600,1600,2034282,61,430.0,465.65090364804763,26.804099999935715,21022.02749999924,2904.406204252901
1746384591,2000,GET,GET /pastes/:slug,787.300000,0.000000,1000,1100,1200,1300,1400,1400,1500,1500,1600,1600,1600,1850495,58,430.0,465.17798567278487,26.804099999935715,21022.02749999924,2908.8756873160964
1746384591,2000,POST,POST /pastes,75.700000,0.000000,1000,1100,1200,1300,1400,1400,1500,1600,1600,1600,1600,184868,3,430.0,471.4986644000028,32.33849999924132,19812.114199999996,2859.786599086916
1746384591,2000,,Aggregated,863.000000,0.000000,1000,1100,1200,1300,1400,1400,1500,1500,1600,1600,1600,2035363,61,430.0,465.75208043373954,26.804099999935715,21022.02749999924,2904.417022418114
1746384592,2000,GET,GET /pastes/:slug,835.300000,0.000000,990,1100,1200,1200,1300,1400,1500,1500,1600,1600,1600,1851490,58,430.0,465.2281855420547,26.804099999935715,21022.02749999924,2908.8628380385526
1746384592,2000,POST,POST /pastes,80.700000,0.000000,960,1100,1200,1200,1400,1400,1500,1600,1600,1600,1600,184978,3,430.0,471.55946002281195,32.33849999924132,19812.114199999996,2859.947826227984
1746384592,2000,,Aggregated,916.000000,0.000000,990,1100,1200,1200,1300,1400,1500,1500,1600,1600,1600,2036468,61,430.0,465.80327264919254,26.804099999935715,21022.02749999924,2904.4197527287442
1746384593,2000,GET,GET /pastes/:slug,783.900000,0.000000,880,1000,1100,1100,1300,1400,1500,1500,1600,1600,1600,1852401,58,430.0,465.3620017675215,26.804099999935715,21022.02749999924,2908.9176188093184
1746384593,2000,POST,POST /pastes,75.800000,0.000000,850,1000,1100,1100,1300,1400,1500,1600,1600,1600,1600,185091,3,430.0,471.7157590617572,32.33849999924132,19812.114199999996,2859.995283401138
1746384593,2000,,Aggregated,859.700000,0.000000,880,1000,1100,1100,1300,1400,1500,1500,1600,1600,1600,2037492,61,430.0,465.93919337924086,26.804099999935715,21022.02749999924,2904.47338836177
1746384594,2000,GET,GET /pastes/:slug,776.600000,0.000000,790,940,1100,1100,1300,1400,1500,1500,1600,1600,1600,1853688,58,430.0,465.3922084120184,26.804099999935715,21022.02749999924,2908.9088314754154
1746384594,2000,POST,POST /pastes,79.500000,0.000000,790,910,1100,1100,1300,1400,1500,1600,1600,1600,1600,185221,3,430.0,471.75178083586405,32.33849999924132,19812.114199999996,2859.947079434837
1746384594,2000,,Aggregated,856.100000,0.000000,790,930,1100,1100,1300,1400,1500,1500,1600,1600,1600,2038909,61,430.0,465.9699322652726,26.804099999935715,21022.02749999924,2904.460989676342
1746384595,2000,GET,GET /pastes/:slug,814.700000,0.000000,750,900,1000,1100,1300,1400,1500,1500,1600,1600,1600,1854586,58,430.0,465.3025449016416,26.804099999935715,21022.02749999924,2908.895932569317
1746384595,2000,POST,POST /pastes,84.800000,0.000000,750,880,1000,1100,1300,1400,1500,1500,1600,1600,1600,185310,3,430.0,471.6616070368548,32.33849999924132,19812.114199999996,2859.9763693270734
1746384595,2000,,Aggregated,899.500000,0.000000,750,900,1000,1100,1300,1400,1500,1500,1600,1600,1600,2039896,61,430.0,465.88022033424903,26.804099999935715,21022.02749999924,2904.451939216509
1746384596,0,GET,GET /pastes/:slug,833.500000,0.000000,720,870,940,1000,1100,1300,1300,1400,1400,1400,1400,1854688,58,430.0,465.3285840291499,26.804099999935715,21022.02749999924,2908.8969104237476
1746384596,0,POST,POST /pastes,88.100000,0.000000,710,850,930,1000,1100,1300,1300,1400,1400,1400,1400,185315,3,430.0,471.6707005331439,32.33849999924132,19812.114199999996,2859.9747349108275
1746384596,0,,Aggregated,921.600000,0.000000,720,860,940,1000,1100,1300,1300,1400,1400,1400,1400,2040003,61,430.0,465.9047053975672,26.804099999935715,21022.02749999924,2904.452792961579
